,swiss_bonds,swiss_bonds_1_5,swiss_equity,sli,spi_extra,world_equity,world_small,em_equity,real_estate,world_bonds,world_bonds_1_5,gold,commodities,infrastructure,convertibles,managed_futures,high_yield,high_yield_unhedged,em_debt,em_debt_unhedged,cash
2008-01-31,,,,,,,,,,,,,,,,,,,,,
2008-02-29,-0.0009948269001192056,0.0006935499851381532,-0.007319326679691707,-0.009952650395335882,0.02505658500186536,-0.07348380916972275,-0.060827857281063547,-0.000235150013735419,0.0287131689717377,0.002331791313484155,0.002331791313484155,0.014809349333717137,0.07185748483043208,-0.04543391179019862,,0.010906347918444359,-0.01890135617537514,-0.05365220344690924,,-0.03954631858219959,0.002291666666666581
2008-03-31,-0.0054769966142202975,-0.00435643564356436,-0.03669357119195915,-0.04041670624360982,-0.03295124768273627,-0.06281310033949739,-0.06327885330148941,-0.10360647827274705,0.00048711578742266504,-0.0008625510731088415,-0.0008625510731087305,-0.10301447231444893,-0.054491477688647594,-0.06058039155702066,,-0.052474307812175436,0.00925249500881864,-0.03674073633299879,0.0007227991102756182,-0.04488004036525939,0.002291666666666581
2008-04-30,-0.0026033843997196326,-0.0002983293556084732,0.05589393220128591,0.06840352556468754,0.04628849010397884,0.1147436002821971,0.10154089856725435,0.14458252226044,0.009932323871659099,-0.006108065659411799,-0.006108065659411799,-0.0025580163146000645,0.1035689284123873,0.08579199789956693,,0.04514318503273684,0.034385536982392884,0.07607618529487481,0.012033046999062602,0.052813413229252815,0.002291666666666581
2008-05-31,-0.001305089850416552,9.947279419075805e-05,0.006176644404481291,-0.004922769212445166,0.028590476555905076,0.0003506570087041805,0.0201305035939221,0.003428290040334403,0.013980619968182006,-0.009696174231087928,-0.009696174231087817,0.017130865212492408,0.07744140319261716,0.029921623146019316,,0.0284228516185292,-0.004459770751632619,0.0027015541337702675,0.0016708655468613554,0.008880169520904868,0.002291666666666581
2008-06-30,-0.0058303176517893185,-0.00417744181420332,-0.07547729870720432,-0.08976680731924669,-0.08535510615181607,-0.07481185451316674,-0.07579606195828437,-0.09498755806333836,-0.0029002044406409855,-0.0032675879514101336,-0.0032675879514101336,0.02302492031417902,0.0809185917569113,-0.0894102037952067,,-0.02929844849320329,-0.03612183306122685,-0.057155104377095256,-0.01918765785150156,-0.04057971048681153,0.002291666666666581
2008-07-31,0.016683518705763234,0.011186576108669577,0.018608082629723688,0.00835620446349905,-0.03158774827684674,0.052151082870127485,0.05910867306555878,0.03863423400252053,-0.007772267785618903,0.007124807674620426,0.007124807674620426,0.011138081421395496,-0.07439518639170972,-0.016899390674065873,,-0.035130926143448926,0.0065281021791063765,0.03201124914818543,0.008504093592673012,0.034038527285217945,0.002291666666666581
2008-08-31,0.009547488811536553,0.006716712761754229,0.016313241053704797,0.02106783630291731,0.030875571184906248,0.06182365029525916,0.07601000453617512,-0.008621235498174507,-0.007785092988610631,0.009977378314603103,0.009977378314603103,-0.04901381780630798,-0.020108575481597835,0.0031940269070429572,,0.01346730805338514,-0.008353476865707976,0.038987862281593566,0.007779136287049626,0.05590130851996378,0.002291666666666581
2008-09-30,-0.005024135553147513,-0.006083202511773855,-0.0821293415465425,-0.09675053119001864,-0.09440254109620516,-0.07132473825318608,-0.08607032019850591,-0.13023967379304302,0.011042766503608137,-0.009632073194561053,-0.009632073194561053,0.06264128139698033,-0.08393748121441114,-0.08338226905085977,,0.04959783489940328,-0.10593367464472458,-0.08809101621106863,-0.07082548213922635,-0.05225712847633235,0.002291666666666581
2008-10-31,-0.015544554455445447,-0.011352418558736699,-0.09329376897265051,-0.11103836117597221,-0.19262976851721292,-0.15937504291427962,-0.19745146672075453,-0.24609748256744546,-0.05973652694610776,-0.010230996289977146,-0.010230996289977035,-0.13251789863528152,-0.2250119048590693,-0.1547515949149907,,0.1399989523414391,-0.1138752636221616,-0.08400667776673376,-0.1933122840371586,-0.16617923779016974,0.002291666666666581
2008-11-30,0.041033893191189996,0.024862705941088636,-0.05244159885824162,-0.06703828332889494,-0.03817705605028854,0.0254615834502665,0.002870888836842056,0.013618072501786926,0.003668229060525885,0.027686359365301394,0.027686359365301394,0.1775809930184633,-0.08331205537680597,-0.03889339909504119,,0.05263801770365251,-0.06970747717444947,-0.028171011064714757,0.09693578570634709,0.14614690194725077,0.002083333333333215
2008-12-31,0.004927060187421173,0.010814497272018553,-0.04449939229628341,-0.025050639566878585,-0.019766318831739293,-0.21666884487348226,-0.1953156387859445,-0.18024119299758612,0.017817258883248588,0.02060033210638057,0.020600332106380348,-0.07367257223999668,-0.16820948592963747,-0.04263721220514116,,-0.16109770819282387,0.1676614813598183,0.004002042036213238,0.1770380258577524,0.012064370008363134,0.0008333333333332416
2009-01-31,0.005768121515093316,0.006361445783132247,-0.04200264035362333,-0.04813409293944193,-0.028943527895278764,0.1165259386039541,0.13001995389175325,0.1433930283479279,0.02882649244426716,-0.009929038898549014,-0.009929038898548903,0.1867141658724636,0.07457898425465226,-0.021407260952372997,,0.1252640222915531,-0.009817774036398164,0.11306962530126508,-0.06931899922372653,0.046162834753898485,0.00041666666666650976
2009-02-28,-0.009462817816861091,-0.006800114931519996,-0.10188037625807866,-0.1116658564873596,-0.08321635642355818,-0.09919155683116443,-0.1014766678915946,-0.053786182295294416,-0.001017984390905835,-0.0004652216690916866,-0.00046522166909179763,0.011688005198717155,-0.05887155816475642,-0.12149710353631182,,0.0011861365897996023,-0.09684487619349724,-0.09962104566137997,-0.055747453724087515,-0.058635769497734413,0.0004166666666667318
2009-03-31,0.00028949146000201154,0.0004821600771458545,0.052782244931194544,0.04405017203942263,0.027443996937722703,0.031136619057229087,0.03755413661169493,0.0967737027511717,0.024747670807453215,0.008071361165734148,0.008071361165734148,-0.05087092280148997,0.019188926592119238,0.039663262149963296,,-0.06666921234345957,0.01938607235612677,-0.0075904740874529475,0.05139873233441383,0.02358457506900713,0.0004166666666667318
2009-04-30,0.00945398417904686,0.011180722891566353,0.08463630101393416,0.1514754069964228,0.14332226451769658,0.044389836897180235,0.09365313071975301,0.09415610789782103,0.01662089212993667,0.0035203638705476603,0.0035203638705476603,-0.032237365772406656,0.00014041001769315997,0.05921419204791567,,-0.0200250946100764,0.13866892869696001,0.1397600710680691,0.07748215874874753,0.07850346056384194,0.00031249999999993783
2009-05-31,0.0026758409785931914,0.010103898579735038,0.028443327272078767,0.037877081186803,0.05064250598586062,0.039490170352060705,0.03565709037856757,0.11585930930214872,0.02627043644324356,0.0012321230485181633,0.0012321230485181633,0.03281440631315702,0.08934611355757527,0.07766265541953188,,-0.025780349694883076,0.028762850915188043,-0.03630522543429049,0.029206622291650497,-0.03588943789042365,0.00031249999999993783
2009-06-30,0.009626382005337497,0.00575634613569842,0.01028783400792177,-0.0049767555813022835,0.01115868253379615,-0.003811754880830187,0.011924248139852489,-0.012626911258719398,-0.00013615939726763227,0.008974134950348045,0.008974134950347823,-0.03665653173137906,-0.01030807867336525,0.016444002828491566,0.04776538201315672,-0.004731732232088004,0.03372553872105155,0.05044746402245459,0.009803224627894513,0.026133273565142945,0.0003124999999997158
2009-07-31,0.022656471254602017,0.011259148057797042,0.09581696206440982,0.10254746055697472,0.05457758218310316,0.060629931006198845,0.06365993877835452,0.08825276491103984,0.006445755787562346,0.012801654317748712,0.012801654317748934,0.007109686334275445,0.001963529884143611,0.044948160519756364,0.048165246418984564,-0.016301413944192267,0.06939787711288359,0.05176024244159749,0.0313271816379348,0.014310153132728987,0.00031249999999993783
2009-08-31,0.009507984861072627,0.006865837817777054,0.04634007906994975,0.0724861861970647,0.055559419556764134,0.009787419654319285,0.02874053092437645,-0.03344717212461912,0.012267725058632495,0.009833333939700317,0.009833333939700095,-0.008831774182331609,-0.04934907598404836,0.012332982290680805,0.020010395076014875,-0.007518857790405509,-0.01676010096496605,-0.026171979384708388,0.024565629025218527,0.014766842155673032,0.00031249999999993783
2009-09-30,0.00548646671543529,0.002672318466642176,0.021536913341700714,0.017596605238577867,0.04618370452013276,0.012900515574401306,0.031376537070840094,0.06263441406672476,0.023035109606130755,0.008104082737014018,0.008104082737014018,0.03484560029742312,-0.024420819853258058,0.033259442497267866,0.02089084322038759,-0.007680879925584416,0.05819916387459556,0.03449328915191585,0.05233458813404268,0.02875896322753957,0.00031249999999993783
2009-10-31,0.0015460167333576358,0.001470453083356249,-0.010753830125006636,-0.027034594498655418,-0.038087167624762386,-0.02721938346016184,-0.04856380343287592,-0.008191595114043215,0.008841078350246168,0.0018791107781905847,0.0018791107781908067,0.029107518441107816,0.060984183570528705,-0.05014391546664332,-0.017886400251170054,-0.02162944595132854,-0.005221173296190096,-0.013216142501441097,-0.005115241525749492,-0.013111040086113412,0.00031249999999993783
2009-11-30,0.005266503223463115,0.0021106726622006633,-0.0026302248185126054,0.010634882027743764,0.005005952380952472,0.0012503812527560054,-0.015519062474616763,0.003258790142502299,-0.002417544465549981,0.009736069544373116,0.009736069544373116,0.10215437044074394,0.02152832030575169,0.0423512584564143,0.01950686884554642,0.00041901273774325176,0.017053055751346635,-0.006335126612692754,0.008163075320789748,-0.015022452301848732,0.00031249999999993783
2009-12-31,-0.00027097823141530863,0.00045787545787545625,0.04417476899322059,0.048465954333075656,0.03650772028121119,0.08121151950231842,0.11069868082336187,0.10577753056096739,0.03786567422537668,-0.009718499133071656,-0.009718499133071656,-0.043263437230568136,0.029331557233281513,0.044379489007079886,0.06400439109187395,0.0022193253605298224,0.037055320811679726,0.06899318675433075,0.0025812833451515083,0.03345032303703399,0.00031249999999993783
2010-01-31,0.008854354897000372,0.005675057208237799,-0.009990402388738828,-0.016465010361534138,0.025667838061769643,0.009020182949785571,0.02707670950070651,-0.006378249244032186,0.020889796939498773,0.010193445001986934,0.010193445001986934,0.012052609420112992,-0.05540036930000858,-0.010842150048896548,-0.005158050070298348,-0.01901769474840931,-0.018120426676817236,0.006160805866764374,-0.005195399474246631,0.019408271266813104,0.00031249999999993783
2010-02-28,0.0077019523553645275,0.005005916082643225,0.03466309048703908,0.022415407624900796,-0.006300940962801427,0.0433756150660638,0.052526235684461575,0.032363594427336606,-0.03614605456624731,0.004604929534690161,0.003846787822940456,0.045608901047437866,0.05439654753218792,0.01583886957071856,0.04210018676823313,0.01994980689403625,0.018942296323558594,0.03142012761802748,0.013497944127412786,0.025907977595598375,0.00031249999999993783
2010-03-31,0.0014219694276573769,0.00036225321499694374,0.042435978185995094,0.05527399927979193,0.07710550216969603,0.042560511485852714,0.05760983551463372,0.06092981738059944,0.032459002500105916,0.0017196360502085284,0.0011810696494773953,-0.02251371889939069,-0.022777548368081657,0.017791729036340742,0.024008974542297112,-0.022764961690642682,0.021543008247305817,0.002739044051209838,0.026301454228220278,0.007410852118896694,0.00031249999999993783
2010-04-30,0.0021299254526090383,0.00036212203512597796,-0.026710098804229032,-0.026421199496881598,0.005043748926446545,0.10650910519773116,0.14869098400419523,0.11955252127697458,-0.0037759080648471777,0.0053928862188032944,0.0018218787482389143,0.0808820990494048,0.06075303092248574,0.007096421077335435,0.034555791024670546,0.009713861406554614,0.019453561325870172,0.04046861345332964,0.005305908551713756,0.026026369073596012,0.0003124999999997158
2010-05-31,0.011955366631243303,0.005791855203620022,-0.04871933877965651,-0.04659388841613388,-0.04951628273118991,-0.09497108628070927,-0.09572167097027928,-0.08679216696581626,0.011288262678696537,0.0077297134288851765,0.003815634535387691,0.10783029732837557,-0.03405857565080439,-0.03900504187348608,0.005220983921818023,0.06826925401411743,-0.04654642684993482,0.024765147972198198,-0.017984681603589237,0.055469818576525,0.00031249999999993783
2010-06-30,0.0021878008226130508,-0.0008997660608243141,-0.027805892684750977,-0.03400195833467501,-0.011862014853400327,-0.1279932063701027,-0.1391608358806805,-0.10351417890163828,-0.01503238684971675,0.007860919633387864,0.002998462452903805,-0.04593469476688972,-0.08444290570995261,-0.08062688891446124,-0.08426790621906388,-0.06494021352185464,0.011319860079870958,-0.057531706517198855,0.02415136984149191,-0.04557131363476852,0.00031249999999993783
2010-07-31,0.0027069507509605018,0.002701729106628248,0.01515398071681373,0.026046532365540553,0.02398676592224991,0.029660391140698295,0.026293965770003647,0.032348953096623445,0.018901480684919925,0.007486880947389807,0.004883892460331607,-0.08301365121582804,0.02525856846283503,0.07183123781568357,0.014210014609260968,-0.07765927800344619,0.051739859637451646,0.015921139053129973,0.0407369288827093,0.005290825395708243,0.00031249999999993783
2010-08-31,0.015065749368632142,0.005119453924914419,-0.004466489488630709,-0.020089754021757944,-0.010990845449650122,-0.10187556842695888,-0.11007670667248282,-0.0850750329605543,0.008808605642378842,0.01580870464539741,0.004304542481525786,0.04065664241468059,-0.04519539072649437,-0.03432855607072616,-0.01974651568705077,-0.027306836507562715,-0.00968655698371923,-0.025260403478913784,0.02609055901054025,0.009961484851810365,0.0003124999999997158
2010-09-30,-0.006348661633493569,-0.0010722902332229722,0.023671378253510955,0.03523385484527619,0.04810545630761376,0.07098925916057763,0.0923311150159718,0.08858965107684602,0.023177209077740235,-0.0023559261818750787,-0.001001641255196084,-0.0017530868109503217,0.03471845160903464,0.022489905939093058,-0.004508177533182445,-0.026150775659481762,0.03678647976451188,-0.012402367154905947,0.016311492240010494,-0.03190986813912866,0.00031249999999993783
2010-10-31,0.0001726817475393716,0.0009839878343322894,0.028602478809999887,0.033004999633314824,0.03193865782829586,0.042087995228067054,0.04427931027232779,0.03404949560039339,-0.02862985685071573,-0.0012076717448568086,0.0028437437152486478,0.050707864209712294,0.058366444916301496,0.06263814312220362,0.04813787733261532,0.041150503894341606,0.018581775148058366,0.03201153478542795,0.019646759215698584,0.033090781157179894,0.00031250000000015987
2010-11-30,-0.003366712707182362,0.00017873100983023527,-0.017752630920440104,-0.007365496727433141,0.0127213781576907,0.009879834351613326,0.03718378290943969,0.004901392776870406,0.0008502024291499044,-0.011157174351574484,-0.004295662485322649,0.03279126293079693,0.007018293570800971,-0.04334250669644768,0.014755410430259408,-0.011102174007084131,-0.012539022900160401,-0.0014563259293453035,-0.044044019976044346,-0.0333216399706604,0.00031249999999993783
2010-12-31,-0.0063230835859680035,-0.001965689778413049,0.024438830389492683,0.02418348746015675,0.0444551595921836,-0.06351873594369528,-0.04577801355906075,-0.06395002857380894,0.025524857408680823,-0.004801128715098191,-0.0019089874193644052,-0.04377930385148243,0.025815113768772546,-0.012693055759001814,-0.03157621083889828,-0.02055599988779888,0.028136705784317595,-0.04045640184492505,0.0039414019081367435,-0.06304206983699479,0.00031249999999993783
2011-01-31,-0.001394700139469962,0.0005371530886304487,0.004201622624175005,0.016809812878834318,-0.010832318001827379,0.04025035863731352,0.026389590441643795,-0.010405419861475362,0.028360681603029292,-0.0035017885626502654,-0.0006677662876481971,-0.05648430341812072,0.04366127044038404,0.04489325135285882,0.018859225575240224,0.011329891402442227,0.01671131681391591,0.024443584366774962,-0.010157662482020546,-0.0026352869258158274,0.00031249999999993783
2011-02-28,0.00017458100558664924,0.0011632068718683275,0.023620151506031917,0.026673158935100805,0.009064839585057438,0.009656321722891104,0.014699359910827159,-0.0339938123943635,0.016224924245330063,0.0015663251770792197,0.0003726382102440251,0.04445138702920137,0.026446421414634713,0.01597825594437907,0.003867145662899807,-0.002083415027306801,0.014562637129960532,-0.0005088463019451428,-0.0004076073213186149,-0.015259734469666553,0.00031249999999993783
2011-03-31,-0.0026182579856868227,-0.0016087228528021136,-0.027006367286595334,-0.03451817653618361,0.002760823955750391,-0.08018799928004672,-0.060064603140682626,-0.016560762965856624,-0.015022269193025073,-0.0009950064400934266,-0.0004300320329984064,0.0056902440446438,0.016183093590270703,-0.024654920334786667,-0.010058459526479657,-0.0025731604037749767,0.0006327062221638258,-0.009709182993764776,0.01573177408750226,0.005236942528169086,0.0003124999999997158
2011-04-30,-0.0012250612530626537,0.0016113150120851127,0.038243648073486236,0.03519176922599554,0.025273539103847442,-0.03702385649486839,-0.04140623477244754,-0.04744202086095639,-0.0003065603923971816,0.008531920344931221,0.004279732777660694,0.035246984194447606,-0.006457435881065288,-0.0018900734685421972,-0.03306074604452147,-0.037511491728855595,0.016183788790882447,-0.03456895017903838,0.0172745658244704,-0.03353243890211666,0.0003125000000003819
2011-05-31,0.014455931312423509,0.007864867280364507,0.001663052299668566,-0.01120495476333394,-0.014892353928779967,-0.05251856923758991,-0.0528323914429768,-0.058275194255756,0.012189512419503279,0.009384654363567613,0.005039579348604217,-0.042893667865820495,-0.0758411809187135,-0.03774333676358477,-0.025364807975677417,-0.05313150677367773,0.0015414238492847954,-0.024133266141129428,0.014686042767860785,-0.01132294712402715,0.00031249999999949374
2011-06-30,0.004663615165385382,0.004079099051166102,-0.05620749654659407,-0.056125994291631454,-0.057009552595773005,-0.06385891377506925,-0.06951081870804554,-0.06301393897728247,-0.0004923123532530882,-0.002113321822072023,-0.00012564768967726625,-0.04451062965020958,-0.06245127250468996,-0.02918222691550043,-0.04473123312096283,-0.03878224416889686,-0.005497772253446609,-0.026276896722527643,0.006431170368019989,-0.01459475013241085,0.00031249999999993783
2011-07-31,0.01426974984956586,0.005298949041773415,-0.06492215674201807,-0.0719182725058869,-0.075593877000809,-0.05888153729626866,-0.0639634530654527,-0.045099171418937156,0.016595309362330557,0.010456455664533237,0.004521951959818971,0.04272909501071864,0.005606976767236649,-0.06837440422522045,-0.06231841756834444,-0.041248187575241846,0.003757238224460391,-0.03481752401326177,0.01993746052251777,-0.01925588377476295,0.00031250000000015987
2011-08-31,0.006780235613187635,0.0008785030308351427,-0.05005785022904907,-0.06496009368293043,-0.06658277208578844,0.042184197526288214,0.028504485018011394,0.021227663203246427,0.012336476463792101,0.011900085588536724,0.005078008096714104,0.14776176316912681,0.018226393934435592,-0.03822214993436679,-0.03650600441290919,0.012223870742040566,-0.02707353400984458,-0.00561190248635457,0.00536232199170894,0.027546551188725177,0.00031249999999993783
2011-09-30,0.0076605774896876255,0.0005266391643994339,-0.008498089860715319,-0.01926932012043836,-0.04270215535946764,-0.011080400460412032,-0.0390760620903533,-0.07524407095102925,-0.0019144392901847551,0.005672086351678596,-0.0023686790545197622,-0.025355866737259758,-0.06436534879867062,0.027260281131938235,0.032388545112884026,0.07323324114977892,-0.05301444960455781,0.03777633252709656,-0.04789943522503548,0.04338174103769887,0.00010416666666657193
2011-10-31,-0.0005847953216374657,0.0018422668655146968,0.041036980221553554,0.06870516317826425,0.05668953428631873,0.06613551043037758,0.08032205616280397,0.09371107621168195,0.00184433788270022,-0.001463123693463686,0.0008550945786425235,0.017041822589752842,0.03413448728858137,0.035648407359097245,0.029837256694411396,-0.07482294584001037,0.08491746501719,0.042215981797115054,0.05153888840559273,0.010151159249812025,0.00010416666666634988
2011-11-30,-0.0050154643484074946,-0.005166374781085725,-0.015464580163509822,-0.025149398858098637,-0.028743193154257995,0.09155202535122542,0.09178048263305594,0.04489736874042083,-0.0180044182621506,-0.006158733587356857,-0.004005250838782004,0.08610549211737939,0.0652109830657277,0.06145819796992691,0.038368956786013264,0.07594408846341527,-0.024269530029498054,0.042367153721301065,-0.01286858401655988,0.054546717659276434,0.00010416666666657193
2011-12-31,0.010333529362345661,0.0037848780917173475,0.04135591106364633,0.027376029081758402,0.000771500421086202,0.052740632618773375,0.04459202137485696,0.04231146439220268,0.015484983690150722,0.014636793621806365,0.006436867481014463,-0.08819803044771757,-0.008914947136520635,0.017783437321603035,0.021590663496998896,0.021906138148810594,0.045520621758178725,0.0670849948269916,0.01912144858301512,0.040141325821510865,0.00010416666666657193
2012-01-31,0.007483785132213372,0.004472115047351677,0.012909093631164437,0.036479406799728054,0.04037544871417631,0.002887714365656935,0.026901039668588034,0.06283474506496245,0.012959680992467915,0.009244196336150479,0.006670237901644782,0.08185805236861077,0.00700909879245093,-0.001608246977511607,0.031599999645543386,-0.04504055050516309,0.014648272225042724,-0.014587131692315736,0.011388593929300361,-0.017752887774592496,0.00010416666666657193
2012-02-29,0.005364806866952732,0.004714098646879217,0.031745034642032266,0.03386231000143969,0.03981537521706402,0.008326039867290191,0.004764670560966522,0.01827212877798079,0.012538727902314806,0.003175905566635162,0.0026967880854800175,-0.04984104992833127,0.03161708610960012,0.013906999720438629,0.01428594121072324,-0.04160652429443057,0.021023095042052242,-0.00022258712577793993,0.02470968656662409,0.003387292958872745,0.00010416666666657193
2012-03-31,-0.00073885559477882,0.0012164393083673453,0.0235427052890953,0.025548259057193823,0.008377305118859812,0.030474586995892228,0.027171155176154427,-0.01656769284084425,0.00928759134598045,-0.0017770822824576538,0.0006520084799008785,-0.004897731558977658,-0.009462893315256848,0.010418626711476087,0.01488972164938862,0.003607307225306222,-0.00953098534283603,-0.0011894062964405983,-0.0012143422737687093,0.00719727827269856,0.00010416666666657193
2012-04-30,0.0027111403220505537,0.0006074806907920838,-0.0032174030186554736,-0.015465041170996341,0.010891730053406823,0.06639435739134414,0.07073495292088605,0.0657539767101123,0.0063130862788456366,0.005918429196291708,0.0022227715223854805,0.00457752621053098,-0.007556865098484633,0.009192270279506864,-0.014593634620771345,-0.011044673936076999,0.011366490652270578,0.01750228103838891,0.017868834423518276,0.024044073435597113,0.00010416666666657193
2012-05-31,0.00966816878328558,0.003469210754553309,-0.04235967283322206,-0.0484177392008156,-0.059875446264188614,-0.04336861327411223,-0.04679827452186136,-0.07038519635259677,0.008754519033104424,0.01070920628150085,0.0004053916139687974,0.002258371912549517,-0.04931964457330107,-0.013670200247693165,0.017142740325282402,0.07482780173495018,-0.0322078176421049,0.035615478270185186,-0.02770655166246938,0.04043219492206407,0.00010416666666657193
2012-06-30,-0.0016229814168627898,0.0030250648228176136,0.03247948153062863,0.030761115984302423,0.008100176535031922,0.06411463102607495,0.049140265088493784,0.05173875191632349,-0.0015459751941252486,-0.002102494710395253,0.0006867139274462364,-0.0008125385767246973,-0.0040728745624892815,0.03338678976666487,-0.00371836276923887,-0.07122817344938903,0.046567202185808565,0.021661044860251888,0.040647459815192244,0.015882180241681754,0.00010416666666657193
2012-07-31,0.01048524750060964,0.005601034037053143,0.0500703854066995,0.0455018743399187,0.026076037748598013,0.022265957800471137,0.007792861241743054,0.02985331442980632,0.0327972692402434,0.01318356420546718,0.00545407176946755,0.042462240913898386,0.0940237113515694,0.04323900945524972,0.04551105282863421,0.05875959801668773,0.01022351953986611,0.04437133414778205,0.03742787750616561,0.07249526026349828,0.00010416666666634988
2012-08-31,0.003700128700128813,0.0035132819194514386,-0.0019610064020096907,0.0038900610937184776,0.0005432784384311606,-0.014080870131876866,-0.007032014458439817,-0.0413953213697521,-0.02027326314354827,0.0016199803867336104,0.002476599979346128,0.028185349027233464,0.03515920684377094,-0.015065933798272924,0.002397651920449384,-0.02021233880628015,0.012445951697059865,-0.00801794890168761,0.012337122959166669,-0.008124577956258872,0.00010416666666679397
2012-09-30,0.00040070524122448603,0.00017077960891476174,0.018156318124304738,0.021065197589605456,0.02143413446244624,0.0026322619337786346,0.010080809742698982,0.03477345099732099,-0.010676775405160988,0.003462544333056927,0.0021089933770863656,0.026061580386472993,-0.02346838362591075,0.0030410963394005286,0.00701768475424136,-0.03794227140140005,0.005205585350533948,-0.014619961298715789,0.01785334597803545,-0.002221650905060213,0.00010416666666679397
2012-10-31,0.002883922134102379,0.0020490053786392792,0.012924810178807977,0.030249437584109584,0.00795773059699112,-0.013323760146707553,-0.012455815162094042,-0.01243015523279789,-0.02847400428867719,0.002275379740739325,0.0009046221707196267,-0.03831914734762332,-0.04784534726651979,0.006590098720681503,-0.006891915464089182,-0.032949739537728506,0.008440908614619325,-0.0007874508567052851,0.006205853983924481,-0.00300205224378991,0.00010416666666634988
2012-11-30,0.0020768431983386737,0.0009372071227740086,0.030670382895275017,0.03756794766622651,0.015571395086193984,0.00630520882496155,0.0030364271319953673,0.005921762895822802,0.02681188262112366,0.004558525097161148,0.0013034206388626846,-0.009437092050232687,0.014715951497247914,-0.020347392472681136,0.0025138998396021517,-0.009493976428472606,0.004968718349714685,0.0001608990380399522,0.008963034755076649,0.00413610643911122,0.00010416666666634988
2012-12-31,-0.0010362694300518616,0.00017024174327562314,0.0024173950456947146,0.004337166876786869,0.01518576996312393,-0.008936572161833412,0.003882775856973719,0.021502327723361914,0.014271618859679869,0.0005416832060189947,0.001104040939031714,-0.04025504332750485,-0.02758428234483079,0.018804552738406866,0.007532720529213721,-0.007028455681120427,0.014012728637398997,-0.002599701441703739,0.007145105822632836,-0.009354812943152435,0.00010416666666701602
2013-01-31,-0.009655282476859206,-0.002808510638297901,0.07930663919675918,0.082590309075115,0.04722167681130984,0.04422183815751901,0.05139942335780634,0.0070656410309015705,0.0009727964423447144,-0.0060850491317582245,-0.0018498371845219186,-0.006805472373930033,0.023041236663411624,0.02172816013149781,0.02772312811372668,0.003419224996053183,0.0034281747971154353,0.0016689676070893444,-0.02850396706639724,-0.030207190923515093,0.00010416666666634988
2013-02-28,0.006768189509306355,0.004011265682341891,0.034631926237959076,0.03146525588387594,0.04279307061128024,0.051469141551003794,0.05802716028614041,0.03599653677710579,-0.03123806879316926,0.005897425646586463,0.0032138197983990757,-0.03262555957575064,-0.028751058307258104,0.013643657712216317,0.024739718099340502,0.017787661904802743,0.009326285141904922,0.028726175214182303,0.002641030405110323,0.021912425649790457,0.00010416666666679397
2013-03-31,0.00048019207683069887,0.0011900714042842875,0.031166497972106466,0.0190947794499301,0.00692702961021241,0.05206005022196769,0.06320827843248722,0.010343399757906324,0.018415678406362712,0.004882913776176112,0.0009283150987937638,0.032841031773802154,0.02993282086712723,0.046225206837481325,0.046575036857502417,0.03226692685563615,0.008724213504595513,0.032070715698797825,-0.009364379192190464,0.013563470050658388,0.00010416666666634988
2013-04-30,0.007359411247100267,0.0026320258108336603,0.025046041532637897,0.02892809869756041,0.00931817113857436,0.032009049429722713,0.012610582522628144,0.008055281797610503,0.005839929639402275,0.01041607443460868,0.0034189416242902393,-0.08817519306612354,-0.051143137579978015,0.031800986117453967,0.0033814058966423755,0.009361209382895641,0.021180471649589805,0.007313921133101031,0.03566844916521328,0.02160516724063344,0.00010416666666657193
2013-05-31,-0.006670372429127158,-0.001100855279871471,0.00945065778840859,0.018460909788462043,0.024288501021914266,0.024172513661149697,0.03482407001612153,-0.0025394486855100373,-0.001294113532230412,-0.015038283771460548,-0.003844433351269716,-0.045371682580821915,0.0018307557526420215,-0.04170443455110895,0.03862903523144401,-0.0017149565414171786,-0.025811947279570036,-0.008554947768966592,-0.04925274698585813,-0.03241098339190296,0.00010416666666657193
2013-06-30,-0.015588776081221667,-0.005256018989487687,-0.03301245488689197,-0.03971285943499825,-0.03315303849825013,-0.05168082907344507,-0.04951104894829539,-0.08936875453798998,-0.043321426069902746,-0.014016674956331854,-0.005090220083451835,-0.11860866973472206,-0.036991915518707286,-0.023883914797464545,-0.03150516321686925,-0.017742482549978233,-0.016887266050353955,-0.025752492099901603,-0.044406963167773816,-0.053024030153425605,0.00010416666666679397
2013-07-31,0.0042228357966542784,0.0034941196522924045,0.020830286356072536,0.033963418138805546,0.04092780984975253,0.03547553264193781,0.046780730758313016,-0.005457841186638168,0.01852326390159975,0.003653960724645522,0.003372528424462118,0.056704861441122745,0.014933728114780553,0.024430089866702476,0.028872900189349737,-0.022357292309907906,0.02853968187770195,0.01169302491115487,0.0015577981458512191,-0.014846917155681982,0.00010416666666634988
2013-08-31,-0.0016173378618793421,0.0010191082802548657,-0.006037636901085053,-0.013754623140236788,0.008906070760809737,-0.04243195310788239,-0.04059121255432396,-0.03811333235695502,0.010962153613916614,-0.0040660915573381695,-0.00162425050711279,0.05244694888934309,0.028543065994099726,-0.033739531315224,-0.007607965705439201,-0.01420728762254464,-0.01272026529687642,-0.012345393076779732,-0.024309369430078775,-0.023938897617529098,0.00010416666666657193
2013-09-30,0.0045358820670662325,0.002460337660133982,0.034989502197467326,0.03681161158345181,0.030211196361585202,0.016510657294920073,0.034858460361967936,0.031215803295487454,-0.014647326507394753,0.0076897002749516385,0.0039039834624090552,-0.07320245075434273,-0.05949753962502047,0.0385271694434659,0.000521490402616509,-0.03778902442953358,0.007813353878380669,-0.019033190840413772,0.03151364619281827,0.00403576338446654,0.00010416666666657193
2013-10-31,0.004192872117400492,0.0020311442112388445,0.028616925253868386,0.027057331633260517,0.03831096318375948,0.04151088921217583,0.03299470620884182,0.05124538660060329,-0.018220522441910858,0.008743942233084612,0.0037624272069298748,-0.008882251862447177,-0.005854420295571039,0.03192211651967081,0.022176146248504613,0.006056773500653367,0.025182475559868633,0.01957637764338238,0.02535124651057874,0.0197442256886613,0.00010416666666657193
2013-11-30,0.002649751083989127,0.0017736486486485958,0.004885656478955225,0.003958556129850521,0.014349681955138971,0.02848401735630257,0.028734014264395702,-0.004226529129424783,0.018338172062768887,-0.00160160855050695,0.0016080117309871245,-0.04916080116139532,-0.003080857384687219,-0.004486410938428054,0.016373003357018856,0.03607902590960088,0.004732506348731569,0.01106057554635842,-0.020223834296553944,-0.014052946686588741,0.00010416666666657193
2013-12-31,-0.009449827820934065,-0.0024449877750609694,-0.0037230100835229374,-0.0022616450412444866,0.01928305327386992,-0.017677739398307413,-0.015296936755809343,-0.05033502923550348,0.009996391194514453,-0.005607172611767908,-0.002452047362501042,-0.057825276260015435,-0.014905474509873895,-0.0032678908440177956,-0.0078036423983340875,0.0029452890557239986,0.004067351628866067,-0.016680806196458953,0.0028630339035398134,-0.017860237768285714,0.00010416666666657193
2014-01-31,0.01649284501576531,0.005493576741041117,-0.0009556009186016956,-0.0024815106502297235,0.008690091191315696,-0.00045104912400573127,0.018541174642918934,-0.029868320089172062,0.01850859327544918,0.014349197945762393,0.004546465301584535,0.05198859730855632,-0.013709228137434248,0.003888739783205475,0.02940100515936339,-0.025153153517007087,0.003983005542803619,0.021263004692537057,-0.008135559737652454,0.008935861381789811,0.00010416666666634988
2014-02-28,-7.953551260642122e-05,-0.0006724384298562036,0.04213390954101315,0.04015873115742341,0.03759078688656148,0.007596287296645299,0.00978238656019581,-0.009255407953418504,0.0003858972110160064,0.004597641723690815,0.0018151515347160085,0.04601716316259008,0.033750780761599986,0.029633284444958274,0.03033224277910218,-0.00733226624248684,0.023085169820221907,0.0070213585205445295,0.0344470154948604,0.018204807957687086,0.00010416666666657193
2014-03-31,0.003022589882277993,0.0005887795441161803,0.00511492027390692,0.0008790350244238798,0.011195848061320124,0.0026471806892540695,-0.0034181926333803903,0.0316519850967536,0.017674288118950665,0.0007413234522881673,-0.000458489654061478,-0.033056994707680865,-0.002070554500550492,0.034320331527452064,-0.021009687025695944,-0.023197838329659604,-0.0008153703934509204,-0.002502624050478852,0.011906465408109357,0.010197729270922551,0.00010416666666657193
2014-04-30,0.006502775574940722,0.0013449899125759224,0.01603476149023808,0.016207672710922605,0.011985941187044213,0.02242699706776241,-0.0050003074592424035,0.01553800190792387,0.006512749827704889,0.006666968690347774,0.002191259462989592,0.0008553059145179898,0.00699787769457183,0.010526543655598797,0.002236593503119666,-0.005489944941652003,0.004204523400246796,0.00012791349817775632,0.010586532691320372,0.006484014757904388,0.00010416666666657193
2014-05-31,0.006303183107469135,0.002686366689052866,0.026913615800904456,0.021463206507232657,0.015343509430967295,0.03294393936813478,0.02397301964198273,0.04798154926090725,-0.0008901366017323165,0.009518851607598577,0.0036137845846171412,-0.016749622533493325,-0.00039879797104658277,0.04155289776315407,0.035101123266705336,0.02489008316764152,0.012063667827844515,0.026428726072548647,0.0346738872902439,0.049359871114857956,0.00010416666666634988
2014-06-30,0.002818665831506584,0.0004186202277294271,-0.011957246970375146,-0.013548734287445963,-0.002397019358536756,0.031873818573266544,0.05346335076719466,0.04087899502297465,0.005242778329849651,0.0030783725951344376,0.0009331604376603408,0.05756879318366814,0.015730552822622812,0.030430119386879673,0.01754177185570449,0.02255324249021351,0.006119789398018494,0.0008001531077475033,0.000432908993066361,-0.004856659172415734,0.00010416666666679397
2014-07-31,0.00390381011867591,-0.00016737802326538542,-0.014897713484221975,-0.020265019478700075,-0.0040668151613855175,0.02138563940718652,-0.003993952680142243,0.05865492345697976,0.017077992909735773,0.0019086192959127946,-0.0003934101062482709,-0.01717283541197623,-0.028480460496710935,-0.006591962973879206,0.004563429979370204,0.024571776946794577,-0.024318384647914804,-0.004936138614375918,-0.002514915249850369,0.017300464094400336,0.00010416666666679397
2014-08-31,0.009488256338466394,0.0012555453251863469,0.02839961631225152,0.025296677471426943,0.02079548051383684,0.07013792041471012,0.07912765985274617,0.07097023689700577,-0.0024131112377252517,0.012047311683578421,0.0030048225433998432,0.014866771696521619,-0.0005637946188011833,0.03677130838349352,0.043725501739323214,0.0449175661908805,0.02380263892608392,0.03508058398599201,0.012699105034326363,0.02385473643685465,0.00010416666666657193
2014-09-30,-0.0030816640986133237,-0.0004179903026251264,0.015101123595505639,0.0017524461622546728,-0.017178990326037535,0.019936130022060627,-0.010392043465258016,-0.029086716447435434,0.016025533344532494,-0.0034009455363032126,-0.0005009764020951213,-0.028889085685135152,-0.039808705687910506,-0.008205308182571147,0.006634011349297975,0.0483787894959975,-0.019828027812198612,0.014515519523363718,-0.02158821455579729,0.012693658850634781,0.00010416666666657193
2014-10-31,0.0035548686244204486,0.0006690641465250113,-0.0004347021083053182,0.0021653770625054136,-0.0045966624720409355,0.016507933373379968,0.02695532646633092,0.02206462991311131,0.014152503141326545,0.007065205763419957,0.002689647050015953,-0.02524668724794865,-0.03350322247763504,0.025611049312004752,0.01084626801218902,-0.007767315281527076,0.010605416734166262,0.016131882766841077,0.019740197901941814,0.025316617217078452,0.00010416666666657193
2014-11-30,0.008855690743877931,0.0010865022983703732,0.03463827525388763,0.03264690958276062,0.029102831505184223,0.0389692171834759,0.022860407780898484,0.007726441385418559,0.0004564721225950308,0.00918678076128665,0.002430214421578869,0.007295535031864198,-0.07392997371770715,0.011535695376513777,0.024393942666445456,0.06084632381239419,-0.010810384684841745,0.0012945754957311983,-0.004156912048215999,0.008029468337423573,0.00010416666666657193
2014-12-31,0.008472635676666007,0.0025045917515444938,-0.015108585662022112,-0.015452678408190645,0.0029672292494442587,0.03599121769703939,0.05878970427621666,0.005355609253796745,0.04878764176769668,0.004853610998867275,-0.0011844574476393976,0.034823144833726616,-0.07711119577894698,0.010630891972901457,0.0017864078228706504,0.05655905680986706,-0.0080315641653812,0.013226338005192018,-0.02717567837652657,-0.006328034932280735,0.00010416666666657193
2015-01-31,0.02043596730245234,0.004746835443038,-0.06711053253743082,-0.0813274812683803,-0.07000697816416146,-0.1526404662638724,-0.15271219320799567,-0.13180207181908898,0.04645598334420953,0.01685961147996906,0.0050026281758641655,0.011406362327079256,-0.12241479799858868,-0.06680776372867758,-0.08275268344713493,-0.025807776894840262,0.006719073261838515,-0.06291376998300624,0.018373154626299737,-0.05206914558383169,-0.00020833333333325488
2015-02-28,-0.004450378282153888,0.0015748031496061188,0.07977484166663662,0.08877526049155482,0.10461071900329078,0.13934399593315172,0.1424048810065126,0.10928429310521115,0.03694025418695812,-0.007613295195319836,-0.0021237455016318574,-0.024597721988932064,0.08248995501562639,0.03735242287937712,0.07554529325821102,0.04031605558414486,0.021581949801366074,0.05974485139904351,0.008868204356055509,0.04656556961228664,-0.0006250000000002087
2015-03-31,0.003874236328416103,0.0,0.024149889371851918,0.028687331283345108,0.019833716610649033,-0.006598128131533487,0.01103701399114776,-0.005362932153850641,-0.0032359679266895647,0.004448583794444572,0.0009467017780580012,-0.007363506946649223,-0.0469453281593778,0.003438304843486506,0.013769782162885269,0.0449320739089496,-0.010207028020575493,0.00485494826689048,-0.0004974211106338888,0.014705052740595193,-0.0006250000000000977
2015-04-30,-0.002078076295086828,0.0006620324395896215,0.007764926826919316,0.005026144699522561,0.01291560279751347,-0.007914428609670732,-0.015393852888050508,0.043878715507811306,0.010515126267704789,-0.006633562011518324,-0.0010300592487904048,-0.029597984296439894,0.041498041073560366,0.015470533983807266,-0.013368370331197865,-0.0697325942732625,0.007984360963086745,-0.01950328893388098,0.011603212528809692,-0.015985667765098133,-0.0006249999999996536
2015-05-31,0.0026030046110367966,0.0025636784651010824,0.01839123649707508,0.030527774999373092,0.0008082773076145688,-0.008127458974853452,0.0023417107818788363,-0.05122820914254256,-0.0688027748557134,-0.005259522770554748,-0.0003273833005498217,0.00843950348806266,-0.02893096587261701,-0.010665388962880717,0.021829230651530196,0.01332227630553029,0.0028261067523416283,0.006436939043387824,-0.003816820275553412,-0.00022506286256218644,-0.0006250000000000977
2015-06-30,-0.009791558489726238,0.00016497566608930647,-0.04893820767493395,-0.04422982658285379,-0.047204968944099424,0.01616534236447209,0.03088327473222341,0.013833609630541144,0.011052422678838658,-0.01330315874486887,-0.003292141497675094,-0.03302081102403975,-0.002055512180122454,-0.06341598968571571,-0.04886512125073672,-0.05941808196520271,-0.019601177734984376,-0.03666344663779031,-0.018871184819362896,-0.03594669116118876,-0.0006249999999999867
2015-07-31,0.006442430144580014,-0.0008247422680414118,0.07182613453650899,0.06778195880317228,0.05959320597225082,0.04552190811649304,0.022474074647598652,-0.04337364001796584,0.03194926770345807,0.008953014340486565,0.0013998450886647529,-0.023448543992751314,-0.08609300753410809,0.05068495940105233,0.04087955082586192,0.07480719756796228,-0.005649465447181812,0.04064767032918182,0.0007505912195042708,0.047340806619671216,-0.0006249999999999867
2015-08-31,0.0023818384815779137,-0.0010730499380930958,-0.06010956972385795,-0.07175059581340992,-0.03872371725991741,-0.05323533632381272,-0.0399966392024832,-0.07748080212815445,-0.04149474731513214,-0.0037247512698412866,-0.0014660557646529737,0.029360953802729295,-0.009959702466857956,-0.05997025836639969,-0.03324109739162595,-0.058223732429978026,-0.015962181783160667,-0.022555461704439783,-0.011998452231721468,-0.01862120531606859,-0.0006249999999998757
2015-09-30,-0.000668300289596635,-8.263097008753828e-05,-0.03392356485145176,-0.04629492637788202,-0.030759303075930555,-0.009039043774598077,-0.015005330382215853,-0.0018542995321751965,-0.004396275377804737,0.004994666146462157,0.0014873231641934215,-0.007896184933431027,-0.024470612789325163,-0.013747937714466807,-0.013780907557435218,0.006439811940484486,-0.03062731781442829,-0.019905391857312327,-0.01141269917440435,-0.0004928485775664848,-0.0006249999999999867
2015-10-31,0.00906524000594433,0.00355342533674885,0.052266060816929416,0.07398902007658426,0.06458783552712966,0.09457733767489862,0.0723229063087274,0.0867219523240832,0.015178927355800065,0.0022441821762968495,8.907050384832083e-05,0.041478447282567554,0.021589130767133646,0.06194799248874738,0.06354786553440261,0.023436896838192833,0.0315776827454175,0.05112434317087722,0.023532375037189412,0.0429323808824984,-0.0006250000000000977
2015-11-30,0.0065537555228276645,0.0034584980237153395,0.010889606152310272,0.015151410847480618,0.036084464781849235,0.08170906474889827,0.09907102780227306,0.04472271091448521,-0.007430677218630999,-0.0004867985694984034,-0.0009515154269094106,-0.028380419182816197,-0.027262137108518658,-0.0011872737856651883,0.035003057299984874,0.07953488467413083,-0.025688595238004375,0.015967258983183186,0.002324872976118053,0.04515657412564211,-0.0006249999999999867
2015-12-31,-0.016314287804521155,-0.0086164451009354,-0.015051543711970483,-0.01879286494305954,0.007467560311104293,-0.0811929915365528,-0.08826178453490974,-0.0846026693212607,0.020237370663420462,-0.005318987989944901,-0.0037669323198429305,-0.04529140308466062,-0.09705887183089901,-0.06968020966479216,-0.053613199133645595,-0.06147665255800472,-0.020652448577995086,-0.06007011324523048,-0.015897785504407902,-0.05551021518640409,-0.0006249999999997646
2016-01-31,0.017179830432842547,0.0035593080043043734,-0.05314180715353145,-0.061643645856840346,-0.036252381794252164,-0.0011267481421274317,-0.02008824371742468,-0.0064136587978250725,0.0070991797166293225,0.013585317584512424,0.005060438546991453,0.09305233554771997,-0.008073625543754792,0.035500706755426714,-0.018162372598922172,0.037834151292561735,-0.01694633433992354,0.020343103473130952,-0.0005598559099658784,0.037334953440607554,-0.0006250000000003197
2016-02-29,0.012210280032170617,0.003216760145166475,-0.041961745270419515,-0.04122134304978775,-0.0008322887260547862,-0.056259092574399316,-0.04296933551003623,-0.051056918311537136,0.019370316618783745,0.008262526246045176,0.0016444021280923593,0.07920225636993194,-0.02941891641198402,-0.02442443595201038,-0.01935144606754602,-0.018784477033084945,0.014030676074849868,-0.01257319909525445,0.016605144469441502,-0.010068589442631226,-0.0006249999999998757
2016-03-31,-0.006862178561109378,-0.0036175285702538806,0.008149703371647554,0.01430813105336104,0.03624661707307131,-0.008270697876860189,0.006842388932752019,0.0511126913140989,0.010953889066449785,0.006338446602608627,0.0012897795402144752,-0.040015444286684465,0.009148783747517042,0.05153591912565969,0.019746042047327883,-0.07552460565231134,0.024532556983486886,-0.007196379768864225,0.032196369013404835,0.0002233008705250228,-0.0006250000000003197
2016-04-30,-0.0024001745581497813,-0.0002475451769949899,0.030085575733381775,0.033171993327931304,0.008734025624620445,0.052234242591445934,0.059941962028575047,0.04149488765497278,0.030666206817267394,0.000389640455714213,3.8045683807830244e-05,0.04536179643230698,0.09108858444940404,0.016941611253661337,0.0032353768777482195,-0.05154127939444986,0.030288122349871882,0.025607544996330667,0.01461024677880407,0.010015081885726085,-0.0006249999999996536
2016-05-31,0.0034995625546805353,0.0002476064707825909,0.03742228738318287,0.024736241184136087,0.03939540798901975,0.030824556998041874,0.03698242328416068,-0.013376242916823045,-0.008198321296115751,0.0030454035785196787,-0.00043026219725383896,-0.03047012091243484,0.04214446130459182,0.02905805587905297,0.04323561337826387,0.0020430738403682813,0.0007646417876634448,0.034692661967944405,-0.003096047008642744,0.030704823466819686,-0.0006250000000000977
2016-06-30,0.01496657948270852,0.00420826800891172,-0.025563128065431817,-0.05317013039659757,-0.03356813608754572,-0.03449514535853926,-0.04201818535098811,0.015871601208767627,0.003345798071245909,0.01711608142978327,0.004570898312011629,0.07647093204365318,0.03084419677397099,0.01964130315029866,-0.00681179777421026,0.003567314813264444,0.016992310749089468,0.00557663679699405,0.040804743084198236,0.02910009133053726,-0.0006250000000000977
2016-07-31,-0.0011453113815318439,-0.0019720624486443405,0.01939673587968893,0.025211204740457127,0.04100287534970448,0.05104239503513819,0.0639206971452091,0.061747773947008255,0.0029703525191953073,0.003910234045565009,-0.0005132845066559977,0.009609251034875088,-0.07904521022219879,0.015897623631738078,0.034240918861217606,0.0162482257067873,0.012194757891283325,0.002962347371509244,0.0127509938682,0.003512999802872452,-0.0006249999999999867
2016-08-31,-0.002579905403468419,-0.0004939897908775581,0.009921614825219471,0.029875353390957482,0.01319771691628202,-0.0014559934316454859,-0.0010156913158726466,0.022670366903453587,0.0026821636119802594,-0.0023272313829816316,-0.0017094202231452416,-0.0189413703391087,0.021891788251937383,-0.003504943749261469,0.024974229547069404,-0.021517787641334718,0.018738256773789708,0.034033091333946386,0.012296760861639777,0.027500897264795432,-0.0006249999999999867
2016-09-30,0.0022273315131484672,0.0010708401976935455,-0.0036497046251652288,-0.002657134234931968,0.011116295918805807,0.018560506206450667,0.028336798333828517,0.026481769292480806,0.0031208203299155635,-0.002018262858287545,0.00010939494649631065,-0.010509225575642378,0.02505873597490571,0.0010233099063348128,-0.005484139359554052,-0.025279575332138426,0.009846484290304325,-0.006684636300229196,0.003191430744264867,-0.013224675553192733,-0.0006249999999998757
2016-10-31,-0.009893182306975334,-0.0020571052415040425,-0.034283623673767805,-0.013815990346344176,-0.01629832492811789,0.0010391821662110168,-0.016906196790285155,0.023339676683118205,-0.014000000000000123,-0.011748221178803475,-0.0032390018125032505,-0.008061108454467503,0.018632562089809124,-0.010915941335620127,0.010840189117993448,-0.025809137686396033,-0.010766872921564308,0.011991077707962372,-0.018228596299919464,0.004364919875447404,-0.0006249999999997646
2016-11-30,-0.012743465353703742,-0.0004947229551450771,0.005219905113828416,0.02575361891501604,0.0014753496239094943,0.07073681911549623,0.09944324993267428,0.006934327730389489,-0.008817894974081475,-0.01857093770963869,-0.007108510441475313,-0.061039795706220756,0.0417019116933961,-0.017198051248500046,0.02963831708407727,0.010054202576221805,-0.0007513100135287942,0.024770718240697542,-0.04406740643744955,-0.01961008574173384,-0.0006250000000000977
2016-12-31,-0.0008800880088009055,-0.0004949678270914637,0.03968467486443994,0.03464281229732524,0.021404201942250012,0.0335672550738344,0.0335579405331059,0.01250417148105809,0.018105334962908115,0.00020983306486188624,-0.0004804600724892527,-0.01125781553732974,0.04979942711094054,0.034030450435522,0.020615910930131376,0.019571284021238977,0.017451437941708337,0.026583048066305626,0.013932510776911267,0.023035807085799442,-0.0006249999999999867
2017-01-31,-0.0019819423034572736,0.0007428194123475507,0.0108881626643762,0.018966148270456173,0.02065090792784874,-0.025556110090508066,-0.026693839432491706,0.0036486792818675173,0.01753210496929114,-0.005799373851548606,-0.0010856671826935393,0.027894292000592014,-0.03048596461538522,-0.00796244437786775,0.003034267790778866,-0.04579161008460164,0.007981628551199549,-0.016046220444459802,0.016183481608129435,-0.008048970721759585,-0.0006250000000002087
2017-02-28,0.01132686084142387,0.002721649484535904,0.03351531226967608,0.024089171826970457,0.04638766858433496,0.058762195138337914,0.05187055455863998,0.061539689889919647,0.01687335381913946,0.007283698886488388,0.001776647424227118,0.047527292715551894,0.013261965501481399,0.043054746777452246,0.036196841210414776,0.05456166639852045,0.01417241651899559,0.030746680090500522,0.015614705612316593,0.03221088571754205,-0.0006250000000000977
2017-03-31,-0.007636363636363774,-0.00304326369468666,0.028903350884160517,0.0277815717010077,0.02773280896400343,-0.00533342345107779,-0.008602339594843689,0.008939856183809658,0.01063054798586216,-0.0023789681993076073,-0.0014091169777132873,-0.013184474524102208,-0.041097822037574505,0.027724487902958783,-0.0005720016785499826,-0.009466521404080108,-0.002579172890080028,-0.010365790809020559,0.003989938402078508,-0.0038554420098555475,-0.0006249999999999867
2017-04-30,0.0006595822645658611,8.250144377552893e-05,0.03510026126240162,0.03413411354376006,0.05928552774456053,-0.007876782514310676,-0.0028531166525717078,-0.0009220042181776744,0.015724697653308972,0.005033922887204945,0.001479694440354562,0.010912331742368497,-0.03303480236527434,0.00831095827868733,0.010603382142358564,-0.0025879985428014507,0.0068029268438780655,0.0018588588723764676,0.015748288387554377,0.010748336282232929,-0.0006249999999998757
2017-05-31,0.002416874176065731,0.000742451740636918,0.02734131840968068,0.01408927364673307,0.02591278666912311,-0.023481976021036854,-0.03801937553574586,-0.0157769724886212,0.002286705566945324,0.0036824031730604556,0.0005515543513894272,-0.019676298419052718,-0.03238452473369635,0.020859681031678567,-0.009567129349191239,-0.018457242139265917,0.008959363924602837,-0.008334070879430167,0.006262020991143924,-0.010981628301233948,-0.0006249999999999867
2017-06-30,-0.007963761233287125,-0.0027203033550410316,-0.011760320893913434,-0.008611872379889585,-0.009756751560776378,0.010969984355345908,0.022868276031676738,0.017946098949218836,0.006739569401830181,-0.004843759802439895,-0.003294724516309966,-0.04215017143315758,-0.030442188112980384,-0.02026586655933771,-0.00817557451206763,-0.049267660477919306,-2.8931539372889503e-05,-0.019751191250046873,-0.008525067747485071,-0.028068496262259712,-0.0006249999999998757
2017-07-31,-0.0028722934158198488,8.265829062659158e-05,0.01798814020856332,0.02996446530309904,0.02325914080401792,0.02828398878220617,0.0268712381623597,0.06491808502883112,0.01393592081271211,0.0012338837192111818,0.001075011835202977,0.037986551437944716,0.05594216416703501,0.044513720362222564,0.04519581017874286,0.039704051022199094,0.008629639279932322,0.024859119504419436,0.010226533439989138,0.02647919897166262,-0.0006250000000000977
2017-08-31,0.01056207991727609,0.0020662864699563244,-0.012929500229377222,-0.01632211272209627,-0.007042569976333568,0.009969661879154934,0.007715599931225503,0.0312504670075795,-0.024405908798972642,0.007014681892332675,0.0015220602695620311,0.03610661603119936,-0.0016769371070930461,0.011049410487236955,-0.0031428868935122756,0.011635495206373747,-0.0009076444112261495,-0.004992822368905192,0.018331672124786813,0.014137907811568207,-0.0006249999999998757
2017-09-30,-0.0077474053500949935,-0.0016496205872649217,0.02654064665989342,0.037141140650577054,0.028282081645685908,0.05381790376592366,0.07134483537303105,0.02683057044025028,-0.017537853851217866,-0.006650353406600917,-0.003216676302082555,-0.022739415608545088,0.031434382624613066,-0.0055763112533218084,0.01635604117654199,0.015005862553312044,0.004444448373125187,0.017416783106021683,-0.003440202947393667,0.009442706390738742,-0.0006250000000000977
2017-10-31,0.003977607542722694,0.0010740251156644565,0.015034463350923177,0.02132972829259172,0.03671709960097025,0.04947985751080752,0.04485260158443105,0.06629133868341097,-0.008469806212977993,0.002264813845233915,-0.0002647982356558387,0.01297383645435235,0.06103978264979015,0.02692712364087213,0.037847716582241064,0.04640465388437631,-0.000713690249582899,0.021479240325473326,0.0008697830403729956,0.02309535364602877,-0.0006250000000000977
2017-11-30,-0.0008804108584006265,-0.001072872823306259,0.006651955791935338,-0.006159615315070255,-0.0009716774879777734,0.0008581207456592743,0.0009007659152657777,-0.01839742398327171,-0.021544616549077023,-0.0004732915687303274,-0.0024534693174277367,-0.006797863844100416,-0.001052018717165537,0.006409089039742355,-0.011223927030819092,-0.006341978899953471,-0.005240384507597118,-0.013964425258424895,-0.004282873159690781,-0.013016799748990726,-0.0006249999999999867
2017-12-31,0.0016889411073577332,-0.0002478519497685072,0.007172874039573118,0.014856014136078954,0.014976498889274215,-0.005881359087643867,-0.004274967863555856,0.01705958719914258,0.05492319593325257,-0.0006991353340941586,-0.002472366185821806,0.010322147287471273,0.017040400387699606,-0.020926222200563394,-0.013822819592182567,-0.0014863560318983948,0.0008947122145375186,-0.008082095256176758,0.010888476266200042,0.0018065996206158008,-0.0006249999999999867
2018-01-31,-0.010849644454218876,-0.0012395669779359242,-0.001307723287240381,0.009177067637999414,0.022100706841171602,-0.03027394678206008,-0.04632030365729578,-0.0021172168573693195,-0.009742300439974927,-0.008975656040834279,-0.004599627903549508,-0.009523264510186036,-0.012256826825683742,-0.02889120016721547,0.007791316616189592,0.021274423327572123,-0.0013118008751248356,-0.04012011578752683,-0.008144768557176274,-0.0466759346813399,-0.0006250000000000977
2018-02-28,-0.0011116875416883332,0.001572066854211407,-0.04459345561562589,-0.04084626961093496,-0.032049662868677165,-0.022499415354209518,-0.02125459891353698,-0.027534300868056638,-0.010948905109489093,-0.004433019361439805,-0.001706228845630764,-0.015761972427027815,-0.02428512953113482,-0.06319118930029566,-0.0189120235058865,-0.05231657957518687,-0.01044447161589257,-0.0036140217694389243,-0.02358738670994276,-0.01682401680084189,-0.0006249999999998757
2018-03-31,0.005193648909333604,0.0007434944237920682,-0.006700699801045595,-0.01537004661632968,-0.01767683298108169,0.041156431980357455,0.06485416171834357,0.04446784464580533,0.00205893363281473,0.005428356413021085,5.0977753308423246e-05,0.02190713706824665,0.038735367927799746,0.020012009111922247,0.015430134288940245,0.016541012746121853,-0.004088984484003189,0.01313518010389414,0.0037551565060711667,0.021100820857912872,-0.0006250000000000977
2018-04-30,-0.0050930026572187925,-0.0024764735017337447,0.0328786669924801,0.03727597808531713,0.03731093241432104,0.05275666468756124,0.05013544184017249,0.03615963613008999,0.006190793862574928,-0.00637802212745564,-0.002828657675884916,0.025970683835096153,0.07123484160838234,0.056642041224974404,0.034143192045900994,0.03210130686033352,0.0028154023131901074,0.04081891849897157,-0.022487112375370155,0.014609246605352899,-0.0006249999999999867
2018-05-31,0.007493137473106426,0.002813637868255725,-0.034217837285224095,-0.034873341623426035,0.0005398795653277499,0.0053719486639529634,0.0253359760896803,-0.03643007226643613,-0.014692232211525713,0.0010879007574711164,-0.00039501628861293714,-0.01148925976495807,0.027253834657418485,-0.01623336509935469,0.03848900359444074,-0.036925243672845,-0.0014743276593882637,0.0009807170844444713,-0.0100810536986643,-0.007630102640417302,-0.0006249999999999867
2018-06-30,-0.0012518409425626986,-0.001485393629311993,0.015987557035174405,0.013873262678245624,0.0031821871310504513,0.007265118961549355,0.004514051854993983,-0.03333229787880254,0.0009689661669312066,-0.0009465341441626807,-0.001036746383010434,-0.03483323206853528,-0.018072959006053213,0.0171261556377309,-0.002116478168827207,0.008926999039876815,-0.0009914535402194558,0.002354642473351154,-0.01690650774485103,-0.013582145019676028,-0.0006250000000000977
2018-07-31,-0.0064145100641451736,-0.0019008264462808677,0.0552729709342914,0.05563434480762308,0.018306194315977464,0.01045069794018727,-0.008304771037467518,0.002373330763085546,0.01812363871037137,-0.002305376583496832,-0.0016353846225444224,-0.024245781794938748,-0.02614468391335767,0.01672259800624709,0.0033385701915391586,-0.0013343075291586404,0.014589829361869588,0.014877208526194119,0.02354476412540918,0.023815408595091014,-0.0006249999999998757
2018-08-31,0.0068269516176908684,0.0018216444481244931,-0.01447682212787349,-0.024159376331784332,0.0071736853510544485,0.00807502913386604,0.01742458249235801,-0.0309339265052887,-0.023294509151414178,0.00042715471950738326,0.0002880828783675682,-0.040674639808631285,-0.012327508353737304,-0.04503425420922902,0.003398933563894424,0.00860752086473382,0.004890933720185897,-0.012776170521756725,-0.02537893978095429,-0.04244927187616465,-0.0006250000000002087
2018-09-30,-0.008033608490566113,-0.001983635011157836,0.0062828551051454795,0.01185928892141308,-0.02363364157548631,0.03818025135340708,0.017694538170078822,0.02726563849435437,-0.01262810632486977,-0.0064539627970581215,-0.0027541739016159195,0.006858742966310061,0.04796294850511407,0.0016649464698326177,0.0073924785102499335,0.0061769964335463,0.00305732073698195,0.01887157487483404,0.018122700447089857,0.034141175707069094,-0.0006249999999999867
2018-10-31,0.0020803923025485282,0.0006625258799171085,-0.01594123514270207,-0.04203504421559123,-0.07162089885938183,-0.040228042472191694,-0.06682926675091594,-0.05384003625046674,0.004600974968505422,-0.00485408226447448,-0.00115237737414986,0.04540091715326722,-0.033833908916202304,-0.014211770560247694,-0.04424933390069774,-0.014907047380324556,-0.022163174267064267,0.0034671788154907457,-0.027545203714123057,-0.0020424212326106694,-0.0006249999999999867
2018-11-30,0.0032624008304293906,-0.0002482827112469943,-0.00889283373748162,-0.020007344058399212,-0.05713579270101865,-0.005899229655042859,-0.01097930908748146,0.023333894050745707,-0.015757047053050588,0.002154510164740664,0.0006465624119864621,-0.0056985322705093155,-0.10663011698251446,0.010001845503832207,0.016268186383411765,-0.04249993774687233,-0.0063872695408894176,-0.013010041009299478,-0.007280544094157904,-0.013895227188162051,-0.0006250000000000977
2018-12-31,0.008794619762027889,0.001986754966887272,-0.06744079044108942,-0.06902002264162621,-0.06681579306221352,-0.0999503285673855,-0.11595450466815127,-0.05108040173650086,0.0013571903390203754,0.010581715892448607,0.0037768135998954566,0.0364591457087311,-0.05186897039805738,-0.04289936660874405,-0.06633393628492978,-0.015689057505796966,-0.023283636222833692,-0.03298041877119251,0.016677920756395848,0.006487589297084373,-0.0006249999999998757
2019-01-31,0.005641025641025754,0.0012392597488435353,0.06961198609164154,0.071359169981428,0.09157432984968517,0.1029385200779036,0.12848650672493278,0.11293300939745943,0.04735429978148442,0.007706556780743057,0.0021798690029148915,0.039221556953189296,0.0818640955607981,0.09573285928265451,0.09080086980407898,-0.004209473900606331,0.04684147440720077,0.06000835377042768,0.045225691672507784,0.05837630811735295,-0.0006249999999999867
2019-02-28,0.0003642456472643385,0.0006601204719858256,0.04280911325949743,0.04301168184616411,0.024567500772320283,0.04342967886783278,0.05078357959522517,0.015114053491102952,0.011276904793344755,-0.0014622820465728381,-0.0005995543777229662,0.0009106412831765276,0.03559596637125595,0.03415507043090105,0.04259056597510047,0.015707211171294144,0.009541310903748768,0.019276818783872995,0.0013797768578962533,0.011057780470703271,-0.0006249999999998757
2019-03-31,0.01223419749490251,0.0027212006267007816,0.025238817050725837,0.00844861585497858,0.009703932077500532,0.03277030774682643,0.013018220071207232,0.0278780073705589,0.024025906194505398,0.014960180942777068,0.004757458001365178,-0.02181117997411164,-0.009674125670850797,0.015589272827801315,-0.004049882814454953,0.03305700668435074,0.010304881573588665,0.006895415122768034,0.012456771549579582,0.00903452934475868,-0.0006249999999998757
2019-04-30,-0.002805755395683396,-8.223684210495463e-05,0.043942856583689016,0.06589186473386888,0.06157100374522506,0.04877853702653723,0.04428622737275023,0.03424549894948492,0.010915026012445095,-0.002300588666675263,-0.0004980241032555011,0.01807131654327332,0.03712232339424437,0.04019613752064277,0.05188997648689497,0.05851452204277008,0.007257173209136658,0.034981945946227055,-0.0008346471694501423,0.026688839089886285,-0.0006250000000000977
2019-05-31,0.012625351706226029,0.003043013405707784,-0.016243493910606865,-0.03459202186331822,-0.03943392555328673,-0.09890093086299889,-0.10653967706558976,-0.11319944779984059,-0.013773965691220913,0.01122030734999302,0.003424927134628941,0.005195260451547501,-0.07110376740197533,-0.029103379691334363,-0.06563166982392599,-0.03414043448400539,-0.0219402542713103,-0.031266101529366486,0.0023252544096963312,-0.007295788636433431,-0.0006250000000002087
2019-06-30,0.0037760045597035052,0.000901935060675374,0.03749304866196468,0.043354426571652116,0.042141227288811756,0.05574022968962988,0.04817265921039504,0.05309787122579612,0.04466158489793837,0.01065551248933061,0.0035479943771117295,0.0471960412899326,0.00805046278265964,0.019237333739928753,0.015888465899094317,-0.016218567755600266,0.02894109587055871,0.0001860747388398032,0.03265959449408107,0.0037915302406519302,-0.0006249999999999867
2019-07-31,0.013343743345872738,0.0037683296469239735,0.00726953640946526,-0.0003549924589577591,0.004395444848524832,0.020550857152286994,0.021232611358155573,0.003979479990734447,0.021988246816846413,0.005046236743043719,-0.00027775912765204414,0.013811886153273,0.0021354699589974935,-0.007109426228648186,0.030491345283654825,0.04025627701099377,-0.0010371285489391147,0.015324268036674749,0.004733361510995682,0.021174019848922088,-0.0006250000000000977
2019-08-31,0.0202423478321776,0.003754182649146953,-0.00029259518668478535,-0.01218551402780721,-0.016161898766641314,-0.016835857235324103,-0.030679503862877322,-0.04502255411719669,-0.012913891417892565,0.019849683408358354,0.00517769103315513,0.0793194048093897,-0.04612882255651651,0.004823548325547655,-0.01586270203911755,0.05065949023845895,0.004500526717228892,0.007079493737589759,0.013125552757328629,0.01570608849208943,-0.0006249999999998757
2019-09-30,-0.017231909927227673,-0.0069924384096266,0.01427834692544172,0.02523460208001982,0.022024844897127638,0.02949112681447774,0.028826496910701938,0.02751802103560852,0.0014806184616131812,-0.007471727606693568,-0.0029617453429849894,-0.03295245720012241,0.015205439683727562,0.023270522585694398,-0.0019192099037468324,-0.024255781212095373,0.0019944608284594434,0.005425199964725014,-0.013363573844891508,-0.009948659352987166,-0.0006249999999999867
2019-10-31,-0.014250785888927697,-0.004257758126586464,0.008494964085234091,0.018166120757614035,0.01051076814632057,0.015726244036243564,0.017832091875029876,0.03248276956704177,0.03327678138633061,-0.004399487000321001,-0.0009500965242988935,0.023782735582106307,0.017440594267707388,0.013229722775583985,0.015374134548608476,-0.021587630952026537,-0.0023029989599393508,-0.001921715915842337,0.0035671355081374756,0.00393781459107867,-0.0006250000000000977
2019-11-30,0.007086669973779269,0.002055751994079147,0.027483069291281303,0.02925343443956252,0.04505684881999983,0.05516989164169073,0.05966380361574153,0.025202051868739472,0.011915652194309345,-0.0033551731269332308,-0.0019442668019201692,-0.02154274550023172,0.009573897990710734,0.0031777462830764325,0.040059797144877285,0.019277308064057808,0.0037008847768380537,0.016634559460301457,-0.011475780143348824,0.001292580634068674,-0.0006250000000000977
2019-12-31,-0.010203363591584136,-0.002790086985064777,0.012731823879723159,0.013202791008651404,0.018990385143190514,-0.03337045936088745,-0.028952176162384213,0.00894759625824082,0.01121902598456237,-0.004896831546345903,-0.0009279956398934308,0.004158419444671324,0.025405611020245855,0.008004170528396415,-0.0029540013236242224,-0.05416868128098151,0.017133166621977614,-0.012742691847854815,0.027479831561442403,-0.002719439020049119,-0.0006249999999998757
2020-01-31,0.019266315939144185,0.0040322580645162365,0.002608763388510349,-0.0032086932559655112,0.00011851149561525887,-0.005825426590228777,-0.02759751493949225,-0.04613582249086179,0.03640114613180523,0.015824281867767853,0.004431424874954404,0.04583803880521198,-0.08515727333102563,0.013129921425702573,0.032181843983172476,0.021885789540014633,-0.006640948796553081,-0.0038602890497093645,0.010416478904853976,0.013210874093604108,-0.0006249999999999867
2020-02-29,0.007393457487619548,0.001639209900827776,-0.07561500708181734,-0.07836864607447591,-0.0791045901604025,-0.08268069103318831,-0.0901494038693752,-0.050692485299767,-0.006237144184194743,0.010275991893638592,0.0050100319904440305,-0.011188425211067998,-0.07106401876104163,-0.09431793117409937,-0.03957617816480674,-0.007936883667356676,-0.014874770666597259,-0.017690561630687718,-0.014516961130338513,-0.0173344901897845,-0.0006249999999998757
2020-03-31,-0.051235892820051254,-0.029293838474756417,-0.048598264377718414,-0.08305965361779977,-0.11526592720662365,-0.12398889331423013,-0.20001185939066912,-0.14579454011872905,-0.06251808328325659,-0.017783049711694643,-0.004224655263383448,-0.007086225387477829,-0.17742990677821702,-0.2300951902745969,-0.1352383067636127,-0.005387778732674153,-0.1022590059728945,-0.10466420397888843,-0.1516944342396923,-0.1538587318471626,-0.0006249999999999867
2020-04-30,0.01839013354739838,0.008429570934839425,0.05179627440691026,0.05079982288452256,0.061658923051292946,0.09829436604527642,0.12279205518437442,0.08065753515568308,0.027871421110108763,0.014414906113295656,0.0059440104286030415,0.08814115752326712,-0.01708236293234633,0.09409269673215048,0.13114252240787194,0.02130534977345433,0.048106888627146516,0.0640223731117926,0.04319964829153977,0.059044079811359396,-0.0006249999999999867
2020-05-31,0.0012898602651378877,0.002591323246677213,0.028574188319187677,0.04209702069988164,0.06469843926690855,0.034241748858438115,0.05615461399681254,-0.005778034516607078,-0.01143292682926833,0.0019568675583576667,0.001853590077734113,0.012925091686763812,0.06708464702538164,0.04688585863235528,0.05558780999537216,-0.018721390888646217,0.028735867622589284,0.016463253220255547,0.061984859295788786,0.04929232183040644,-0.0006249999999999867
2020-06-30,0.0017891648178629538,0.003335000833750268,0.015513573764601718,0.03133964208705531,0.013016635747088001,-0.03230346620622815,-0.032960850547115395,0.012404902561702125,0.0025466694703395465,0.004098256387049082,0.001329859809853673,0.016105343382640802,0.03352666050470532,-0.019224953716803883,0.054755115972513924,-0.018134361367196927,-0.006563767898998485,-0.01674190873210213,0.029035853015255908,0.018467137321400928,-0.0006249999999999867
2020-07-31,0.008644092013144755,0.003240817683230812,-0.002302985759925158,0.010724385670773495,0.005891223670202672,0.006978318935350725,-0.0015881121522075548,0.04764678853606252,0.017758098345374007,0.00954153822599313,0.0017568625741035682,0.05833698767781437,0.004148155858968661,-0.023534207401983864,0.026356372132249506,-0.02532629076328108,0.049875755436328495,0.0036008672735108327,0.037842139197716174,-0.007894365082085963,-0.0006249999999999867
2020-08-31,-0.00793257312840856,8.282945415394316e-05,0.020266953807368315,0.019178282198641927,0.05590631084009812,0.0752981186744639,0.0654095848071583,0.03057256367430572,-0.012754167429932184,-0.008044788082712917,-0.000688273060321265,-0.008611769151269377,0.04072417638738335,0.009853471740978614,0.08655384578599068,-0.022664542090714557,-0.0009528583769705667,-0.005616032997649345,0.006524861780940805,0.0018213557193103025,-0.0006249999999999867
2020-09-30,0.007996001999000635,0.002236210038098374,0.005197944521026399,0.0035071723105004615,0.0018003170123435108,-0.014383347792519263,-0.0012933358736268996,0.0045405730728254046,0.03509219529166163,0.002811728833705951,-0.0003529942350328774,-0.024915411088005546,-0.01854202284679729,-0.012171654192135395,-0.008744314394318664,0.008010431414924302,-0.010045664419360945,0.00805005943687731,-0.021542171633117446,-0.0036479801023449054,-0.0006250000000000977
2020-10-31,0.0012748778242086534,0.0010742913808776677,-0.05738625423881971,-0.04882566455353121,-0.04727974354689257,-0.033329681496907404,-0.003057735293443664,0.018014762013022434,-0.017679483732185863,-0.0007945033253721201,-8.079069581656828e-05,-0.007154716385431081,-0.03330249530926921,-0.013870612086725354,-0.00011291625641474123,-0.029722857275508385,0.0033049571459216054,0.002055429156949007,-0.00528921289603812,-0.006521803972282081,-0.0006249999999999867
2020-11-30,0.0004951545589586548,0.0011556876341423106,0.08412071269747723,0.11934591546581053,0.10819590717213079,0.09994301504719871,0.12530042355483806,0.06558718050285783,0.03973630785373761,0.004765437842733977,0.0004493778159877504,-0.06789724242923789,0.08588673011776993,0.11154705208639637,0.12016836365757233,0.0029483128495557676,0.032783541917909664,0.018422721362656436,0.041469645751212036,0.026982002182788234,-0.0006249999999999867
2020-12-31,0.0034643665158371473,0.0014017150395777556,0.02495268548788343,0.018842114191606196,0.03102638054339879,-0.004724861574615602,0.025109768140829658,0.026494993445024928,0.06055154560014042,0.0015747071552663083,0.0005344740285548877,0.04333277421149262,0.028104743906409047,0.004316362005001517,0.04436783914003373,0.0023675928940991575,0.01884991875819142,-0.005960290421295311,0.02082585890040667,-0.004033845486134724,-0.0006250000000000977
2021-01-31,-0.003170577045022327,0.0007410456978182989,-0.010125391285035534,-0.0025681973560239824,0.002544113248928337,0.008286352321457358,0.039292547355091356,0.04886403480560264,-0.03454624438882126,-0.006359395537105517,-0.0007337156393892874,-0.022229898738742815,0.0440197357214156,-0.014622145568472189,0.03230801321242138,0.006416873388530142,-0.0045094332868981235,0.006522306699560332,-0.01850142193393589,-0.007614382442855838,-0.0006249999999998757
2021-02-28,-0.013782866836301921,-0.001974658548626107,-0.004437983071236107,0.013118494635012468,0.02122404171621972,0.0705288059238327,0.09572827217060054,0.05188624200366365,0.01555569839943427,-0.016643366562398176,-0.003804690151915424,-0.044246349371516835,0.1229093787937583,0.028155204571470582,0.048897231288397736,0.04112919202226806,-0.0031757860950384353,0.017050957540003964,-0.031199144813774837,-0.011520128853433453,-0.0006249999999998757
2021-03-31,0.0049451730810579075,0.001813685078318139,0.06704770228971602,0.0616247346214982,0.06360881639266358,0.07329452986265461,0.060676419436308304,0.02314284734330818,0.024263139017237645,-0.0051244505517020755,-0.001577068638473067,0.025126533794806116,0.029544569574343704,0.08715514649386669,-0.004898837381194121,0.044336840764162,0.011426563041366355,0.049587742715101246,-0.008014147257601967,0.029428067044087403,-0.0006250000000000977
2021-04-30,-0.0015689630580516534,-0.00041145490454241873,0.011708874984748485,0.013078374457372144,0.008167921180750826,0.006351997389203667,-0.0012356576413102838,-0.014306299909208842,0.009578346756750955,0.0017354379729206393,0.0004872818524011002,-0.00031734948398920437,0.04083494860539938,-0.0010889276926780989,-0.01066789203129348,-0.01745835039227961,0.005647105982878875,-0.028559309028012736,0.023300665980016122,-0.011518578848052963,-0.0006249999999999867
2021-05-31,-0.0024999999999999467,-8.232485387349442e-05,0.03454941812285828,0.04112280082565678,0.04421726701802675,0.02407004626370668,0.01791590290636247,0.032957584132258244,-0.004305068146576274,0.0014150017598431042,5.472410386841986e-06,0.0662528895450678,0.02836904798035622,-0.002561240305037127,-0.021564848900811673,0.008137854330628747,-0.00033931710582590924,-0.009393911843278868,0.008910242753489728,-0.00023481220484244947,-0.0006250000000000977
2021-06-30,0.0036519871106337476,0.00024699489543866804,0.04622404132799862,0.04042115028882409,0.02917722520692445,0.02921655911546539,0.016219370044441517,0.016348855012100927,0.05727341652834994,0.004217108551538562,-0.0013872484415116126,-0.05003037200440408,0.05885056866630034,0.002448504892454295,0.05452749568822313,0.008122447365355834,0.012517866240238096,0.03665015730406851,0.00786281390509358,0.03188758650073553,-0.0006249999999999867
2021-07-31,0.010987442922374413,0.00197547123220021,0.015065436028422363,0.0152046426058563,0.023040329871819587,0.012093385159162695,-0.012536536193277992,-0.07185844915937989,0.009361190789983542,0.011398836619764374,0.0027080247037614136,0.007706205091566609,-0.0043927912733160435,-0.006328063488642566,-0.027684022938520347,-0.02289253823364057,0.0003192679215757721,-0.01612668184376964,0.004846034028257229,-0.011677582043988166,-0.0006250000000000977
2021-08-31,-0.0023994354269581963,-0.0004107450915961097,0.02371510040274094,0.02665173826565881,0.024872022319902154,0.05707360950330398,0.05645124746861274,0.058650214685204594,-0.00923596843257346,-0.0028061377120437436,-0.0011622621848524917,0.012570844328734676,-0.0032827920152133094,0.027261260672121645,0.03360886606649349,0.011724159053635663,0.005358145773834755,0.019515164314692912,0.0082582468941228,0.022453971944626172,-0.0006249999999998757
2021-09-30,-0.012874929258630652,-0.0032051282051280827,-0.05662822852198124,-0.06016149324164011,-0.05001160474247146,-0.040375653199475,-0.030014062371864325,-0.03827756027565621,-0.0027520446528936926,-0.010412359264502236,-0.00295372078538525,-0.014223811501995143,0.07171952001520965,0.00525188757251871,-0.0035250384709110127,0.004456777106156551,-0.004430015377848706,0.014841664100499141,-0.02710919990127303,-0.008259611588053661,-0.0006250000000002087
2021-10-31,-0.007811380249390876,-0.005688844917140834,0.03779758996743676,0.03876919528850187,0.021216239372793266,0.03904948337957803,0.018760608785215016,-0.006578379769889731,-0.036633240049751215,-0.003295916973917956,-0.005355130681651721,-0.006076647498074905,0.03621611540113023,0.019333331292779254,0.01067763508451458,-0.01154493545652957,-0.0038368805253606864,-0.023613245985757203,0.0008661357400197023,-0.019006968207035957,-0.0006249999999999867
2021-11-30,0.014156735283495925,0.00538971807628541,-0.005141142849091174,-0.001516691122066094,-0.03303971344648393,-0.007685130527031014,-0.034708929485642526,-0.026711404417051443,0.0076052530713524025,0.006444290508769601,0.0008220772807816523,0.0016049600341501158,-0.07977322638151063,-0.042528773855069146,-0.03714133652118612,-0.008226812557603602,-0.012419308355854253,-0.003225548561864522,-0.019554683192140043,-0.010422035856244793,-0.0006250000000000977
2021-12-31,-0.007620539847589147,-0.002556701030927977,0.05868348592254291,0.054669161828721835,0.05298569649070095,0.02444051722870788,0.018957112133017873,0.001937998793692497,0.038700248258188186,-0.005474073973236626,-0.0022473706406663796,0.0227267761979546,0.05613563897399021,0.049643130904063915,-0.012012252553957548,-0.0002032216818208532,0.022112044212319715,0.012677861986835959,0.020899720904402175,0.011477584795771767,-0.0006249999999999867
2022-01-31,-0.01406631261662128,-0.005622622788159171,-0.05665838832632397,-0.056383361412875366,-0.07503459168755233,-0.013191144691256484,-0.03685995335019332,0.0222819909355203,-0.0018696632678626424,-0.016905731534114343,-0.006968175870238902,0.001968433654739421,0.09950378448886088,0.01158159908451628,-0.05634684727365458,0.05159413378102773,-0.027277438672327348,-0.007978422858697543,-0.03447244908292535,-0.01531068738687913,-0.0006249999999999867
2022-02-28,-0.020381423788033093,-0.011059371362049042,-0.021997962972513108,-0.026290861737774285,-0.04006858618609288,-0.039670672411317276,-0.012775853881707766,-0.0442768435783123,-0.034450795612544605,-0.013815860922449685,-0.006411528510622544,0.05605096437879098,0.05949125487164908,0.01451196752906947,-0.016222557758353462,-0.0017389539650712882,-0.009320366589740559,-0.013417646316862486,-0.05603056973224563,-0.059900451546929245,-0.0006249999999998757
2022-03-31,-0.02734433050973406,-0.01034221811149405,0.024191331801958427,0.021698191129098987,0.011853044302820415,0.08716418079611676,0.06801746635322048,0.034430463397235656,-0.005619999999999958,-0.023107879313596813,-0.015675865364513708,0.008761442413166565,0.08747338805926264,0.05192918932345569,0.0116382706012359,0.07414869432605897,-0.013600463620706216,-0.016735239983821426,-0.011695501573805278,-0.014837734578389994,-0.0006250000000000977
2022-04-30,-0.01993888464476712,-0.005012744265081026,0.004151604684343724,-0.012423170010263052,-0.03513350550476391,-0.047516660082531526,-0.04237609975990164,-0.018924461606011023,-0.011263299744564526,-0.029433698303869993,-0.009134697438036632,0.0341373193972363,0.11556693613011282,0.01426628323434942,-0.02530943855125045,0.11483684202031608,-0.042740343089037625,0.011855854142515998,-0.06765769567414703,-0.014456861253402287,-0.0006249999999999867
2022-05-31,-0.00592407826019159,-0.0020493553069761417,-0.0438439077412921,-0.030463951889453833,-0.03799581756134818,-0.01516901533934445,-0.018120642073790716,-0.01172205518975411,-0.0442441872291951,-0.0027994436850207194,0.0013492487268260689,-0.04891889823269924,0.02850088833335196,0.028832501155350077,-0.04667464696553325,-0.009182866532020939,0.015361750028914267,-0.0008285349596180991,0.007171966681908559,-0.008880295132577043,-0.0006249999999999867
2022-06-30,-0.018819101387908987,-0.008898776418242438,-0.07270202118375402,-0.09059292026287002,-0.07809299076666609,-0.09126875483173436,-0.10427559218959148,-0.0704892984643023,-0.060063000170270664,-0.016876069537481886,-0.008185880455183092,-0.019820024350784782,-0.07890955069220651,-0.07661077838809749,-0.06286978479196004,-0.03642126992014538,-0.07185271151294237,-0.07442713826021152,-0.06289530317142344,-0.06550758894002195,-0.0006250000000000977
2022-07-31,0.03356509230400406,0.009065009065009066,0.0442413588215993,0.053330830890239156,0.07211182352054757,0.10478732853843886,0.11665252163125683,0.022001808803628675,0.03272043838594252,0.023416857488467002,0.008704365672001169,-0.028298971828219388,-0.022327162479792162,0.0325113645916546,0.05167261707792936,-0.047076778975729816,0.0654258649309889,0.0643404368847118,0.034466558244382606,0.03345796141685442,-0.00020833333333325488
2022-08-31,-0.0283770200262895,-0.015657084188911763,-0.03064364176794343,-0.04213741276778771,-0.0542652846294549,-0.015512128307475392,-0.006114038372391439,0.031892066754964254,-0.009713421185344462,-0.029359558419323584,-0.014657504413012057,-0.006889704160574106,0.007943411212951501,0.0008131953977923434,0.0247181584668672,0.08169744356097763,-0.04527611087950778,-0.02086220806273975,-0.02926543057112363,-0.004479643968719582,-0.00020833333333347692
2022-09-30,-0.020213273913735397,-0.008952629291612224,-0.05979276905389297,-0.07233373443978242,-0.0916887151062511,-0.06262165659106267,-0.07252910525623979,-0.08721474575190069,-0.04384022672925347,-0.0348799232800705,-0.015425196232110805,-0.027874715527318572,-0.06940908082124497,-0.1152887963906285,-0.06644953137525278,0.03648846025812058,-0.03959121059986115,-0.03640545310035748,-0.06793786655033474,-0.06478150586255782,-0.0002083333333333659
2022-10-31,0.006741390513320233,0.006139273811611945,0.04835801488336222,0.06085507054575179,0.040656045979448274,0.09254156453116247,0.10124142559508797,-0.01182883823359182,-0.011068914412745268,-0.006283238107791522,-0.0015428588869952353,0.0037948133779821536,0.07375374589207362,0.07676232274097505,0.05247935761093658,0.024332192495344795,0.031470232271090026,0.056431667853906964,-0.0038196976382877112,0.02036421694760082,0.0004166666666667318
2022-11-30,0.014764017749092417,0.005753138075313746,0.02872112600955723,0.042146751015745165,0.046884792116481444,-0.024251367016405623,-0.03154933088457246,0.047540638339468755,0.015618414274340964,0.02122068015098577,0.0062726806563584425,0.03907900692755906,-0.02814474016611579,0.0412006982089983,-0.018539775064632003,-0.09127872316472008,0.03212567395752841,-0.009388311187153442,0.09857947507172571,0.05425770416609477,0.0004166666666667318
2022-12-31,-0.02623628557799318,-0.008060322412896448,-0.032723641362524925,-0.035314184917532576,-0.014955145141058446,-0.09915299987498305,-0.09145414996564849,-0.07194879314221392,0.014755723606851845,-0.01578149695666642,-0.0054633241902275476,-0.0029540856252934233,-0.057607388549426264,-0.0630015544736311,-0.057255452237283566,-0.02740967221155155,-0.020382086374619357,-0.04836096565649883,-0.016398261894632227,-0.04450200238688806,0.0004166666666667318
2023-01-31,0.02294252122795548,0.009349060725207359,0.055001652728895456,0.07581080195448786,0.07589595363309742,0.06868327522795781,0.09041079332658386,0.07702025145377056,-0.0036125690137003286,0.019370000704271417,0.007372401873744883,0.058599372935624894,0.009885450526933681,0.05379457326505843,0.06115834753399141,-0.0020094512181695334,0.033857356721618936,0.03765673749418408,0.03643599431109723,0.04023782987468372,0.0008333333333332416
2023-02-28,-0.014127224838375141,-0.006925207756232621,-0.0128927627447325,0.00046465867340428346,0.01468204862081346,0.010275894535538566,0.013967922925793408,-0.03185347045585896,0.018242349614630227,-0.01937102972315896,-0.010484688188366564,-0.04312124350828861,-0.03397660865744978,-0.025303264222987898,-0.005108798555121363,0.04515853625786059,-0.021664100800923958,-0.007908470712744364,-0.029731094757821874,-0.016065438993978165,0.0008333333333332416
2023-03-31,0.005505181347150501,-0.0010460251046024993,0.01703082047166138,0.0046978807907371856,0.007567233701039955,-0.0369915353608925,-0.0897058937926859,-0.03744999624323386,-0.018542571774085137,0.018190369557932184,0.009876150248757654,0.05353182910402565,-0.024571075945068688,0.0010135992939501737,-0.02121046767433432,-0.06298624198069003,0.01682278583393715,-0.004377074165854755,0.013700789280924885,-0.0074249251148972295,0.0008333333333332416
2023-04-30,0.008373590982286627,0.00689354275741727,0.03615158506036953,0.02820699717712638,0.011744884552236323,0.00869938428878747,-0.009761691401885875,-0.01974326292096118,0.0167024140920915,0.0018944458886034354,0.0014780446741444742,-0.012566427136274871,-0.02843159838658027,0.005056581293255702,-0.034605758340220394,0.004856915950914642,-0.0007913620755181094,-0.019030103816148336,-0.00011227757122755921,-0.01836528604887666,0.0012499999999999734
2023-05-31,0.013254551261577818,0.0048531068550135,-0.018872843989708787,-0.011654105005748372,-0.015836322623345667,0.009452060612835433,-0.00885269303272962,0.0023969607046148145,0.003523497463979508,-0.007940507789313433,-0.0038431088913432054,-0.0006114778281525179,-0.05194124235419706,-0.042248484003924114,0.026462090251307746,0.024298128133085406,-0.01512699789976224,0.0005082652573220603,-0.014700739393727291,0.0009400577231599705,0.0012499999999999734
2023-06-30,-0.0003152088258471242,-0.0036222509702459327,0.004953845924978273,0.010255580288430544,0.004160523261285798,0.006008971003359953,0.008412237239371123,-0.014416938080251018,-0.019680196801967975,-0.004117433079952826,-0.006460962443018747,-0.029402977155081556,0.02190928287709637,0.02124047257318784,0.04070262698557392,0.0012293419506408387,0.014780789842437247,0.01031813538885551,0.022006678551344416,0.017490895031477827,0.0012500000000001954
2023-07-31,0.0018918492826738298,0.0038085345797631565,0.0043938238850418365,0.011396915660851548,0.014446826540454483,0.016063542829793942,0.031176060274054285,0.04482509611225649,0.002144405155697582,-0.002507124301346142,0.002347392340410037,-0.010468605969046751,0.051771357654813555,-0.014888855521432265,-0.004402461261795776,-0.0164857070819473,0.008344063983489525,-0.021816178931654884,0.014427613867836975,-0.015931007155598143,0.0014583333333333393
2023-08-31,0.006215578284815226,0.0037078554798650742,-0.017575451846879475,-0.020167022060638917,-0.02625526173460646,0.03518344631898085,0.02006394717947857,-0.004550794989172879,-0.02617860638757996,-0.004899949112756263,0.0003586242228987846,-0.0033687156065799195,0.005849192180664264,-0.04051295753488249,-0.01914490696109028,-0.00134470257503283,-0.0011840130883544742,0.011385025675916705,-0.02147906519795273,-0.009103452471593276,0.0014583333333333393
2023-09-30,-0.007506450856204494,0.0005154639175257714,-0.020191998210671414,-0.01988247359754436,-0.045701623997849494,-0.021004661100388677,-0.030378365519026285,-0.0031842372314339062,0.029126440543257193,-0.021060405435328167,-0.005237582163462262,-0.007378210523755313,0.05792074604811015,-0.0070751593135410795,0.014992757520348787,0.06987338222384376,-0.01915641346883379,0.025421326309067238,-0.03630291454944967,0.0075505836288243255,0.0014583333333333393
2023-10-31,0.005672417868116231,0.005924781040700822,-0.052362754643629494,-0.05072173807439251,-0.052563117373770174,-0.032263525243601654,-0.06449091799812556,-0.04182022995900858,-0.043293583191368556,-0.010222050256037285,-0.0002623668859325079,0.05830807603062671,-0.03212746833223057,-0.0407688103548377,-0.05599456266633451,-0.025723351609147405,-0.013452901104907933,-0.024639831339352547,-0.014911499691123709,-0.02607748803448795,0.0014583333333333393
2023-11-30,0.017391304347825987,0.00512163892445594,0.04554270895835333,0.054623748403366035,0.05819891826660295,0.0207003271531796,0.020033304510140182,0.007943613406192318,0.04259360383674826,0.029686340786567733,0.010254800345820936,-0.007353176664052552,-0.05556022671530114,0.058450161220000574,0.02315758972615045,-0.04947932980924219,0.045856120877947104,0.01545931808198553,0.05935878298012831,0.028531780009498187,0.0014583333333333393
2023-12-31,0.01255101255101243,0.005435244161358765,0.02352288332332364,0.03500544575606379,0.024886630099063112,-0.02929279868084933,0.014341220837311486,-0.0381560681369536,0.05264955707876928,0.027511553237100195,0.01142898034164408,-0.025056930957516155,-0.06908058941439432,0.002229197256288229,0.020620427519237206,-0.038287439247880584,0.028904260803777504,-0.0066674790868384015,0.04246275984110337,0.006383950813514616,0.0014583333333333393
2024-01-31,-0.005627376425855535,0.0015203986823211224,0.013950092064979991,0.018889187081535974,0.0009413785248779671,0.06486629209353167,0.023066897925378083,0.003702956505788668,0.024618712817739308,-0.005091705786423151,5.815164981082255e-05,0.01063243888696741,0.038709164228270865,-0.011387847221856151,0.010867985044722639,0.05427228337391243,-0.001857515363544171,0.02641210231883484,-0.015147584783838264,0.012786864708942192,0.0014583333333333393
2024-02-29,0.0029825634750688668,0.0007590452897021649,0.005632001082947147,0.03125552947084498,0.007415194502847555,0.09482989692147492,0.08530389931090965,0.1004440960027988,0.0033148238076134984,-0.010466937640043361,-0.006845020327665319,0.024203502149054756,0.0040268650176567,0.0256182411433743,0.02859095417314239,0.06907590872887104,1.4432129672226068e-05,0.02264534054768985,0.004820444980607963,0.02754531447468156,0.0014583333333333393
2024-03-31,0.007396111322912624,0.00387662228215091,0.039383592760930064,0.03953876504949694,0.0374427763228915,0.09413714412301055,0.10149528461681379,0.08671931905259989,0.030387205387205185,0.0059960571115322825,0.0028337734269334725,0.11532354911654785,0.07209593476300458,0.07088211268462286,0.047670806285604383,0.03504188843690015,0.007877355935286712,0.037541130977213566,0.016953187934521052,0.04685616299231388,0.0014583333333331172
2024-04-30,-0.0017408416590979359,0.00016789791806570697,-0.02435882990585947,-0.032794368516727235,-0.015386542315400042,-0.026293919002488342,-0.04102817821743365,0.015472924426333856,-0.024732456498651745,-0.01980440556163099,-0.007437096545053645,0.04000241871389276,0.026080200843051182,0.0032403448270534874,-0.027288949728496825,-0.00981122904520182,-0.01674168966563483,-0.0038310808978420097,-0.027348966093832416,-0.01454245771756435,0.0012499999999999734
2024-05-31,-0.00932595344605347,-0.004448547926808821,0.06143220574658392,0.06885758998435065,0.03317970546504223,0.030255424814196186,0.03100797022302193,-0.008077380552203639,-0.006135740162921843,0.005176091671458938,0.0031508475623087673,0.007921079944266385,-0.011111171123158181,0.05706526189492189,0.012979608964981182,-0.005455711186103884,0.013110182880497812,0.008069997469113854,0.022822517421202004,0.017703308488931313,0.0012499999999999734
2024-06-30,0.023955303842032816,0.011128909872692105,-0.004564080021160155,-0.005525101946564859,-0.01778269426381196,-0.006588082170339904,-0.04512521064097175,0.012597278071164286,0.02197640117994082,0.005467828857781187,0.0036286094304753824,-0.0016941366072938946,-0.0020660122271461967,-0.03379431839500624,0.006946496215135989,-0.017861681976844013,0.001564455105304896,0.004444348042568436,-0.005563055033283026,-0.0026806845205317176,0.0012500000000001954
2024-07-31,0.012183272292398462,0.005920120070040946,0.02745475926046903,0.02934564823323571,0.03334355431875213,-0.03747708472342404,0.010486559910654725,-0.05050014179044815,0.020885306063542775,0.014919592404708748,0.008263143032415377,0.0292075367680682,-0.05054964754554081,0.02060650919038487,-0.0019546878845049243,-0.03706384656010586,0.02008469400948254,-0.00024220747472791793,0.023248215392120963,0.0028478624549952425,0.0010416666666666075
2024-08-31,0.0028799291094374624,0.002901193633952248,0.009036862770033016,0.0072871827659724,0.005660366794754124,-0.016733698223261317,-0.03730650459269369,-0.026288085264602357,-0.0008684061717425529,0.00724509773454729,0.00463467303294407,-0.016636232998834655,-0.05683812403114019,0.006687404821495768,-0.02568014022033216,-0.06940238632620321,0.012036464838868888,-0.021884312596454514,0.0192253063250154,-0.014959941440397362,0.0010416666666663854
2024-09-30,0.0069214343568220205,0.004876436069096712,-0.015891760557193213,-0.009150657038894505,0.005845630808515745,0.04393880416023954,0.044515090226047827,0.0938739456910187,0.026196106967436794,0.008141393934494978,0.005426554066070288,0.03965577203564452,-0.003529584430259858,0.02901203852011891,0.02174125395802151,-0.02303734906778665,0.013533038817929555,0.006100338588495013,0.016708344822598642,0.009241704365062553,0.0010416666666666075
2024-10-31,0.000292504570383878,0.0019740088830397795,-0.032651412676003466,-0.033013727927202474,-0.03957093359212127,0.006253666166751826,-0.0010497653332609547,-0.017511112025054176,0.0233016210679744,-0.017739002485615107,-0.008739841285017591,0.07500921773260583,0.045506140933955885,0.01744067956870099,0.034211738552384796,0.000130822481089643,-0.012864828430591668,0.02076456406954108,-0.027640615280556946,0.005535219634993815,0.0008333333333334636
2024-11-30,0.014840266101323163,0.006813331144311485,-0.002486705640118436,0.006874852343289994,-0.002189924044213476,0.08486434636376305,0.10423790399610566,0.0002448675742123818,0.016284262396057958,0.008883244777136978,0.0032862024829298786,-0.01504653205523987,-0.003536247907337531,0.05399491695977576,0.08548517113692111,0.027923515730081006,0.013216271060297435,0.03343745519826302,0.015025480606474906,0.03527690947679618,0.0008333333333332416
2024-12-31,-0.0020890361619362308,0.0026905829596413078,-0.012770793135483238,-0.012078991711043985,-0.008328424068105966,0.031107464238234517,-0.004287639752965089,0.057746776248218,0.02948975339975002,-0.012092707255686008,-0.002692839412170578,0.011050102623576086,0.04316435792583739,-0.02204239217715387,-0.019070209441073294,0.06381284595735948,-0.010823695898988683,0.017495996682756365,-0.025302623502949984,0.0026478880585110165,0.0008333333333334636
2025-01-31,-0.006424601169421895,-0.002439421044072132,0.08201221147687532,0.08639000538314257,0.06680062123859454,0.04452288405673954,0.04380855013833229,0.02731839347340803,-0.013890166498022216,0.0005926866963092969,0.0008945742337558293,0.07510205353955701,0.03456866511549017,0.024505885344600076,0.03754891896501711,0.004763836055745596,0.010375796549839666,0.020482815176180225,0.013729706785086337,0.023859483486734057,0.0004166666666667318
2025-02-28,-0.001089799476896136,0.000733615911313823,0.024412752930635273,0.015537220824804132,-0.007381134794880562,-0.022096465736807125,-0.047618389874822364,-0.009980426038364132,0.034104477611940354,0.008841921366820715,0.003420999660018742,0.007636234666915209,-0.009039373992275612,-0.005181326525748209,-0.023165629782065378,-0.05220515248683122,0.006473288778142461,-0.0007890873323060932,0.018089403549887084,0.010706327559613316,0.0004166666666667318
2025-03-31,-0.00632773292603106,0.0006516249898183002,-0.02038664835757542,-0.030272978267081196,-0.026343241305850085,-0.14044751978257253,-0.13411138206290774,-0.09470334253033474,-0.0005592841163311046,-0.007378940229593067,-0.0001334171589826294,0.07127331842467743,0.0010549657864722395,0.000776206024800441,-0.050486948467024395,-0.026845583921255578,-0.01408739675863846,-0.03181887527597471,-0.014730454220697298,-0.032448305875125705,0.00041666666666695384
2025-04-30,0.015151515151515138,0.005616605616605819,-0.019116897773375552,-0.02238546274410136,0.004511527366668933,-0.06125048006499656,-0.06309735805429617,-0.057039319690034174,-0.023791902088560746,0.005485183888746414,0.005099327449395785,-0.014490694082186395,-0.1453837016326287,-0.035788123168217556,-0.052897039951270375,-0.05877887628527312,-0.0022656584879400254,-0.06410298018633986,-0.005987465074839937,-0.06758213086614928,0.0002083333333333659
2025-05-31,0.003749369096546218,0.004209163024121665,0.022521792689550013,0.02142212431363033,0.06209792307115536,0.03064373845009727,0.029452133356937527,0.014712069885261636,0.03491188816361235,-0.006801235144017537,-0.0027688158178749145,-0.0020876737257198297,0.013518469628681196,0.044684974273128786,0.0291641590715086,-0.0004812165589002104,0.01409488835255468,0.01597663058108134,0.00819742279778124,0.010088181965693943,0.0002083333333333659
2025-06-30,-0.010487752316644006,-0.0029018216991778534,-0.01873083489957761,-0.01686301057365558,0.004539293479795425,0.028570928237328763,0.032829532969068875,0.046539577908573104,0.002108385298479787,0.005826885396672976,0.002471940458894206,-0.025149615908100387,0.014161856392743033,-0.009404101833384138,0.008114553431233906,-0.017379203013417888,0.014947743210983244,-0.01123256677679274,0.02344873931929481,-0.0029788060728835886,0.0002083333333333659
2025-07-31,0.003629764065335772,0.0013742926434925362,-0.0005612449477370163,0.005372144853964977,0.02361643065462582,0.03860678412821472,0.037665091719710775,0.046134919500209426,0.002656681822233997,-0.005180645505944992,-0.002931116843412962,0.012491465583583938,0.04863526841595167,0.016675937530629792,0.0477097100042978,0.016630760779720033,-0.002288142511543856,0.020124119451662814,0.0031841378030734724,0.025698955685017566,0.0
2025-08-31,0.003182640144665516,0.000807297973681953,0.02314136005262224,0.01898139013163269,-0.0001561904631129929,-0.008846981035935397,0.01576537376896292,-0.019812017086112688,0.026051854749795655,0.001931941220032929,0.0033268431784383434,0.05043105808465054,-0.010166167861013542,0.022037644455936478,0.01802794122738871,0.019221751732979575,0.007407676373427874,0.011589367918694471,0.01431886746894473,0.01850422194447865,0.0
2025-09-30,0.004686711370682772,0.000564652738565874,-0.00941517559045224,-0.012469064425269294,-0.024865629468646455,0.03397882679478803,0.021769485218873008,0.07364877829049288,-0.008353697637740853,0.003641424112795999,-0.0005653688649837063,0.09500148670562325,-0.006089850067190761,-0.007705580162105541,0.02946951048346147,0.01373418152768835,0.005213726627385062,-0.011526147327259872,0.012060852457794535,-0.004817379211325523,0.0
2025-10-31,0.005310750681785548,0.0019348597226698239,0.013936670603309498,0.01628152806152805,0.0266844586529964,0.03401885364730339,0.015459241647914457,0.05634407940969721,0.032385479839907916,0.003948001626889575,0.0010157551943981158,0.04128941371741712,0.021127166164446987,0.003532582811508922,0.035988346119727455,0.020359268415214293,-0.0035488409535623378,0.005394821085090262,0.01632037029400002,0.025373447611763522,0.0
2025-11-30,-0.0023557966876072145,0.00024139040875459372,0.03950291013329377,0.03358773685868233,0.006495154354222654,0.00479972573804921,0.019021330228513156,-0.02175055077115451,0.003182664635178467,-0.0011893915918734788,0.0003197861728276852,0.05494132501542004,0.009075357375558202,0.03500986847901055,-0.02532847843031827,0.007513960405479914,0.0042344826117233225,0.008671396651612095,0.0017370694540348453,0.006170989595153387,0.0
2025-12-31,-0.009660107334525936,-0.0031373179953341213,0.03209731216662681,0.031081930179878814,0.026005465151143214,-0.015414857584120534,-0.014031055424569616,0.006361481869542773,0.014715312700394723,-0.006294624335085874,-0.001892338082468914,0.007919062595241,-0.011272589332803284,-0.024511770720830328,-0.025166422021000834,-6.782146556361113e-05,0.0016965814718694627,-0.00866144506077704,-6.542812450083257e-05,-0.010399631240492702,0.0
2026-01-31,0.00802023121387263,0.004196255648805547,5.049537610535282e-05,-0.010959678313173904,0.021771436446566872,-0.027689288671027823,0.004871429155733242,0.03534957767087321,0.00763346083485783,-0.0005901396206779985,0.0003929528542623295,0.09541623111269404,0.06599370060085441,0.024167340854580166,0.021609646098618374,0.022903754980543534,0.003056442711880214,-0.01840052649549384,9.511070524226284e-05,-0.021289809463909903,0.0
2026-02-28,0.005949394308651712,0.002330440372870557,0.056820345974651465,0.04490001439562019,0.03641717408579237,0.006305644889002426,0.03804434848548999,0.054004691405353356,0.0029873409364737924,0.011027224805737701,0.0034625522536695374,0.08831555074372921,0.02847877969024659,0.07811096981068277,0.012460935012243324,0.02991490537444963,-0.003033293929132541,0.0010128859837343906,0.013253291115252752,0.017316170630474526,0.0
2026-03-31,-0.011543394613082514,-0.007135412490980597,-0.07374647506971965,-0.0732079294386071,-0.06495510200241761,-0.0001642658026997923,-0.01411944090414563,-0.07134979576181566,-0.0525588283692614,-0.021971170124389205,-0.011381375117742398,-0.07985465777919853,0.193138884844412,-0.0008763653359997736,0.0046725290961247,0.02527708908799875,-0.012557007185732494,0.024600980477039958,-0.03792386088966515,-0.001640162804041445,0.0
2026-04-30,-0.002450980392156854,-0.0003229974160207094,0.04011233674559844,0.04596581431644142,0.03515373470701855,0.05951507757457497,0.054619420094887516,0.10905159891440341,0.03812352369042671,-0.000617977598942665,1.9267618551088717e-05,-0.02688046418061829,0.06174885734942337,0.010917967430480457,0.09237461874547126,0.007462500736964417,0.012185820768336297,0.003377696410775455,0.02185219153002027,0.012931436812618546,0.0
2026-05-31,-0.0002890591125884745,0.0018578352180937951,0.032705894909679234,0.03369879667802733,0.028372826882828495,0.08200684257517787,0.07406774907705471,0.13512182733439326,0.00915159525522391,0.003197803182407144,0.0013072827304771995,-0.027472467045993265,-0.06367754170342832,-0.040042801029983144,0.058103963684473126,-0.021823221343384325,0.0013437656849850654,-0.007912999740086524,0.007881732765328886,-0.001454954370032957,0.0
2026-06-30,0.00780685268179826,0.0026606466177536703,0.04476709771779852,0.0527186532949675,0.033449847282190026,0.027243175618911764,0.05168299283181077,0.020503485960251755,0.005305215690175391,0.0004868212334567801,-0.0006667385038116036,-0.08664805146419263,-0.06473261610924741,0.04875137848965361,0.03299898079043895,0.019698584899157767,-0.002157336324678405,0.0350896576100137,0.0013218501067455701,0.03868782049918629,0.0
