,swiss_equity,world_equity,swiss_bonds,world_bonds,real_estate,gold,convertibles,clo,infrastructure,managed_futures,private_credit,cash,ils
2019-07-01,100.0,100.0,100.0,100.0,100.0,100.0,100.0,100.0,100.0,100.0,100.0,100.0,100.0
2019-07-02,100.71338859457941,100.17154398703629,99.90153644177316,99.98078171232835,100.11725714219668,100.72974942071731,100.00413709661149,100.00028172698956,100.57368601423664,100.8997685746729,100.54202275352775,99.99791666666667,100.25884349237461
2019-07-03,100.82434595325982,100.63465247346493,100.65649777653496,100.34595667206344,100.52765301198454,101.97392026774565,100.39202749849227,100.00058299654313,101.8636195912856,101.81095081259521,101.02228931288842,99.99583337673612,100.06126736399705
2019-07-04,101.01460836201876,101.08061097181698,100.95191066772229,100.28829264439057,100.6302313399289,101.72268967081321,100.39202749849227,100.00058299654313,101.8636195912856,101.81095081259521,101.02228931288842,99.99375013020743,99.88201919522305
2019-07-05,99.98419044365848,100.72039506280292,100.59085540438375,100.28829264439057,99.39909326537158,101.01686801671745,100.41614819272382,100.00087806259086,101.32993663655068,100.79306906096271,101.0096615267243,99.99166692707972,99.85340550954592
2019-07-08,100.01589254613859,100.72039506280292,100.68931896261057,100.1153188906878,99.29649842582513,101.14845978054214,100.23351384043464,99.99581261769117,100.88323714849783,100.567030540757,100.81227766885779,99.98958376735206,100.1583802455535
2019-07-09,99.79393633387924,100.51458785483862,100.37751028938999,99.75014393095275,98.47575622105568,101.37576261085303,100.77123124185957,99.99610146900213,100.91400635459775,100.44193033744722,100.67648327964464,99.98750065102358,99.96046589869252
2019-07-10,99.6036905230797,100.51458785483862,99.91796184581551,99.75014393095275,98.38780717255739,101.67484143929934,101.20880855077958,99.99103626605603,101.40043372718873,100.27418940231139,101.09494064687401,99.98541757809333,100.26079195419624
2019-07-11,99.11226643973936,100.85763172264095,99.60611614508356,100.0,98.18260923766347,101.71072943836705,101.26282930175046,99.98597131968272,101.88674836786828,99.42377974963729,100.89761537670215,99.98333454856045,100.47190136746747
2019-07-12,98.20866523027925,100.994868382479,99.26145666377828,99.63482504026493,97.81620853162735,101.24416354529913,101.41690112533009,99.98626680627348,101.74384117350968,99.66733261647985,101.06966844906806,99.98125156242402,100.54385864047791
2019-07-15,98.58909875902036,100.994868382479,99.75382629342836,99.55794272492041,98.47575622105568,101.35183484423148,101.48753120814393,99.99190751796439,101.53592610325116,100.17840098744928,101.1801782215993,99.97916861968314,100.3042617041153
2019-07-16,99.01971621804873,100.994868382479,99.83659759233791,99.55794272492041,98.66628359749832,101.7346572049886,101.10823232483447,99.99219471899492,100.76422488038921,100.12713533935833,100.98285678380023,99.97708572033689,100.35424658622145
2019-07-17,99.57787239721173,101.42367689275443,100.21739592473729,99.80779879396768,99.14993318993007,102.50029462477363,101.2205429852024,99.99783459416197,101.0334918620061,100.50234114057758,100.41641533796873,99.97500286438438,100.46001114788675
2019-07-18,100.1360534733139,101.42367689275443,100.21739592473729,99.90389939698385,98.2705665419628,102.65581415521987,101.4161943941166,99.99276930342613,101.28106483338846,100.48977834793502,100.52691185922376,99.9729200518247,100.55264331473697
2019-07-19,99.65760899423503,100.10292198159473,100.56509906747692,100.07687315068658,98.54902645530164,102.45244639325975,100.72045809870434,100.00374380971455,100.66139271498062,100.41517469423782,100.32977794090341,99.97083728265696,100.37365315025593
2019-07-22,99.6097570772454,99.91425005961698,100.61476777122449,100.0384365753433,98.60766741010156,102.11747226401651,101.19093789602667,99.99867821965329,100.41037393098122,100.61966562208107,100.13269785632146,99.96875455688024,100.72858784705865
2019-07-23,100.23174070933372,100.61750983643336,100.71411998972413,100.0384365753433,99.64826159661413,102.35673532677356,101.39479925079617,99.99361288618445,99.92103043416999,101.23099162863195,100.30469702156448,99.96667187449363,101.02280548963496
2019-07-24,99.62571601522166,100.70325242577137,100.91278739921204,100.13453717835945,99.64826159661413,102.41655109246281,102.26470305872456,99.98319155990005,99.9085403053657,102.07854332708546,100.96864240773613,99.96458923549623,101.05927255070401
2019-07-25,99.56193835617462,101.56089149945736,101.01213961771167,100.38439324740673,98.78352422809293,102.57207792463828,101.48599312795787,99.98348375583721,99.05101797038286,101.16695257405554,100.71005953756848,99.96250663988717,101.34796742701644
2019-07-26,100.39125539827882,101.56089149945736,100.94590480537859,100.05765486301495,99.29649842582513,102.93097251877383,101.97275376781488,99.98375949413007,99.03863659313656,101.87093741207708,101.12786668454304,99.96042408766549,101.39728797487251
2019-07-29,100.34332049149212,101.85248540302987,101.47572406002514,100.34595667206344,99.54567501286873,102.88311698553075,101.49393249351392,99.96800097559498,99.17789556923299,101.71488398237894,100.74637212530983,99.95834157883033,101.16832410705334
2019-07-30,99.49813580018846,100.994868382479,101.31014443469468,100.05765486301495,98.59300510745132,103.40949864428795,101.68100739601856,99.9682931271384,98.47241216031516,101.05930760365425,101.71726293856842,99.95625911338077,101.31223896181238
2019-07-31,100.12010283431734,100.994868382479,101.88961758208426,100.34595667206344,99.19392009788078,103.1223800482878,100.9193730008726,99.96322933279616,97.98363913058391,101.50359339623931,100.90555155741863,99.9541766913159,101.39702500001393
2019-08-01,100.12010283431734,100.994868382479,101.88961758208426,100.34595667206344,99.19392009788078,103.1223800482878,100.34798990566969,99.96539221805509,98.05897848637464,102.30498823370185,100.40232321222236,99.95209431263483,101.48476853163378
2019-08-02,98.60508259393573,98.37049384614616,102.53533294730919,101.17239802989182,97.42050798769391,103.62483394042343,99.47025285017156,99.97131048348847,97.87447321296212,101.522823658198,100.51368006448381,99.95001197733664,101.47751586896219
2019-08-05,97.07407021965906,95.00858160997883,102.89960960413664,101.11474316687688,95.14876747082297,103.86409700318049,97.1602543371105,99.9451051402022,95.89316156599068,100.01696602494957,97.92166539009379,99.94792968542046,101.39528851039191
2019-08-06,96.4202268044762,94.95713899679407,102.88301387354201,101.11474316687688,95.45655198946228,105.03648455034418,98.04840011161123,99.9456566285864,96.31506205296164,101.5730021825686,98.95474261580426,99.94584743688534,101.14571980372351
2019-08-07,96.40424296956084,94.15092783420278,104.02545330375379,101.11474316687688,95.69104976225357,106.68739822302197,98.30352684288283,99.93552086630632,97.29959318847308,101.88639165683338,98.51337911270663,99.9437652317304,101.12468088759121
2019-08-08,98.381806843903,94.15092783420278,103.51218534668823,101.01864256386071,97.33255068339457,106.60365469071115,99.74077248989104,99.9414364439068,97.76451559820745,102.89623730560776,100.52881878811743,99.94168306995473,101.01534569178507
2019-08-09,98.477460884004,96.89537434020696,103.82675627225677,101.34537178359457,97.55242743254082,106.90273351915747,99.39634205744328,99.93128163666299,97.75326491982513,101.99450680948333,99.59608960963095,99.93960095155744,100.9827322252361
2019-08-12,98.477460884004,95.72899872591687,103.87643238150659,101.47991812661195,97.46447012824149,106.31654339644024,98.31957445013505,99.93185252739762,97.13617691867424,103.43738608775213,99.21622257101271,99.93751887653761,100.89981116965636
2019-08-13,98.60508259393573,95.72899872591687,104.17444460399187,101.59522785264184,97.74293004158035,106.84291775346821,99.35682410046304,99.92169869395234,97.70912808872441,103.93608129247689,99.75735241042065,99.93543684489434,100.92683391861313
2019-08-14,96.89863808763623,96.32933652113852,104.67115385797416,101.59522785264184,95.720366111753,107.83586530529332,97.44810711452213,99.92226952994125,95.21027891799356,105.39778421423027,98.39533826020688,99.93335485662675,101.21980695949271
2019-08-15,96.48401276250296,94.51114374321682,105.15131181437545,101.86431137401868,95.32466556781955,108.26653589756434,97.35372273965199,99.91747799137694,96.02120784431236,107.20720070484295,98.75229895916252,99.9312729117339,101.49841862892114
2019-08-16,97.95121428181378,94.51114374321682,105.4824414430273,102.21025888142417,96.33593514903166,107.94352930249647,98.09121531472849,99.91804261646104,97.00498085100332,106.89322443338266,100.70490677026869,99.9291910102149,101.44929057827403
2019-08-19,99.08348557811605,95.91766329684961,104.75394737339055,101.8450839216891,97.30324258969618,107.50089117605009,98.50917569901496,99.91860106135448,97.90202160303834,105.99549409640103,101.30700492303153,99.92710915206884,101.74713140955535
2019-08-20,98.28611130890346,96.91253903037364,105.20095830161618,101.86431137401868,97.28858028704595,107.47697071115776,98.40803425628556,99.92451490894038,97.56644866727481,106.45882427596598,101.4180821069498,99.92502733729484,101.62455597185492
2019-08-21,99.35458004921959,96.91253903037364,104.25723811940824,101.86431137401868,98.12400956186876,107.74015423880714,99.0054960990307,99.9090216296007,98.20376886822541,106.27262285554062,101.4677656269847,99.92294556589198,101.8401545362662
2019-08-22,98.90807004405264,97.30702551136075,103.47904572401485,101.86431137401868,98.12400956186876,107.82389777111796,98.67810715307662,99.92028572022573,97.63043936822051,105.68448925829293,101.45608878094032,99.92086383785936,102.10059219295071
2019-08-23,98.34989726693021,97.23843291009938,103.61153756518786,101.71054674332964,98.24126670406544,108.82880555538922,97.88513929139341,99.92084253378104,96.56011453101574,105.98149929964673,100.58563370376548,99.91878215319606,102.29984416832193
2019-08-26,98.07880279582668,95.74614136294845,103.69430886409741,102.07572170306472,97.01012037370708,109.46285121134957,98.18980490148584,99.91070382795887,97.24056903020303,106.56437908155516,100.75807073317019,99.9167005119012,102.32668783329399
2019-08-27,98.57319791390206,96.58662309751278,104.30689201215124,102.07572170306472,97.4351620345431,110.40794322993159,97.74626612118719,99.90056509988317,97.57512242563628,107.95082731017034,100.37852341213087,99.91461891397387,102.1877298128728
2019-08-28,98.381806843903,95.98629265333618,104.72081515621944,102.42167837512814,96.67302776136937,110.19260063206688,97.9345118037808,99.91182192299843,97.36944002039513,108.33246685565194,100.24430910966697,99.91253735941315,102.13678347052068
2019-08-29,99.30678622508792,95.98629265333618,104.30689201215124,102.26792290909702,96.89287974311249,110.51560722713474,98.53818738352015,99.92305006096495,98.20077630794461,108.29295326514405,100.84591342585405,99.91045584821816,102.41626947357412
2019-08-30,99.88087644528805,97.61579145614499,104.58836774806007,102.4024600874565,98.95941406928847,110.56346276037783,98.1612848093236,99.92361188224965,98.1894754249568,108.82512026736092,100.8956072906695,99.90837438038798,102.5383606429469
2019-09-02,100.16797134926638,98.42196586351109,104.42280293373416,102.28714119676869,99.04734660618468,110.38401546331005,98.1612848093236,99.92361188224965,98.1894754249568,108.82512026736092,100.8956072906695,99.90629295592173,102.78717222186376
2019-09-03,99.43438303808053,97.61579145614499,104.5552577473958,102.47933323814308,98.32918272935956,111.54444277802757,97.60247197373018,99.92202248889058,98.52377099922921,109.32238766440506,100.45492131294213,99.90421157481848,102.86783447780823
2019-09-04,99.99252261928414,97.8902353716409,104.07511460199905,102.21025888142417,99.1645954925803,110.83861382220259,98.14030021492235,99.92794963704559,99.95942966678113,109.52603946521933,100.99496855386366,99.90213023707733,103.25304898923282
2019-09-05,100.86965008347943,98.8507670227415,103.3466205323623,101.86431137401868,100.40019169970019,109.43892344472803,98.61149944365411,99.91780028136094,99.8831288329744,107.40910365115232,101.59618062680099,99.9000489426974,103.26840252127157
2019-09-06,101.69893392966483,99.9313853456035,103.47904572401485,101.90274794936197,100.64130236912594,109.46285121134957,98.51698342799503,99.94512146786107,100.06596427260943,107.8986468419595,101.5232180113248,99.89796769167776,102.96583902787917
2019-09-09,101.3640037066563,100.37734384395553,103.13137960878657,101.63367359264306,101.43991077130235,108.52972672694293,97.84031715674705,99.91359861223157,99.34201107635609,106.01014164057231,102.00168865415087,99.89588648401751,103.10479158093277
2019-09-10,100.72608603353086,99.77702075082398,102.89960960413664,101.55679127729853,101.2892258906874,107.9315690700503,97.82905775516949,99.93021412553429,99.1578955875877,104.4810277849797,102.48005415295893,99.89380531971577,103.04978377409253
2019-09-11,101.60323009568557,101.0291683586322,102.28698942857145,101.28771692057963,102.31387812538829,108.1947598994289,98.74902634376495,99.92007130870223,99.47022206356331,104.90898183801892,102.65201657894013,99.8917241987716,103.11688687164389
2019-09-12,101.49157562270979,101.56089149945736,101.82340498625797,101.40303581126744,102.47963809870552,108.85273332201078,98.80418328952796,99.92596990456136,99.41562177230296,104.0942458797772,102.82396231600683,99.88964312118412,103.04375839120306
2019-09-13,100.88559242349626,101.56089149945736,101.2273583247806,100.69190417946893,102.63031472351942,107.71623377391481,98.72629969586299,99.93188254159546,99.01575509083712,102.06813019458723,103.24081048866083,99.88756208695243,103.09532940297443
2019-09-16,100.23174070933372,101.20069029253335,101.40949665319432,100.90332367317289,101.96731610925562,108.68524625738915,98.99753431569378,99.93775810237103,97.92551388738293,103.4993064520356,103.4126220984902,99.88548109607561,103.2551681382187
2019-09-17,100.55072029334569,101.42367689275443,101.60815665717998,100.84566881015795,102.2385356850808,108.94843708676775,99.33520327381854,99.91695320810281,99.18713870462055,103.59538832466811,103.4007214395979,99.88340014855277,103.65578105251146
2019-09-18,100.71019348739227,101.76673546264685,102.10485110015772,100.84566881015795,102.46455475020217,109.43892344472803,98.99133573163114,99.92285298574069,99.41299862419844,104.17745761883133,103.3888221502259,99.88131924438301,103.5030242076696
2019-09-19,101.14077775050178,102.10978668149421,101.57505406201797,101.15317974222017,102.82620011483819,108.37420719649668,98.83871026817508,99.92338728502169,99.74666689627551,104.23877582159622,103.37692423021653,99.87923838356541,103.43978002353582
2019-09-20,101.34806966561918,101.90393536725968,101.65784757743435,101.23006205756468,102.5399137021117,108.84076578783541,98.5781505688839,99.9239511914907,99.51954010863103,105.32964995008656,103.97708254389244,99.87715756609907,103.58374633488476
2019-09-23,100.42310688239367,100.97770369231232,102.28698942857145,101.47991812661195,101.53032830431212,109.84567357210668,98.60829453180264,99.91915957228626,99.78840862977471,105.64527505041417,103.90394142295689,99.8750767919831,103.78443802319688
2019-09-24,100.63044029240957,100.63465247346493,102.28698942857145,101.51835470195525,101.53032830431212,109.88156157117442,97.59194239883428,99.9090139646818,100.10034783492341,106.39262691831452,103.28004566066117,99.8729960612166,103.73097842705499
2019-09-25,99.73737878717715,99.41679749076488,102.4856716490639,101.7297741956592,100.62622727642363,109.76193003979589,97.6139414797888,99.91491975072358,99.48518581085636,105.90237170067627,103.20698678739213,99.87091537379865,103.698916415895
2019-09-26,100.77399604337845,100.72039506280292,102.303555537157,101.51835470195525,101.53032830431212,109.16377238290326,97.46150904024738,99.9208114707602,100.1851093214767,106.51461480474495,103.80687078993643,99.86883472972836,103.76792013903268
2019-09-27,100.96534561847896,100.9090890379158,102.17110812899763,101.6144553049714,101.66594634802577,107.85978577018567,96.43731982474795,99.91602000211373,99.65627393055534,106.37883518588542,103.42790773680876,99.86675412900482,103.89531719878732
2019-09-30,101.37998754157167,100.994868382479,101.62473017126779,101.51835470195525,101.86185650674769,106.8070297544005,96.5258457386714,99.91122876323092,100.14050497109366,106.91473203009376,103.11019513482653,99.86467357162712,103.89219109337601
2019-10-01,100.10412729838167,101.74956342143511,101.59161276510125,101.19161631756346,102.4344210763996,107.71623377391481,95.95950834550234,99.91392661071993,99.74109055375901,106.85612242801312,101.64167133176272,99.86259305759438,103.83396845042674
2019-10-02,98.57319791390206,99.94854268472515,101.49226795210389,101.5375729896269,99.36049739550117,109.08002885059244,95.01761095160617,99.91448223459255,98.43676385230752,106.99819425225985,99.62967225717654,99.86051258690568,103.84002133344205
2019-10-03,98.477460884004,98.38764383422276,102.17110812899763,101.92196623703363,99.30022179209499,109.73800227317435,95.98729550716753,99.9096910694498,98.98562199674745,107.61100092623379,99.49318384454762,99.85843215956012,103.74143147213843
2019-10-04,99.38650622415179,98.6106451365339,102.303555537157,101.8450839216891,99.9481535694575,109.30733168090335,96.80715524164214,99.89955464888101,99.74974260507969,107.99988608762212,100.35665005831187,99.85635177555679,103.80944739023643
2019-10-07,100.00848155726038,99.31391226439533,102.10485110015772,101.82586563401745,101.30430098338974,108.81683802121387,96.81260656237606,99.89476419955568,99.4582545494462,107.4897747362928,100.96999468841999,99.8542714348948,103.89254712601053
2019-10-08,98.90807004405264,99.62264880499941,102.12140980324098,101.67211016798635,99.70705941163382,108.93646955259237,95.60527920412054,99.88997397994511,98.47763670510069,107.4349710287563,100.14612808354283,99.85219113757324,103.93266416766728
2019-10-09,99.38650622415179,98.86793906395322,101.85650758141998,101.69132845565801,100.03856284666624,109.42696321228186,95.9763009525351,99.90122808274718,99.69375800027545,107.17962446356914,100.4469600411558,99.8501108835912,104.0020757114215
2019-10-10,99.91277772328114,100.01715733912164,101.29360054261596,101.36459923592413,100.06868826466777,108.55365449356447,96.31409531436952,99.89643755317626,99.94066042166236,106.16457999359552,100.81021228913384,99.8480306729478,103.85024845770768
2019-10-11,100.85372434142201,101.90393536725968,100.46576165998185,101.38381752359578,102.41934598369727,107.63249024160399,97.15005526067792,99.89699247732035,100.57507833332355,105.52765242286597,100.98596524950463,99.84595050564211,103.92585851952971
2019-10-14,100.42310688239367,101.20069029253335,100.97901480604285,101.13396145454851,101.98238294615692,108.45794342707829,97.3962993204473,99.89754125738101,99.89613692011241,106.00131680222003,100.66209465131348,99.84387038167324,103.84771917074293
2019-10-15,101.10887647250873,101.9211074084714,100.83000869480021,101.03786085153237,102.96181815855184,107.99138483573958,98.0243657056157,99.89275090460315,100.31513436871712,105.5110742239743,101.46230817899902,99.84179030104029,103.99323228695316
2019-10-16,100.82181476444923,101.97256472374625,100.3498581439012,100.9417602485162,103.06729427266185,108.01531260236112,97.44862735847045,99.89329351787177,100.10989535189967,105.30231432792311,101.38818800906712,99.83971026374235,103.98036545657729
2019-10-17,100.45499156242734,102.12694402061587,100.25052814190838,100.69190417946893,102.67552349002432,107.51285871022547,97.61173263692207,99.8938554680282,100.59333344440175,104.87394076002434,101.62623115751268,99.83763026977851,104.05009314808666
2019-10-18,99.9765802792673,100.89193169879415,100.16775684299884,100.88410538550126,102.1632015005744,107.27359564746844,96.8451961541196,99.8837142155448,100.77539746900386,104.52658976759139,101.98908950241841,99.8355503191479,104.3399225852133
2019-10-21,100.16797134926638,101.32076226220472,99.50546055818381,100.86488709782961,102.67552349002432,107.09414835040063,97.29876760761618,99.89495126504282,101.00047805855151,104.2255375832597,102.2894527757089,99.83347041184959,104.30355668537099
2019-10-22,100.23174070933372,101.32076226220472,100.08494851657792,100.78800478248509,103.06729427266185,107.08218081622528,96.83120845568675,99.89550498063493,101.2039681063925,104.49481789788662,102.27768137042914,99.83139054788268,104.41275345482588
2019-10-23,100.32745284229266,101.85248540302987,100.30021165666048,100.92254196084455,103.48921524070407,107.84782553773951,96.60432551486113,99.8960500132314,101.08478746825045,104.62920253120829,102.14109513648295,99.82931072724625,104.32031123032289
2019-10-24,101.14077775050178,102.38421589490005,100.20085943816083,100.86488709782961,103.97140355635142,108.73310179063228,97.4476746753659,99.89125973196266,101.6108439609873,104.93302214238976,102.06695196591585,99.82723094993943,104.30603022720565
2019-10-25,101.76272818667127,102.14406460451231,100.0684046244992,100.80722307015675,105.08645681245999,109.3192919133495,98.08347634682238,99.88646968040064,101.14753250728661,104.84006787378814,101.80567954935083,99.82515121596131,104.1726291398829
2019-10-28,102.30491712887834,102.98457574325681,99.33990314936017,100.46127556275124,105.38781831788879,108.31439143080743,98.65277646504727,99.88167985853434,100.81337127013204,104.30036590990328,102.35537011576466,99.82307152531098,104.07471304135495
2019-10-29,102.5282177758502,103.34477695018079,99.53858536985263,100.53814871343782,105.38781831788879,108.01531260236112,98.11067236054484,99.88755727279673,100.56524526456647,104.28836309001682,102.34359112475929,99.82099187798752,104.13995861074416
2019-10-30,102.60792117695465,103.17326236732467,99.27368314803162,100.49971213809452,105.08645681245999,107.90764130342876,98.53057462246456,99.88276739877749,100.72566200693845,104.80001631864396,102.33181348927269,99.81891227399007,104.45888967399254
2019-10-31,101.98603713262284,102.41851587105326,100.03529462383491,100.84566881015795,105.04125630175614,108.673286024943,98.13975118319343,99.87318846341425,101.38243889307073,105.4291352836857,102.0102666071815,99.8168327133177,104.50175574398624
2019-11-01,102.75150182486266,103.32761961105913,99.33990314936017,101.07629742687566,105.31246762178029,108.61347025925375,98.97549895079901,99.872149257585,102.36143929391417,105.21890655527338,102.74877572491785,99.8147531959695,104.57363873392285
2019-11-04,103.40532864208609,104.3224806424931,99.12466222578443,100.86488709782961,106.24670232347138,108.61347025925375,99.23167614992533,99.87324628086628,101.90038610669414,105.09341357105899,102.86370851675679,99.81267372194458,104.72634738508751
2019-11-05,102.71959224788986,104.5626025287007,98.89286259912542,100.42282982275002,106.24670232347138,107.33341141315769,99.03964537059444,99.8689966772367,101.13856573159393,104.77550092289533,102.66687026276024,99.81059429124204,104.53627254454257
2019-11-06,103.15018480997908,104.4939878743042,98.61142389072796,99.90389939698385,106.48780473709607,107.76408200542869,98.86424832986724,99.8807680781359,100.6347217595797,105.11188371777618,103.15576251419485,99.80851490386097,104.4399486216616
2019-11-07,103.42127098210293,104.88850375947145,98.31338945173586,100.09610060301617,106.72890715072079,106.38831939457567,99.31950977517917,99.87116768613608,100.28139147133889,104.3784159118994,102.52266871124056,99.80643555980046,104.79073966496613
2019-11-08,103.05449757395925,105.11151241282764,98.26371334248604,100.0,106.53303001520307,106.73525375626507,99.64197162292442,99.87226917769011,100.2503430925477,104.30305623587597,102.51290464755375,99.80435625905963,104.69347777702606
2019-11-11,103.21396246902614,104.93997577683638,98.4789764825686,100.09610060301617,106.27685250887602,105.51501067585826,99.93944231956542,99.86801961563623,99.87562932582765,104.25465766667281,102.50314151377779,99.80227700163756,104.57873081158343
2019-11-12,103.5329088571193,105.2315696804089,98.09816333916467,99.98078171232835,106.12615937246007,105.1561160817227,99.83865421259507,99.8691073124736,99.7802029535972,104.59095798457712,103.1787999154179,99.80019778753336,104.49567307023165
2019-11-13,103.5329088571193,104.5626025287007,98.92598741079425,100.09610060301617,105.99054958454745,105.62268197479064,99.8789395789333,99.86485788495698,100.43647828929967,104.73873991047907,103.04436212962298,99.79811861674612,104.46526980700521
2019-11-14,102.75150182486266,104.5626025287007,99.43925536785981,100.3075109320622,105.62891247571247,105.95764880230465,99.86942729897342,99.86594450013109,100.25511672871872,104.87874639764165,103.09682998991154,99.79603948927493,104.49967036482444
2019-11-15,103.15018480997908,105.28301964463873,99.43925536785981,100.40361153507837,106.15629304626262,105.96960903475083,100.40727851403142,99.86703262071602,101.08300012940477,104.8302965176924,103.0870112441982,99.79396040511891,104.73115082449229
2019-11-18,103.42127098210293,105.11151241282764,99.55513666743363,100.82644135782839,106.638489617711,106.1131683327509,100.5469846080867,99.87345359003996,101.22366127873912,104.85877044350329,102.95266597561998,99.79188136427713,104.71876925083446
2019-11-19,103.51699141404158,105.40309896535511,99.60481277668345,100.57658528878113,107.01521007504935,106.36439162795412,100.57057637080086,99.86920397758936,101.1496106979776,105.04103218392223,103.44111595072599,99.78980236674872,104.65669533540738
2019-11-20,103.89971546118177,105.40309896535511,99.53858536985263,100.71112246714058,106.69875696531615,106.23279986412942,100.59419389854742,99.84362183550878,101.09706476125481,105.1656103942934,103.24440640384533,99.78772341253274,104.57555572414223
2019-11-21,103.4850901360485,104.9571110628229,99.43925536785981,100.36517495973507,106.42753738949094,106.10120810030472,100.36903355260871,99.85004548718086,100.65815020947922,104.95952821527558,103.04774545808526,99.7856445016283,104.53389864232174
2019-11-22,103.89971546118177,105.5403282741481,99.80349499717592,100.69190417946893,106.92477603043749,106.41224716119721,100.42578317758,99.86181357841947,100.64856371898307,105.38007058817176,102.7888991108651,99.78356563403452,104.5396300866485
2019-11-25,104.56954271127998,106.38080265766743,100.10149981415893,100.57658528878113,107.84396040682935,105.8978330366154,101.27827296523071,99.84689591546754,100.63897814148604,106.0580798855999,103.58848361247071,99.78148680975046,104.55259863639728
2019-11-26,105.2074354874663,106.60379660893351,100.20085943816083,100.86488709782961,108.6877693197096,106.22083963168325,101.5752435353332,99.85331857186878,100.88689154332731,106.2785830358711,103.64086428550043,99.77940802877526,104.59436127241837
2019-11-27,105.1755176115138,107.20411235102006,100.3995416586533,100.73034991947014,108.8233956192243,105.8499775033723,101.92189541358702,99.86505731396102,101.15619795721702,106.40294615237826,104.62694712572068,99.777329291108,104.53679545110657
2019-11-28,105.36692527947228,107.16981237486685,100.20085943816083,100.71112246714058,108.94393857023562,106.00549703381854,101.92189541358702,99.86505731396102,101.15619795721702,106.40294615237826,104.62694712572068,99.77525059674777,104.66750837793981
2019-11-29,105.0320199534029,107.3241843206914,100.33329203531565,100.76878649481344,108.8685878741271,106.61562222488654,101.6138859060409,99.84482807771681,100.41714483508098,105.99318248128311,104.99042543552444,99.77317194569366,104.93961228571551
2019-12-02,103.59669481514604,106.60379660893351,100.15118332891102,100.40361153507837,109.1850162164572,105.77820150523686,101.01019090758226,99.85498471923641,99.44224460823533,104.48075486133072,104.48254989209056,99.77109333794479,105.17716616863322
2019-12-03,102.40063756081699,103.70496345501469,100.33329203531565,100.73034991947014,106.47275441179688,106.3285036288864,100.8512495375822,99.85073589263573,99.53999871733785,105.01636012914413,104.1614621805315,99.76901477350026,105.65284768038717
2019-12-04,103.46911460011283,104.04802202490711,100.30021165666048,100.46127556275124,107.4823067863923,106.07728033368318,100.85825163716898,99.84648724682246,100.10961795963446,105.11389650024358,104.58709462787057,99.76693625235914,105.70999527863204
2019-12-05,103.70835758710153,104.66552451029543,100.28364554807492,100.51893042576619,107.84396040682935,106.30457586226485,101.11403664571145,99.84223878178896,100.05719190329513,104.64298606726774,104.63932063730562,99.76485777452055,105.75875178324064
2019-12-06,104.92038207838652,106.34648062837908,100.03529462383491,100.44204811042165,108.74804492311578,105.38341891203358,101.60201541536918,99.83799049752751,100.58375413722244,105.20911718505879,105.06486089491393,99.76277933998358,106.0357580912632
2019-12-09,104.61736973133048,106.02057939760832,100.0684046244992,100.44204811042165,108.4617585103893,105.2039716149658,101.36011771249322,99.83909159296813,100.2739891292316,105.0647021366218,105.24146350627066,99.76070094874733,105.85604327850993
2019-12-10,104.52169909327007,104.92280373562465,99.82005370025918,100.44204811042165,107.6480585039085,105.01255678372263,101.26756222674555,99.84018150461618,100.65036530160273,104.57466560699218,105.54240554788892,99.7586226008109,105.79375586982347
2019-12-11,104.26654696218338,105.47168421557144,100.16775684299884,100.32672921973385,107.70833410731468,105.75427373861532,101.2911080772771,99.83059623558319,101.60548315857103,104.88724385415384,105.718963291229,99.75654429617337,105.76062153412752
2019-12-12,105.00010207745038,106.56948193069023,99.73727499584737,100.26907435671892,108.59735178669982,105.44323467772286,101.6627836336871,99.82634844671172,101.68152929533017,104.87725459283436,106.08203004801095,99.75446603483387,105.76831789978034
2019-12-13,104.56954271127998,106.17496604552296,99.9359646218421,100.26907435671892,108.73298634201554,105.74231350616915,102.00128134629682,99.83811044500082,102.27199852733942,105.88074135688153,106.25846488489941,99.75238781679148,105.66341925906426
2019-12-16,105.79751784156153,107.4614136294844,99.82005370025918,100.46127556275124,109.74256348401408,105.73034597199378,102.63806199771017,99.82852493457267,103.31027980171407,105.95513164701703,106.87009890852761,99.75030964204528,105.44973878622912
2019-12-17,105.89315528370311,107.35849164788964,99.75381888792609,100.38439324740673,109.12476538045415,105.37145137785822,102.61174861736737,99.83495817788737,103.7361582616519,105.74930240016782,107.29512533779304,99.74823151059441,105.88010303354729
2019-12-18,105.73372358455507,106.92968313761422,99.91939851325655,100.38439324740673,109.6521459510043,105.43126714354747,102.93346559862233,99.82536895117168,103.8134218857845,105.57035925179119,106.91192513142931,99.74615342243793,105.89825667628176
2019-12-19,105.65397868855206,106.65523187107327,99.53858536985263,100.13453717835945,109.78776399471795,105.31163561216894,103.60978689542127,99.8403700694941,103.82530611097897,105.73298614184279,106.96387066378949,99.74407537757496,105.83280559689545
2019-12-20,106.40353423669386,107.61579292635399,99.32334444627689,99.98078171232835,110.17954303315653,105.68249774047989,103.81639614076244,99.83077798858992,104.46883294128267,106.4289648722212,107.26447240048947,99.74199737600459,106.05439173396275
2019-12-23,107.3444393599362,107.65007820041713,99.62136407426445,100.32672921973385,111.03844355034119,106.13709609937246,104.16947514335028,99.83187460526577,104.04511859972585,106.34590246283044,106.44635475149062,99.73991941772591,106.07915365423015
2019-12-24,107.3444393599362,107.65007820041713,99.62136407426445,100.32672921973385,111.03844355034119,106.13709609937246,104.36270960378388,99.82228334055628,104.20939967881584,106.43554234280957,106.62260661223688,99.73784150273805,106.07481958014844
2019-12-25,107.3444393599362,107.65007820041713,99.62136407426445,100.32672921973385,111.03844355034119,106.13709609937246,104.36270960378388,99.82228334055628,104.20939967881584,106.43554234280957,106.62260661223688,99.73576363104006,105.67360333213284
2019-12-26,107.3444393599362,107.65007820041713,99.62136407426445,100.32672921973385,111.03844355034119,106.13709609937246,104.7023263318676,99.83938894535133,104.482553355497,106.91257105089362,106.6746040699507,99.73368580263107,105.62342170313971
2019-12-27,107.37632403996989,107.71869285481364,99.42268925927426,100.38439324740673,110.75212411441053,107.44107541036084,104.6757418319673,99.82446195603045,104.66853055022524,106.73104209534392,106.35379828298068,99.73160801751018,105.54730901952702
2019-12-30,106.02075209669573,106.39793059260892,98.90944351871552,100.1921920413744,110.23981863656272,106.89077328671131,104.04993543397426,99.82021442817239,104.00548776391636,105.75144161092351,106.12783625072947,99.72953027567648,105.52555744883993
2019-12-31,106.02075209669573,106.39793059260892,98.90944351871552,100.1921920413744,110.23981863656272,106.89077328671131,104.35619269152441,99.82130123745257,104.27853989400784,105.8082223948104,106.30815445904422,99.72745257712907,105.56845165808213
2020-01-01,106.02075209669573,106.39793059260892,98.90944351871552,100.1921920413744,110.23981863656272,106.89077328671131,104.35619269152441,99.82130123745257,104.27853989400784,105.8082223948104,106.30815445904422,99.72537492186704,105.60372381533882
2020-01-02,106.02075209669573,106.39793059260892,98.90944351871552,100.1921920413744,110.23981863656272,106.89077328671131,105.46121933420731,99.82239966777112,104.07271667338533,107.19355678251257,106.42497622343183,99.7232973098895,105.64197235141619
2020-01-03,107.15306488789655,107.11835505959198,99.70417240068537,100.7495682071418,110.72199869640902,109.52266697703882,105.30142907830722,99.83951383804506,103.40990753452701,106.94941444971093,106.28790623659256,99.72121974119554,105.92966705706269
2020-01-06,106.41945997875129,106.19210133150949,100.23396203332284,100.53814871343782,109.99873273454008,110.38401546331005,105.52435142482256,99.82458509935387,103.74825692522163,107.15223577796125,106.53162792166285,99.71914221578426,106.26314596549608
2020-01-07,106.85006913879992,107.27274170750663,100.23396203332284,100.51893042576619,110.93296743623115,111.10180465158119,105.89692491506162,99.82568041636569,103.47726497227458,106.97496891299456,106.45801499178624,99.71706473365475,106.35108287886621
2020-01-08,106.80220062385091,106.7410038645914,100.00217721766838,100.42282982275002,111.03844355034119,110.77879805651334,106.3525987397502,99.8214328366622,103.94606976209262,106.9981966571524,106.51133714568115,99.71498729480614,106.16745553044701
2020-01-09,106.9138633958064,108.4391173217967,99.72070888726182,100.07687315068658,111.02336845763887,109.69015404166045,106.70845161296158,99.82252453995396,104.11019444893519,107.3805413685198,106.62804314275421,99.71290989923749,106.3002565726036
2020-01-10,106.67462870779741,108.19898073349903,99.42268925927426,100.44204811042165,111.20419526785741,110.51560722713474,106.54856708961684,99.82359497692929,104.33956363459788,107.36196504761955,106.55446315687513,99.71083254694793,106.266520173175
2020-01-13,106.67462870779741,108.01030146047623,99.48893147710963,100.3075109320622,110.90282550662755,109.6303382759712,107.4979892942984,99.82468208287133,105.04739164057742,107.7274917955776,106.7980146726893,99.70875523793653,106.17342647039327
2020-01-14,106.8341184998034,107.99314412135459,99.62136407426445,100.40361153507837,111.33979679996895,108.86469355445696,107.69224798749259,99.815100937406,105.27662620148124,107.75480917386753,106.97813002141083,99.70667797220241,106.30187420930841
2020-01-15,106.89791275680984,107.78732221130021,100.01873592075165,100.53814871343782,111.52062361018749,108.91254908770006,107.66536660303461,99.83218279571608,106.07125300932454,107.91986057833334,107.34838264383062,99.70460074974466,106.29053169211286
2020-01-16,107.05732785799849,108.1303587280575,100.20085943816083,100.61503102878233,111.595974306296,108.93646955259237,108.02088959196898,99.8226192257928,106.58301639789234,108.49811626750041,107.90883833407324,99.70252357056236,106.32053698598438
2020-01-17,108.57243108817715,108.1303587280575,100.28364554807492,100.55736700110947,111.95758664772785,109.7978180388636,108.17685112742306,99.82368802023392,106.94248818580651,108.93432998310367,108.02537491705708,99.70044643465464,106.38268902909654
2020-01-20,108.93924599121935,109.17666972372126,100.30021165666048,100.61503102878233,112.98224713822978,110.3241996976208,108.17685112742306,99.82368802023392,106.94248818580651,108.93432998310367,108.02537491705708,99.69836934202058,106.36331034340223
2020-01-21,109.35387961533235,108.61063925569788,100.73432219992591,100.82644135782839,113.99183253602936,109.78585780641743,108.05016032788244,99.8194405253068,106.28008765008374,108.59845101404954,107.76147168822814,99.6962922926593,106.33240519377726
2020-01-22,109.65690856034777,109.26244906828444,100.83450383468016,100.86488709782961,114.20278476424942,110.04904863579603,108.37230499939751,99.82052340311711,106.42215011138354,108.75502245010296,108.1949477700136,99.69421528656987,106.33671249923525
2020-01-23,108.66813492215638,108.8507684929505,100.93470768594123,101.15317974222017,113.55484473108586,110.53953499375628,108.57798252406248,99.82160524759477,106.71630448117078,109.03255134892171,107.9311246217606,99.6921383237514,106.52385211108084
2020-01-24,109.11466982426245,109.09091243229321,101.35212622708248,100.98020598851743,114.20278476424942,111.35302794678441,107.7866436060009,99.82267848345047,106.51054829129261,108.46730510060321,107.16031350591808,99.69006140420298,106.41103080652185
2020-01-27,107.21685084592329,107.39278427299782,101.50238386820931,101.46069067428239,111.88226071902247,111.85548183892007,106.82929267247034,99.81843103147915,105.04432973671986,107.06786676163667,106.70650766852998,99.68798452792372,106.49205400047154
2020-01-28,108.31723746219193,107.27274170750663,101.21854577707528,101.30693520825128,112.2439060836585,111.32910018016287,107.6165944834153,99.8088643285384,106.25122550643977,107.52483530740449,107.13990281399191,99.68590769491273,106.66440673244
2020-01-29,108.84356705417923,108.33619534020195,101.58588090634164,101.51835470195525,113.50964422038201,111.67603454185226,107.37374067943395,99.80461746435894,106.32801601728627,108.16938966624747,106.93962946119598,99.68383090516907,106.52273537484564
2020-01-30,108.03016745515272,106.56948193069023,101.58588090634164,101.44147238661073,112.01787876273612,111.75977807416308,107.98644694720294,99.80569051756981,106.33961489077868,108.02146761840821,106.99277922596116,99.68175415869189,106.50482004489601
2020-01-31,106.78626658281378,107.51287094475926,101.81965780210764,101.63367359264306,111.61103288739625,111.32910018016287,106.98791471240168,99.8120863425712,105.3518996244192,106.65596634639647,106.5391703463263,99.67967745548025,106.56911693465668
2020-02-03,106.96170701381631,106.51800256228026,101.70277675972692,101.71054674332964,110.9179088551309,110.98217312020266,108.35305119527163,99.82064104934629,105.77630998226948,107.17115976635485,106.52902375867426,99.67760079553325,106.76170555307858
2020-02-04,108.3013034211548,107.08404773239373,101.45230045633447,101.6144553049714,112.7712949100097,109.88156157117442,110.55436143871786,99.81639368406773,106.4612683257667,107.5570325679064,107.27889033732842,99.67552417885001,107.18447833911628
2020-02-05,110.02361557665377,108.62780394586456,100.88460205755956,101.30693520825128,114.2781106929548,110.4916794605132,109.61274568300678,99.83879585951064,107.08096441471994,107.7718747143402,107.77531216874003,99.67344760542962,107.27121863708373
2020-02-06,110.2309821825885,109.98285883317745,101.01817510206448,101.01864256386071,114.5644218730844,111.18554818389201,110.26729561278287,99.83454772174544,107.0056011811144,108.38688018052895,108.01832530474252,99.67137107527117,107.37541164728368
2020-02-07,110.13528664758898,109.62263557311836,101.25195199783047,101.36459923592413,113.97675744332703,111.53247524385219,109.84121988106004,99.82496910428982,106.36571453590946,108.58495366745089,108.13470646574457,99.66929458837376,107.19990117992823
2020-02-10,110.43831559260443,109.58834294801017,101.28534340758115,101.42225409893908,114.54934678038207,112.19044866643408,110.91119465394628,99.83136377838375,106.4858596964644,109.5998149331488,107.74452205604506,99.66721814473651,107.31490612327752
2020-02-11,110.85297411365651,110.77185384828678,101.38551763683313,101.6144553049714,115.89043561321407,111.25732418202743,111.3494284776861,99.82711595685338,107.27896407161488,109.63107469508225,107.98746576611227,99.6651417443585,107.4131000226317
2020-02-12,110.78915495971093,110.73755387213357,100.93470768594123,101.30693520825128,115.96578630932257,111.72389007509535,111.82073694462365,99.83352676119834,107.26874702741758,109.99144718292459,107.85060869186529,99.66306538723882,107.48955462948928
2020-02-13,110.78915495971093,110.58319662839908,101.35212622708248,101.51835470195525,115.72468389569785,112.31008019781261,112.32526563809186,99.80267673294092,107.19341688879939,109.81014592698402,108.34665099354808,99.66098907337658,107.76571498033346
2020-02-14,111.26758284083039,111.44083570208507,101.45230045633447,101.57600956497019,116.17673853754265,113.0517971527053,112.64687732480824,99.81972407090348,107.94285961639764,110.19964299236351,108.2097718033636,99.65891280277089,108.15338328514046
2020-02-17,111.53872710581216,111.83531483202715,101.435601048708,101.6528918803147,116.59864299398275,113.17142868408384,112.64687732480824,99.81972407090348,107.94285961639764,110.19964299236351,108.2097718033636,99.65683657542083,108.08188289126454
2020-02-18,111.20382177974275,110.85764789494004,101.31872741182954,101.74899248333087,115.5739907592819,114.70271082538308,113.21764484466246,99.81014392411569,108.1712656329173,110.6890001257451,108.26271636300957,99.65476039132551,107.89391818268643
2020-02-19,112.43176371410546,111.57805030878801,101.435601048708,101.59522785264184,116.04111223802795,115.02571742045096,114.18708988866165,99.82187691645689,108.16096360761891,111.46984376564131,107.74624826141495,99.65268425048401,108.18701066432143
2020-02-20,111.15597816173283,110.49742463488094,101.75285276609951,101.92196623703363,115.49865657477547,116.16221696854691,113.97681314923615,99.81230872338472,107.7601166683297,111.65911520051566,108.74827640433726,99.65060815289546,108.50987034541512
2020-02-21,110.9805211327709,110.08575876163707,101.90311781272862,101.97963026470649,115.5438735970814,116.99963768819659,112.88631043661779,99.81338301950564,107.61967762556957,111.55270487234081,108.04205388094638,99.64853209855895,108.44607391319332
2020-02-24,106.97767425077227,106.53518195453702,101.98662225636323,102.13338573073759,110.46583770168405,119.03337372163149,109.67019602148606,99.80381564059613,104.57238677557505,109.6516433694203,106.32380831839521,99.64645608747354,108.58028481310254
2020-02-25,104.88847250141373,106.27787332502763,102.35394998012734,102.47933323814308,109.32065077177293,117.23890075095365,107.73339135061477,99.7995689912382,102.06797797759467,107.66351414388508,101.5066859441919,99.64438011963838,108.19285334931108
2020-02-26,105.36692527947228,104.51115991551592,102.2370689377466,102.30635948444034,110.33022791377145,116.49718379606095,107.09215034923345,99.77936567567102,101.45095176916692,107.59082304690948,102.25593038211144,99.64230419505256,108.23537912809485
2020-02-27,102.17735351180454,100.63465247346493,102.65448747888783,102.47933323814308,106.3371281122822,116.9158941558858,104.6577835988541,99.75914700069495,97.71116203340071,104.77902025796628,98.95780927933482,99.64022831371516,108.42255902311886
2020-02-28,99.01971621804873,94.92280226541565,102.35394998012734,102.38324179978484,102.58509770121347,111.85548183892007,104.83045520402727,99.71763419695357,95.70687374503343,104.2112752761057,95.40742403102776,99.63815247562528,108.4238663582749
2020-03-02,99.40247346110775,96.05488525459756,102.92164837890223,102.82528991020652,103.95632020784804,111.32910018016287,106.70037959947378,99.72727448654378,98.6899565219775,106.33229673427292,99.06539296538504,99.63607668078203,108.32537358271648
2020-03-03,101.80775015158086,99.75986341170233,102.25378315637764,102.82528991020652,107.3014882319748,114.1763364683551,105.7428848793114,99.70168785384055,97.55317201446873,107.062921267334,98.48699555499547,99.63400092918451,108.19951483962554
2020-03-04,103.587665525225,98.59347309532218,102.2370689377466,103.09436426692542,107.3466969984797,114.36774399786907,107.24507862931796,99.71346209187485,101.61942599794327,108.56739367777013,100.56366208098338,99.63192522083182,108.11786067696086
2020-03-05,102.53986124437888,97.53003416471692,102.40406301401129,103.34422033597271,106.36726178608475,114.64289505969383,106.02184482183333,99.69855083049028,98.57502702625256,108.07857385662581,99.22672822831295,99.62984955572306,107.94754939764886
2020-03-06,98.91280876146524,92.79588029793491,102.47083102250807,103.97846965242667,102.49469667980577,113.73369834190872,103.70224593770168,99.72099007855239,97.3735552108379,109.01265905387913,96.87880436564559,99.6277739338573,108.1339113680517
2020-03-09,93.4642381196371,87.701539926319,103.95688575820456,103.44032093898885,97.085157349376,112.69290255856971,96.93059100650238,98.97004629555212,87.50338986700322,105.71171742393769,88.7805408368292,99.62569835523367,108.42324316281862
2020-03-10,93.43197998551662,87.13550210725057,103.10532705178883,103.61329469269161,96.4372255720135,112.7048627910159,100.2271740192981,99.29786107530722,89.07697308866783,106.75403325700835,89.27760043783924,99.62362281985126,108.8069219778068
2020-03-11,93.20632242830801,87.27274611813365,102.85485074839636,103.01749111623883,95.48793228922217,112.93216562132677,94.95205584382155,98.95916309700065,84.43153837398647,105.12180817645049,85.28856819602815,99.62154732770918,109.04476144196155
2020-03-12,83.34086050792745,79.87135377139485,102.3038591627502,101.6144553049714,85.90448285868669,109.00825285245703,85.27681620308462,97.11498923601238,73.2439625549204,101.0070634183817,75.17217258540747,99.61947187880652,109.08774679078749
2020-03-13,85.11400391413079,79.20240867282175,100.65083997279811,99.2119952175149,86.22091945681782,105.6346422072368,91.76194770829996,98.29774375085714,77.91628343664061,103.7211660599941,78.19717951021057,99.61739647314238,109.2502224142731
2020-03-16,83.5020183948545,77.90736036616438,99.63228719011768,101.55679127729853,84.06613887330606,104.01961653362673,84.48551025084338,97.43424253240322,67.68928593520648,103.4471912147256,71.05683223513356,99.61532111071585,109.51196427532088
2020-03-17,85.88778418403685,78.27616229578429,99.34844909898365,100.09610060301617,85.5880545163566,107.51285871022547,86.34222084372013,97.7957370858502,71.7374017313514,101.07351784504974,62.716968861664476,99.61324579152604,109.6512497175039
2020-03-18,84.24354053064008,76.00343234994973,98.89762433708721,99.01979401148259,83.1168373347137,105.27574761310123,79.96642921157388,96.19922939573028,66.64477121000189,99.85172228790938,51.28292925430073,99.61117051557204,109.84690378462938
2020-03-19,88.16562174213178,77.82161042578136,97.07764069287953,96.0215211829154,85.69351411886454,105.62268197479064,80.14291999564101,95.9904397073026,66.29585045112911,101.19519421108261,59.61772786192827,99.60909528285296,109.76650088485877
2020-03-20,88.01979207072324,79.69123846584279,97.91249258616654,98.78915623010697,87.57705861494902,106.36439162795412,82.18220206784196,96.66357980711847,65.40549004427419,102.72148893503221,55.82632958486206,99.60702009336791,109.62007270639845
2020-03-23,83.40942667826532,73.01885660669292,97.99598962429887,98.78915623010697,82.40862995394501,110.77879805651334,77.29816267610148,97.10903677186171,62.50105482610394,103.91928301420516,48.372416714594436,99.60494494711595,109.94647195015554
2020-03-24,89.89318715178518,78.23326159693515,98.32994074931686,100.48049385042287,87.93871223538609,116.73644685881798,85.0152211277245,98.14094354429322,68.38943249716422,105.23338321330478,54.36986865867199,99.60286984409622,109.93552139613323
2020-03-25,91.8481114094871,82.3499276804189,98.02938103404954,99.94233597232713,89.62636308435076,115.74350660872209,87.96725404600218,98.26691079723663,71.26722608377482,104.55618426741036,58.47250374207535,99.6007947843078,110.26392418005038
2020-03-26,92.56494408064484,84.12521240844642,98.27982030993064,100.32672921973385,92.47426770012784,115.27694071565415,91.23442388533418,98.28659799079766,76.00716151720721,105.08865868790957,65.35325425468083,99.59871976774978,109.89741007259167
2020-03-27,91.58748195179388,82.54716356986742,98.8809397404653,99.98078171232835,91.11812854199664,113.53032327821938,90.89087257297393,98.2561818588887,73.90396125310268,105.46758779100252,63.89862859113149,99.5966447944213,109.7036900808631
2020-03-30,93.55869710666032,81.758153852668,99.16479264260387,100.42282982275002,92.6852199283479,113.61406681053022,91.16151342102117,98.4374234198806,74.78911748372792,106.05443643476582,60.5498735718796,99.59456986432141,109.96599728092771
2020-03-31,95.0411438516926,84.62264292416339,98.9310083413356,100.40361153507837,94.1167097825876,113.41069174684087,90.22870036495746,98.6454535417775,73.94200117538831,105.42264208889851,58.906106758838085,99.59249497744923,109.97403389415584
2020-04-01,93.94964544268998,81.95541179525163,98.4134081654401,101.15317974222017,93.1975419177978,111.99904113692011,85.9684697507312,98.69088087003648,69.56562304864067,105.54363168678782,54.28288993968017,99.59042013380387,109.99535587065581
2020-04-02,94.65014572178467,81.29503801519432,98.7640512925823,101.15317974222017,93.1221912216893,114.06866516942276,87.52786049652198,98.75443950895207,71.4901087923275,105.66877893777166,52.639984446886245,99.58834533338442,110.23453744499048
2020-04-03,94.51917952303108,82.14407636618436,98.58038002519797,101.42225409893908,92.65507799874429,115.08553318614021,86.52745605968265,98.82890366438144,69.4957031993389,105.01626741586769,50.14394609136787,99.58627057618997,110.40619342512117
2020-04-06,96.6963753542212,85.16295943663943,97.695415098027,101.28771692057963,94.62904002783856,117.45423604708914,89.69890393380341,98.85925774745328,73.62832694159883,106.39312472617594,53.48945798203514,99.58419586221964,110.58976654014512
2020-04-07,97.28851585528372,88.6449436424781,97.81230354591001,100.9417602485162,95.5331493115281,116.78430239206111,89.79542816461948,99.01027773873903,73.38754748254463,105.63249439295556,58.40988758235677,99.58212119147251,110.70133171780985
2020-04-08,97.43651985937545,86.19209839109148,97.09434010050599,100.34595667206344,95.44272352271727,116.29380873237163,92.70063384383029,98.99673691272054,75.85284490096296,105.54141571859594,62.93620304806898,99.58004656394768,110.88474925835344
2020-04-09,97.3213881139025,89.17667413434829,98.39671616331592,101.07629742687566,96.60298554533074,118.02846593736022,94.25951703377402,99.11437743609501,79.29208837153057,105.98258072889767,69.10288865645178,99.57797197964426,110.79497299371847
2020-04-10,97.3213881139025,89.17667413434829,98.39671616331592,101.07629742687566,96.60298554533074,118.02846593736022,94.25951703377402,99.11437743609501,79.29208837153057,105.98258072889767,69.10288865645178,99.57589743856136,110.88278047784232
2020-04-13,97.3213881139025,89.17667413434829,98.39671616331592,101.07629742687566,96.60298554533074,118.02846593736022,96.59933215777549,99.1934833075377,78.6181883392242,106.01618624820577,68.70668704710596,99.57382294069805,110.47811841747419
2020-04-14,98.22601839684626,89.81131190572314,98.73065247732936,101.94118452470526,97.8084563344491,121.30637281782346,97.65944428732465,99.17455924498354,80.21719026017108,106.35336635595675,70.86978008594947,99.57174848605345,110.44354461459524
2020-04-15,96.12069172991734,88.71356564791964,99.03121219259667,101.94118452470526,95.18657078379337,120.61251139617386,97.22391989599323,99.22632256592362,77.14069926485155,106.73621866108458,66.66754654195971,99.56967407462666,110.45539560675446
2020-04-16,97.50230587151154,88.16467046588276,98.61377143494863,101.94118452470526,95.71397612174664,121.59349141382361,97.78538514513167,99.24000232481478,76.59684493492196,107.07330470723547,65.22159633236109,99.56759970641677,110.44336578448564
2020-04-17,99.34448848989608,90.51459373567465,98.96442196759307,102.30635948444034,97.085157349376,119.14104502056387,98.76224646584485,99.26994990298107,79.5592718734285,106.89904872010013,66.53155799947153,99.56552538142289,110.23977882444325
2020-04-20,101.05503269217076,90.29158508231848,99.53211296086569,101.5375729896269,97.86874019365632,119.22478125114546,99.35689373622286,99.25106364171572,77.56528210458862,107.45229908102816,63.97027832127284,99.5634510996441,110.24090594979978
2020-04-21,98.68657027567717,88.02744850813481,99.11467960871992,102.13338573073759,96.76874551864799,118.55484759611741,97.11864167192421,99.27556554230551,75.57145141941498,107.84756199238718,62.1308913507894,99.56137686107952,110.05295317955428
2020-04-22,100.33133676479547,89.21098881259158,99.06460360234733,102.09493999073635,97.68791338343779,120.54072809630922,98.6852072319199,99.2133333858588,77.36499567316278,108.39240987738788,61.93184958197039,99.55930266572824,110.1910714458803
2020-04-23,100.01883038495481,90.8233229252337,98.98112137521954,101.57600956497019,98.01940856266917,122.43091213347329,98.7813639603806,99.25958398303904,76.5615434446501,108.38853871989227,62.716888818234885,99.55722851358937,110.17445493633518
2020-04-24,100.11749695468939,90.48027905743137,99.18148464472807,101.8450839216891,97.8084563344491,121.71312294520213,99.79121770516237,99.2678020598451,77.38108344738195,108.79618510147205,65.66682891930563,99.555154404662,110.22087392165194
2020-04-27,101.37852692114326,92.05832054496531,99.03121219259667,102.47933323814308,98.93858468326,121.3781488159589,101.41571071869583,99.27061715591262,78.69830263701408,108.66759837938393,69.07573007365563,99.55308033894525,110.67757974724837
2020-04-28,102.44043116851127,92.62436571507878,99.13137901634639,102.30635948444034,99.57144962372124,120.61251139617386,100.7144021344346,99.27885007905297,79.64759254577149,108.99623454419117,68.02368352370777,99.55100631643819,110.58180675612587
2020-04-29,103.34419005858581,94.25387186893262,99.46533754686665,102.61387958116046,101.30430098338974,120.70821516093085,102.57120239057534,99.29788034142403,80.94297136110062,108.6390507978014,71.95706754425586,99.54893233713992,110.85226621886193
2020-04-30,101.31912282440172,95.09432419931683,100.03303594564154,102.7099710195187,99.67691748203022,119.79901844314573,101.82008577603018,99.32776797703423,79.6851646002379,107.67929362012178,70.70819204049884,99.54685840104955,111.21497042414448
2020-05-01,101.31912282440172,95.09432419931683,100.03303594564154,102.7099710195187,99.67691748203022,119.79901844314573,100.34302716376564,99.31051417747682,77.58363972276597,107.32218229498667,67.42606607036785,99.5447845081662,111.28439479993926
2020-05-04,98.5744510598378,89.69125463814187,99.68238541299709,102.63309786883212,96.96462265416574,119.84686667465962,100.27291322005256,99.32959292799809,78.42462658704186,107.31834935990472,65.84951507291257,99.54271065848894,111.30803735109632
2020-05-05,100.415397130246,92.09259846798341,99.6990996316281,101.74899248333087,98.77283296574379,120.34932056679526,102.2981004073325,99.3323967855786,78.40019714466425,107.18153791526082,67.55241796919293,99.54063685201689,111.24972689604469
2020-05-06,101.10156507138699,92.55575841172733,99.6990996316281,101.7297741956592,99.31528862899627,119.63153137852412,102.47734583874133,99.32978018137169,76.7532472531521,106.83283031073097,68.53378268942193,99.53856308874913,111.0693214351018
2020-05-07,101.28565303924404,93.05318157639927,99.6990996316281,102.24870462142539,99.48103209071144,121.11496528830952,103.98679488414841,99.3271636460911,77.29132537596588,106.8290148525056,70.30207425804711,99.53648936868478,110.97862277581861
2020-05-08,101.93836779318677,93.79073397832383,99.68238541299709,102.4024600874565,100.9125136891501,120.87570222555246,105.56268850887867,99.35703669373022,78.54321988098813,106.82519953054661,71.41441551724067,99.53441569182293,110.69865802539994
2020-05-11,102.45716191160025,94.78558765871273,99.68238541299709,102.22947716909583,100.83717950464369,120.2536168020383,105.9911805571257,99.35983373568591,78.5620402402039,106.88367957616836,71.14955118196019,99.53234205816268,110.59276643453558
2020-05-12,102.65799722050572,93.87650597184198,99.9495685295183,102.22947716909583,101.18375803237842,120.30146503355216,104.65734271508012,99.37344885921601,77.45608114370683,106.85910530708125,70.88472957547705,99.53026846770314,110.76565699653236
2020-05-13,101.82120279768566,92.3100864865151,99.83268008163529,102.21025888142417,100.24952333068735,121.25851728458036,103.62281200919358,99.3870586601442,76.15553151729037,107.3538353967935,68.32482456615637,99.52819492044338,110.761959610575
2020-05-14,99.91330885798239,89.3102720268919,99.74918304350295,101.7297741956592,98.06460907337302,122.5505436648518,103.90345255201147,99.3790246234007,76.62866486391,107.30846827847864,69.37151364780904,99.52612141638254,111.24990148946401
2020-05-15,100.69986955663697,91.2224332135505,99.6990996316281,102.4024600874565,98.56187248172269,123.4597403826369,104.19727897461908,99.38723243239531,76.3231204959542,107.28385903825901,70.48369448018313,99.5240479555197,111.40276568863827
2020-05-18,102.92578869768593,93.15215604680792,99.9829451282644,102.4024600874565,101.60567074461959,121.85667494147299,105.52345789094208,99.40082606372349,79.73753112968578,105.4355499873348,72.64485785450012,99.52197453785396,111.38904372239595
2020-05-19,103.12658251169285,94.27490320878998,99.71578422825003,101.86431137401868,102.04265854956309,123.05299025525822,105.88538535324075,99.40902231987874,78.63172151108134,105.3570065716424,73.8879847930921,99.51990116338442,111.29282405156155
2020-05-20,103.74585237741702,95.15204460496514,99.46533754686665,102.21025888142417,103.76043481652928,122.74195119436575,107.22801205643103,99.43880689048397,79.71019517821917,104.88385116723455,74.86878100375665,99.51782783211017,111.21107085567328
2020-05-21,103.74585237741702,95.15204460496514,99.46533754686665,102.21025888142417,103.76043481652928,122.74195119436575,106.87511395843691,99.44158317448421,79.23159930132478,105.1916243941355,76.37398018529133,99.51575454403033,111.36451444111768
2020-05-22,102.34001351405854,94.1696362438277,99.44865295024474,102.26792290909702,102.73579909343049,122.50268813160869,107.70238789649132,99.43356892724019,79.66124961279118,105.58247882601717,76.96126735791874,99.513681299144,111.19493927358317
2020-05-25,103.96337693451292,96.16950274884978,99.66569341087289,102.69075273184707,104.54400940500854,122.4548325983656,107.70238789649132,99.43356892724019,79.66124961279118,105.58247882601717,76.96126735791874,99.51160809745026,111.48055666915644
2020-05-26,104.013594060719,96.66069957837347,98.99780597184147,102.6715344441754,104.72482795942604,120.51680763141688,108.87856927305835,99.44172777097894,82.31813029358258,104.29110970299922,80.17067927798544,99.50953493894824,111.43103043511707
2020-05-27,102.35673595816783,97.57291281043095,99.13137901634639,102.19104059375252,102.60018104971684,119.91864997452426,108.3761031889076,99.46069071550433,83.39631461894146,104.77332111197344,81.2822193787656,99.507461823637,111.22088040602962
2020-05-28,104.69977859981938,98.29216111020776,99.18148464472807,102.09493999073635,105.34261780718495,120.77999115906628,108.63819287246702,99.48503051874823,83.80415438514787,104.09677785172775,79.37835644889729,99.50538875151567,111.19919149094595
2020-05-29,103.69564355019065,96.66069957837347,99.31505028373071,102.55621555348759,105.40288515479008,121.23459681968802,109.13287029116732,99.4770184300867,84.42817453080727,104.27993593097725,78.8511414241345,99.50331572258334,111.09169274029276
2020-06-01,103.69564355019065,96.66069957837347,99.31505028373071,102.55621555348759,105.40288515479008,121.23459681968802,110.83577437674379,99.50515278483712,86.08995499205821,103.8609236134199,80.4869638502912,99.50124273683912,110.87253165737383
2020-06-02,104.93405879694339,99.04652535213711,98.94772996546888,102.47933323814308,105.79466419322867,121.11496528830952,112.01622763608007,99.52410447997852,87.68674110715786,103.10973144203763,81.13951941319307,99.4991697942821,110.61145177708067
2020-06-03,106.74155168015334,100.6955485305702,98.58038002519797,101.99884855237813,108.08504630885199,118.6864393599421,113.48434259146384,99.48914440269425,89.91036108015301,101.8519429805907,83.16838051021702,99.49709689491138,110.553632043045
2020-06-04,105.51983398057077,100.44995011580838,98.27982030993064,102.01806684004977,108.16038049335842,119.2606765519424,112.30760987213534,99.53505318745827,88.69653455126905,101.44134925517801,83.42756621325326,99.49502403872607,110.67594373963641
2020-06-05,106.32312542231432,101.85336752843457,97.99598962429887,101.86431137401868,108.13023856375482,117.54993981184612,114.26632846461963,99.56474636885795,90.29304790099204,101.43772634984747,83.5556719178972,99.49295122572525,110.74109332827697
2020-06-08,106.27297468794592,102.66032114657484,98.09614904254632,101.99884855237813,107.73848429271933,118.02846593736022,116.07518058605339,99.57288741981857,92.40827898950252,102.0153980328416,88.07451782177276,99.49087845590805,110.35616440483396
2020-06-09,106.32312542231432,101.85336752843457,97.67872309590281,102.13338573073759,106.98505163384367,118.66251889504977,115.55545848105695,99.56489440194117,90.4379225555756,101.9287280853022,86.76074799139695,99.48880572927354,110.02856943975996
2020-06-10,105.97169682764861,100.81835508899617,97.695415098027,102.22947716909583,106.72890715072079,118.10024923722486,115.43492611745158,99.57839139309323,89.2674586873693,102.17420250718669,83.54671328584786,99.48673304582086,110.3593743955573
2020-06-11,102.77512072110831,98.2746288677891,99.0478967892186,102.49856069047266,103.91111969714419,119.09318948732077,110.40830143573397,99.53275156072195,83.9255331750932,101.87994276442514,78.49815986559976,99.48466040554906,110.24289439586825
2020-06-12,103.02616485724012,97.41504176716771,99.11467960871992,102.55621555348759,104.22755629527533,119.94257043941661,112.56628244551798,99.51936840079667,84.63577599368904,102.0008251557005,82.03366050266904,99.48258780845728,110.45375602292704
2020-06-15,103.327426119578,95.57304630540887,99.06460360234733,102.46011495047145,104.07687967046144,119.12907748638848,114.0256381082618,99.56520938804853,85.81088401772013,101.9971822690878,82.62043687588857,99.4805152545446,110.39298120415128
2020-06-16,105.31899037268559,100.25697783248262,98.66386965782803,102.44089666279979,106.5480720847012,119.3324525500778,115.86742470776909,99.55721299564252,86.26681398601175,101.78599372092062,82.94507845671171,99.47844274381012,110.4270483790728
2020-06-17,107.1934311251906,99.1868788550718,98.66386965782803,102.57543384115925,107.72340094421597,119.44012384901018,116.28899865559428,99.57610279317784,86.02333426483722,101.37138545795752,81.23866810072882,99.47637027625295,110.3722359088976
2020-06-18,106.85870007769505,99.16931720847299,98.91433115021596,102.82528991020652,107.75355938542165,119.10514971976693,116.87341485754584,99.58421933621186,85.86729458320438,101.03155043571066,80.84268545685485,99.4742978518722,110.39276659833932
2020-06-19,107.52814557472674,99.55526177512446,98.8141495154617,102.6715344441754,107.90423601023554,120.51680763141688,116.0711501360431,99.59771174834044,84.7058957453669,101.57998500054192,80.64326762053621,99.47222547066694,110.1799302504237
2020-06-22,106.65784817083018,98.52024933568606,98.89762433708721,102.76763504719158,107.09053600375474,121.30637281782346,117.74629903803715,99.57897989532611,85.33664222088139,101.89596980216979,79.8542396117409,99.4701531326363,110.24405215195586
2020-06-23,107.34403270993059,99.74824140949525,98.64716284469928,102.74841675951993,107.91930284713682,121.13888575320185,117.97484533491438,99.58711514954565,85.11507603533013,101.64328498807913,79.39281943365319,99.46808083777935,110.22250085907955
2020-06-24,105.4361221722679,98.08167128655344,98.44679216968849,102.61387958116046,106.23164374237113,121.90453047471608,115.47679360797372,99.62744100797252,82.99233109679737,101.27857357422614,77.35933304811599,99.46600858609523,110.47567872856278
2020-06-25,105.4361221722679,97.34486134017784,98.98112137521954,102.84450819787816,105.809739285931,121.25851728458036,117.01874372586767,99.61945808682809,83.0986333027647,101.57380087795865,78.40462373399649,99.46393637758302,110.49240458800912
2020-06-26,105.18509463409549,96.81859267477184,98.74735188495582,102.76763504719158,106.80424133522722,121.85667494147299,118.0453549324889,99.61146970282472,81.87201595155346,101.71540497279715,77.5503082278197,99.4618642122418,110.21248612662637
2020-06-29,105.67044386429043,96.36247503217552,98.78075070020876,102.63309786883212,107.36177209118203,122.35912883360865,116.27902660269163,99.62493020471199,82.96159108195933,101.79891480965486,78.59551732287238,99.45979209007072,110.1897185478365
2020-06-30,105.51983398057077,97.7308206089194,98.8141495154617,102.80607162253487,107.4823067863923,122.86158272574428,117.95377749232642,99.62768341511408,83.65780932904391,102.24760564424038,79.57514648494015,99.45772001106884,110.41024063149376
2020-07-01,106.12231501034799,98.46761585320493,98.3633099425607,102.5946521288309,108.73298634201554,121.21066905306648,119.124258525197,99.62720664900115,83.9169952629139,101.58417922597833,78.45628617185537,99.45564797523528,110.38496600430305
2020-07-02,106.5072465860902,99.64297444453298,98.69727587858324,102.90217222555103,109.169965891158,122.2873528354732,120.20139679715109,99.62458227894186,84.87530404966131,101.63864001274096,78.5211184647189,99.45357598256912,110.2086669396263
2020-07-03,106.28968883307547,99.29211641585391,98.74735188495582,102.9982728285672,109.54668634849637,121.97630647285152,120.20139679715109,99.62458227894186,84.87530404966131,101.63864001274096,78.5211184647189,99.45150403306948,110.15284919220407
2020-07-06,107.41100547616476,100.52012319175319,98.27982030993064,102.9982728285672,111.03844355034119,122.21556953560857,121.81090524826574,99.59512077309292,85.15627748270028,102.31548905499915,78.2477865804448,99.44943212673546,109.89860233974385
2020-07-07,106.97585677421645,100.29204966836495,98.31322653068585,102.72918930719035,110.20969321856117,122.7658716592581,121.90641791961627,99.59786942451522,84.1046232187155,102.66039786809777,77.29818545288343,99.44736026356615,109.96702480141217
2020-07-08,106.94236209211967,99.16931720847299,98.71394566420061,102.9982728285672,110.49597963128768,123.65114791215086,123.61548710848065,99.61672582592122,84.38562366860882,102.83096820382576,76.88963884435228,99.44528844356067,109.78923703008532
2020-07-09,106.59091689949453,100.27451742594631,98.99780597184147,103.07514597925378,110.69187327840748,123.17262178663675,123.79404001654379,99.60336063997788,82.61318819882403,103.20070657497959,74.58765066707662,99.44321666671809,109.90759661152498
2020-07-10,107.41100547616476,99.02897105658334,99.331771907864,103.1904648699416,111.12885282754993,123.07692532360899,124.68788181665553,99.58463868617751,83.46214417469095,103.01034951537405,75.8698246597153,99.44114493303753,109.95530502915346
2020-07-13,108.29794233437353,101.36217804995593,98.54698861544729,102.80607162253487,112.16854713174895,123.50759591587999,122.22162592197743,99.59275361541967,82.47621310656979,102.63326432593594,75.86711502312032,99.43907324251808,109.9080740928666
2020-07-14,107.64527737430905,99.95873123314956,98.94772996546888,103.01749111623883,111.2945962892651,123.57937191401543,122.89925005313447,99.59013015291882,83.45618228105087,102.81627879204234,77.08149926612674,99.43700159515886,110.11351781751361
2020-07-15,109.62011918330737,102.22176515057733,98.9310083413356,103.15202829459828,113.82606430691105,124.20145003580039,124.15894132310605,99.59824632080164,85.20051092490053,103.24819243909427,78.49868387000814,99.43492999095895,109.99552916567295
2020-07-16,109.13480314903126,101.66040994719891,99.19815443034544,103.17124658226994,113.7808637962072,123.93826650815099,123.9216875890776,99.61707996150139,85.11011458460116,102.85042608695593,78.29306051794995,99.43285842991747,109.92510350249802
2020-07-17,109.30215207481962,101.83583528601594,98.78075070020876,103.3826660759739,113.6904627747995,123.74685897863704,124.05023837708578,99.60909603285931,85.74041954793412,102.88824261925735,78.49307690252223,99.43078691203351,110.07284862631641
2020-07-20,109.65357237050561,102.18668596364996,99.09800982310256,103.3826660759739,114.92605898191938,123.9861220413941,126.57374531531855,99.6064721398681,85.49713756654505,103.1417426117493,78.15222893738442,99.42871543730617,110.27454361097035
2020-07-21,109.38452774738967,103.08135960224378,99.03059753590799,103.3057837606294,115.00140142222683,125.13458182193624,126.21997108848622,99.60384831599521,86.41129664845343,103.90953322453753,78.96070748509837,99.42664400573456,110.3757039188215
2020-07-22,109.58633403692085,101.62530135609138,99.50234284172672,103.42110265131721,115.60414094468653,125.61310794745033,126.38176454039846,99.62267532700692,86.93230637434345,104.24589416599648,79.90435219533578,99.42457261731776,110.43770067911112
2020-07-23,109.67080105237702,101.71302872758999,100.0463436332268,103.69017700803613,115.30277118345668,127.43150138302053,124.6145692585162,99.61470167951828,86.14309075674436,104.61130486179222,80.03669358527559,99.4225012720549,110.39889149579629
2020-07-24,107.67710396148478,99.9938398242571,100.21635174891674,103.53642154200502,113.40415985047095,127.43150138302053,123.01379028748659,99.61742766252168,85.57226861326332,104.65319496379215,78.47906036262391,99.42042996994506,110.71153441880838
2020-07-27,108.3191296295651,99.9938398242571,100.38635986460669,103.69017700803613,114.18771792734812,129.65665954942781,125.30403606788182,99.61480355005948,85.7220478009682,105.1885991105087,77.59751390539668,99.41835871098735,110.60059727151561
2020-07-28,108.33606784714674,99.60788790656058,100.43735415326115,103.59407640501996,113.97675744332703,130.47014520072673,124.15227002042192,99.61754358381259,85.89367314923227,105.43364198334113,78.40586123750994,99.41628749518087,110.57982331898926
2020-07-29,108.25158423373114,99.90611980380355,100.60735486344883,103.63252214502118,113.73565502970231,130.20696167307736,126.14307105361695,99.60955630425985,87.09146405491119,105.72431056539118,78.9437876968761,99.41421632252472,110.85010125885269
2020-07-30,106.79853247482048,98.18694560256075,100.79434379585163,103.65174043269283,111.8219851156163,128.9388703611567,125.78939955803088,99.61764992009043,86.23684662856562,105.7620111660784,78.80580331341848,99.41214519301799,110.65285080116007
2020-07-31,105.36238573757267,98.34480929477897,100.35233898716278,103.51720325433338,111.33979679996895,130.9726063945916,126.58292904606792,99.63646669932594,85.44783444088971,105.80798415584063,78.93814894731199,99.4100741066598,111.10551016673085
2020-08-03,107.89676135636532,100.87098122043226,100.62436530217079,103.59407640501996,114.15758425354556,132.02535510864755,128.275701739471,99.62151236659697,85.8595686946802,106.39714238951316,80.1518704076561,99.40800306344924,111.22174033242342
2020-08-04,107.0857601624741,100.43240317129964,100.52234710285273,103.90159650174009,112.69596072550327,132.71922383202636,128.77032679520497,99.62960415632676,87.1445220552855,107.463077033802,80.75723892372243,99.40593206338542,111.06103971489097
2020-08-05,106.84919774593071,100.73061301540749,100.30135210401056,103.65174043269283,113.19319936644983,134.63332833408273,129.89723582290026,99.64841256381851,86.7921107059817,107.60849575178662,82.10593741053951,99.40386110646745,111.22383288062916
2020-08-06,106.51127989022773,100.90605305631459,100.23335478213642,104.03613368009954,112.65074370319735,135.7817881146249,129.72627570110856,99.64578763515512,87.29108926294074,107.60465259122405,81.96784022350356,99.40179019269438,111.75153312506558
2020-08-07,106.78160255621853,101.62530135609138,100.52234710285273,104.03613368009954,112.87677927992077,134.84865632848903,128.25737711156512,99.64316277563731,87.37529521710788,106.46071404664217,83.38399750903018,99.39971932206537,111.95831405248397
2020-08-10,106.32542423969313,101.88846141745202,100.59034442472688,103.90159650174009,113.01238081203233,135.18363045773225,127.82027754482368,99.62984490232087,88.13612870106128,106.27035832630773,85.13787704010014,99.3976484945795,112.02923550707207
2020-08-11,107.32226448615954,103.02872611976264,100.08035710516843,103.44032093898885,113.64523749669253,129.29776495529225,126.91728320409752,99.63256714044374,87.95834641030788,104.32231797907134,84.39155614289,99.39557771023586,112.10430014624097
2020-08-12,108.48810515537599,102.60772441931888,100.0463436332268,103.42110265131721,114.92605898191938,128.3167776359133,128.02741067151885,99.6299426291789,89.09016009181488,104.11130954469346,84.05071969200762,99.39350696903355,111.836115557377
2020-08-13,108.4036381399198,102.71296198010103,99.62133445225535,103.42110265131721,114.85071654161192,128.69960729839963,130.2021230961809,99.60589043148464,88.51952574685865,103.94594144097915,83.84502452531876,99.3914362709717,111.87748839635965
2020-08-14,107.57574022334546,102.15158472358748,99.50234284172672,103.03670940391048,113.88634816611827,128.4842647005349,129.6484386828515,99.60326662293507,88.29812425185736,103.87175561522413,83.36910773500682,99.38936561604937,111.66817733271388
2020-08-17,108.21778248938519,102.16914637018628,99.84232945109751,103.13281000692665,114.700031660997,130.54192119886216,132.25547287141163,99.61673341283547,88.03309599384744,104.65559587475137,83.02831437825455,99.38729500426571,111.73926017007581
2020-08-18,107.7108808088916,102.36211130246697,99.82535603988693,103.40188436364556,113.85620623651467,131.40327698686258,133.33200509052705,99.61945529270632,87.76807665646471,105.30672596873416,81.87685910306081,99.38522443561978,111.83519908799578
2020-08-19,109.41735851110992,103.53747724484008,100.19934871569707,103.40188436364556,113.99183253602936,129.8002115456987,133.27723966705904,99.61683112683248,87.45942688264336,104.02642731438057,81.46863626712631,99.3831539101107,111.65212539109145
2020-08-20,108.42050166668409,102.55508358579273,100.31835513723024,103.45953922666051,114.09731690594043,128.77138329653505,134.42014773135813,99.61955446886162,87.04170956058857,104.40398336649702,81.39815650537689,99.38108342773756,111.4184055040103
2020-08-21,108.6063407192593,102.80068200055456,100.45434978097856,103.45953922666051,114.41373699246947,128.69960729839963,134.3155627101222,99.61158376941843,87.06042400379869,104.3712465105984,81.26016153587439,99.3790129884995,111.509933557353
2020-08-24,109.130139122436,103.62519726529362,100.26735344307349,103.3826660759739,115.22741223154715,127.67076444577758,134.34410814562742,99.61966417614049,87.930077554136,104.48354738973593,82.94593451631562,99.37694259239557,111.5293363130914
2020-08-25,108.85979155950609,103.76554341718327,99.84232945109751,103.07514597925378,114.66990624299547,126.61801573172163,134.8547895832856,99.61168447559794,87.55603081188377,104.42596624470109,82.33506014866819,99.37487223942489,111.45486787647614
2020-08-26,109.16394086678196,104.37953210304283,99.41734248663289,103.07514597925378,115.1370029543384,128.19714610453477,136.72923325136156,99.60906051442223,86.65836253307194,104.79519470540436,81.11636313158847,99.37280192958657,111.42077000742461
2020-08-27,108.72461777804112,105.13387429183707,99.34934516475873,102.95982708856597,114.66990624299547,126.68979172985703,137.05692222773445,99.61179263892981,86.56799769476868,104.11186221527338,81.78885066099694,99.3707316628797,111.67124115573222
2020-08-28,108.03193513783029,105.01105303132104,99.41734248663289,102.76763504719158,114.09731690594043,129.17813342391372,137.68397974706005,99.62524152821541,87.56847887561658,104.81255016347075,83.3393358192482,99.3686614393034,111.98176169577391
2020-08-31,108.065687088298,104.78302361420305,99.29832865959742,102.86373565020774,113.70552961170077,128.74744822818428,139.44159873858015,99.61190185308311,86.6927144708746,105.05327523626752,82.45837437203221,99.36659125885674,111.9432173620857
2020-09-01,108.36985299353327,105.256673499218,99.3153316928171,103.03670940391048,114.17265934624787,130.15910613983425,140.39185122022369,99.62373283098228,86.6241654503118,105.4016959144456,82.52295652248134,99.36452112153884,111.83689519172219
2020-09-02,110.43111207821887,106.88814973314236,99.75735871801277,103.34422033597271,116.52329229787426,128.29285717102096,139.4882480695423,99.62110855242996,88.69343319267774,105.95728527423344,82.72260712142348,99.36245102734881,111.82267714232765
2020-09-03,108.42050166668409,105.8706548340325,99.94434765041557,103.32500204830104,113.61510382288995,127.38366045323586,133.77594002762092,99.60243175885482,87.33781763205111,105.2077336195779,81.16650948004695,99.36038097628574,112.0161324136428
2020-09-04,107.67710396148478,102.02880021829664,99.859354700824,103.01749111623883,112.25896466475875,127.5272124495067,133.8875614121879,99.59980804141325,87.13838069651561,104.32154736675479,81.0285531892368,99.35831096834873,112.0177867138248
2020-09-07,109.21463103483131,103.41467803745917,99.75735871801277,103.1904648699416,115.1370029543384,128.1492905712917,133.8875614121879,99.59980804141325,87.13838069651561,104.32154736675479,81.0285531892368,99.35624100353688,112.11387874235837
2020-09-08,108.25158423373114,102.76558811153711,100.02933319450484,103.13281000692665,113.5849949164905,128.07751457315624,128.2590264197886,99.61324304798188,85.69571963483408,103.93671364294819,81.8359276510586,99.3541710818493,112.08255480371993
2020-09-09,109.97494206067317,103.30942577458697,99.62133445225535,103.24812889761445,114.7452404275019,129.1302778906706,130.2178383307089,99.60528032007565,86.95768575428993,104.26439368771466,81.96805281918121,99.3521012032851,112.29418396404462
2020-09-10,109.94114861530693,103.2041588096247,99.74034827929081,102.97904537623761,115.01646000332708,129.1302778906706,130.1964312396463,99.60799587743043,85.55871037668356,104.07840202658876,82.16769296005725,99.35003136784336,112.47939770415441
2020-09-11,110.60007930505007,102.11651288770514,99.97833890585038,103.20968315761323,115.25757892855388,128.67567223004886,129.72602094742993,99.61073053665001,85.75193432726334,104.11194522460451,82.56984341746114,99.34796157552319,112.85137101822474
2020-09-14,110.26214485138767,102.85330813199064,99.70634221285147,103.20968315761323,115.84522684670917,128.962790826049,132.78239430228408,99.61346421247005,86.57760484655665,104.87867711124817,83.24203202484016,99.3458918263237,112.67004764083619
2020-09-15,111.20833642470328,103.67780869463965,100.02933319450484,103.3826660759739,116.65891859738893,128.72352776329197,134.6241614939854,99.6161667973033,86.92344278219998,104.58086619273847,83.10406611304117,99.34382212024397,112.47336015847797
2020-09-16,111.4279772216244,103.8883279224741,100.14833221053576,103.40188436364556,117.18631567954118,129.68058001432016,134.53612205167101,99.61889098673473,86.96394811214546,103.60379115927236,83.43861905072751,99.34175245728312,112.3044399444205
2020-09-17,111.02248077416866,102.50244275226655,100.14833221053576,103.53642154200502,116.70412736389383,128.67567223004886,133.45017869683488,99.6162668357258,86.85182676094546,103.27290821609118,82.76057959707872,99.33968283744026,112.33035597037959
2020-09-18,111.36041522783107,102.39719784043939,100.08035710516843,103.40188436364556,116.96028010281773,128.98671129094134,134.2105325796563,99.61364275384199,85.3005162568827,103.10356531932364,82.35261107035964,99.33761326071449,112.41372756786426
2020-09-21,109.23153605649414,99.66052874008675,100.09735273288582,103.20968315761323,114.06718323213785,125.85237101020739,134.12257842538907,99.6110187410815,83.64030981978885,102.15978413795186,81.53963176296843,99.33554372710488,112.6139308757851
2020-09-22,109.34980481629628,100.88852081389594,99.859354700824,103.40188436364556,114.59457205848904,127.1443973904788,133.68535468063786,99.60839479744247,83.98618000533588,102.00289523949397,81.7392055101642,99.33347423661057,112.94463041441685
2020-09-23,109.40047838638623,102.36211130246697,100.09735273288582,103.3057837606294,114.2781106929548,125.25421335331477,130.4208007029234,99.59509989947429,82.5659651148509,101.08407955969152,79.77887753616979,99.33140478923063,112.82411488542927
2020-09-24,108.13329057698988,100.57274197214426,100.2843490707909,103.20968315761323,113.26853355095625,125.61310794745033,129.66772930066094,99.59247637516783,82.86824827586298,100.77404367535732,79.3035438261018,99.3293353849642,112.69511251513778
2020-09-25,108.35291477595162,100.74816731096125,100.08035710516843,103.63252214502118,113.345312500645,125.75665994372119,132.63987957851293,99.57914177558462,83.71555876301476,100.69590683292388,81.46048393454068,99.32726602381034,112.47709876598593
2020-09-28,109.14706074205824,103.59011072732123,100.30135210401056,103.28656547295776,115.77127963677778,125.82845054531504,134.71388569967772,99.58187564263751,84.3666065622235,102.10428550237165,83.27982386390104,99.32519670576816,112.33375668272852
2020-09-29,108.75846101728561,102.9059416144718,100.14833221053576,103.32500204830104,115.26459635943942,126.4505286671,134.32664080465125,99.5846085265757,84.34179067355666,102.24968193411617,81.8595875297926,99.3231274308368,112.24619653373702
2020-09-30,108.15018729967301,103.59011072732123,100.40334808682181,103.20968315761323,116.35474186380488,126.59408066337086,134.2719839736781,99.58731032853345,84.09896619753016,101.8195685855141,81.99164546782217,99.32105819901533,112.17285228800336
2020-10-01,108.9274116461574,103.67780869463965,100.40334808682181,103.1904648699416,115.90946523461542,127.38366045323586,137.29753123824383,99.58577290505953,84.59735143068596,102.41212742143644,83.65776790036314,99.31898901030284,112.18235896792805
2020-10-02,108.89359330385204,103.11643878917114,100.14833221053576,103.34422033597271,116.04767559985618,127.50329198461439,135.4355829336119,99.57778063434249,85.05208031246245,102.42087962358634,84.21108313979441,99.31691986469845,111.95695564174298
2020-10-05,109.62009428636826,103.48484376235893,100.06333185544194,102.61387958116046,117.1224653142839,127.3597253848851,137.51073569930304,99.59656333179792,86.20428738413361,102.0280667456822,84.06902410286793,99.31485076220127,111.74622375379224
2020-10-06,108.77529964711078,103.99358753639135,100.35233898716278,102.97904537623761,116.33941084127026,126.9290547926141,136.2911752307833,99.58858590073133,85.78707875815836,101.52352503608464,83.44018446364615,99.31278170281038,111.95152467744352
2020-10-07,108.42050166668409,104.29182678467936,100.012352377792,102.97904537623761,115.92483753615525,125.4934764160718,138.59913419883233,99.58063813301303,86.56864873922336,101.53644378888428,83.99347160048208,99.31071268652491,111.93012021114279
2020-10-08,108.97808521624735,105.3970123000626,100.30135210401056,103.17124658226994,117.33743811761133,125.78059501207196,138.9934519074031,99.578014989657,87.89504761575813,101.53697542951721,84.68577366336238,99.30864371334394,112.13469309832733
2020-10-09,109.62009428636826,105.3970123000626,100.18235308797966,103.17124658226994,117.47560720384686,127.59898844764214,140.33620489557293,99.57004194991087,87.979075078297,102.493656839202,84.40463829089005,99.30657478326658,112.04683375613318
2020-10-12,110.32975663905928,106.62499702282675,100.02933319450484,103.20968315761323,118.2586947000647,126.85727879447866,140.83027668488427,99.57276967852493,88.43358574332528,103.18537645846348,83.35873054689115,99.30450589629193,111.65865021170053
2020-10-13,109.87354512661504,106.71271704328032,100.2503578153561,103.09436426692542,118.96497847919063,125.63702841234267,141.24118412536168,99.57547135730785,87.3625890440038,102.70156045155092,82.73004604497673,99.3024370524191,111.73708625188364
2020-10-14,109.4680652771187,106.73027868987913,100.30135210401056,103.1904648699416,118.24333065432589,126.59408066337086,141.13627167013846,99.56217585779726,87.68634319093654,102.11846326186222,83.00517225241123,99.30036825164717,111.68848222308603
2020-10-15,107.15333875422688,104.51987825493248,100.64136092988818,103.47875751433216,115.90946523461542,126.25912113758604,140.68211755223504,99.54885536758846,87.11664043058326,101.5229690131278,82.79364565146518,99.29829949397525,111.80971077828701
2020-10-16,108.62329553480036,106.11625324879435,100.76035254041682,103.28656547295776,117.30672653773581,126.2351860692353,140.46083031356108,99.55156456543766,87.11352912199645,102.17738576472671,82.37359723910964,99.29623077940246,112.18688786309245
2020-10-19,108.13329057698988,105.51982620953359,100.4203437145392,103.3826660759739,116.76933168052197,125.94808207669357,139.85694636135744,99.55156456543766,86.93613210043765,101.38328870637403,81.18891770375907,99.29416210792789,112.40961044738933
2020-10-20,107.81227774294973,104.0637459102461,100.62436530217079,103.47875751433216,117.46025966971017,125.61310794745033,139.71898740753778,99.55156456543766,88.13137157877381,101.81833156653015,81.39455772003981,99.29209347955063,112.44583573101292
2020-10-21,106.42682947273097,103.37957679739667,100.53933532506785,103.07514597925378,115.9555408602297,126.42660820220766,139.04866241182287,99.54800915241748,87.30031863015938,102.8037152586324,81.18311857982764,99.2900248942698,112.82777784751283
2020-10-22,106.20719697478953,103.50238335582263,100.38635986460669,103.01749111623883,115.75593210264108,125.32598935145019,139.84196208275944,99.5245319798644,88.51725918084132,102.78348366156762,81.38874390774976,99.28795635208452,113.0518084300871
2020-10-23,106.35921768505936,103.9584936473739,100.19934871569707,102.86373565020774,115.52563653258008,124.89531875917919,140.95136472434805,99.49112950201626,88.75373524837327,103.16462798829491,82.01137123068166,99.28588785299385,113.0066692931663
2020-10-26,105.78477890771151,101.67793483857253,100.2843490707909,103.05592769158214,114.18979838921067,125.42170041793636,138.58473215073522,99.4676557842016,87.3998751180933,102.36236807738766,80.61841780340208,99.2838193969969,113.54469728383245
2020-10-27,104.93998426845408,102.62524195964747,100.59034442472688,103.24812889761445,114.18979838921067,125.66096348069343,138.94563766239952,99.41427989633077,86.52537248480438,102.30905943276754,80.89352979915392,99.2817509840928,113.705091638451
2020-10-28,102.33801345994922,101.20429230460262,100.33534335944539,103.24812889761445,110.87328625049999,124.24930556904347,136.37956642146517,99.27139247446175,83.75571777796844,101.98682943736357,78.38877905940575,99.27968261428063,113.93453861730256
2020-10-29,101.7804714052845,99.32720295382632,100.67535959082525,103.11358255459709,111.08825079802638,124.4167926336651,137.7882650298603,99.22799114002937,83.68737941400973,102.13626871505737,78.59447856935945,99.27761428755949,114.26277045801947
2020-10-30,102.05082726719412,99.06405759455575,100.31835513723024,102.90217222555103,110.38194225149729,125.15850228682856,134.5988263628272,99.19455640553251,83.03093809889974,101.73131813897866,78.10522469739036,99.2755460039285,114.49928307646724
2020-11-02,104.28106187769063,101.23937884257501,100.40334808682181,103.05592769158214,112.51618240201707,126.37875266896457,134.8520019504812,99.13132084408714,84.3566394942496,101.74425173193956,80.04812330056878,99.27347776338674,114.26690554113969
2020-11-03,106.25783734896063,101.62530135609138,100.02933319450484,103.17124658226994,114.72720150222555,126.33089713572147,137.95927848053105,99.24726795930432,86.3792294069453,101.96399394326741,81.22651882815157,99.27140956593334,114.44309471824062
2020-11-04,108.87672147810802,104.90581547053893,100.4203437145392,103.11358255459709,117.41419229989694,125.9720025415859,140.30083927783434,99.24372341402008,86.81174644267921,101.67493164737131,81.57104739248817,99.26934141156737,114.26560352462435
2020-11-05,109.14706074205824,106.02854793043089,100.13135879932517,103.51720325433338,118.70394656185101,127.98181811012847,144.82215965040677,99.46908806099954,88.31139230877838,103.25970621075942,84.55582663870673,99.26727330028797,114.57308148387196
2020-11-06,109.33289149565375,104.7479150230955,100.13135879932517,103.3826660759739,118.85750446122849,127.40758091812819,144.63402734276565,99.54516293538563,87.5895730279354,104.10397588303297,84.20540160102267,99.2652052320942,114.52460754442666
2020-11-09,110.2790415740708,109.99321645563778,99.53634150266379,103.01749111623883,119.9323106872583,122.90943825898736,143.43070604122425,99.6112900269014,92.15974347300101,102.37131895034352,86.21721863017119,99.26313720698519,115.04175338510541
2020-11-10,109.26533780084009,108.06349362238035,99.40033204791094,103.03670940391048,118.2586947000647,124.75176676290833,140.49707898638684,99.8784364861857,94.4647933722953,101.9954104260137,88.85414299459315,99.26106922496005,114.95701006193653
2020-11-11,111.32661348348512,110.13354790543733,99.58734319682056,103.09436426692542,120.79214410996066,124.22538510415113,142.7881871018137,99.90269986238263,94.8969551283724,101.92972606212206,89.40674153146695,99.25900128601786,114.68460267924094
2020-11-12,110.6845878154048,109.15116894848005,99.87633551753686,102.84450819787816,119.97836980127047,124.67997616131447,143.04931571705634,99.91906239427504,92.69423741161665,101.96332034792061,88.0141650301655,99.25693339015774,114.2914581828647
2020-11-13,110.95491878037531,109.27396815586097,99.79134997344758,103.28656547295776,120.19331783719478,125.34992441980096,143.77622367832709,99.96528457685487,93.99740946923455,103.04322603377733,89.40035466640101,99.25486553737878,114.67583936052546
2020-11-16,111.74899835464429,110.9756027636401,100.0463436332268,103.1904648699416,121.5598510488376,125.2781338182071,144.28687114438677,100.01150333128814,95.08272479047763,103.07674502585213,91.41164846207298,99.25279772768008,114.7136463027572
2020-11-17,111.5800311278131,110.39670796679798,99.75735871801277,103.1904648699416,120.83820322397287,124.75176676290833,145.62924483185233,100.01788121955816,95.23175852515998,103.42043661061324,91.61674564696803,99.25072996106074,114.62387334997426
2020-11-18,111.44490714022636,110.43179450477038,99.89333855075654,103.2673471852861,120.77678832002292,124.1057535727726,145.50766045853584,100.05412590488612,93.9220036406034,103.3340428318,91.26618451215214,99.2486622375199,114.20760451814725
2020-11-19,110.58318258236697,109.83531600819435,100.11434836060322,103.55563982967666,119.97836980127047,123.00513472201513,148.81276698285802,100.04058426370135,94.1146259458369,103.28898179418078,92.99935580004401,99.24659455705661,114.0814510972669
2020-11-20,110.95491878037531,110.09846871850996,99.87633551753686,103.59407640501996,120.19331783719478,123.93826650815099,149.4229950689067,99.92751832069722,94.22009164583454,103.30599386899944,92.64874615595234,99.24452691967001,114.0757262983221
2020-11-23,110.31285161739646,110.51949247208881,100.11434836060322,103.34422033597271,120.31616415669674,121.44993211582353,151.9459522784442,100.0234518028889,94.69567283608113,102.7730513757617,94.72897325028691,99.24245932535918,114.05504060313622
2020-11-24,110.73524478753534,111.48435388871754,99.74034827929081,103.57485811734833,119.48701754646673,119.22478125114546,152.09028074096273,100.04975228073125,96.30321283411489,103.35648360634583,96.04514566382501,99.24039177412322,113.95485839842895
2020-11-25,110.66768279374197,111.32646079231915,100.0463436332268,103.55563982967666,119.51772912634225,119.35638031669936,153.58179317438567,99.92680792338699,96.01678021858571,103.0882011394475,96.9444884425904,99.23832426596127,113.92206580021092
2020-11-26,111.20833642470328,111.71242006106073,100.21635174891674,103.55563982967666,119.9323106872583,118.97355795594224,153.58179317438567,99.92680792338699,96.01678021858571,103.0882011394475,96.9444884425904,99.2362568008724,114.05824068176635
2020-11-27,110.66768279374197,111.8001106773341,100.06333185544194,103.36343862364434,120.43899396459665,117.22694051850749,155.19961065631642,100.02272114125081,95.42562457741572,103.81214919750192,96.87162105864178,99.2341893788557,113.94226699929999
2020-11-30,110.32975663905928,111.04576848853986,100.09735273288582,103.67095872036447,120.8842705937861,116.95178215495349,153.93674754620446,100.0748437561014,93.59380207195052,102.39869316910021,95.34043736175539,99.23212199991032,113.99058588577888
2020-12-01,110.51558739265477,111.76503149040673,100.09735273288582,103.1904648699416,120.57719607403637,118.24380853522494,153.54017750789242,100.0871956576242,95.1140958613495,103.63936945253589,96.86470090644184,99.23005466403532,114.02617742432678
2020-12-02,110.29594659573362,110.5019675807152,100.19934871569707,103.3826660759739,119.80945611195526,118.75822265980673,154.54673632132705,99.96010752824908,95.65480668276767,103.42483169058205,97.00011391208017,99.22798737122982,113.88461728378422
2020-12-03,109.67080105237702,110.43179450477038,100.48834844191565,103.49798496666172,119.05710496301607,118.05239370398178,155.896224747062,99.89681446690541,95.629643136174,104.10735044845968,98.3159176483918,99.2259201214929,113.80908498143754
2020-12-04,109.92424359364409,111.44927470179016,100.47133059769142,103.90159650174009,118.7960813014775,118.44717629718504,157.58869853887677,99.84541606953105,95.97443947151244,104.22349286607529,99.21501632209765,99.22385291482371,114.05304816453072
2020-12-07,109.95804533799006,111.04576848853986,100.38635986460669,103.2673471852861,119.11853637856811,120.20576126879521,159.29829449786334,100.17845310104478,95.60103707765765,104.004837790693,97.82287812762425,99.22178575122132,114.15770358611792
2020-12-08,110.00869401114089,111.04576848853986,100.38635986460669,103.45953922666051,118.91891936517844,120.46895209817379,160.83614795164036,100.02554031811506,95.488828606135,103.93499168471041,97.8193844534054,99.21971863068482,113.96239642443746
2020-12-09,110.31285161739646,111.36154733029157,100.48834844191565,103.53642154200502,119.34884020443015,119.40422854821324,157.76048462601483,99.98208448736952,95.20250621396458,103.6750328524175,97.46876865943406,99.21765155321334,114.02861979814209
2020-12-10,110.05940907612937,110.90545174083037,100.62436530217079,103.59407640501996,119.10318058863037,118.18399276953566,160.34448267490316,100.17770261725629,95.78664353003224,104.7169504023417,96.7710739608995,99.21558451880598,114.06244757641775
2020-12-11,110.02562392974282,109.97567686217408,100.82835726779325,103.88237821406845,118.62720063536645,119.10514971976693,159.7213374171945,100.16414264874646,95.36979563528283,104.09743153561777,97.1841192010198,99.21351752746185,113.90518673572147
2020-12-14,109.97494206067317,111.13349586003845,100.47133059769142,103.69017700803613,118.45828694605123,117.41834804802143,161.2247068108131,100.22036012231636,94.50422615334969,104.04410842700777,96.83356930018174,99.21145057918002,113.89982465012669
2020-12-15,109.80596653486228,110.7124721064596,100.70935084626007,103.70939529570778,118.73466639752755,118.75822265980673,161.47616519289966,100.21678082374056,96.375056916207,105.20576433388997,97.5242500916694,99.20938367395962,113.68389113705975
2020-12-16,110.81972010197123,111.51941837355481,100.45434978097856,103.3826660759739,119.73270192966964,119.3324525500778,161.7791206165675,100.17332528154866,95.9967849148924,105.77640897029245,97.7290162743852,99.20731681179976,113.52616877444002
2020-12-17,111.78280009899022,112.1509907591483,100.45434978097856,103.53642154200502,120.53112044842209,121.18674128644493,165.1204666016201,100.26142250410108,97.18394511269321,106.50815551237875,97.7255259523754,99.2052499926995,113.74414948444351
2020-12-18,111.71522150723744,111.8001106773341,100.64136092988818,103.63252214502118,120.11655539910812,120.92355045706636,165.18342562761507,100.25580138490315,95.81355361936278,106.22336398725574,97.23617542495914,99.20318321665799,113.76196478547571
2020-12-21,109.55254059155459,110.3440671332718,100.31835513723024,103.61329469269161,117.75199491112424,120.70821516093085,165.69352975578403,100.38165356754605,94.68577221065155,105.01719685995658,96.46924971445736,99.2011164836743,113.90509829860846
2020-12-22,110.46490552358512,111.39662651721893,100.33534335944539,103.76705932338064,119.27205299894037,120.27754456865985,166.599177216096,100.18887766795493,94.3737559651536,104.06315252264469,95.42477877047558,99.19904979374755,114.21963829774239
2020-12-23,110.71836466281162,112.27377526443914,100.08035710516843,103.63252214502118,119.50238159220554,120.6842873943093,166.0256468267035,100.2251398749406,95.2521599842807,105.05927744823369,96.39295680043672,99.19698314687685,114.3661233888468
2020-12-24,110.71836466281162,112.27377526443914,100.08035710516843,103.63252214502118,119.50238159220554,120.6842873943093,166.1917564440837,100.24147988510079,95.44714912950381,104.6589053213255,96.32011467771248,99.19491654306128,114.21505001777996
2020-12-25,110.71836466281162,112.27377526443914,100.08035710516843,103.63252214502118,119.50238159220554,120.6842873943093,166.1917564440837,100.24147988510079,95.44714912950381,104.6589053213255,96.32011467771248,99.19284998229998,114.35692310030619
2020-12-28,112.49243755474214,113.15090195852422,100.19934871569707,103.63252214502118,121.79017964210277,121.35422835106655,164.36288597880667,100.21798106407489,95.95073576599953,104.97328866326056,96.03909245937172,99.190783464592,114.60353665350789
2020-12-29,113.47241427444428,113.23863668106786,100.48834844191565,103.47875751433216,122.63466553066844,120.87570222555246,164.2022225155709,100.23431990711235,96.23386873878775,105.79821934519322,96.56865441072047,99.18871698993648,114.52809286041004
2020-12-30,113.53995967027821,112.6597345331807,100.31835513723024,103.49798496666172,122.63466553066844,120.73214292755239,166.62097322029896,100.32245611800661,96.60515125866311,106.9312484979661,96.63624091049444,99.18665055833252,114.70089430379531
2020-12-31,113.53995967027821,112.6597345331807,100.31835513723024,103.49798496666172,122.63466553066844,120.73214292755239,166.01320191974492,100.23911041853606,96.33720089646981,106.42776726687929,97.55653101307925,99.18458416977923,115.01925528623353
2021-01-01,113.53995967027821,112.6597345331807,100.31835513723024,103.49798496666172,122.63466553066844,120.73214292755239,166.01320191974492,100.23911041853606,96.33720089646981,106.42776726687929,97.55653101307925,99.18251782427568,114.95115663307756
2021-01-04,113.72581532081283,112.18604789294055,100.6923478130404,103.84393247406723,122.86497761233153,123.91434604325866,166.21365222333714,100.25546561561558,95.62846162478942,106.58635424015696,96.62933813274721,99.18045152182101,114.85110908826796
2021-01-05,113.65820353314122,111.25629506741936,100.53933532506785,103.55563982967666,122.88032514646822,124.27324063739422,168.18502009811561,100.2419178365321,96.48458298953096,109.2806227062582,97.3364020709058,99.17838526241431,114.77733364295138
2021-01-06,113.65820353314122,113.62455919458424,100.53933532506785,103.09436426692542,122.71142796875509,122.11986577085159,167.86946643845576,100.24830463877024,98.22217655235916,108.56057950232696,98.4696916489839,99.17631904605467,115.13164439038172
2021-01-07,114.13132836622799,114.90517004878447,100.30135210401056,103.28656547295776,123.87836067861033,122.78980672760883,172.78063520133009,100.28459040140807,98.13050454347403,108.1695107157314,99.24769199101333,99.1742528727412,115.1632164642201
2021-01-08,114.19889865900106,115.57180691921525,100.19934871569707,103.3057837606294,124.7996172610637,119.15300525301002,176.16127586762246,100.30096036658807,98.39145297949275,109.29805293872764,99.81248720016353,99.17218674247302,114.86843587585062
2021-01-11,114.7564573116252,115.22097094367129,100.30135210401056,103.13281000692665,124.32363730779979,119.51189984714561,173.49033832311213,100.31728093720704,97.33019395835979,107.73713059895884,98.81436022520131,99.17012065524922,114.57394567282302
2021-01-12,114.85786254466304,115.50164119431547,99.96134327813296,102.92139051322266,124.32363730779979,119.04533395407768,176.114343386981,100.33365792922272,97.54708460012712,108.67412824284143,99.02394774620133,99.1680546110689,114.5254036839515
2021-01-13,114.62129182913993,115.51919548986922,100.012352377792,103.07514597925378,125.15275915062666,119.61957114607796,176.1080535890029,100.48144586243473,97.85209132348093,108.26228232305849,99.3045505932271,99.16598860993116,114.62549798397508
2021-01-14,114.99297823327004,116.09809763775638,99.92734461719589,103.32500204830104,125.29093649266328,119.12907748638848,176.92689375547567,100.47587583431554,98.55367438972213,109.01601392962972,100.65062261438875,99.16392265183512,114.52339113255606
2021-01-15,114.97609810854634,114.87012026603726,100.08035710516843,103.63252214502118,123.93975081515715,118.11220946967103,174.44528906585816,100.42254245420096,97.75695663867762,107.03493407459254,101.14424707820756,99.16185673677987,114.67375402584172
2021-01-18,115.29714413850532,114.90517004878447,99.84232945109751,103.05592769158214,124.98387022871458,118.56680782856357,174.44528906585816,100.42254245420096,97.75695663867762,107.03493407459254,101.14424707820756,99.15979086476452,114.62061108982613
2021-01-19,114.9423046631801,114.99290477132811,99.79095007632482,103.03670940391048,124.47718695137621,118.65055136087439,176.24386034442983,100.45875432473481,97.5772208293963,108.3547581525291,101.35373298284757,99.15772503578818,114.58695701626579
2021-01-20,115.7364008354085,115.60690815927774,100.13358785550948,103.3057837606294,125.35235139661323,120.30146503355216,177.59544073106096,100.47511308383284,98.25670832849983,109.82429336729942,101.8472613668365,99.15565924984992,114.66180262396036
2021-01-21,115.51674344052793,116.43141607297176,100.5997123851027,103.11358255459709,125.30631705000414,119.79901844314573,177.27969162809416,100.6109725958025,97.59227997446918,110.09507496724441,102.5538730645711,99.1535935069489,114.42598851866794
2021-01-22,115.51674344052793,115.79990984678363,100.70331536190726,102.95982708856597,124.8610239092126,118.91374219025299,177.99520079760703,100.50772092330283,96.66355083240248,109.09228417730472,102.40819173327438,99.15152780708416,114.33599382083806
2021-01-25,115.39849127868523,116.41388383055312,100.6860309196012,103.1904648699416,124.75354163544942,119.27263678438855,178.29813605875353,100.41455449919474,96.63805138416528,109.31310975513435,101.69433578861351,99.14946215025483,114.53550435077116
2021-01-26,115.66888033651365,116.2910846231722,100.82414353699971,103.09436426692542,125.90511029956586,119.23674878532084,175.95459148873175,100.34719451124336,96.74473311737613,108.73905633198558,102.25884459390562,99.14739653646004,114.62170639976084
2021-01-27,115.33092098591216,114.25611687808764,101.01406504830275,103.13281000692665,125.12205582655223,119.20086078625312,171.99582465588335,100.17826832628583,94.03190281170582,107.19545162045495,101.54504474684143,99.14533096569886,114.34108341067923
2021-01-28,115.06057342298223,114.9578182333557,100.8414205738035,103.01749111623883,125.69016226364158,119.58367584528102,174.65316859292582,100.30816160676402,95.2620446935743,107.8158024221051,100.97334171598813,99.14326543797041,114.63235299424022
2021-01-29,112.10380463405068,113.37897548191248,100.37527382770344,103.07514597925378,123.60198122713402,119.70330737665955,171.53681769709016,100.38027835117671,93.8930403150884,106.23074452192441,99.47856920715951,99.14119995327378,114.78534735822757
2021-02-01,113.77647229294337,113.95787027875457,100.58243534829892,102.94060880089432,124.78425321532491,120.97140599030945,175.498923262505,100.40858527760628,95.03499529991198,107.46691571136304,101.17914639637544,99.13913451160809,115.03842061546044
2021-02-02,114.9423046631801,115.72969266456859,100.16809009060114,103.13281000692665,126.48857252659296,119.87079444128116,179.09466253916688,100.48876908506124,96.55127428015999,108.15379232683591,103.44761849635967,99.13706911297243,115.10677639708884
2021-02-03,114.62129182913993,116.86997942001432,100.34074197060268,102.92139051322266,126.56534322048066,119.61957114607796,179.43208745035534,100.48518020045107,96.87817425426066,109.04447836730166,104.0119195802462,99.13500375736591,115.13981953737344
2021-02-04,115.19576380240662,116.99277862739524,100.09904859290644,102.78685333486321,126.88778178596918,116.95178215495349,181.71219859101487,100.48159144401536,96.85269320557467,108.89495088484291,104.71818902096666,99.13293844478763,115.19961365638966
2021-02-05,114.43546107554445,118.85235043784294,99.7537596439079,102.19104059375252,126.33503113881758,118.05239370398178,184.0093344346319,100.57961560653996,97.84022797440117,110.07679149807814,106.13436702057932,99.13087317523669,115.3570577121487
2021-02-08,114.4861429446141,119.43123053259497,99.84009298941095,102.53699726581596,127.25628772127095,119.60760361190256,186.0485452360681,100.47441431198274,98.100988031976,110.63865894747326,106.48555533693562,99.12880794871221,115.2440960164022
2021-02-09,114.89159789717132,118.58917567439222,99.85735521521019,102.7099710195187,127.30236334688523,119.17693301963158,186.4372911919684,100.56050219510924,97.4148631955422,111.39184642534055,105.06193491991942,99.12674276521327,115.5984839639809
2021-02-10,115.009908151872,118.83477408915407,99.96095078651248,102.63309786883212,127.77831853274601,118.48307159798198,185.93206988067683,100.52703575068634,97.4113840932852,111.39616978780995,107.32978455126747,99.124677624739,115.64315230296151
2021-02-11,115.29714413850532,118.65933404824696,99.84009298941095,102.72918930719035,127.25628772127095,118.56680782856357,187.8678109063497,100.4636495784062,97.31981660630473,111.81234446986763,107.04200807754216,99.12261252728847,116.02695630446185
2021-02-12,115.60126854884207,119.2382508982242,99.7537596439079,102.57543384115925,127.85509748243476,118.08828170304947,189.201738429274,100.61948925494997,97.33836717944028,112.9938702907941,107.32211824808651,99.1205474728608,115.74397870938824
2021-02-15,116.09127350665254,120.09783799884559,99.23581881490784,102.3640235121132,128.6228291887148,117.39442028139987,189.201738429274,100.61948925494997,97.33836717944028,112.9938702907941,107.32211824808651,99.11848246145513,115.85646604672164
2021-02-16,116.10816193035596,120.06275881191821,99.09772100851389,101.90274794936197,129.23698648401532,116.64074309406102,188.4216031232481,100.62789055496346,96.6303220218527,113.7593554819307,107.81512683667202,99.11641749307051,115.9450900732301
2021-02-17,114.80715577865426,119.8171824502915,99.4775344091109,102.13338573073759,127.5480394742871,115.54013154503275,187.3320237146378,100.65216836207178,96.6489055219387,113.29360536293389,107.81127629642786,99.11435256770606,116.03870664168039
2021-02-18,114.06376637243466,119.22071865580554,99.30489734011391,102.26792290909702,126.78030776800703,115.39657224703268,185.89886921132336,100.66852519382785,95.80884140056483,112.54504854164739,108.02036480918913,99.1122876853609,116.19431511655611
2021-02-19,114.08061330123951,119.88734082414625,99.11496842330858,102.11416744306594,127.64014944651045,115.88706590672216,188.33258248187312,100.62509548169297,95.69535344666645,113.2064837626187,108.01650693901736,99.11022284603412,116.33088900289445
2021-02-22,114.01302641050704,118.97509818790859,99.39120846911014,101.92196623703363,127.07203475362006,117.62172311171075,182.65478314799373,100.68522489350413,95.91208006351673,113.7431047773887,109.00621423606269,99.10815804972482,116.51172709236894
2021-02-23,112.94859927330813,118.60670056576583,98.92506912851235,101.46069067428239,124.75354163544942,117.71742687646774,181.47965015452624,100.66970354765579,97.62568348324223,114.12581727693143,108.15072751257392,99.10609329643212,116.38133102734606
2021-02-24,114.14820019197201,120.69431649542162,98.95958617460856,101.26849863290796,126.36574271869307,118.35147253242808,183.0197752630004,100.70596716871736,98.17251870181015,114.74136587020965,110.06293503798355,99.1040285861551,116.4086473747598
2021-02-25,113.20205841253465,119.93997430662738,98.32081717051607,101.09552487920523,126.56534322048066,116.30577626654699,176.84441001341452,100.70037188448542,96.0778934144549,114.43785920451919,108.8526439271489,99.10196391889289,116.60192771601545
2021-02-26,112.00243259693168,117.60676731325479,98.66609130851003,101.11474316687688,123.93975081515715,113.33891574870545,178.48762702542388,100.72862767058761,94.6217387210371,110.87423296788825,109.91315205346015,99.09989929464457,116.74539530358412
2021-03-01,113.86101399921691,120.81710100071246,99.32215216041088,101.47991812661195,125.70550154197724,114.97786188720784,182.7585551597189,100.68717402125931,96.75335327283389,112.2840524190063,111.11551249621992,99.09783471340927,117.16383639655692
2021-03-02,114.68891191579125,121.20305291840899,99.32215216041088,101.30693520825128,126.58071552202048,114.48737552924759,179.50296125425285,100.77331517258659,96.22165261331723,111.72285486975923,112.88539574585943,99.09577017518608,116.64517177659025
2021-03-03,114.45233290128844,120.34345846674255,98.9078069027131,101.09552487920523,125.93583013524241,114.4395199960045,175.25037782432543,100.64007270874524,95.51396389543928,112.4880938094473,112.95232896564448,99.0937056799741,116.83130034134896
2021-03-04,114.60525820034633,120.46623562098834,99.25308844620936,101.34537178359457,125.61339156975389,115.01375718800477,169.77782938878002,100.6863875256792,95.22444291359949,112.85827022869232,111.67118664870735,99.09164122777241,116.71566075231061
2021-03-05,113.24598491212295,118.5716287298835,98.95958617460856,101.19161631756346,124.33897658613546,114.42755976355832,170.57969948265713,100.62291240167455,96.16735222823861,113.95600065068588,110.74487571184906,99.08957681858017,116.68100568126725
2021-03-08,116.35611884603682,121.04514511992053,99.0631669349063,101.09552487920523,126.22755712085542,113.88921787235498,165.15917569423803,100.66919544705833,96.45000708258438,112.67558635095662,112.51456597167639,99.08751245239645,116.8272622487255
2021-03-09,116.68079982910741,122.48367112365428,99.20131657981617,101.19161631756346,127.40984562064841,115.49228331351888,171.85655790753117,100.66560011864951,97.15071412876125,113.0581768675759,112.93619284698633,99.08544812922035,116.87014737597083
2021-03-10,117.33014519728914,122.9573504128494,99.27035807751088,100.9417602485162,128.11613765557541,115.97080943903298,171.35198238016503,100.6321021558499,98.09345393894814,113.4366083472939,113.7124911477394,99.083383849051,116.99010203824156
2021-03-11,117.26176160450481,123.02747938252398,99.32215216041088,101.13396145454851,128.68423583686373,115.44442778027577,176.45031639935965,100.64043809264366,98.92609558187014,115.36142677137332,114.55968369986205,99.08131961188748,117.45643528033507
2021-03-12,116.76624612416899,123.57131704557382,98.71789279691232,100.71112246714058,128.30038236742524,115.08553318614021,176.15189088218284,100.63482672362709,99.58266606277996,115.94340774031393,115.26492154114374,99.0792554177289,117.61540700470505
2021-03-15,117.15924430818627,124.22038491836076,99.21857140011315,100.84566881015795,128.42322868692725,116.11436143530382,177.43452865720462,100.67112111217537,100.2391699266054,115.68572432405178,117.17597806911874,99.07719126657436,117.75885566416164
2021-03-16,117.94532366601784,124.58878989154856,99.32215216041088,100.88410538550126,129.9279474964077,116.04258543716841,175.55511799955903,100.62763864951457,99.77354235433934,115.62339768625958,116.32064163636151,99.07512715842297,117.87340161226989
2021-03-17,117.65483447933944,124.02744939026023,99.04592692561388,100.71112246714058,129.16022404592866,116.05454566961457,176.09860056828163,100.65402866495741,99.83600601450522,116.50458757831099,116.67111415085697,99.07306309327384,117.81192352320447
2021-03-18,118.6671523229591,124.76425933663582,98.82148096271234,100.55736700110947,130.84921233466213,116.46129579699323,169.99211660903032,100.71015936371144,98.09441350890668,114.21861271109539,113.68812412585805,99.07099907112607,117.65677104527539
2021-03-19,118.77013436214125,123.79939056896208,99.16676250620858,100.59581274111069,130.1121839524565,117.17908498526437,171.56689041161496,100.67467938621502,97.98092242875272,114.87951333779556,114.88973633603324,99.06893509197874,117.88647965009156
2021-03-22,120.02779494283413,123.50111456544886,99.28762030331012,100.88410538550126,131.06415211478534,116.29380873237163,172.36830286162092,100.77076327409715,97.84544257925315,114.44735324331165,114.60197640657601,99.066871155831,117.93584421034231
2021-03-23,120.57903807190135,124.43094825246546,99.16676250620858,101.01864256386071,132.261779892914,116.71251909219644,169.28665775023276,100.76917127913671,97.35799730248341,111.9913180011144,113.46317879015066,99.06480726268191,117.96013921171627
2021-03-24,120.25170141532459,124.13270165313241,99.23581881490784,100.88410538550126,131.8625954009409,117.69349910984619,164.62446722687943,100.74568593268425,97.31053974529992,111.7878589788384,112.60817015813089,99.0627434125306,118.204931281061
2021-03-25,120.35506520757325,122.86958628612561,99.58112998041318,101.057079139204,131.448038607428,117.84901864029243,165.01375359930762,100.71214884383795,97.72497758159028,112.09138676955419,113.80963645727688,99.06067960537617,118.16033162527746
2021-03-26,120.73408790976418,125.23787246642557,99.71922038130488,101.01864256386071,131.89327395761222,117.88491394108935,165.0937967879792,100.66867630979513,98.44734566554853,113.8409379711216,115.29468071864875,99.05861584121773,118.0614435841272
2021-03-29,120.59626675377275,125.86944485201906,99.58112998041318,100.80722307015675,132.66099740809125,116.35362449806088,164.2804600772057,100.71491180689864,98.88370605633855,114.14435974642181,114.79422275921134,99.05655212005436,117.85661054759112
2021-03-30,121.02705019239524,125.69400481111195,99.37393883780862,100.63424931645399,133.2751794707949,115.07357295369405,165.58014627338213,100.64152540340349,98.33033377998028,113.31342300130034,115.21552871148637,99.0544884418852,118.26524729220394
2021-03-31,120.47569917659182,126.220280827563,99.16676250620858,100.80722307015675,133.47478822838352,116.28184849992545,168.71788299553842,100.66787541474199,99.11855667541606,114.01571105336372,114.85691380451546,99.05242480670931,118.38673178409937
2021-04-01,121.44046386649133,127.36056023196369,99.46027218331166,101.09552487920523,135.04091368601289,118.02846593736022,171.14906179244008,100.68823283934734,99.73078965683735,114.16951200135482,116.5289555177169,99.05036121452584,118.66156181929937
2021-04-02,121.44046386649133,127.36056023196369,99.46027218331166,101.09552487920523,135.04091368601289,118.02846593736022,171.14906179244008,100.68823283934734,99.73078965683735,114.16951200135482,116.5289555177169,99.04829766533388,118.58199380961607
2021-04-05,121.44046386649133,127.36056023196369,99.46027218331166,101.09552487920523,135.04091368601289,118.02846593736022,171.60697340351692,100.66469775538533,100.84880123075916,115.20410134000088,117.68576295461295,99.04623415913251,118.69218175377428
2021-04-06,122.19852586883265,128.0622321830516,99.37393883780862,100.92254196084455,135.4401229453891,117.89687417353551,173.59449414231798,100.66110258760837,100.40538154629755,114.867638396289,118.84244067275813,99.04417069592085,118.30695458187652
2021-04-07,121.66443673081943,127.37814393169762,99.32215216041088,100.92254196084455,134.93343966805077,117.05945345388587,172.09301418975465,100.69136411836692,100.79761166688847,114.74306860256347,119.70882609441959,99.04210727569802,118.23452811318325
2021-04-08,122.50855915272065,127.71141090959772,99.35666920650709,100.9417602485162,135.54759696335125,117.49012404615686,174.0632450407667,100.7735438727001,101.03589236414257,114.82203543372952,120.21241494898078,99.0400438984631,117.97428703058416
2021-04-09,123.09691531903684,127.72895050306141,99.09772100851389,101.01864256386071,136.48420107994133,116.76037462543955,173.81650758212083,100.57047695266219,100.94433766398019,115.1087111348346,120.64339971296793,99.03798056421522,117.90706922070495
2021-04-12,122.61242088375171,127.71141090959772,98.70063797661534,100.9417602485162,135.88540783037962,115.67173061058666,173.20880457215156,100.65666695250263,100.34707689789902,115.07136563804401,120.56659657357739,99.03591727295345,118.34159852996207
2021-04-13,122.76882345530676,128.1675432542841,98.59704981081534,100.84566881015795,135.8393239489643,116.4852235636148,174.73200325003896,100.66306346789588,101.02506732982928,115.13788350090151,119.98190603111148,99.03385402467694,118.36495247404673
2021-04-14,123.09906475478091,128.22016203467516,99.04592692561388,101.01864256386071,135.96215375686418,115.94688167241142,173.986858314235,100.74915737351814,101.30729353236798,115.70283425286591,119.46982929797886,99.03179081938475,118.42646384496788
2021-04-15,123.55086121002113,129.0095907614418,99.0631669349063,101.09552487920523,136.51493742721996,118.12417700384641,175.61297493374278,100.79549341018294,102.07313494181662,115.58238833939059,120.33605327264571,99.02972765707602,118.75738009720914
2021-04-16,124.43723373760982,129.16749120888525,99.02865729431237,101.2108346052351,137.558982538568,118.42325583229271,174.0087449760566,100.77192251515363,102.28932584992818,116.20539918444732,120.54937348754481,99.02766453774983,118.80351554664688
2021-04-19,124.33230973717629,128.78153194014368,98.85600541431081,101.17239802989182,137.558982538568,117.70546664402157,172.1127517370685,100.78829386050658,102.32963639503969,117.8043763123795,120.69010215576172,99.02560146140529,118.60523748212405
2021-04-20,123.14341450233425,127.76408849834911,98.85600541431081,100.88410538550126,135.88540783037962,117.52601934695379,169.92464386671733,100.74675102291519,101.53461345047911,114.91799152763701,119.81541765246548,99.0235384280415,118.30810597283651
2021-04-21,125.11368357351411,128.0622321830516,99.23581881490784,101.30693520825128,137.09838314264496,118.9974857225638,171.94573648406458,100.65145520165137,101.90470150184241,115.42053441158346,121.04411139001157,99.02147543765759,118.08118394121625
2021-04-22,125.55350460103733,128.465760449437,99.02865729431237,101.30693520825128,137.02161244875728,118.44717629718504,171.9912132631612,100.74754799010621,101.46140279946678,114.82671525746872,120.02444600319406,99.01941249025262,118.29900409128125
2021-04-23,125.04333312253925,128.32542899963744,99.16676250620858,101.03786085153237,137.08305212011032,117.76528240971082,174.92254895729937,100.6761314022529,102.00729653327205,116.35906434407724,120.89044013518297,99.01734958582574,118.87126098900431
2021-04-26,124.99055161160378,129.0095907614418,99.13223064910783,101.32615349592291,136.96018103320523,117.74135464308928,177.49294519503178,100.69050688415172,102.31136431184132,116.09330921769757,121.17617435573604,99.01528672437604,119.00648386595844
2021-04-27,124.18133469834952,128.53593352538184,99.14950768591162,100.96097853618784,136.0850083321672,117.62172311171075,176.55899508717903,100.61713031526483,101.53847034942143,116.84071184569392,121.89703887427179,99.01322390590262,119.13827895838615
2021-04-28,124.05817783950006,128.7600227823588,98.99414024821614,101.09552487920523,136.42281094339452,117.21497298433209,176.037473925777,100.61353684632499,102.10627883924678,116.86561077433342,122.18274017519803,99.01116113040457,119.32652235502115
2021-04-29,123.88227266563393,128.2804700081773,98.49345423951304,100.69190417946893,136.03892445075186,116.54503932930405,174.1245811403956,100.6139345142828,102.67403689265117,117.54652694347254,122.90350533164667,99.00909839788102,119.10793148755201
2021-04-30,122.9850699695278,128.24496446063765,98.45892978791456,100.98020598851743,136.26925304401703,116.85607839019652,172.8302325746573,100.6163370519503,102.4945517873702,116.48777296561504,121.7389675529144,99.00703570833106,118.91673550018513
2021-05-03,123.97020865460759,128.40480558397144,98.42440533631607,100.84566881015795,136.37672706197918,118.11220946967103,171.49911819610068,100.69449588471515,103.28203488929957,117.00254835596782,121.73461973264463,99.0049730617538,119.07279349839183
2021-05-04,122.26383054014573,126.4334464316116,98.9078069027131,100.99942427618906,134.97952354946608,117.31067674908908,168.72640150934004,100.64106535272808,102.64104335089587,116.09751237727235,120.93270882384898,99.00291045814834,118.93525681705088
2021-05-05,124.16374086137102,127.87204594579575,98.68336834531382,100.98020598851743,137.12908646671943,117.84901864029243,167.2253531135094,100.5776048589875,103.07687594120512,117.3968994212172,121.65341477523009,99.0008478975138,118.79508771968396
2021-05-06,123.9350292796303,127.07279622285664,98.76968687981233,101.01864256386071,137.036968238695,119.30852478345626,165.5869469900536,100.54405680621352,103.57857262404944,116.93603969652122,121.50404414086876,98.99878537984925,119.00364914163872
2021-05-07,124.67392893782852,128.3692853343417,98.71789279691232,101.28771692057963,137.94288554281275,119.65545914514568,167.16182604110963,100.62032656436399,104.3439136839113,118.55077930086841,121.93468396771667,98.99672290515383,119.2082380590155
2021-05-10,124.11099254635435,128.08512333730388,98.68336834531382,101.11474316687688,136.82202020277072,119.72723514328109,163.9256850078566,100.66657934414604,104.4280675573743,118.42204040682932,120.77044152091412,98.99466047342665,119.28445723453198
2021-05-11,122.22863456720904,125.19023769457114,97.90647931832055,100.86488709782961,134.34998569682472,119.40422854821324,165.15685332777394,100.623095014905,103.78718807378975,117.36350757832037,119.24382178941106,98.99259808466678,119.75525852291553
2021-05-12,122.84436076859839,126.0071887339648,97.5611681528152,100.7495682071418,134.44211218065016,119.89472220790272,160.89020533504367,100.6195013329402,101.78420647587258,115.67415659013184,115.25268704172879,98.99053573887335,119.83083435028341
2021-05-13,122.84436076859839,126.0071887339648,97.5611681528152,100.7495682071418,134.44211218065016,119.89472220790272,159.42411216435895,100.58797110456406,102.39571726168622,115.75302697129248,118.5104312311326,98.98847343604545,119.70144176386714
2021-05-14,123.82948285571875,125.88286786026075,97.97552081601526,100.61503102878233,135.62438416884103,120.22968903541675,162.95739064762054,100.62224959616388,104.03970037424955,118.57113037326845,120.0283410404649,98.9864111761822,119.97779099984109
2021-05-17,124.23553533481486,126.0071887339648,97.54391333251824,100.55736700110947,136.43815022173018,121.6413396453375,162.93441103586,100.61668047444428,103.53071311830857,118.73290900407085,121.03882738296825,98.9843489592827,120.1399827651958
2021-05-18,124.16492761546908,126.55775260322557,97.80288374701827,100.49971213809452,137.57438786331198,121.40207658258045,163.2205873465096,100.59517417657626,103.26342097322723,118.60414663084688,121.25190431776613,98.98228678534605,120.17141437624885
2021-05-19,123.51173152070338,124.10684067668427,97.52665110671899,100.51893042576619,135.74719746513887,122.81372719250119,162.33871124036784,100.61146902575165,102.55678659824108,116.78640975852915,121.53749689727739,98.98022465437134,120.21305983558632
2021-05-20,124.85346906480623,125.24351806901572,97.37128366902351,100.59581274111069,138.11176620892377,122.35912883360865,164.49723794981074,100.58601367686369,103.76124241831306,117.30926941966797,121.67810669787357,98.97816256635771,120.41669422981268
2021-05-21,125.50665686059223,127.07279622285664,97.66477853512204,100.67268589179727,139.03302279137714,121.92845824133762,164.62874356685535,100.55644664164764,103.69164752424227,117.62045337465001,121.81869448247802,98.97610052130425,120.4935822494335
2021-05-24,125.50665686059223,127.07279622285664,97.66477853512204,100.67268589179727,139.03302279137714,121.92845824133762,166.5121766135404,100.34143151046888,104.06133224744147,118.78226196060055,122.39406868292055,98.97403851921005,120.58523548184037
2021-05-25,126.23047727266314,127.2503827689152,98.0618541615183,100.76878649481344,139.95425460642738,122.86158272574428,166.7639070649006,100.2221638542488,102.89356868724391,118.90248668788948,121.01289245541673,98.97197656007422,120.68043415474554
2021-05-26,127.0603503464077,127.23263734619042,98.13090306471528,100.96097853618784,140.99836576418377,123.6750829805016,168.73295283651407,100.5336890151535,102.93382514457706,118.91068751245643,122.31289055323991,98.96991464389589,120.5896663086538
2021-05-27,126.93670384775555,127.69441529346695,97.83740079311448,100.90332367317289,141.167279453499,123.00513472201513,169.19062721880363,100.53009852626009,102.62267089013966,119.81922045416383,123.17801058511526,98.96785277067414,120.82324076752403
2021-05-28,127.99596901957679,128.3692853343417,97.63023186701673,101.057079139204,142.88696281050585,123.36402931615072,168.90981123377833,100.61625770683473,103.16803294647421,119.76930055372634,123.82574292681107,98.96579094040808,121.02042942694666
2021-05-31,127.34271483195315,128.2272043358228,97.59570741541825,100.90332367317289,142.25744146946656,123.9861220413941,168.90981123377833,100.61625770683473,103.16803294647421,119.76930055372634,123.82574292681107,98.96372915309682,121.28846796973005
2021-06-01,128.06659333688197,127.87204594579575,97.82013116181297,100.82644135782839,142.7180491211906,122.9812142571228,169.89013366591507,100.68454186444313,103.73530450099118,118.54944806690948,125.12550189289453,98.96166740873946,121.0923605205674
2021-06-02,128.56091376414,128.40480558397144,97.73382003281674,100.88410538550126,142.82553965075485,123.74685897863704,170.38235976854307,100.60107632253232,104.17079018745083,119.53671427768731,125.62819747896245,98.9596057073351,121.1561582105213
2021-06-03,128.84337783744192,128.60021106320517,97.37128366902351,100.7495682071418,143.43972171345848,122.57446412974413,167.8332546175853,100.59748342694938,103.48635067882266,119.03049550073135,126.13085707172405,98.95754404888287,121.4614482304583
2021-06-04,129.6378308657977,128.35153991161692,97.63023186701673,100.9417602485162,143.82355041549383,123.29225331801527,169.0986939061819,100.63183850063686,104.16334938968276,119.71487886953129,126.34370659568867,98.95548243338185,121.09993575987939
2021-06-07,130.04392483979234,129.0263805483115,97.76835929541978,101.09552487920523,144.40703740992404,122.9812142571228,169.8486975464617,100.6900668948577,104.75245923933572,119.4202197119397,126.84632815318734,98.95342086083116,121.18099576415887
2021-06-08,130.14988621268924,128.51133692868046,97.94100376991905,101.26849863290796,144.62196893424627,122.78980672760883,170.77039770863672,100.7563803414325,104.46329083476398,119.6440871821444,127.34889008249779,98.95135933122988,121.12978341433013
2021-06-09,131.59752703683102,128.65341792719937,98.09638601861906,101.42225409893908,145.25149027528556,122.57446412974413,170.35193548769666,100.63301795783907,105.11823816971891,120.5772309688268,127.63412049483624,98.94929784457715,121.34164235235849
2021-06-10,131.63283919548363,128.6179270817498,98.28627790791302,101.24928034523633,144.57593458763716,122.57446412974413,171.47971046845524,100.72921085891777,105.13227877018994,120.16644191846812,126.76028098587695,98.94723640087206,121.33283410556675
2021-06-11,132.12712642682283,128.63571661074482,98.66609130851003,101.38381752359578,145.06727033083882,122.16772130409468,172.28095227959764,100.86533119879984,105.37348478686846,119.89258185356142,127.91470247483043,98.9451750001137,121.21455841054656
2021-06-14,132.35668450449364,129.57695911966235,98.76968687981233,101.24928034523633,145.051898029299,121.23459681968802,172.97914110270125,100.65218358039974,105.68148303354094,119.85511764157286,127.9825621263171,98.9431136423012,121.12911116015697
2021-06-15,133.09822323823866,129.48817319767812,98.83874318851159,101.40303581126744,145.98851865749117,121.01925422182332,171.42695118620762,100.5887058620508,106.07852230094237,120.75078443712965,126.23970965626063,98.94105232743364,121.05030397344336
2021-06-16,133.57484194178198,129.8078407422556,98.26903049311832,101.46069067428239,146.1574158352043,120.92355045706636,171.3865656453118,100.68486692517654,105.22857555952567,119.11666250352948,126.95945299031177,98.93899105551014,121.10108876094831
2021-06-17,133.73371760928967,130.97996487376636,98.49345423951304,101.09552487920523,145.92711200934227,117.59779534508921,172.1017805997745,100.68127103707205,104.66819302412047,117.49095535393408,125.43401066864234,98.93692982652983,121.02004283980192
2021-06-18,133.08047172064573,131.58380911747176,98.38988088471758,101.46069067428239,144.80622190189715,118.62662359425285,172.31898638855264,100.66969364940996,102.37114865429666,116.53714807269084,122.96720126499336,98.93486864049177,121.03015064622215
2021-06-21,133.61012090451575,130.37615003424116,98.70063797661534,101.42225409893908,145.48182712435175,118.69840689411748,172.72498598310062,100.59427579853894,103.70335536689097,117.80184338187416,124.99052405900545,98.93280749739509,120.96630244131245
2021-06-22,133.68078671671947,131.7081446932659,98.2517608618168,101.23006205756468,145.92711200934227,118.41128829811734,173.19973291815947,100.78422139856906,103.05400067495422,118.27449565067631,125.05848438067157,98.93074639723889,120.75304023334188
2021-06-23,132.56854085844978,132.1699373426325,98.38988088471758,101.17239802989182,145.80429871304446,118.75822265980673,174.65332552579545,100.66491512241682,102.2933874298781,118.042206965674,124.90921008139995,98.92868534002228,120.86149133451283
2021-06-24,133.82201045439072,132.41854968586046,98.92506912851235,101.38381752359578,146.74086980643034,118.36344006660345,176.0725281032976,100.71320748823136,103.04663960632323,119.05382343052109,125.7012645653502,98.92662432574436,120.69260707915942
2021-06-25,133.83965408524745,132.48963429139013,98.66609130851003,101.28771692057963,146.11134846539107,118.33951229998189,175.99750117946812,100.70961058796392,103.28783246201043,118.86299045076099,124.90028797403842,98.92456335440424,120.91888420975327
2021-06-28,133.92789713647025,133.19999517771447,98.85600541431081,101.23006205756468,146.24955057483078,118.45914383136042,175.87093109149595,100.67210155990284,102.39373041299402,118.05444580662076,125.11305720116744,98.92250242600102,120.7331543815266
2021-06-29,134.28101872299615,133.25329025424912,98.26903049311832,101.42225409893908,146.61805651013256,117.2987165166429,176.27685344271796,100.65250854447272,101.36614554607755,118.11240426771145,124.02250146814518,98.9204415405338,120.85480515408113
2021-06-30,133.48657399362008,133.43089150239777,98.87327504561235,101.49913641428358,145.43574324293644,118.18399276953566,175.08568906118248,100.63892286393741,101.00638375681501,118.11649161686128,124.23528647417834,98.91838069800171,120.93837143112307
2021-07-01,133.59249387161844,133.69727867253064,98.6315816679161,101.46069067428239,145.57394535237614,118.61466336180666,175.28394045447843,100.6653195478029,101.8040686605159,118.99110373893475,125.02751794521136,98.91631989840383,121.17053878220369
2021-07-02,133.76903806692198,134.31885363687073,98.87327504561235,101.55679127729853,146.24955057483078,119.14104502056387,175.1402123547748,100.59187892138017,102.42362381842906,119.89883010680822,126.49832582010936,98.91425914173927,121.16221256402473
2021-07-05,133.6984303475762,134.40766896303512,98.70063797661534,101.40303581126744,146.41843124094186,119.63153137852412,175.1402123547748,100.59187892138017,102.42362381842906,119.89883010680822,126.49832582010936,98.91219842800714,121.41730287256041
2021-07-06,133.71607397843295,134.08798671636757,99.23581881490784,101.78742905867415,146.5412775604438,120.73214292755239,175.01372496033687,100.65812929450286,103.08766367285196,118.5722377751187,126.42003692998894,98.91013775720656,121.5735437240242
2021-07-07,134.88130052315108,134.7965686497924,99.73649741810866,101.86431137401868,147.7849479409826,121.04318198844486,173.61606059821162,100.66453345995063,103.35103784464945,118.24883699876165,125.30914861706582,98.90807712933662,121.33933980420169
2021-07-08,133.29241106439892,134.3153251352519,99.99546042710642,102.15260401840922,145.75819832002705,119.03337372163149,172.16689970364365,100.75078331201644,102.52392507082232,117.29956261243053,124.4933794155516,98.90601654439641,121.33390310009717
2021-07-09,133.83965408524745,133.60228846853326,99.80555372680791,101.74899248333087,146.52595479371024,119.75116290990265,174.05020166257398,100.7471850697553,103.25463671020823,118.34815555471666,126.11147445545458,98.90395600238507,121.00527509315778
2021-07-12,134.8282949397635,134.3153251352519,99.66744851491168,101.94118452470526,148.16882617782417,119.67938691176722,173.61459540959862,100.59784942200554,103.47349310865835,119.15212154949835,127.28693846163736,98.90189550330169,121.27543231082538
2021-07-13,134.8636070984161,134.7252782150016,99.49479663491014,101.86431137401868,148.01530130165088,120.32539280017372,172.7667658593027,100.78189490611614,102.44618851778947,118.53448043670174,126.39746258332485,98.89983504714537,121.24140568821001
2021-07-14,134.49286677797258,134.11916984942414,99.39120846911014,101.80664734634581,147.46254239869822,120.87570222555246,170.6136763745473,100.80621908413032,102.33126074980221,118.68360159775011,125.72920987427463,98.89777463391522,121.66847829328644
2021-07-15,133.83965408524745,133.65574526805878,99.78829150100866,102.17182230608088,147.37039114746966,121.23459681968802,169.35392768117114,100.87247307619293,102.06059763354165,117.99556814835066,125.13481653734466,98.89571426361033,121.5732970579366
2021-07-16,134.17506564907896,133.54881696691766,99.68470333520865,102.17182230608088,146.940478564019,120.66035962768775,168.04260722136283,100.78907961850834,102.0346945029422,117.76756002769821,124.3929538094016,98.89365393622984,121.69417919196155
2021-07-19,132.72742482493717,130.09067955118635,100.27169306740569,102.32557777211197,144.62196893424627,120.15791303728132,167.79614214183974,100.72559830193232,99.82838351500449,114.57262784532088,122.69259394807015,98.89159365177284,121.7181489928748
2021-07-20,133.54150494029963,132.65753216008693,100.58467180998547,102.63309786883212,145.97314635595134,120.6842873943093,170.50345581814298,100.83174505784922,99.95831785121835,115.57957787795303,124.82647690491618,98.88953341023841,121.93767703259823
2021-07-21,134.46171240815312,133.37056882680557,99.97611725516835,102.15260401840922,147.7849479409826,119.87079444128116,172.78986865044823,100.7582901133173,100.5554453150545,117.6513892829405,125.41189643405804,98.8874732116257,122.10819101086328
2021-07-22,134.2843549128383,133.94098051767236,101.16692942622983,102.17182230608088,148.06135215986203,119.91864997452426,172.5003007181795,100.7447347270183,100.97452031408775,118.16508644287713,125.03873194426518,98.8854130559338,122.39290268717806
2021-07-23,135.79217163883436,135.65221559027273,101.09687337472369,102.44089666279979,148.92117732676337,120.06220197079513,172.88914539299586,100.70121488380612,101.50481626042622,118.80307521850004,124.96055306760496,98.88335294316178,122.59609990420819
2021-07-26,134.9052347806256,134.90355575929385,101.06186015997514,102.32557777211197,148.26096091745066,119.32049231763165,172.5567147924552,100.67761992359159,102.10182446480609,118.90241558155302,125.69329036585384,98.88129287330881,122.78063365341471
2021-07-27,134.55040360428006,134.38663027213275,100.78166557595961,102.34479605978363,147.53933785998905,119.1649654854562,170.352903116991,100.74389684172658,102.12042067477734,118.13171899035146,125.54139721154753,98.87923284637394,122.76679518776218
2021-07-28,135.04706434381544,134.5648490080647,101.11440960410702,102.49856069047266,148.15350341109058,119.2128210186993,172.66456738268346,100.74029884541078,102.47267359344072,118.70749895779996,126.2740612326442,98.8771728623563,122.92511630553098
2021-07-29,135.04706434381544,134.1548665241348,100.95679089372045,102.30635948444034,148.3684349354128,119.96649820603815,172.45230856221903,100.73468124135567,102.73591711107379,118.8275373660531,125.31127464849301,98.87511292125501,123.01677155374581
2021-07-30,135.7211904654018,133.6914125385893,101.27200609798679,102.5946521288309,148.73692435911246,119.60760361190256,171.6736827478374,100.7630248969939,102.04274867221108,118.90198557094548,125.01194002288463,98.87305302306915,122.93501857682084
2021-08-02,136.23557782559098,133.6914125385893,101.37706055323694,102.55621555348759,149.48932504285793,118.82999865794217,172.06089854729794,100.71946509627874,102.08359318077109,118.71548499658286,125.15491734882556,98.87099316779782,122.84622553191986
2021-08-03,136.11146658407523,133.424010924241,101.63974112437593,102.7099710195187,149.64284991903122,118.5189595970497,171.8487139481106,100.75584680839891,102.45803530342835,118.66980545723167,124.19223829754796,98.86893335544016,122.83664375694543
2021-08-04,136.27113895363476,134.19050439048516,101.44712401024536,102.84450819787816,150.77902977000576,118.80607089132063,171.65356341566988,100.73224532472275,101.87615026947606,117.32356789439555,123.74559105813512,98.86687358599525,123.0465850701485
2021-08-05,136.4839496902572,134.52924054589448,101.70980458138436,102.55621555348759,150.7022673319191,118.39932806567117,173.46804715982904,100.78855907764448,102.69534512691594,117.67142111832298,125.28889871266446,98.8648138594622,123.1452557402543
2021-08-06,136.14696132028138,135.61656302183232,101.37706055323694,102.46011495047145,150.16491375371047,116.73644685881798,172.5171897478208,100.81491408359548,102.78063269190862,116.6193478310519,125.9477241447007,98.86275417584012,123.04297682386911
2021-08-09,137.33547480205686,136.1334885089934,101.44712401024536,102.19104059375252,150.65624949691212,115.30086848227572,172.7343308397455,100.76141652403314,102.17654278283774,114.96683811256662,125.86951813641446,98.86069453512812,122.82732467358217
2021-08-10,137.90305862216687,136.7573864035659,101.48212981949163,102.42167837512814,151.00938313067405,115.40853978120806,171.9210450215211,100.82963681382888,102.06171981090999,115.77445588101676,126.97043621074144,98.8586349373253,122.68012725552965
2021-08-11,138.25786490157327,137.0426069510894,101.3420473384884,102.09493999073635,151.62354868177562,116.6527033265072,172.08662383722094,100.8140934764701,102.88079055573849,115.7661834448458,127.11328321616296,98.85657538243078,122.71863849262807
2021-08-12,138.54165681162826,137.30997916125753,101.37706055323694,102.3640235121132,152.39125562065254,116.96374968912889,171.85719940981522,100.79053247314565,102.65476477387985,116.15131019142572,127.77193728453062,98.85451587044363,122.6521046528212
2021-08-13,138.86101814870676,137.75562891571792,101.37706055323694,102.32557777211197,152.2837816026904,117.68153887740003,171.12986955462785,100.80689259824148,102.96237157583153,116.28382477429125,128.4305678652447,98.852456401363,122.80294691845934
2021-08-16,138.22237846434683,135.56304741394646,101.42960259186655,102.51777897814432,152.00739389541303,118.02846593736022,169.32081164567563,100.79331281494647,103.35889251303712,117.08299461616318,127.83651732274326,98.85039697518798,122.52942574683404
2021-08-17,139.10936511643385,135.93743613779623,100.90425626059312,102.32557777211197,152.3144766709638,118.01650570491404,168.43895895662627,100.76971642134085,102.33249574982352,115.5177536625856,127.16879342741296,98.84833759191766,122.36389781635792
2021-08-18,139.96084873333504,135.67003452344792,100.88673484221428,102.51777897814432,153.43536677840893,118.39932806567117,167.91789435273387,100.76611750289726,102.35110052575558,113.93194064074976,126.20643006989542,98.84627825155115,122.23249020398912
2021-08-19,138.25786490157327,133.76268827129002,101.2019574519829,102.44089666279979,151.2089753766606,118.4711040638066,166.89886402756184,100.83239668902375,101.52488584505575,114.58204347299711,122.66552140533487,98.84421895408758,122.03963360639585
2021-08-20,138.6304226985726,135.43832958381032,101.28952011086334,102.63309786883212,152.26844232435474,118.38736053149579,168.2492364351515,100.7689364285415,102.25485633430272,115.17416570890815,125.16601116446327,98.84215969952604,121.90086502816952
2021-08-23,139.25126937044107,136.1869894147892,101.1844360336041,102.61387958116046,152.79048964743188,119.09318948732077,170.44077333056777,100.78529304820898,102.82915191790242,116.36654267823205,125.6035358044547,98.84010048786563,121.83889798353368
2021-08-24,138.7367824224954,136.0265308036721,101.16692942622983,102.5946521288309,152.3452047624414,119.15300525301002,172.47768471878172,100.79168053836483,103.06999421966314,116.0808676235254,126.04107627328662,98.83804131910546,121.66791384912487
2021-08-25,137.99176641625326,136.79305367409643,100.86921342383548,102.3640235121132,152.0227331737487,118.19595300198185,173.432849863215,100.81799283170166,103.35530078253818,116.39549985862946,127.06788957074741,98.83598219324463,121.45776170600024
2021-08-26,138.6304226985726,137.0426069510894,100.53649901769714,102.05650341539308,152.42198371213013,119.10514971976693,172.49965856048027,100.79444838181242,102.66255812075377,115.92769618133374,126.25308245650544,98.83392311028227,121.29918735958366
2021-08-27,139.16256987533438,137.1317310211454,100.71161692995571,101.99884855237813,153.3738940838517,119.28459701683471,174.51902532354103,100.80083447506894,103.79243662604847,116.60656077572553,127.27980278593101,98.83186407021748,121.36164048282139
2021-08-30,139.46408840604317,137.41692216448877,100.72912353733,102.21025888142417,153.6579596860979,119.84686667465962,174.82182557129292,100.8869990790809,103.65536812767189,116.76798809238664,126.3913657097493,98.82980507304934,121.56602578033737
2021-08-31,138.86101814870676,138.09433566694707,100.67659630970492,102.4024600874565,152.69835490780542,119.67938691176722,174.9185740184313,100.7936345411837,103.36274923823947,115.66693480862185,126.46050571461626,98.827746118777,121.34325086909013
2021-09-01,139.2867558076675,138.3973310413755,100.30884647231125,102.03728512772143,153.32785973724262,119.91864997452426,176.24497799083133,100.8199605519164,104.60359191247936,118.4401179447818,126.60328018082497,98.82568720739951,121.47307865483354
2021-09-02,139.3576622902827,138.9142712306267,100.60654025819875,102.15260401840922,153.54282428476898,119.87079444128116,176.78824597588076,100.80638493406148,105.48876646295959,116.67681864406072,127.482578725609,98.82362833891602,121.45525259657641
2021-09-03,138.52393019097445,138.7538714278699,100.67659630970492,102.03728512772143,152.83654050564303,121.06710975506641,177.43441028647277,100.80278470602812,105.01831938794656,117.08242062758268,127.69894053221698,98.82156951332563,121.84159103327869
2021-09-06,139.3576622902827,139.8055560374574,100.20376980055428,101.94118452470526,153.81155060867957,120.77999115906628,177.43441028647277,100.80278470602812,105.01831938794656,117.08242062758268,127.69894053221698,98.81951073062743,122.1365857718153
2021-09-07,138.7367824224954,139.00342470486288,99.73093588590135,101.99884855237813,153.25111381075806,119.2128210186993,176.99879211240525,100.7892199770962,104.32572851009418,117.20651044285013,126.22152188504052,98.81745199082054,122.60297268088097
2021-09-08,136.89198562550322,139.00342470486288,99.71342927852709,101.8450839216891,151.17829681998927,119.14104502056387,175.46427387778203,100.77563696324849,104.81085776326553,116.82572860511537,126.511577282913,98.81539329390407,122.75064717971185
2021-09-09,136.35981355180232,138.48648451561172,100.34385968705976,102.13338573073759,151.13221293857396,118.9974857225638,175.3549762111308,100.83191696233425,104.40715900414585,117.21056446001894,126.72795003951202,98.8133346398771,122.6874724617887
2021-09-10,135.82761658116226,138.27253970078894,100.15122776192464,102.15260401840922,150.64584718759946,118.9974857225638,174.43871445155773,100.79835820266989,103.20358698962497,115.46417283727352,126.35525794200161,98.81127602873877,122.58628207600641
2021-09-13,135.93407589284158,138.14779246647262,100.1162219526784,102.19104059375252,150.92824511803525,119.45208408145633,174.12344390845317,100.78478549361634,104.39970098493032,116.32905311018426,126.35074525421798,98.80921746048817,122.40824528841814
2021-09-14,136.3420620342094,138.37951210820032,100.18626319318,102.05650341539308,151.99507624025867,120.20576126879521,173.53350615580013,100.77122318678452,103.24066606140883,116.21318705397626,126.19898389622037,98.80715893512442,122.39007592928854
2021-09-15,134.9406797229535,136.84742200320682,100.01114528092143,102.17182230608088,150.8811705404949,119.15300525301002,174.2997936297987,100.76762421452787,103.74796152077093,116.9165969033999,127.6670185619832,98.8051004526466,122.5800014701162
2021-09-16,135.5793111083337,139.048560121404,99.71342927852709,102.01806684004977,152.1206139509003,117.35853228233218,174.86012303019783,100.76402537080594,102.85562195427704,117.36341272164586,126.63173150019517,98.80304201305383,122.50294909334447
2021-09-17,134.5326769836263,139.13806644580205,99.31065141538032,101.94118452470526,150.45759841224435,118.0404334715356,175.05991128097514,100.76042665561414,101.96334626817749,115.68768820019957,125.89096108022191,98.80098361634523,122.49251425153082
2021-09-20,132.59908940275065,136.00637423817446,99.80099193740752,101.88352966169032,147.38251066339902,118.41128829811734,172.82209078954992,100.76678949593165,101.18218731521829,114.83540847547653,123.89871903784677,98.79892526251989,122.49433587511503
2021-09-21,133.59252706753725,136.90108463199346,99.71342927852709,102.01806684004977,148.6533426293653,118.9974857225638,173.12486232343224,100.7631906820211,101.77833970753937,114.6575480366708,125.21943746052683,98.79686695157692,122.78127459360519
2021-09-22,133.9472918520451,136.27477559464808,100.02863707729115,102.05650341539308,149.2181384902369,118.38736053149579,174.93814144190654,100.7875240606458,102.52993598183173,115.64220470416625,126.61364103614723,98.79480868351543,122.84567259269923
2021-09-23,134.99390937879315,137.11589687013085,99.48579154414571,101.80664734634581,150.97530318397352,116.89196638926424,176.33937539244516,100.76596335825268,103.19264782278663,115.78700045975903,126.90354318729989,98.79275045833451,122.91623414037602
2021-09-24,133.55709042418906,137.04426828726827,99.08299146449212,101.42225409893908,149.02985669167762,117.14319698619666,176.29876260376446,100.7963069677533,102.94461995985358,115.79527525327538,127.11982699347332,98.79069227603328,123.06926141146437
2021-09-27,131.80088523556736,137.83169752978424,98.9604081853609,101.57600956497019,146.72358215904885,117.19104521771055,176.03499882888912,100.78871177041273,103.22969418606043,115.22443099906377,127.11528699965213,98.78863413661087,123.01589400144113
2021-09-28,129.47701323703862,137.47377514682242,98.9253875651101,100.98020598851743,143.71130454452953,116.61681532743948,172.32161918257498,100.79510013991026,101.96006529090369,114.09933738105649,126.59555428574609,98.78657604006635,122.84838499221094
2021-09-29,130.73656598510465,136.06002216487101,99.15304011049602,101.36459923592413,144.3702330488797,116.66467086068258,171.04549093996238,100.78151270523652,101.93421687603875,114.98456760545332,127.17983238979555,98.78451798639884,122.83635560717501
2021-09-30,130.7543175026976,136.27477559464808,98.69771280321736,101.01864256386071,144.40162160444063,118.74625512563138,171.1595206179814,100.7978687570035,101.93057636829315,115.42302618689979,126.21851791785119,98.78245997560747,122.98715041627813
2021-10-01,130.1511642555641,134.12730010523757,99.3807000613842,101.38381752359578,143.57013034671476,118.07632147060332,172.69882884038506,100.83818250639428,102.59313722027818,115.10043277064091,127.34852185777872,98.78040200769131,123.09967970346798
2021-10-04,129.84959593097705,134.07362277436084,99.10051288287094,101.28771692057963,142.47186113412417,117.84901864029243,170.04841492983203,100.83458114273334,103.47772634315484,114.36841867864844,127.49422468810766,98.77834408264947,123.1144704658686
2021-10-05,130.38180120059678,134.69993181170622,98.82030348785086,100.9417602485162,143.0680455505567,117.78920287460318,171.0553471772825,100.77709274339126,103.45182688658208,115.05499048467183,128.31609300299118,98.77628620048108,123.00889717446661
2021-10-06,129.93829542608373,133.32200782327618,98.69771280321736,100.88410538550126,142.26789331358546,117.8250981754001,171.22091615941412,100.78745460669029,103.4259389725035,115.00537639655086,128.91253040588225,98.77422836118524,122.93428564204227
2021-10-07,131.83633847687497,135.32631435950196,98.61017976634604,100.99942427618906,144.15059571796368,117.76528240971082,173.41240071376555,100.78385505474006,103.66646979805516,114.8937680638781,128.38205689449484,98.77217056476104,122.58571816095511
2021-10-08,131.65895608462102,135.68420733828364,98.43505444858519,100.57658528878113,143.72699056650896,117.76528240971082,172.18723446240716,100.81023008085887,103.90702262605554,115.6588015850429,129.42916130725118,98.77011281120761,122.35828247423851
2021-10-11,131.9605244092081,135.34420680312755,97.94473614306483,100.63424931645399,143.58581636869417,117.69349910984619,171.37423071796283,100.76465551870743,102.63775644206447,116.0475266222802,129.19921424342544,98.76805510052404,122.4212094142814
2021-10-12,131.9782510298619,135.21894499565846,97.85715867317985,100.51893042576619,143.93095838704764,118.38736053149579,172.6041380619197,100.74311352466343,103.43335425559523,115.53476651311603,129.64523305064998,98.76599743270945,122.44483815142753
2021-10-13,132.7410517496158,135.07576134038368,98.31244895294714,100.7495682071418,145.01349204285256,119.87079444128116,174.0914365320544,100.73951555632323,104.45089580989595,115.85316247804558,130.46689509270894,98.76393980776294,122.25625534082027
2021-10-14,133.71667980395154,135.41576187553974,98.82030348785086,100.90332367317289,146.06465365469865,119.70330737665955,175.18376985051032,100.72590536857187,105.62377251615817,116.79172760237564,130.46223556074133,98.7618822256836,122.30987834381455
2021-10-15,134.46172900611253,137.43801966375145,98.52259489095879,100.80722307015675,146.7706567365892,118.24380853522494,175.45222131866322,100.72230801480868,105.95297251031657,117.74674918402906,130.607790810323,98.75982468647057,122.3843827820836
2021-10-18,134.5326769836263,137.63486594781287,98.31244895294714,100.61503102878233,147.03736864504555,118.14809746873874,175.8235241873568,100.74868836917328,105.21666770038858,116.99836624959418,130.9035447593647,98.75776719012292,122.31162662550517
2021-10-19,133.9472918520451,138.79800710228568,98.10231782594003,100.49971213809452,147.39822970858262,117.98061770584634,176.5724473950406,100.72512496765766,106.38936184109158,117.89544083954146,131.4245538480107,98.7557097366398,122.34385124931467
2021-10-20,134.99390937879315,139.012804638333,98.31244895294714,100.69190417946893,147.85315736918994,118.5189595970497,176.72055841007023,100.78143075683366,107.38444101746514,118.30050967266514,131.72028079510696,98.75365232602029,122.37637383789497
2021-10-21,135.01161940148754,138.4938208585609,98.01474776155735,100.42282982275002,147.1785428428603,118.00454547246788,177.41788964550352,100.77783142002093,106.42617072357493,118.72621161779095,131.9408604237345,98.7515949582635,122.47997163068783
2021-10-22,135.40189552016096,139.2454211075555,97.90968590080492,100.59581274111069,147.61786703949863,118.87785419118526,175.6953836675221,100.77023004097558,106.7109054375457,118.55662577212203,132.16144769943273,98.74953763336852,122.45914939734391
2021-10-25,134.95841464258703,139.2454211075555,98.0673046111915,100.55736700110947,147.3197830870834,119.9904259726597,176.4270360729427,100.78057611766428,106.26321972178472,119.00295943532603,132.00653337000094,98.74748035133449,122.13881415987014
2021-10-26,135.98722255888416,140.58758961291454,98.34748438420249,100.65346760412564,147.77474377089493,118.88981442363142,175.39111928340805,100.767034180796,106.34818259819019,119.05655932405415,131.85162994340806,98.7454231121605,122.19510959605154
2021-10-27,135.52606485453464,139.58546574898182,98.62767156271576,100.92254196084455,147.42958524093936,118.93766995687454,173.78898829995128,100.81331864793741,105.92270329807323,118.37859573456883,131.47152099903033,98.74336591584566,122.33663092360271
2021-10-28,136.18239796362957,139.37068291502456,98.452575866964,100.80722307015675,148.08853025689163,118.91374219025299,175.7217512962152,100.83763386271288,106.62907094025473,118.32887802812363,132.3677885472734,98.74130876238908,122.29306495559942
2021-10-29,135.82761658116226,139.71071285436082,97.68204076092128,100.73034991947014,147.30406404189984,117.33460451571062,175.7412230622513,100.81607849052128,106.00391530517052,120.14321582240267,131.91258973731394,98.73925165178986,122.40702706611977
2021-11-01,137.05160820118454,140.05072809160697,97.99725596518762,100.69190417946893,148.05712518972862,117.84901864029243,177.61320011759665,100.80648072112584,107.02087227341165,120.32490311771052,131.6826509505258,98.73719458404712,122.30573561303233
2021-11-02,138.04502926801175,140.48020554698098,98.75028446385608,100.82644135782839,148.9514265817805,118.08828170304947,176.7485139023559,100.84085818600784,106.48453819917742,119.88255410508467,131.00228930290314,98.73513755915995,122.24999355544975
2021-11-03,138.7545754349869,140.0328209458913,98.82030348785086,100.78800478248509,149.78295086271055,116.16221696854691,176.70779885605864,100.84323439567136,106.32539533176015,118.99386668081647,130.84745396269798,98.73308057712747,122.44801361040385
2021-11-04,139.49962463714786,141.16026542565345,98.71523422159618,101.01864256386071,151.21062653686897,118.207913234428,176.9761348700992,100.81363187542198,106.36597080800053,118.01847321800997,130.99293215746525,98.73102363794877,122.60810951906677
2021-11-05,138.54165681162826,142.48452678529685,99.46825531476236,101.30693520825128,149.830041951853,119.63153137852412,178.06839362995046,100.8200380171368,107.38278879370765,119.72918360833744,132.0391931503696,98.72896674162297,122.65846318061193
2021-11-08,138.87870327446203,142.26977335551976,99.5207899478897,101.36459923592413,150.5046564781826,120.39717610003837,179.07481331614042,100.88635707646357,107.15706613852305,119.46459557953328,133.01032099486005,98.72690988814918,122.78858163548492
2021-11-09,139.16256987533438,142.14448214387053,99.74844989877789,101.6144553049714,151.19499004969578,120.44502433155225,179.10266308374162,100.85277444048147,106.82047857418404,120.31978408607098,131.95468225908306,98.7248530775265,122.90119648857596
2021-11-10,139.39319852138738,141.7150193905866,99.39820666875848,101.32615349592291,150.36344925716367,122.81372719250119,176.4016221829961,100.8292187261134,106.28422652681874,119.9642646265295,131.7998396773177,98.72279630975406,122.87797832730378
2021-11-11,139.49962463714786,142.32345068639646,98.80279688047659,101.03786085153237,151.21062653686897,123.79471451188013,177.0475513076412,100.83560378792771,105.59271600298203,119.939329099012,132.3956071815389,98.72073958483092,122.9221199145781
2021-11-12,140.3688099777637,142.69925081089377,98.9253875651101,101.13396145454851,151.85390204244388,123.8425554416648,177.7791677194595,100.85198356042659,105.81078093145149,120.14162511005917,132.24080664645544,98.71868290275624,123.24814999756481
2021-11-15,140.42213922135986,142.9856034193533,98.57515914609523,101.01864256386071,151.83823253206657,123.8425554416648,177.60120505084305,100.80844968147207,106.09537273429387,120.59176709312001,131.48554986640343,98.7166262635291,123.29521234550609
2021-11-16,140.7413345788442,144.0951260513097,98.3299851823305,100.99942427618906,151.71269482142495,124.51250370015129,177.95526486164368,100.80484937969771,105.13778188421364,121.18650589416123,131.55587286485385,98.7145696671486,122.98587610999823
2021-11-17,140.9719300289784,144.0951260513097,98.5926657534695,100.69190417946893,151.61856217794636,125.15850228682856,175.99257684504323,100.80124920650559,104.95656338736916,119.48430489335107,131.17594025240342,98.71251311361387,122.74500370841139
2021-11-18,140.45755926674863,143.71932592681242,98.9253875651101,100.90332367317289,151.5715041120081,124.58427969828672,174.44193671538508,100.80761439360808,104.81971465804243,120.20707368529433,131.24631602590037,98.71045660292398,122.70912680567412
2021-11-19,140.29785370127027,143.7908957013147,99.34569425213795,101.17239802989182,151.28908966997022,124.22538510415113,173.4576109758333,100.81601206126771,103.3299683874039,118.50913487270994,130.19105276930628,98.7084001350781,122.90620552733236
2021-11-22,139.65929700670742,144.86464814811004,99.36319345400995,100.82644135782839,151.11652691659455,121.95238600795916,171.04912227352688,100.81039758737671,103.14885320405742,119.56236222769925,130.4865652285745,98.70634371007527,123.06868171579646
2021-11-23,137.72565963195353,143.11086522682237,99.01295762949279,100.51893042576619,148.3395561433686,120.15791303728132,169.7390662143828,100.80679721603427,103.72178673521853,120.87572426217655,130.78204466914858,98.70428732791464,123.2898969644988
2021-11-24,137.81436742603992,143.71932592681242,98.68021360134537,100.44204811042165,148.08853025689163,120.80391892568782,171.27718188103145,100.84312855733431,104.18380284634117,120.5409873435713,130.92745014086577,98.7022309885953,123.22729054488902
2021-11-25,138.54165681162826,144.36355681196352,98.87284552648048,100.73034991947014,148.96711260375994,120.92355045706636,171.27718188103145,100.84312855733431,104.18380284634117,120.5409873435713,130.92745014086577,98.70017469211638,123.3502098658738
2021-11-26,135.7035053396465,138.63698981174562,99.71342927852709,101.15317974222017,146.2999770075941,119.63153137852412,168.02846873711042,100.74371944983804,101.60763309258753,115.559732548751,129.34713557060144,98.69811843847694,123.39899500022051
2021-11-29,136.20016607918188,139.9254515820478,99.41573549263956,100.96097853618784,146.3470680967365,119.10514971976693,168.94879209457903,100.81597077976075,101.80359694121108,115.1632807791088,129.56757894657204,98.69606222767614,123.48947198130107
2021-11-30,135.20682800215175,138.923313016025,99.71342927852709,101.49913641428358,145.78225572426285,118.50699206287432,166.6954171934415,100.78241518693962,100.55817049558036,117.20347412635488,128.6626731250495,98.69400605971306,123.27408480068607
2021-12-01,136.35981355180232,138.6727452948166,99.88855459628793,101.07629742687566,146.3156795411756,118.48307159798198,162.58140188018956,100.81081186531856,99.75632454734058,113.66830210679193,127.53272636498633,98.6919499345868,123.11942346820753
2021-12-02,135.2244965299476,137.56323736495028,100.22127640792853,101.19161631756346,145.86068583415994,117.45423604708914,163.4340993221157,100.757239116169,100.70619661571976,113.65599057746732,129.40365877819679,98.6898938522965,123.15156509816461
2021-12-03,135.20682800215175,137.79591264253307,100.13371374904811,101.32615349592291,145.76655319068135,117.71742687646774,160.92592119505312,100.78362108141636,100.76912133829119,114.19701821878894,128.79891986749868,98.68783781284125,123.3435976820532
2021-12-06,137.56607025219105,138.52959104372195,100.41390833306365,101.5375729896269,147.90024845833236,118.91374219025299,161.6872782192957,100.71807830073216,102.65010640642411,114.2755184869358,129.84451994523997,98.68578181622014,123.63684285138028
2021-12-07,139.3044658303619,141.6971416490511,100.30884647231125,101.34537178359457,150.5360450337435,119.39226831576708,165.07852246790213,100.67649790454169,103.71061870681744,115.98507476899653,130.51495034362932,98.6837258624323,123.53716588967623
2021-12-08,140.1027280904031,141.75081897992783,100.20376980055428,101.057079139204,151.21062653686897,118.71036712656364,167.1728697465643,100.79079810542098,103.88427972345656,116.33189432734325,130.360296374306,98.68166995147683,123.37432590350461
2021-12-09,140.29785370127027,141.6311439666886,100.5189924103229,101.2108346052351,151.0694523390542,118.87785419118526,164.39106588491143,100.69930208643937,102.99381558661331,115.77033281255228,129.90559622282464,98.67961408335285,123.49041783734502
2021-12-10,139.96084873333504,140.94887877450435,100.60654025819875,101.30693520825128,150.45759841224435,118.62662359425285,163.69123497785583,100.76562528604558,103.30047916155615,115.78685618535528,130.27598816165082,98.67755825805943,123.53745404431302
2021-12-13,139.5705477177225,141.8466325009696,100.57152704345023,101.38381752359578,150.61447514364062,118.97355795594224,162.09661750444008,100.78201237003246,102.65627697566715,115.8033565201464,129.07131056567377,98.67550247559572,123.69111128607535
2021-12-14,137.88533200151306,139.20719567335132,100.50148580294862,101.32615349592291,149.02985669167762,118.32754476580654,160.59355445606346,100.79837907623212,102.18234012267118,116.00564509711123,127.79175127763192,98.67344673596081,123.76969216286142
2021-12-15,139.3044658303619,139.99719778163103,100.02863707729115,101.28771692057963,149.78295086271055,118.13613723629257,161.66516011949136,100.7748137832704,103.41034350630606,116.62075319418943,128.387132931413,98.6713910391538,123.81791104936974
2021-12-16,141.7170124270582,141.93637405880895,100.2563118391839,101.15317974222017,152.54420259075292,119.67938691176722,159.36948004369677,100.78919525707033,103.27228701865403,116.65785491555849,127.4076456639057,98.66933538517382,123.63951556020653
2021-12-17,140.72357476227157,138.84808242109315,100.46645037169326,101.40303581126744,150.66150018637472,120.01435373928125,160.6654333060323,100.76761571071064,102.35053654113595,115.9230479057983,126.50322365481621,98.66727977401996,123.91113415000734
2021-12-20,139.64153719013476,136.74734487604226,100.39640913119166,101.55679127729853,149.1396918687377,119.11711725394231,159.22974823822767,100.76200433138386,102.3916657030345,115.58866722334417,125.74882777990193,98.66522420569133,124.34581681339615
2021-12-21,140.75907779745742,138.32737849678185,99.80099193740752,101.24928034523633,150.56740056610028,119.3324525500778,162.96372839633727,100.78038065105899,103.57469301590993,116.33578015035701,127.54399787616661,98.66316868018706,124.31924206772946
2021-12-22,141.43313752720613,140.64360457611374,99.48579154414571,100.96097853618784,151.28908966997022,119.27263678438855,163.59951189026378,100.7368387052122,104.46658186581972,115.34514154158396,128.88908224847032,98.66111319750621,123.99426940874582
2021-12-23,142.01853095776698,141.73891028696423,98.75028446385608,100.80722307015675,152.9991962977686,119.79901844314573,164.32689555428084,100.7632254867483,104.88823424504989,116.2325260135473,130.38407518699213,98.65905775764793,123.92573740954485
2021-12-24,142.01853095776698,141.73891028696423,98.75028446385608,100.80722307015675,152.9991962977686,119.79901844314573,164.32689555428084,100.7632254867483,104.88823424504989,116.2325260135473,130.38407518699213,98.65700236061132,123.66017162070165
2021-12-27,143.0119686225536,142.02615972291852,99.13552609761948,101.07629742687566,153.70518286805702,119.89472220790272,164.66926801899388,100.72766924336918,105.55613152210601,117.29734732780086,131.0541848193823,98.65494700639546,124.17003372849638
2021-12-28,144.18268909183766,143.6421546559902,98.9078661467313,100.9417602485162,154.78773303546402,119.70330737665955,163.50864201234805,100.76605097882035,105.9553411742387,119.06372356724798,131.4243767876823,98.6528916949995,124.16520085808176
2021-12-29,143.810197686676,142.42119018123856,98.43505444858519,100.90332367317289,154.59945123690474,118.79411065887446,163.06293496835738,100.75242981193249,106.24257983486542,116.58327128035924,131.35079778630313,98.65083642642252,124.23958943667375
2021-12-30,143.24254747472835,143.26507544965608,98.87284552648048,100.7495682071418,154.47397957267148,119.52386007959177,164.24847207446442,100.74883151086777,106.26117706041317,117.79631326343065,131.34610668638223,98.64878120066362,124.03490761303087
2021-12-31,143.24254747472835,143.26507544965608,98.87284552648048,100.7495682071418,154.47397957267148,119.52386007959177,163.4362221117754,100.72526629430276,106.5259932381507,117.59608859834077,131.72411442563333,98.64672601772195,124.13684612557041
2022-01-03,143.66821874185146,142.74438622743486,98.1066944777836,100.59581274111069,154.67793088160812,119.15300525301002,163.6319624397141,100.71964753923697,107.05940184278538,118.65403076008263,132.48482711171948,98.64467087759657,124.33282872485843
2022-01-04,143.4022032463285,143.12143602958884,98.26432059367247,100.43820811875051,154.6622448596287,119.82293890803808,161.44531332059137,100.75404610447336,107.10034691125092,117.74722784822636,133.6281333912571,98.64261578028662,124.49134055081058
2022-01-05,143.26029069334157,143.1752897855465,97.93596062287088,100.13453717835945,154.53674017219123,120.54072809630922,158.69073481914512,100.73443959129787,106.15646348353975,117.50599531170351,132.2457713344998,98.6405607257912,124.51801135912616
2022-01-06,141.94754148535472,141.32588447038808,97.41933797327546,99.73092564328108,152.71681487893488,118.88981442363142,158.00710779631345,100.7428357021751,106.06314136659127,118.00317456970333,132.7002164850099,98.63850571410941,124.33972399394312
2022-01-07,141.87665160069892,141.45161674473968,97.45438821553537,99.80779879396768,152.65402125621094,118.98551818838841,157.36012899606501,100.7172435959025,106.6636304892917,118.72822701084837,133.91992528885515,98.63645074524037,124.21232080574293
2022-01-10,138.84329152805296,141.45161674473968,96.9202589585657,99.50028786190546,149.02985669167762,119.91864997452426,157.4094290849977,100.73563991366623,106.48078200484346,116.95102812008354,133.60904418163264,98.63439581918317,124.47782920794168
2022-01-11,140.43983264609483,141.32588447038808,97.11290569470535,99.69247990327986,150.39483781272457,121.01925422182332,159.34608926798336,100.76004056433152,106.81266904023308,116.92861686699074,136.20604970907192,98.63234093593694,124.60503130723852
2022-01-12,140.26236726404383,141.72092963079817,97.6382520259788,99.92311768465548,151.5558015784266,120.39717610003837,159.35870373466932,100.8164308708639,107.8382628207602,116.37300189581477,137.1194266805156,98.63028609550076,124.4551324835348
2022-01-13,139.51733465984225,141.20019630230672,97.97535048946297,99.57717017724998,149.84569495062826,119.27263678438855,156.93454930516575,100.83278137940759,107.78965401484075,115.51665049535605,135.2015894552154,98.62823129787377,124.28343152792756
2022-01-14,138.27564131610532,139.67403113961487,97.65138938701176,99.73092564328108,148.2140349443291,119.79901844314573,156.4159737726057,100.80922982568164,107.92006210524593,117.13029046948091,134.6611711032359,98.62617654305507,124.2033996072516
2022-01-17,139.65929700670742,139.97926123173522,97.44126566550693,99.32731410820271,149.24949402259364,120.01435373928125,156.4159737726057,100.80922982568164,107.92006210524593,117.13029046948091,134.6611711032359,98.62412183104375,124.26975392660052
2022-01-18,138.18691692405955,138.52487167280677,97.35321424347647,99.47722041790473,147.68062763901838,119.75116290990265,154.1021019273878,100.80562949604501,106.6184131426375,118.93061342758484,135.11541550456786,98.62206716183893,124.24662631576359
2022-01-19,137.97406469253858,138.20169032870052,97.19033022097352,99.4426238342326,147.60218101751923,121.49778034733743,153.21725936823674,100.80202929499158,106.70410079502032,118.60742318890665,134.49853618318383,98.62001253543973,124.11165413974379
2022-01-20,138.7013457791472,137.160297182168,97.99140561839165,99.48106957423381,147.53942041799945,121.78489894333755,152.71714367155192,100.89832294424808,106.14092656843476,118.92211850483629,133.040111567373,98.61795795184524,124.1028741419147
2022-01-21,136.39526679310993,133.94627327010062,98.25252362855097,99.4426238342326,144.80952422231385,120.82784669230936,150.45860319441644,100.85474812071153,105.53303331697572,117.36871075917622,130.66373581397352,98.61590341105457,124.0703124001563
2022-01-24,131.02034129720025,130.05001357002914,98.53579149600995,99.65404332793656,140.2596862217698,121.06710975506641,150.37992004451738,100.88911469604112,104.41062769332825,116.82232703296107,128.9760596640867,98.61384891306683,123.85731516942849
2022-01-25,131.69445911980688,130.6066199983122,98.45170942319803,99.72323649528084,140.99707785922126,122.62231966298722,148.57955443088514,100.83755698898625,104.27266014308832,117.99816462060582,131.3428821527019,98.61179445788115,124.12534975032305
2022-01-26,133.71667980395154,133.9822345824327,98.18173443231974,99.40418725888931,143.6014858790715,121.83275447658066,148.22620823047038,100.8839096688886,103.77678471324201,118.7228939116721,132.02663552000973,98.6097400454966,124.25204820151694
2022-01-27,134.60360006420092,134.71838293475477,98.12419367965559,99.17354947751369,144.02507451892416,120.58858362955232,146.92054257137082,100.92025321577,103.54937322644872,118.6731127206565,132.48089418515102,98.60768567591232,124.56954303858
2022-01-28,133.5747589519849,132.00712639710287,97.6771679404254,99.06207974315497,142.76999462134563,119.96649820603815,148.21562042219713,100.89668589112594,104.08251296571154,119.57998888846448,132.4761627246444,98.60563134912739,124.670439194603
2022-01-31,135.18901839170087,135.75977608128727,97.48686874850641,99.2119952175149,145.2174268401871,120.58858362955232,151.50688990570112,100.85311969029003,105.66701465378677,117.98130805864335,134.53661384875747,98.60357706514095,124.79446959822238
2022-02-01,136.21793419473423,136.35229971563217,97.30099064144461,98.86603854545149,145.53124634938797,120.30146503355216,153.64380950510258,100.87549169831229,106.26717263874548,118.02265232262519,135.9085135819381,98.6015228239521,124.96789485160194
2022-02-02,136.3243437125353,137.32188785422113,97.17706696640191,99.05823058682589,146.50392831653073,119.89472220790272,152.22727729351863,100.91193464616326,107.02387088223479,118.16875552516461,135.9801464666934,98.59946862555992,124.84640262852547
2022-02-03,134.72780259449343,135.92133734916024,96.37599156898378,98.40476298270025,144.6526474909176,119.63153137852412,149.4547087392622,100.88232048785663,106.52798259768954,118.28750669665938,135.43990182214324,98.59741446996357,124.77573164266904
2022-02-04,134.00051320890506,135.5622682031723,95.2783998605396,98.4624270103731,143.3190879486357,120.49287986479533,151.55673659014727,100.91669293121903,106.16633982015087,119.60418921251174,135.97043369695086,98.5953603571621,125.13379473171243
2022-02-07,134.12465764633964,136.47798788371352,95.53067570098447,98.09725205063803,143.78976767763078,120.99533375693099,152.26597072965154,100.82112607202411,106.11781631922463,118.23351666277718,137.03619531325083,98.59330628715466,125.31194760205628
2022-02-08,133.50384417039,135.88544954727854,94.96861288943963,97.7782028142465,142.69154799984645,122.00023423947306,153.41486973000886,100.85747950184434,106.85205099857862,117.81941131894895,137.2607052394654,98.59125225994035,125.05794299297142
2022-02-09,136.14696132028138,137.57326419038384,95.6988546576129,97.88583255693406,145.59397392570358,121.83275447658066,156.37757856705562,100.89391594248995,108.3913002118044,118.81714285369864,136.33820773744867,98.58919827551826,125.09233092452048
2022-02-10,135.3663758870157,138.16577312263865,95.1367770350635,97.46300273418404,145.3115759952678,122.43091213347329,156.04229102400546,100.81032419260802,107.24693245894356,119.08614589950852,135.64514032926982,98.58714433388751,124.82587907555798
2022-02-11,134.72780259449343,137.2680193961734,95.63246432973206,97.43224614218306,144.087851630046,122.52660859650103,153.19685801368325,100.84667372755641,106.63933282064266,121.67763680189236,134.87565474094302,98.58509043504722,125.01281523447328
2022-02-14,132.43950832196788,134.3772062323924,95.68114069617496,97.23236495280842,141.21676472494354,124.39287216877275,152.84326482104967,100.78309219356123,105.36095775279986,121.99208336811903,133.8003997777928,98.58303657899648,125.14715279641631
2022-02-15,134.1424755557702,136.01115241744998,95.11465679977292,97.07860948677732,143.52303925757232,123.62722744725852,155.439291526495,100.7595478469031,106.27394711017874,120.12071319090887,134.1779318748472,98.58098276573443,125.15465757005092
2022-02-16,134.1424755557702,135.418614081015,95.71213272318907,97.38612041883952,143.83679272036488,124.1057535727726,154.95743260728344,100.74592002578511,106.58319627192515,119.97981395335957,135.62576295889272,98.57892899526014,125.15659417533915
2022-02-17,132.81200802610925,135.01651191736718,95.79622220150327,97.59753991254351,141.81291611817187,125.94808207669357,152.14920525925925,100.73235971850028,106.66880829207135,118.74614419796248,134.3976939996448,98.57687526757275,124.5045012993228
2022-02-18,132.24435781416162,132.7662247120375,96.05734021166259,97.32846555582458,141.07554099232252,125.9720025415859,150.27525559790533,100.6887907934404,105.83776942045384,118.8329550806048,134.39289408200196,98.57482158267132,124.62243616667949
2022-02-21,130.73656598510465,130.98396384226774,96.06621200338608,97.60522906054373,139.63214627298052,125.20635782007166,150.27525559790533,100.6887907934404,105.83776942045384,118.8329550806048,134.39289408200196,98.57276794055501,124.42118046757345
2022-02-22,131.53478675024735,131.72208227466032,95.72098229840576,97.50143930952734,139.89885818143694,126.21126560434294,147.9985482069647,100.66519552369049,105.07384911885237,119.69379163492364,133.08849395323134,98.57071434122292,124.45072568725793
2022-02-23,131.26869656390704,131.9560954424403,95.50854065468936,97.13626434979227,139.6792043389188,126.18734513945063,146.17994087462347,100.70155929991707,104.24292674142674,120.4179770921759,131.78422250740448,98.56866078467415,124.62465749182134
2022-02-24,128.25307970987433,127.70760306826739,95.93343134762442,97.1708609334644,136.63553816883856,128.36463316915638,148.98618828523266,100.67800309357193,103.79208707258314,122.18920341271225,131.62660101868192,98.5666072709078,124.6952326784007
2022-02-25,132.13790680146204,131.0739553356384,95.42003749702022,96.86718999307335,140.41661248797232,126.0677136080721,150.96813175486108,100.5744600462769,106.96272741768544,122.00274003669391,134.0679227290606,98.56455379992298,124.74661647829343
2022-02-28,132.10238716831674,131.6500714374557,95.92899545176266,97.43993529018331,139.77338651720365,125.9720025415859,152.11660169302706,100.55090028362193,107.65185067368921,121.56591471846465,134.36889578171053,98.56250037171883,125.07475083475622
2022-03-01,130.13338784103206,131.41604356758566,97.3895086101183,98.28560410034127,139.2242601667094,127.8382515103992,151.08661612592866,100.29339274113791,105.47977511437597,124.08804134124883,133.67619394777014,98.56044698629441,124.6370843219655
2022-03-02,131.14453552851307,130.2098840975431,97.0310230560686,97.84739598159076,138.80063850365255,127.50329198461439,152.2357745721592,100.2698254019821,106.95126629242,125.1851907714651,136.1171817368158,98.55839364364886,125.06525014998975
2022-03-03,128.51912010233636,132.19016741858056,96.43353972715019,97.4706918821843,138.23583438697995,128.0057385750208,150.45272270309533,100.30621377351821,106.32161008752455,124.89849817732461,136.2651847082156,98.55634034378127,124.97472929560682
2022-03-04,124.35043470885603,127.41954501735874,96.76105547069261,97.84739598159076,133.12120878136534,130.08733014169883,147.86343902085204,100.4825636187331,106.34015954297884,124.16579077345465,135.4960590853882,98.55428708669078,124.86571734459355
2022-03-07,122.89587253563872,127.70760306826739,96.78316089497865,97.52834674519923,131.31698602169047,132.3842497027831,144.4130898120585,100.47495735240064,104.7048302042117,127.94365741502271,131.4408760247176,98.55223387237648,124.66607102985378
2022-03-08,121.7011680150019,125.45730116084763,96.23438355451223,96.94407230841786,130.10894767844812,138.48545780308785,144.3712939014172,100.33544172930733,104.7457808407619,129.39096145100245,131.4361817077167,98.55018070083746,125.0008077827815
2022-03-09,128.53073037494624,127.76163324930599,95.46428537310364,96.79030767772883,134.517537178968,133.62842054981147,147.90258758541486,100.33185832067413,106.93216787879916,126.56459908768491,132.42488013918384,98.54812757207286,124.91043901261456
2022-03-10,125.69545864892278,128.0496471939444,94.80041912180667,96.32904127963553,133.40361496760218,133.72413161629763,146.9261474196682,100.38825656894603,106.45905774918867,127.58407408063516,131.73245527622188,98.54607448608178,124.70064060150443
2022-03-11,127.22898561405063,129.43578965072834,95.03055991595643,96.34825956730717,135.22354026085856,133.3413019538113,144.33749889076697,100.04480394039743,105.8518862053415,128.33041346380995,131.34566039447827,98.54402144286331,124.41898507413379
2022-03-14,128.7625125791785,128.53571299403066,94.55257917722352,95.87737944304907,136.85520026715773,131.92965864561975,141.87733602595142,100.02128926513876,105.15540034801563,127.73423296145054,130.80612581044988,98.54196844241659,124.28108449822257
2022-03-15,128.9408244571596,127.47357519839736,94.07901952334781,95.91774059655691,136.7453816016997,130.63763226534834,142.7698908113912,99.9377629725113,106.09012592684577,126.41000804637672,131.18348171506838,98.53991548474069,124.35497800179829
2022-03-16,132.00783689251676,132.31617903264365,94.26932612076908,96.05035319675183,140.24403322299455,129.44131695156312,146.6853726531159,99.83426422727506,107.24823652944187,124.7673460954104,131.79002125468466,98.53786256983476,124.14311554912751
2022-03-17,133.8338945933309,133.7563516704662,94.39767828617127,95.91581601839236,141.6403368531941,130.8290397948623,148.5100408103825,99.86925777167829,108.33775672288391,125.73035345976211,133.9226884581107,98.53580969769789,124.2589111217528
2022-03-18,135.10486673747357,134.72843916436847,94.5702783276569,95.94464803222881,143.3975345701349,129.58486894783397,151.085594813713,99.94427691459703,109.31542827124045,125.75597705649808,133.45767444277777,98.53375686832918,124.19855038745204
2022-03-21,135.10486673747357,135.5745297462978,93.99491523402905,95.90620229222758,143.57013034671476,129.82413201059103,150.10731751708585,99.83935571773563,109.31000587896509,129.56247784446114,134.67329294128797,98.53170408172775,123.75257245672114
2022-03-22,135.80305990020975,136.09660096498638,93.4328524224842,95.23351640043029,144.00942152014892,129.08242235742753,152.26115919544378,99.86437003698319,109.72904940308645,132.47685629766443,135.5069175384873,98.52965133789272,123.4726457621051
2022-03-23,134.28141707402207,136.2766133559079,93.68954194228404,95.22391183892344,143.0052849510369,129.68058001432016,150.95316997176238,99.86942704476148,109.5002068366022,133.74409605761016,134.65993256845573,98.52759863682317,123.307767219477
2022-03-24,134.49624446271326,136.07860560673026,93.70282741336247,95.20660896475842,142.75425906455993,131.88180311237667,152.55748432160146,99.88441728380127,110.92439354107158,132.14527095061155,134.7296506441337,98.52554597851824,123.20416555783436
2022-03-25,134.49624446271326,136.29460871416404,93.02124720062757,94.7626362761722,142.33063740150314,131.23578992224097,151.72575391386957,99.99935911389194,112.2814409904197,133.71717459720884,136.1741574194169,98.523493362977,123.00825326981257
2022-03-28,135.3018015259168,137.59080378384752,92.64505509064223,95.21237353459411,143.4132205921143,130.4462247358344,152.50570292357352,99.99439882822159,112.05252436844677,132.93271881705854,136.16740274890998,98.52144079019861,123.15269940318487
2022-03-29,137.28895902080006,139.2830143518863,91.94136204811902,95.0413243590559,145.60969297088715,128.2689221026702,154.73221187239795,100.02942566804394,113.16368535886197,132.17565403051572,136.84796095903752,98.51938826018215,122.7989395422445
2022-03-30,135.99996149273417,138.5448959194937,91.30846560732931,95.31039871577481,145.15468275226942,128.7953037614274,153.79990506111238,100.02446389097706,113.78341739358116,131.5277819772416,136.61207217022508,98.51733577292673,122.84153887169926
2022-03-31,135.0690981349371,137.35680531815763,92.20249486928289,95.51604447498516,144.3545305152982,129.01064635929208,152.55629144249843,100.28919438822005,113.57677804277697,130.03407222741922,136.7580415371848,98.51528332843145,122.39083971824849
2022-04-01,135.73147290125857,137.2127542395682,92.569822593047,95.32000327728167,144.3545305152982,128.65175176515652,153.45218764119463,100.1222888516667,114.57605143653309,131.19639657057525,138.36310857563848,98.51323092669546,122.03095485775519
2022-04-04,137.0561726400233,136.81670933703276,93.25138058927507,95.42571760646263,144.98213651049582,128.98671129094134,155.03882943185857,100.23727833944918,114.1014383942811,132.72239641388015,137.18832052430588,98.5111785677178,122.23740400843155
2022-04-05,137.3962980243283,137.7527767102427,92.27771996137587,95.15279409341463,144.668333512897,128.962790826049,152.57564546335334,100.2023449269209,113.62687225033481,134.23006273703857,137.02577813719842,98.50912625149765,122.43862447471727
2022-04-06,136.46544296551093,135.23252972689104,91.99445949941915,94.29175615191411,143.53872527955173,129.56094848294163,150.40597814435256,100.33726324153224,114.31340824956793,134.0869977515945,136.0068673352157,98.50707397803407,122.25972696173437
2022-04-07,137.1098587397468,135.01651191736718,91.82185945793353,94.40707504260192,144.19765378390193,130.30265813610512,149.92219104476905,100.572152754361,114.39701990748006,134.63051337811865,136.07791154338966,98.5050217473262,121.94886372450273
2022-04-08,138.72756225604113,136.54666134647033,91.83956601386917,93.99384978135875,145.39000610516487,131.04438239272702,149.1635938493885,100.55721647272328,115.15043431679837,135.7104794597022,137.1611022357496,98.50296955937313,121.81167940946997
2022-04-11,139.25131916431928,135.0884786483016,90.53838964242755,93.77859029598362,145.39000610516487,131.06830285761936,149.09203016583967,100.50219826600004,113.87222581119924,136.56756879400456,136.37583640734144,98.50091741417395,121.97026510181857
2022-04-12,138.30849697676467,134.08037103370688,90.45872124897055,94.0515046443737,144.24476138464644,132.3603292378908,148.78236069369134,100.52720497405538,113.86657738729991,137.32456045973373,135.90202240272308,98.49886531172784,122.22212138949003
2022-04-13,138.74565403180202,134.02637025684845,90.5826301130087,94.08995038437492,143.46027865805254,133.41307795194675,150.95490647368413,100.34235188182268,114.95472162907532,138.41788690450403,137.84116070943085,98.49681325203383,122.50751350779478
2022-04-14,139.87517006684163,135.64654058350243,90.90129628133444,93.57101995860873,145.12331070831058,133.41307795194675,149.9033601387103,100.39734299160095,115.19455008191302,139.54745780360963,137.83432335026868,98.49476123509108,122.72381753126741
2022-04-15,139.87517006684163,135.64654058350243,90.90129628133444,93.57101995860873,145.12331070831058,133.41307795194675,149.9033601387103,100.39734299160095,115.19455008191302,139.54745780360963,137.83432335026868,98.49270926089868,123.0628177075403
2022-04-18,139.87517006684163,135.64654058350243,90.90129628133444,93.57101995860873,145.12331070831058,133.41307795194675,148.70535655971767,100.33239752853484,114.42996450833256,140.9950965036651,138.45011862023358,98.49065732945574,123.35788037730975
2022-04-19,138.05339463955622,135.01651191736718,89.70190113313812,93.10013066969272,144.2603978718196,133.89160407746084,149.88848866965932,100.34740504063224,115.25007742170858,142.40623192110164,139.06588777040017,98.48860544076138,123.35645857019635
2022-04-20,138.89144220831201,137.48280223013063,90.43659360817769,93.37881875257641,144.55851484743897,133.26952595567587,148.80038141802393,100.36238229677438,115.95852877037922,139.98117462609065,140.14844752903474,98.4865535948147,123.36118525315938
2022-04-21,139.00072317309164,138.5448959194937,90.48084148426112,92.91754318982518,145.40570863874638,133.24560549078356,146.04595406803548,100.26755003909793,114.25671608108281,141.88305823457347,139.0520914734744,98.4845017916148,123.42530646166965
2022-04-22,138.32666344334294,135.9705893509233,90.14006989164936,92.6773008469427,143.35047650419662,133.4848685535406,143.73129281333274,100.29249143006432,112.59967737016213,141.51246287555898,136.16608096415257,98.48245003116081,123.10474074599398
2022-04-25,136.72354953337327,132.0101256234789,90.1666260228017,93.03478665867753,141.4677740998184,130.8290397948623,145.0426597976906,100.28751660410052,111.79076853319472,139.91492731016905,136.15932669426348,98.48039831345183,123.3796283982065
2022-04-26,134.59201468853018,133.45026885712124,91.06949004896741,93.5095159392647,139.47526954158428,131.8339475791336,142.3436937069037,100.30254039615852,110.64721736417734,139.9988592717631,130.6284146090016,98.47834663848695,123.05638011513037
2022-04-27,135.97660816383913,131.93808538209407,91.28190947617698,93.17701298503724,140.41661248797232,131.71431604775506,141.76900992382855,100.19772074125441,110.88718114566393,141.3096476763149,132.6447409573714,98.47629500626532,123.09490690241908
2022-04-28,136.17702852375925,133.6663013687352,90.54722440663969,93.09052610818586,140.43231502155382,132.24069770651226,142.95205478451535,100.19275061621764,112.19804244592856,144.09702282463383,133.33834047694728,98.47424341678602,123.02615498138354
2022-04-29,137.17895604478593,133.88234858243916,90.6047725648061,92.74456943612243,142.86411075322215,133.62842054981147,141.11412301988727,100.48740754520196,108.97980145621975,143.65824720852197,130.4533803887913,98.47219187004818,123.25000533493969
2022-05-02,135.1749599200775,131.6500714374557,90.28612120748491,92.30636131737192,140.10285902517978,131.47505298499803,141.77229030303948,100.00641554801943,109.01900605775887,146.7859831121084,128.03540965099697,98.47014036605088,123.43561735132194
2022-05-03,135.46763173841882,132.46018600496282,90.74195949442043,92.68691457310749,139.99302384811966,131.95357911051212,141.65540842561262,99.78150840511319,110.03978083782118,144.14373156960812,130.90714854319475,98.46808890479326,123.62217128128967
2022-05-04,134.05949405768155,133.6663013687352,90.5782090281515,92.3275041832081,139.9145607150184,132.3603292378908,143.1142131963163,99.61657209218254,112.26502013444686,142.57384171107537,133.4674518581663,98.4660374862744,123.73737638221101
2022-05-05,134.66531127730096,135.70055606245094,90.44102950403943,92.0526652566535,139.89885818143694,133.65234101470378,139.18332821975255,99.56963342401643,109.89278439076018,144.98968641351834,129.88040253948284,98.46398611049344,123.92068847495624
2022-05-06,133.0315326373145,131.41604356758566,88.95837389388642,91.73169144209741,137.09054013165527,133.89160407746084,135.89423717535766,99.66274503999941,110.24203596261579,147.11452076693635,130.64909733030922,98.46193477744947,123.75409250408123
2022-05-09,129.10317739716444,130.33588100951607,89.5558646283071,91.87968233829282,133.35656515746496,133.41307795194675,129.9309121995589,99.97567085971457,107.46883578883026,145.19665069093074,125.74068435151327,98.4598834871416,123.56068336013703
2022-05-10,130.53502526292414,129.6158167437399,90.18433257873734,92.00461495514541,134.01551017341723,132.4799607692693,129.44567525639786,99.58890361476315,106.70314184533774,143.86948772828092,127.59823354101371,98.45783223956894,123.84546194367634
2022-05-11,130.79201146852603,127.81560462198426,90.26841465154926,92.21602528419146,134.81564589878636,132.19284217326916,127.56832275180547,99.5220491082599,106.76263827594418,144.66331490275323,126.11200056419834,98.45578103473062,123.34001138842463
2022-05-12,130.18621914584577,126.35743662590562,91.94136204811902,92.51393165474681,133.27811853596577,132.19284217326916,126.93673514401391,99.5350653456067,106.10857911507625,144.02207844733923,122.99318599526157,98.45372987262573,123.18196328700269
2022-05-13,132.02192856005897,131.0739553356384,91.47222347910052,92.44666306556708,136.85520026715773,130.90081579299772,130.7556006580255,98.90861081579459,108.5538062292572,145.88283149109665,125.47250137324914,98.45167875325338,123.23646662944041
2022-05-16,132.33397849601573,130.8760063948211,91.71566455533329,92.27368931186433,137.01210176595714,131.11615839086244,129.9773915741143,98.4220959664784,109.59413981199508,146.78079758240509,126.94085046749133,98.44962767661268,123.24493488073595
2022-05-17,132.90308102941208,132.5321674379873,90.8747401501821,92.22563901035625,137.16897849735338,130.20696167307736,133.3194264217599,98.51516261071055,111.3922781722704,144.8183504535495,128.09806689876683,98.44757664270276,122.83419648749691
2022-05-18,130.82870955678968,131.09196539598463,91.48108045981948,92.2448572980279,136.02370900943183,129.3216854201846,132.2298435424456,98.40842669853632,109.77955716329033,144.8082936236569,124.59136344511718,98.44552565152269,122.88705035643936
2022-05-19,127.96511341302677,124.21515097429281,92.10069883503303,92.37939447638736,133.12120878136534,129.3456058850769,131.70799962494033,98.62138356210475,110.44061249756516,143.52719765032518,122.7173149797502,98.44347470307162,123.22015317271988
2022-05-20,128.13025481021313,126.51942425439084,91.53419272212415,92.41015106838833,133.8743029523983,129.44131695156312,132.10160339058731,98.39475930205874,110.92330688915226,143.2902695831981,119.91096017110685,98.44142379734863,123.35504774224128
2022-05-23,129.25008593593486,126.68148539332648,91.98118883934525,92.42744477789543,135.3961360374384,128.77138329653505,132.1656849628834,98.46780635680426,112.43113110744451,142.69030262298645,121.37917798248436,98.43937293435286,123.1363640099113
2022-05-24,129.8007481364226,124.21515097429281,91.82185945793353,92.7868551677948,134.9411505862238,129.22597435369838,130.32588796160235,98.58084648813784,112.75760839397064,141.40958739400008,120.43825258845165,98.43732211408339,123.2072218817148
2022-05-25,129.37857073975613,125.58334217909086,91.8749717202382,92.72535114845077,134.6744139103643,128.2689221026702,130.99414973215286,98.47412170362679,113.19547024174383,141.76284166715806,122.91632473690161,98.43527133653933,123.10632509773649
2022-05-26,129.37857073975613,125.58334217909086,91.8749717202382,92.72535114845077,134.6744139103643,128.2689221026702,133.74882476870954,98.54720356255734,113.4772615488084,141.88911618709307,124.85024183058762,98.43322060171982,123.34588452701428
2022-05-27,131.74658501134553,128.03165183568828,91.75991243141671,93.07514781218536,136.93365514445793,127.67076444577758,136.10050978506357,98.64020604401532,114.71713498191762,141.24399769364317,127.25000278934817,98.43116990962395,123.1191980620844
2022-05-30,133.04988168144632,131.92010472592807,90.52069049199417,92.61003225776297,138.5339265951962,128.12537010639932,136.10050978506357,98.64020604401532,114.71713498191762,141.24399769364317,127.25000278934817,98.42911926025083,123.11313215025628
2022-05-31,131.76492575649766,130.01186164627535,90.41887964673977,92.52162080274705,136.72971209132237,127.0965418572357,134.79164221892015,98.56739768197303,113.88480523139467,142.05088761495338,125.84281134672237,98.42706865359958,123.26858659189479
2022-06-01,130.13117201345034,130.93002187376962,90.15776163658046,92.23524357186311,134.92543979684123,128.07751457315624,134.46911430142393,98.6826288709991,113.72094896179222,144.4909709959691,126.3778321586507,98.42501808966928,123.55689249197712
2022-06-02,130.424881204255,129.27372851179268,89.45849708441673,92.17566413068361,135.5216159574727,129.20205388880606,136.73080115891395,98.63573194219558,115.02737298967575,143.9819064838015,126.99046286127769,98.42296756845907,123.57238772769328
2022-06-03,130.55339090501536,129.79584383675152,89.01148615619108,92.02383324281706,136.25902410652625,128.72352776329197,135.34774879703406,98.7889141465499,114.37341955192133,145.78641771690403,125.89425123090487,98.42091708996806,123.648373043761
2022-06-06,130.55339090501536,129.79584383675152,89.01148615619108,92.02383324281706,136.25902410652625,128.72352776329197,135.86941490254117,98.82202580123636,114.43231445959982,146.86494657455427,126.8174775887978,98.41886665419536,123.64715940662958
2022-06-07,130.46160418945774,131.34401802829095,89.27704006221214,91.88929606445761,135.3961360374384,129.8002115456987,136.66565394861726,98.79518329349577,114.73614719445584,146.4011717065867,127.0416645601906,98.41681626114006,123.42325135979344
2022-06-08,129.65391428846957,132.1554116776349,88.53350541745816,91.52027194839346,134.95682835240217,130.66155273024066,136.18015434901642,98.98824012016793,113.79283764223325,148.29585654918688,125.8680244593354,98.41476591080128,123.28197296174872
2022-06-09,128.2771135551053,131.95652180305257,88.30337202881067,91.11666041331507,133.35656515746496,129.9676986103203,134.30320987840528,98.9414117474342,110.95113660225428,148.82977193806104,123.84044198712401,98.41271560317814,123.15942440734398
2022-06-10,125.5236116761333,128.46733357307542,88.55119716238926,91.03401352813486,129.6539292040293,132.1689217083768,132.15190849045788,98.99447742171661,109.83705976565223,149.13687167153182,123.13305428210444,98.41066533826974,122.91628515194265
2022-06-13,123.22903507596969,124.20078703228607,87.27656211109543,89.55410456618084,126.78286706633,131.3075659203764,126.1932447773574,98.4078827717874,105.85588411341998,151.12164931599827,116.83585352728576,98.40861511607518,122.70939042461511
2022-06-14,121.37500151456379,122.66408782205296,86.7100634036888,89.03708955392128,125.84152411994194,130.90081579299772,126.07462991680846,98.08122602470985,104.0876613919417,151.02048383725491,116.3619403052671,98.4065649365936,122.66857545172185
2022-06-15,122.27451132702842,123.9476758494941,86.9579181592765,89.39842452198519,127.08095101874521,131.59468451637656,129.03105199219763,98.53414891235673,104.7802140025093,148.28970162426816,117.13015767877376,98.40451479982409,122.43399061637056
2022-06-16,118.27271841545257,117.51165949253677,85.78774512305094,89.11397186926578,121.98203620251316,128.43640916729183,124.59170383363418,98.34644564270762,102.35665790818264,147.91528897927185,112.07547693858679,98.40383143513797,122.49438272620353
2022-06-17,118.327765547848,116.42693193549782,85.6673612780949,89.78858233922762,121.74670459381665,128.962790826049,124.91125217537855,98.09881846775596,102.1905553170802,147.99420066563385,113.69647264509857,98.40314807519745,122.48417114120474
2022-06-20,118.74997614043335,117.85516647617658,85.5487473481822,89.53680169201581,121.88788704743247,127.98181811012847,124.91125217537855,98.09881846775596,102.1905553170802,147.99420066563385,113.69647264509857,98.40246472000247,122.44811263859457
2022-06-21,119.17220333097809,119.04833664963479,85.93822492924598,89.33884508080571,122.76647765010182,127.69469951412833,127.37173947692749,98.01107013043044,104.16847927740103,149.43292858622814,115.23962948566205,98.40178136955302,122.8008692858384
2022-06-22,119.41082389448876,119.3195019990432,86.60385369008402,89.79434690906332,122.86061029358042,127.1443973904788,127.14198017228856,98.0832478394585,103.64118339274148,146.92824727111025,114.84247169580446,98.40109802384906,122.9475892926516
2022-06-23,118.76831688558545,118.43367166763161,87.84484554454991,90.60349455738461,121.73101031603619,126.83334372612791,128.22973664721496,98.01551515533274,104.19707817866146,145.33037824606723,114.60057569419067,98.40041468289057,122.70203392618006
2022-06-24,122.69668872369492,120.2415288762281,87.70499263411716,90.42667164735276,126.01408687331764,125.85237101020739,130.5430225907688,97.88787750507655,105.92616538008768,145.00162361683323,117.46230598827019,98.39973134667747,122.46608777800843
2022-06-27,123.68796865375778,121.95901233711186,86.7808896274314,89.94810237509442,126.8456359216508,125.23029288842243,130.06614177361402,97.9100780136179,106.09826272185808,145.98701950220766,118.9270819090916,98.39904801520979,122.35727413772737
2022-06-28,122.64159179742124,121.77825013959635,86.17014304394137,89.73860745955498,125.9199707414411,125.32598935145019,128.363811817085,97.97821052949428,106.02216339200092,147.28936413662564,117.75397447800098,98.39836468848746,122.52075667066076
2022-06-29,122.58655296400549,119.21106673366899,87.56867955377109,90.01537096427414,125.4806713122059,124.67997616131447,128.06098390921653,98.06431797987248,105.58516335732493,147.9572869610665,116.50348405462859,98.39768136651045,122.47445819119065
2022-06-30,122.03585756759891,117.38508184800567,89.18407879217443,90.83220776059568,124.22555839142322,124.46464816690819,126.84375620302824,97.93868544626447,105.44142796773224,146.76768918047333,117.11474287778651,98.39699804927872,122.27356622495375
2022-07-01,122.14597672932894,117.96361644364086,91.07833221868181,91.30309704951169,125.07276043853165,125.32598935145019,127.37408595775726,98.02696037484134,106.71866041305871,145.66885547303457,120.58871390993112,98.39631473679228,122.2265582909575
2022-07-04,123.26576636015214,119.33758556983977,89.918771267214,91.01287982695659,126.13961632815818,124.96709475731463,127.37408595775726,98.02696037484134,106.71866041305871,145.66885547303457,120.58871390993112,98.39563142905105,122.20361684273739
2022-07-05,121.72378273470304,118.41561014997014,91.16685018735551,91.08782839947864,124.4452039781403,123.05299025525822,128.29808211623092,97.9591517640516,103.82345295943311,145.2949462372811,120.89793446590656,98.394948126055,122.24439258310606
2022-07-06,123.04547824281387,120.29577958861788,91.8749717202382,91.17047528465886,126.35925365907421,121.30637281782346,128.23291666401002,97.79135131889426,103.47696342414278,145.4192833146072,119.85228903378298,98.39426482780412,121.96734285210205
2022-07-07,124.36716545194501,122.59177559200171,91.34829980405782,90.90909007594018,127.36335720498204,121.90453047471608,129.76108457866223,97.98362553104162,104.32560958752184,145.86062967590107,121.1975080675205,98.39358153429836,122.06912191812775
2022-07-08,125.2666254705314,122.75450567603592,90.49855544569905,90.75533460990908,127.91246704387422,122.47876036498715,129.80573022843032,98.03580662190461,104.65553553852357,146.30189439976252,122.46280891022356,98.3928982455377,121.66222808907573
2022-07-11,125.06471129426406,122.55562315249861,90.99425014586988,90.84182148676047,127.94386385523617,122.52660859650103,128.53200955975606,98.04803868713795,103.79049641119458,147.2864652142583,120.62052995009806,98.3922149615221,121.81479935359422
2022-07-12,125.5787003034273,122.39289306846439,91.89709936103104,91.41840677554158,127.92816132165467,122.09593800423005,128.0823859821604,97.98029009956804,103.151045351438,145.78063126575404,121.4873400532779,98.39153168225153,121.57110368638055
2022-07-13,123.83481909967024,120.91043721957601,91.90152785139053,91.36075191252664,125.87289616390076,122.5983991980949,127.61448243725691,97.93250434044674,103.27811847375175,146.62927050282056,120.84037247972488,98.39084840772597,121.46983155061544
2022-07-14,122.64159179742124,119.78959397825915,91.62270328529557,90.79761117692354,124.93156147331375,120.75607069417393,127.43963485301646,97.82473966946651,103.06706291168904,147.70411783972006,119.47661081714362,98.39016513794535,121.38066360613755
2022-07-15,124.51399929989807,121.8685944831289,91.82185945793353,91.52796109639368,126.64165158951002,120.15791303728132,128.34479103239937,97.813037025548,103.64487641018482,146.56071396857277,120.6618792429968,98.38948187290967,121.30078837557805
2022-07-18,124.97294117666587,123.11604477315706,91.09162509526253,91.11473583515053,128.13212088639233,120.18183350217366,128.73724081417706,97.88718654413469,104.10991303548904,147.49959043884436,121.36913201535783,98.38879861261887,121.35840823723827
2022-07-19,126.29989823791084,121.127418016,91.0248422757612,91.19738272033075,128.75968560258474,119.40422854821324,130.2827376129681,97.66158875577909,105.43119054739579,146.22063251155168,123.19117380988065,98.38811535707295,121.42188012647328
2022-07-20,125.89442668739419,124.30927375497556,90.46847429546459,90.9263837854473,128.79104939074253,119.47601184807787,131.77308046555663,97.89364835421691,104.29616234320933,146.88786352978747,123.81847029817268,98.38743210627186,121.44125045815363
2022-07-21,126.87511711935112,124.96006177230169,91.65026656475708,91.47223081154328,129.7167145709522,119.63153137852412,131.78090380109302,97.82591693618171,104.33297920970726,144.74936634712566,123.6493817834744,98.38674886021556,121.54842213712278
2022-07-22,126.85657719868604,124.97816004518833,92.83204402304503,92.15068127317627,129.51275500621455,119.67938691176722,131.03856252952497,98.15788903208872,105.0681417590965,143.28990539500873,123.32109369044468,98.38606561890401,121.44496880378868
2022-07-25,127.06010137701651,124.2188559009926,93.0737596172481,92.19680699651981,129.2460265861561,119.28459701683471,130.66221284820787,98.07016826323496,106.0960791011856,143.9572278464065,122.2762993680613,98.38538238233721,121.48877876172747
2022-07-26,127.00460609971688,123.26067658430458,93.80790408511943,92.36210076688025,128.83811571248182,119.10514971976693,129.15163605542978,98.12235165744036,105.77229688254721,145.2577846150293,123.14229541552861,98.38469915051512,121.45153519628748
2022-07-27,126.63455459458903,124.29117548208887,94.26002480991372,91.95656465363733,128.32038617334953,119.14104502056387,131.24509848678338,98.17448830493512,106.98017907328592,143.70817438736327,125.0429379294371,98.38401592343767,121.5864042884744
2022-07-28,127.26360895738755,125.39394985469924,95.43283420494862,92.74072944445126,128.9636451673224,120.77999115906628,131.76133368153276,98.32359768556202,108.29731901925703,142.10930511948277,127.01915224008292,98.38333270110488,121.60860107818078
2022-07-29,127.50416318316992,127.09339385105665,95.16872437187085,92.87718203631734,130.92476942579665,120.85177445893092,132.58824960074566,98.43272201823802,108.9610897601814,141.27970093082268,126.76654795400995,98.38264948351666,121.36554214389955
2022-08-01,127.50416318316992,127.09339385105665,95.16872437187085,92.87718203631734,130.92476942579665,120.85177445893092,132.7625233103678,98.43199784741348,108.85912393052766,139.59099751203132,127.78720503872962,98.38196627067302,121.36070120168174
2022-08-02,127.31914572958571,126.60524035417924,95.43283420494862,93.22313870838077,130.3756430753024,122.0241620060946,133.6641527903496,97.84084405915694,107.6764915464771,141.24886556931452,126.65927866072848,98.38128306257391,121.27579936661306
2022-08-03,128.31830139139032,128.75661189746057,94.49278715186826,92.14106754701149,131.25423367797174,122.04808977271615,135.628140904834,98.15034457637998,108.7003011563427,142.04728072050005,127.60019775186566,98.3805998592193,121.03978233521089
2022-08-04,128.87341184500096,128.4854318459621,95.75960939826369,92.74456943612243,131.6778223178244,123.10084578850133,135.68663914655338,97.83950047185635,108.68843902030379,139.8617678966223,127.4271726862456,98.37991666060917,121.14044093259227
2022-08-05,127.57817348419552,128.39505809824936,93.86160878760597,92.92715691598997,131.08164615719292,123.05299025525822,135.635171511411,98.40908320599598,108.00135752574977,141.47383894717478,129.00412083270547,98.37923346674347,121.17632293559386
2022-08-08,127.98525503677527,129.08202795925874,95.0881525071365,92.34095790104405,131.44249896492894,122.52660859650103,136.66431989899274,98.41833036431198,108.86726212317103,142.22678029605845,130.3420915859349,98.37855027762217,121.22346993853432
2022-08-09,127.07860810176274,127.906919303462,94.77480348944304,92.27368931186433,130.18738604414622,122.90943825898736,135.605569342092,98.40759026873653,109.26042582206146,142.2112595164627,129.21452661906093,98.37786709324523,120.90070876357879
2022-08-10,127.74474230589144,127.02785193348656,95.70588247927033,92.30251216104284,131.0032077914948,121.61741187871593,138.33731585304938,98.59684977019523,110.21601879944339,139.93627543030996,130.39317168169683,98.37718391361264,120.8356880701663
2022-08-11,128.48485361512684,128.66340064636267,95.0568272325201,92.29290759953598,132.14851855842156,120.82784669230936,138.04758838788896,98.68611159434163,110.92390692916287,140.86989080748253,131.09451706030012,98.37650073872435,120.70618880619186
2022-08-12,127.80021268625192,128.93602150268885,94.8688089353013,92.30443673920738,131.4581767311073,121.88060270809453,139.55194086386103,98.7952925023335,111.6991445722438,140.13163708552915,132.11373674575268,98.37581756858033,120.38047241913088
2022-08-15,127.76321583471886,130.06273087794708,95.64771225891295,92.47549507940352,131.662144551646,120.89962269044479,140.1041506190194,98.78451127001676,111.10213227603525,140.70361798245276,131.62234594377782,98.37513440318055,120.32836149096677
2022-08-16,127.43017777908348,131.0076930156545,95.26272981772911,92.09879097999703,130.09322863326452,121.49778034733743,139.68618836806027,98.8937025178898,111.98962343130341,140.8237773758897,132.4822974965565,98.37445124252497,120.29857392071139
2022-08-17,127.02311282446313,130.77145983227268,94.68527096695792,91.9373463659657,129.4029280849555,120.99533375693099,137.93238661598977,98.7629523189443,111.66257977849912,141.21487499562787,130.00415900235478,98.37376808661357,120.13184480127168
2022-08-18,127.50416318316992,130.8441763698011,94.70765039482806,91.90851435212926,129.51275500621455,120.87570222555246,138.24676020775877,98.85212258587636,111.53795479185816,142.4187815800964,131.022999095394,98.3730849354463,120.0577355881218
2022-08-19,127.46715803265715,131.24397030530653,93.62436611677603,91.39534849619876,129.29310116369643,120.56465586293076,137.0789901155035,98.86133012264204,110.69391999160729,143.71274521504682,129.02230224839127,98.37240178902313,120.23858581099864
2022-08-22,126.46803556677135,128.8633343693406,93.02899335600553,91.16663529298769,127.84973946755862,120.34932056679526,135.41753431463098,98.91046338797436,109.22060139561745,144.01309558951277,127.33984033236521,98.37171864734404,119.98413671794978
2022-08-23,125.06175685748843,128.66340064636267,92.42915507736417,91.10128211731458,126.89269398758904,121.18674128644493,136.11619692091548,98.97962257970025,109.83806081696477,144.13283100001937,128.6764036991007,98.37103551040897,119.87229543676989
2022-08-24,125.83890651315545,128.8633343693406,91.77558987972945,90.61310828354938,127.06526499676578,121.92845824133762,136.33914064044896,98.96882123199808,110.02837320473094,143.9816658610389,130.17149815864283,98.37035237821793,119.82844811489004
2022-08-25,126.31997346982166,129.11775403814957,92.42915507736417,90.81298947292402,127.66144115739726,121.88060270809453,137.7324625483813,98.95802106301444,111.02766202676251,142.74730989544392,130.236724861143,98.36966925077085,119.8677463510599
2022-08-26,125.135767158514,129.69926580702565,92.03523419493636,90.60734371371369,126.09254175061784,120.66035962768775,135.85218476585848,98.76745043030752,108.83587220569785,143.40869042121741,128.47543355259077,98.36898612806773,120.06316987139711
2022-08-29,124.1921233719684,125.39228851852037,91.33691754706363,90.21717673181332,125.4179189684872,121.25851728458036,134.9231373773323,98.73670923189911,108.86894440372426,144.02478385550924,127.82619070933796,98.36830301010849,119.92439094720066
2022-08-30,124.1921233719684,126.28277941248685,92.60372498245452,90.39208422833855,125.44929926824709,120.97140599030945,134.3233991669488,98.58613311236655,107.17212115540514,144.64076289774005,125.58917086082862,98.36761989689315,120.03606358901865
2022-08-31,123.84062008648533,126.02835974367788,92.66193223032326,90.29405904715784,125.22966193733104,120.51680763141688,133.96141294619082,98.51546102578789,106.30682270326643,144.76030900784323,126.21055983320379,98.36693678842164,120.13246918153962
2022-09-01,121.45369244014404,124.01117417654328,91.94570167245124,89.68671716637576,122.15459895588884,119.89472220790272,133.22182004831805,98.59082035307256,106.04815101510412,147.0451662660403,123.81545114711989,98.36625368469393,120.10863150792446
2022-09-02,123.78505841734805,125.91932904365551,91.88302890671163,89.60215486768892,124.24124441340263,120.82784669230936,132.49341127160298,98.69021099572664,105.72216960139119,146.89380790450727,123.88130740503304,98.36557058571,120.24745429571537
2022-09-05,122.97092850810736,124.1383913619928,91.17127867771498,89.49644053850797,124.05297912644544,120.87570222555246,132.49341127160298,98.69021099572664,105.72216960139119,146.89380790450727,123.88130740503304,98.36488749146982,119.93935622721202
2022-09-06,123.2854847359356,124.3746392474647,91.22947852008146,89.46761768932946,123.89608588344707,120.9474782236879,131.63701438459358,98.69945937976017,104.92467734662353,148.77202150924668,122.75675968475635,98.36420440197334,119.6875255784385
2022-09-07,122.61937542874604,123.97484531195924,91.32346915493518,89.56179371418108,123.20576882353598,120.77999115906628,133.14162142597758,98.75877278086378,106.79932375485745,147.71858554884832,124.01299440017466,98.36352131722055,119.73601615221992
2022-09-08,122.74890590401036,124.91982215175675,91.20708428120676,89.69056632270484,123.99021852692567,119.41619608238862,134.00544577492687,98.3676016279659,106.65294432073091,148.2886534373025,124.95156403394519,98.36283823721139,119.54062453022696
2022-09-09,124.0996395421154,124.6108871329366,90.70573177729906,89.37344166447784,125.5666472242552,118.56680782856357,135.87535291727383,98.66715044640081,108.4147387543746,147.77650829373627,126.44527291710214,98.36215516194586,119.70868318002252
2022-09-12,124.67322352455344,125.91932904365551,91.05041347511118,89.4426256671642,126.93393996959388,118.33951229998189,136.55575029768085,98.7664726867439,109.43542190073133,146.3628828950307,127.06609560725433,98.36147209142389,119.6450220387997
2022-09-13,123.63702951631721,123.57505137645377,90.23570454800776,89.45800396316469,125.64706698220338,117.81313064122472,133.8152281699736,98.76571707228085,106.99957041730251,148.60071902290312,124.35544562815195,98.36078902564547,119.60910726913782
2022-09-14,121.97177284630274,122.39378989595919,89.35117654547093,89.02556041424987,123.79718964276736,117.6456508783323,134.36763529803534,98.66487863873398,107.54892779691905,148.40419593600708,123.86603131274676,98.36010596461058,119.63126891660734
2022-09-15,121.54621776489556,122.12120579485821,89.56872798575596,88.98712383890658,123.7328521852486,115.02571742045096,133.7860237978991,98.6340993481056,106.05623960275798,148.7485429315937,124.24899560719797,98.35942290831915,119.7174218139376
2022-09-16,119.69591044537802,120.23124476421818,90.18199984552122,88.78531807136739,122.02774031708054,116.05454566961457,132.56448709705415,98.66335591763044,104.74336114388649,148.28169554754768,122.88749535601218,98.35873985677117,119.7467953409338
2022-09-19,119.67740372063179,121.15805717172366,89.37444463361388,88.470108826647,120.93391272545044,116.05454566961457,132.56834370999033,98.6926049289604,105.58441466635358,148.62596647770917,123.11194034181467,98.35805680996661,119.64184269111374
2022-09-20,118.71525320933993,120.21305827879102,87.99749516291105,88.09532930540507,119.95265298102528,115.39657224703268,131.51170217509505,98.66181973891032,104.04755313293306,149.64595147935088,120.79957685589574,98.35737376790543,119.60433976453797
2022-09-21,118.49323060524293,120.39477611216165,88.66717473349264,88.27599220710806,119.58268576893911,115.77939460778981,129.90690991831931,98.41102923539303,102.15217082245856,150.4404522203302,120.39005219978654,98.35669073058759,119.29890886262109
2022-09-22,116.75395533522317,119.24993170879159,87.72533554886213,87.95886754888109,118.0223558836411,117.80117040877856,128.30249854940962,98.46034114851601,101.96160966985019,150.73934435827059,116.334857484975,98.35805679573664,119.45664506347117
2022-09-23,115.12566232082295,116.14234357784771,88.04046929260346,87.69940691832694,115.31991022641948,116.03062520472223,125.69324540131821,98.50957518942923,98.45236322998026,152.38927883555655,113.86549648624744,98.35942287985881,119.39332887720546
2022-09-26,114.94064486723875,116.96014733846593,88.17297594478102,87.07668674154436,114.85342444435362,116.67663109312873,125.42362224817826,98.538800310225,96.49094607413787,154.5341584395644,109.49497146891784,98.36078898295438,118.1690799948925
2022-09-27,114.9776334197921,117.45080019065671,87.44243055101454,86.08495161335554,114.64430500396486,116.16221696854691,126.15917752556555,98.30813225084239,95.31463153172146,155.59799193932312,110.27531754495989,98.36215510502359,116.85948107873931
2022-09-28,115.8657902280178,115.45177905581414,87.18458577286007,86.5750500252853,114.3064941369365,116.4852235636148,127.5157054496731,98.21742421225287,97.41137230858256,152.24931224874692,112.48144808861791,98.36352124606671,115.88399700950538
2022-09-29,114.70010723941577,114.70669183272433,87.87752602608234,86.46934486076226,113.08397511866681,116.53307179512866,126.62483200307533,98.13681007175728,95.20417234705056,152.41277793391944,107.00354901442914,98.36488740608402,114.66557011097815
2022-09-30,116.51340110944079,114.92478998799427,88.65821407574185,87.00556899603555,115.60945768055745,118.24380853522494,125.84382371904039,98.11608302422817,93.7370360630422,152.75626671724447,107.46706194752093,98.3662535850758,113.08637046533781
2022-10-03,116.75395533522317,116.74205653424102,90.72811120516921,87.8877589680302,115.94726029178477,121.01925422182332,127.49677302347895,97.62431647278497,95.83324565314605,150.9392729654991,109.41521885499567,98.36761978304226,111.97526805659068
2022-10-04,119.8069424948758,119.99498217665621,91.56520696564506,87.80318750468543,119.79179695352687,122.11986577085159,130.44615063588637,97.89421888105369,98.19789982431654,148.13262998430386,115.85389252385552,98.3689859999837,110.47227900063832
2022-10-05,119.10381973819375,119.54066554009451,90.01189545830172,86.7288054913164,118.5853602356866,121.47385988244508,130.28559884483425,97.96370758681266,96.86533391794667,149.5563982689281,113.80012822868939,98.37035223590038,109.44508571417077
2022-10-06,117.84558652790109,119.72237602242011,89.07004886816895,86.91908211918418,117.39498105087264,122.16772130409468,130.490824575823,98.31369352893402,94.83860043341782,151.24979049547818,112.31828296654527,98.37171849079256,107.95575909257079
2022-10-07,116.79093558879686,117.88694504388133,87.18277142480308,86.33480768240281,116.1242151313147,121.80882670995909,128.83081810264264,98.20280510064073,93.39470505652038,152.80788732313076,111.16326243033932,98.37308476466049,106.80209730799292
2022-10-10,116.01381083006892,116.83292280197138,87.34393737077862,86.27137908489424,115.64163879301842,120.27754456865985,127.90256225411683,97.75133590703601,92.73499529156753,154.00574784078137,109.19228609554466,98.37445105750446,106.85550707181599
2022-10-11,115.93980052904335,115.85158769340967,86.59190120941479,85.99846473650416,114.72473301771406,120.49287986479533,126.95615717175002,97.68059907047396,92.07544823937893,154.34874538543588,109.01713291696113,98.37581736932471,107.01471596949068
2022-10-12,115.32921139609253,115.85158769340967,86.71723933539171,85.81395267847209,114.45125960820445,120.08612973741668,126.6315562124522,97.58981162402979,90.83382545911624,153.97213721766985,109.9844256898713,98.37718370012152,106.83559301745478
2022-10-13,115.90280367751026,113.97979109506167,87.63937988397504,86.00806929801104,113.77567089735192,119.48797208052406,126.67258306265545,97.63925597461248,93.15244470796276,153.8204136700212,112.42017296349358,98.37855004989514,106.74993661349032
2022-10-14,116.45786433724265,118.57750221486987,88.0691359919037,85.70055836594882,116.25289830215324,119.1649654854562,125.25150286390718,97.58855511781171,91.57517717472642,155.37738467706072,111.7552599133784,98.37991641864583,107.02040798938145
2022-10-17,118.40070528049141,117.37809835521837,88.31083677510223,85.95041443499609,118.71404340652514,119.29656455101009,126.95565555096253,97.65399177020326,93.62455717810066,153.42721618918108,113.29295506799633,98.38128280637389,106.94052275754143
2022-10-18,119.76992904538331,119.17722252230823,88.19447411788065,86.1099344708629,120.49958328844241,118.43521606473888,127.63610203509062,97.62731274588793,94.62153330066346,152.8260390283094,114.66718982241939,98.38264921307953,106.85005194719201
2022-10-19,118.34519340523238,119.46797840674625,87.95273630717075,85.54680289991772,118.82664427693423,118.12417700384641,126.70869056104178,97.65667283953353,94.11884874726708,155.50627079103583,113.26822795058627,98.38401563876306,106.74126693697342
2022-10-20,118.60422945882188,119.958623907892,88.18191438602499,85.55640746142458,119.180529188591,118.48307159798198,126.27471836560866,97.68607236804236,93.2358671528847,156.34324996213041,112.84813610612292,98.38538208342472,106.77795277574806
2022-10-21,117.79009125060146,119.24993170879159,87.50329637419944,85.09513189867334,117.95800191452027,118.60270312936049,126.90024665373036,97.8755130728225,94.56818620706605,154.7083751781397,112.83582132936529,98.38674854706477,106.81616415954214
2022-10-24,119.64041516807839,121.39428300406043,88.38963131929097,85.3161651185421,119.85615092264767,118.75822265980673,126.84983747271113,97.6967838151629,94.468360860461,155.5452438934192,114.45407621456158,98.38811502968349,106.6564476358419
2022-10-25,121.87926411951062,121.92128677397037,88.74773178722243,85.6275252069334,122.60683522535653,118.69840689411748,128.31523859225888,97.6340594645513,95.86736401295333,153.59632223857304,118.19151770028591,98.38948153128113,106.41162345033617
2022-10-26,122.24930732565878,122.39378989595919,89.20256292584878,85.902364133488,123.20201243406194,118.49503183042816,128.64816700726615,97.64343856176032,96.86345805057151,151.46813006012647,118.42312046811121,98.39084805185797,106.10467112983457
2022-10-27,121.28718171130606,122.81180707211699,89.69405870623062,85.92158242115966,121.67383889382172,118.32754476580654,128.4698448670581,97.63278302779028,97.34490609063393,151.85584687087425,118.81773125804835,98.39221459141424,106.07370483715073
2022-10-28,121.7497502422057,121.72141185935274,89.92234071930977,86.62310032679336,121.48081826546446,117.68153887740003,129.2408612524502,97.62212865662653,98.72078888318296,152.78248117725659,120.27164660389627,98.39358114995025,106.12457408500995
2022-10-31,121.97177284630274,124.86532150383563,89.92234071930977,86.53084888010629,121.9151477024725,118.12417700384641,128.80685765981232,97.67145326971081,98.53113075121455,153.88856051763946,119.85108760354113,98.39494772746623,106.01651651609536
2022-11-01,121.76823207001284,125.13789825389156,89.72539138634927,86.15414478069981,121.27169882507567,118.48307159798198,128.99205357229607,97.72502077338015,99.12403845530207,152.9287657072648,120.81572489664518,98.39631432396246,105.92233797578902
2022-11-02,121.73123521847977,123.77497039734162,89.79700999883512,86.53084888010629,121.49690056589388,118.48307159798198,126.80255682487356,97.6942585223314,97.79425207575166,154.25907706914148,119.49904460118246,98.3976809394392,106.04512039677533
2022-11-03,120.08446867525213,122.10304136256617,89.28491211112875,85.81202810030754,119.7757063972964,118.71036712656364,126.40112819682572,97.31956030468596,97.64654258023252,155.18041601835222,120.54143568254077,98.3990475738967,106.30417096765588
2022-11-04,121.73123521847977,121.9940106625438,88.63495339310117,85.91196869499487,121.15909795466658,120.11005750403822,127.09632144584127,97.80759426680204,99.55508378037709,153.3633302727396,122.2350878689966,98.40041422733523,106.26309384489025
2022-11-07,121.30564694115375,121.7577627770719,89.03424326467717,85.60445776293267,121.07866168511632,119.67938691176722,127.27966548804885,97.81406237004563,99.18370254975135,153.52155893956913,124.33543606945507,98.40178089975507,105.92473765095232
2022-11-08,122.50840147210621,123.5205360264426,89.0270821439788,85.56986117926053,122.84811926660417,121.44993211582353,127.37164912930974,97.78042737676651,99.95194717695117,151.21156298631888,122.11969053164925,98.40314759115645,106.03676085645223
2022-11-09,123.26698631016906,122.44869485135746,89.84626399445536,86.11378362719198,123.20201243406194,121.09103752168797,125.17989663975911,97.9072221392727,98.4189052009126,151.72898744734763,121.04434943795965,98.40451430153968,106.23686010377335
2022-11-10,126.04246388740476,124.00011820480424,91.16232542546648,87.37266853393517,127.81867288823834,121.68919517858059,129.3455516543269,97.97380047910849,102.89506992715727,145.78594013683107,123.38819607284273,98.40588103090498,106.12037680915587
2022-11-11,126.24596316879611,123.76281176884669,89.52844205338877,86.88641011367658,128.23690351321486,120.30146503355216,129.96680106680012,98.1206083279717,103.75182131060383,143.5676600091923,124.67331956803068,98.40724777925264,106.01429480948828
2022-11-14,124.67322352455344,123.05102477978474,88.93753481048913,86.80568780666091,127.30393194908318,120.11005750403822,129.5652896594711,98.04681781687236,102.68784461331693,144.08592856972288,123.02838716358757,98.40861454658292,106.17075737716166
2022-11-15,125.19130393071217,124.29210171376384,89.89997610244417,87.27465251741239,127.36827766240295,120.18183350217366,131.33664215616207,98.19354285030636,103.4997326261696,142.63088185159145,124.31318684804691,98.40998133289608,106.19009482779657
2022-11-16,123.6740429658097,123.06926272252716,90.37000333173548,87.73399433734116,125.74358555218306,120.6842873943093,130.04047270831003,98.4003524609643,103.73091806680215,141.57979845806062,124.21459473400431,98.41134813819238,106.11080638081805
2022-11-17,123.56303581325105,122.2844578030902,90.31627641274211,87.593692589146,125.69533039509375,120.77999115906628,129.34702862708005,98.30654602443815,102.66737187178923,142.63611181557877,123.7092671441647,98.4127149624721,106.1252830713019
2022-11-18,124.71023697404593,123.34306709710465,90.5982927503169,87.53987771780221,126.33876276088847,120.22968903541675,129.60278613381993,98.5933885816562,103.61282237399551,143.33350273237164,123.69208530150581,98.41408180573546,106.03851483017974
2022-11-21,125.26531423173772,123.85408234405419,90.93850893025817,87.73784349367024,126.40310021840722,119.48797208052406,128.63587636335367,98.69989940941417,103.57612871773985,144.07553324278092,123.59357870371193,98.41544866798276,105.96452505229139
2022-11-22,125.24684900189,124.05485408616659,90.831069903276,87.5437268741313,126.56397275750773,119.40422854821324,129.3296039550187,98.5860253171414,104.67736395453903,143.11444724937783,125.36525735005021,98.41681554921428,105.58645856486879
2022-11-23,125.56136373481972,124.25559642409884,91.2429046957031,87.66481033465482,126.7891662425249,118.13613723629257,129.95019063898974,98.45217121633426,105.68908637868032,141.43669124529475,125.67307588951735,98.41818244943025,105.33618812455967
2022-11-24,126.37551024201983,124.93087812349579,91.49358835315921,88.39131109779588,128.0438663732555,119.17693301963158,129.95019063898974,98.45217121633426,105.68908637868032,141.43669124529475,125.67307588951735,98.41954936863094,105.04605917418229
2022-11-25,126.46803556677135,125.51494805604555,89.79700999883512,87.99538871071776,127.5612900349592,119.03337372163149,129.80442888445663,98.51859077189279,106.1651590274701,141.28265015598225,126.30592261573995,98.42091630681662,105.00945825181962
2022-11-28,126.44950394508598,124.27385641997637,90.42373025072882,88.1625978945848,127.07872195246392,118.72233466073902,129.03865426332447,98.48491281251425,104.96833377264991,141.80057323198588,123.60620583872203,98.42228326398755,105.12623677560443
2022-11-29,124.89527102558957,123.63505060606425,90.49534886321467,87.9165818172087,125.47012039847449,119.82293890803808,128.9660303797593,98.77145227498832,104.3516443998505,142.09439207875377,123.8328387859068,98.423650240144,104.98916749104569
2022-11-30,125.41335143174828,123.8358076460866,90.0477010617935,87.64174289065409,125.75967610841352,119.91864997452426,130.78967583937185,98.81779551593128,106.81214824478064,139.8803353071208,125.44073558789155,98.42501723528623,105.15059814700707
2022-12-01,126.98609107599093,125.82520626297276,90.64306641706175,88.38169737163109,127.1269688537522,121.23459681968802,131.54575131568714,98.77391312097083,107.22089106598025,138.3832880626553,124.52962848103833,98.42638424941451,105.14548334437575
2022-12-02,126.74553685020855,125.27768572635823,90.81763632215208,88.7372677698593,127.70607201782921,120.80391892568782,131.56396875567222,98.72001169057606,106.62643547821506,137.91637239767397,124.43110734146879,98.4277512825291,105.10626944503247
2022-12-05,126.24596316879611,124.78491577319615,89.76121180084562,88.4681934131404,127.01436798334309,119.91864997452426,130.12182771965257,98.78666443724464,104.96231701861562,139.2848755033263,122.22083754881533,98.42911833463025,105.13714689953343
2022-12-06,125.54284871109375,123.21528388118712,90.75945869629243,88.86604037838306,125.19667175636802,119.77509067652419,129.28242134409143,98.73276303284439,104.83631118508836,139.17601601571153,119.5239461729124,98.43048540571824,104.95762813158403
2022-12-07,124.04413596583608,122.30271779896773,90.17751211114356,88.78531807136739,125.22882810142582,120.06220197079513,129.39220101666572,98.69899986557783,104.88859600644788,137.9931716335501,119.58854822359564,98.43185249579334,105.0995470006168
2022-12-08,123.95161894006428,122.32094103962008,90.77286265540724,88.86604037838306,124.58540399143212,120.34932056679526,129.72093100449263,98.78566955071855,105.47554380132785,137.83976650564495,120.22143470608981,98.4332196048558,105.03118944318244
2022-12-09,124.54370134826884,122.06543341614531,89.17031196344823,88.78531807136739,126.00096014966115,120.56465586293076,129.17380031183524,98.8121604053898,104.7258176289954,138.84961232738945,120.6917718024819,98.43458673290586,105.10460575257929
2022-12-12,124.30313052452706,121.37187701878074,89.59111481912838,88.73341861353022,125.63098468177397,119.87079444128116,129.95856010435668,99.09963625632109,106.04761406587362,138.65138778547256,120.91852724355681,98.43595387994384,104.98249860682422
2022-12-13,125.56136373481972,123.72632118127179,89.4299414676506,89.02556041424987,127.07872195246392,120.51680763141688,131.19899858868308,98.84493474679084,107.10907182965022,137.51397317913552,121.22634046049849,98.43732104596995,104.94925956134414
2022-12-14,125.93141523994757,123.06926272252716,89.81045839096356,88.74495691785955,126.74091934123662,120.13398527065976,130.7978201073928,98.99179656226141,106.77903905922683,137.22656571956767,120.23580445457999,98.4386882309845,104.8649000487592
2022-12-15,122.82294940095476,119.91175364472164,89.18822587344752,88.65269630651456,124.10282765313583,118.72233466073902,129.07337037424202,99.01818970427843,104.85101326030369,137.16278755301022,119.7323063961184,98.4414226389909,104.36812734291077
2022-12-16,121.80524551950533,118.59768083350266,88.63671590264222,88.27599220710806,121.97948515999124,119.89472220790272,128.68932757852406,99.04459231046592,102.83350774411592,138.12729970019384,118.09329487117901,98.4441571229531,104.12998861305311
2022-12-19,121.26865008962069,118.26914792860784,88.31802011230741,87.77628006901354,122.01165801665113,119.52386007959177,127.88432562620491,99.21142497533559,102.32417200878017,138.0634088105648,116.13029024266197,98.44689168287317,104.01658393933619
2022-12-20,120.5470289071721,117.44782301741581,87.54627050389186,87.43801254495037,121.23954248001787,120.82784669230936,127.72020018265329,99.03712573783403,102.39997230216949,138.9381442202068,117.16840276205956,98.44962631875325,103.69557604969606
2022-12-21,122.45283980296895,118.5611608417476,86.97688365059862,87.55141602213155,122.88029212326406,120.97140599030945,128.43435721612676,99.18386812384654,103.91543394307507,138.33787632192667,118.04409274950764,98.45236103059543,103.77654645264059
2022-12-22,121.63870159474854,117.66684740436071,85.95088093263118,87.67057490449052,122.3494523720774,120.08612973741668,127.50176059576883,99.71161490081366,103.06878560692168,139.25700289130594,117.21695885586527,98.45509581840183,104.07704869370814
2022-12-23,122.43437457312123,118.23262793685277,86.03681438101147,87.50528113413009,123.1054773524802,120.70821516093085,127.30114380711125,99.21633194595812,104.49378513044154,139.10363761483055,119.06511967604622,98.45783068217456,103.90390265713437
2022-12-26,122.43437457312123,118.23262793685277,86.03681438101147,87.50528113413009,123.1054773524802,120.70821516093085,127.30114380711125,99.21633194595812,104.49378513044154,139.10363761483055,119.06511967604622,98.46056562191573,103.95954352554611
2022-12-27,122.91544152978744,118.45165232379766,85.24001936390735,86.87295639584065,123.1376749765432,121.49778034733743,126.97250869049822,99.16228070406254,104.70414411754476,139.3076847959225,118.8054146250809,98.46330063762744,103.72335376122142
2022-12-28,121.99027957104897,117.83110650576307,86.14962239714184,87.0843758895446,123.05723870699295,120.11005750403822,125.87593795871722,99.16865964995878,103.16074366153293,140.4771771212253,117.4787876021058,98.46603572931181,103.81437467330738
2022-12-29,122.58239517517238,117.17404804701846,86.07801859566054,86.98827528652845,123.16984783320311,120.37324833341683,126.77274784991141,99.43676233436007,104.11305001906955,139.68766720405094,119.04777724850008,98.46877089697095,104.0023962631357
2022-12-30,121.65724151541362,117.55733153536573,85.93297442813416,86.9690569988568,123.47546933196946,120.58858362955232,126.99275019010308,99.16122313910353,103.0197043324894,140.05322791267304,118.0301134498321,98.47150614060698,103.94761854523207
2023-01-02,121.65724151541362,117.55733153536573,85.93297442813416,86.9690569988568,123.47546933196946,120.58858362955232,126.99275019010308,99.16122313910353,103.0197043324894,140.05322791267304,118.0301134498321,98.47424146022199,103.96014136108454
2023-01-03,124.28466529467934,120.13076332957647,86.97688365059862,87.26119879957645,125.47012039847449,123.24439778477219,126.70089587796735,99.28835899723329,102.98292041240553,139.69698250687378,119.1815103576343,98.4769768558181,104.08054493757616
2023-01-04,126.19046789149648,119.03569285216724,87.73069713250806,87.36113939426376,127.20740512330244,124.08181850442186,127.88966201877736,99.27456894737257,104.47414070535271,138.6192744235293,121.25002051699867,98.47971232739742,104.08712770764555
2023-01-05,125.22831738020463,119.2547098880671,87.14698063231585,87.10359417721627,127.14306766578372,123.14870132174443,126.84844750695143,99.24065264891286,104.07768850264365,138.8405183910299,119.9823269306433,98.48244787496208,104.48543387128989
2023-01-06,126.28296002032917,120.0577748033816,87.49793479055351,87.52642399996627,127.64172630450945,124.4167926336651,128.12818099130988,99.20674385719542,106.26474804365328,137.0418341816436,120.46592691825005,98.48518349851415,104.75688125656973
2023-01-09,127.26360895738755,120.73307120486862,87.70026792366676,88.14145502874862,129.50768594437488,123.69900344539396,128.76811929195026,99.27339943096031,106.92382872005611,136.87853654021018,121.19950531365153,98.48791919805578,104.69023494526206
2023-01-10,126.56052769560404,120.31329712894645,87.2508353961977,87.89159895970134,129.0251096060786,124.1536091060157,129.42615520477494,99.56139881848222,106.57211444750816,137.4845510904606,122.01623833983663,98.49065497358905,104.87416627576187
2023-01-11,127.57817348419552,122.48518543893236,88.43261285448565,88.08380016573368,130.11895370931077,124.89531875917919,128.8237117327991,99.26601691375173,107.65760082416078,136.60015416628323,124.66629670735327,98.49339082511608,104.91918603327998
2023-01-12,128.22579266459823,123.65328119776164,89.30820241577851,88.07418643956889,130.2959085488407,126.21126560434294,130.24854221336435,99.3728591398359,108.5407286350836,136.2928272117305,126.56563524804154,98.496126752639,104.93835342738693
2023-01-13,128.15179066255234,123.89058763371918,89.82388456658519,88.68729289018668,129.9741882380428,127.24009385350658,131.38079395878324,99.45961436035273,108.75016185294044,136.46611090843038,125.2982378838421,98.4988627561599,105.12899745464466
2023-01-16,129.70601528306906,123.81753294811897,89.25626762833532,88.43936139930396,131.4701806658221,127.3597253848851,131.38079395878324,99.45961436035273,108.75016185294044,136.46611090843038,125.2982378838421,98.50159883568091,105.12440914439523
2023-01-17,129.52099782948486,123.48904414949438,90.01676087329533,88.4681934131404,131.43798304175908,126.40267313385691,131.85553981467146,99.52618833445594,108.66769532539153,136.83156231490815,125.94730267607126,98.50433499120412,105.24808657757339
2023-01-18,129.02142414807238,122.2844578030902,90.5078567565544,89.11013187759464,131.87232073456815,125.42170041793636,131.18003790490746,99.67318383832858,107.48558882768633,135.89972109557996,125.26343474502961,98.50707122273164,105.47029233563505
2023-01-19,127.8372012388053,120.45928888342625,90.06984351359091,88.95829182507015,130.21547227929045,126.30697667082913,130.7055462230099,99.69954640516916,107.5828579341807,136.79355533561605,123.91347263434504,98.50980753026562,105.60012783610027
2023-01-20,128.18879581306516,122.17494928514027,89.92836879816029,88.56236943799202,130.66587576092687,127.19223832026347,132.23857050554525,99.84648253076986,108.82435723744288,136.67847640759422,125.47847776906961,98.51254391380812,105.65740331712006
2023-01-23,129.53953775014992,123.30654710534958,89.31352697191308,88.33942080461664,131.87232073456815,127.33580491999277,133.09610081632565,99.81255479617788,108.8765580928295,136.65949328587095,126.87653572719961,98.51528037336126,105.86896141503652
2023-01-24,129.42848910269274,124.47462816208879,89.46952387730178,88.41245396363207,132.48357198790194,128.24500163777785,133.11407987485885,99.8187493222246,109.13059329611087,136.59251275082275,126.52588808465603,98.5180169089272,106.05341386659552
2023-01-25,129.28046850064158,123.3612535825318,89.34979912204808,88.59696602166414,131.42191725293173,127.64684398088524,132.96791639167122,99.8852624136592,108.82387799826039,136.47751239107458,126.34183677313374,98.520753520508,106.02743859333468
2023-01-26,128.57737064089866,124.52940814972138,89.53116727822538,88.52777285431989,132.12969533204625,127.38366045323586,133.44193384788088,99.91152103896135,108.98816126964314,136.69858615519706,127.57274290366989,98.52349020810578,105.92548941752067
2023-01-27,128.4293168429287,125.38718689326312,89.24280442520231,88.45857968697561,132.12969533204625,127.67076444577758,134.1346924859956,99.95786605667311,108.6815467786278,136.39160328583844,128.63685117206458,98.52622697172268,106.10708268262658
2023-01-30,129.13243959961073,124.89440223801095,88.9090828707548,88.35094994428805,132.32272421620456,127.5272124495067,133.4413279797851,100.10465107161637,107.3886358427002,136.37266000760425,126.6220273319341,98.52896381136077,106.07633691131386
2023-01-31,128.18879581306516,124.80313166280345,88.4828665929128,88.01653157655394,131.3897526520729,126.881199259371,134.370826566094,100.1710798480842,108.15824173554928,135.15410633377826,127.43639305181871,98.5317007270222,106.03298105261796
2023-02-01,127.3561591790782,124.96739811525086,89.2010818253941,88.42783225963255,131.22888836877343,126.52230466523544,135.37868670509206,100.11885522041072,109.10691133185475,135.6631068083028,129.16553239827385,98.53443771870907,105.9006642548627
2023-02-02,128.09632858117158,127.04803790316438,90.41626550443726,89.6405914430322,133.12701260949774,125.46955595117947,137.14827258476612,100.19470443132623,109.02345370612063,134.875379018747,129.89485890478133,98.53717478642346,105.91058412245798
2023-02-03,129.5949832335713,127.86938486749153,89.44230865644712,88.31442878245137,134.1082723539229,123.74685897863704,136.03226267102252,100.12939997595458,107.30443095601379,134.9512218317726,129.54287541949847,98.53991193016753,105.95525067061527
2023-02-06,128.61436749243174,127.1940884660045,88.34682751615085,88.49701626231891,132.77312769784098,124.46464816690819,135.64694358304448,100.31598271260465,106.99724460463106,135.4107315882584,128.27642404472056,98.54264914994336,106.45688936469222
2023-02-07,128.20731083679112,126.55528265209239,88.22713238290623,88.14337960691316,132.21013160159652,124.4167926336651,136.32037357356603,100.38171040514199,107.31728836951685,136.3016058506618,129.42119496161123,98.54538644575308,106.48130924798245
2023-02-08,128.37381326664936,127.12817899618246,88.20717455427948,88.05496815189724,132.54792595702278,123.91434604325866,136.06280682434922,100.38689169308618,106.38311970071787,135.2265947548022,128.07198372273655,98.54812381759879,106.55990806168451
2023-02-09,127.8372012388053,127.21972891110147,88.72952906263448,88.32404250861615,131.502353522482,123.60329237890775,135.3125843209919,100.41226900519882,105.89708070248393,136.02138980354266,126.30761563194379,98.55086126548262,106.56736794363992
2023-02-10,126.65303642239616,125.09607080761815,87.77732958032352,87.53603772613107,130.31197433766803,123.38796438450146,134.8545884095871,100.37722294934449,106.44102110901265,135.47392037843025,127.6183943536948,98.55359878940666,106.82237772996407
2023-02-13,127.63371855537335,126.87189216193353,87.65219140290797,87.7474480551771,130.7463120304771,122.4548325983656,135.54604486114488,100.66434608245622,107.61159370875029,136.0767379772308,128.18100383736436,98.55633638937303,106.77100787196257
2023-02-14,127.94821669034366,126.63388002565222,87.66489183930682,87.84354865819327,131.5184275671104,122.47876036498715,135.6169950655406,100.36744864324945,107.17030999531801,137.01477490266714,128.1619292832219,98.55907406538384,106.73866633040512
2023-02-15,128.3368413120554,126.78035694910459,87.29851942533598,87.37266853393517,132.06534136292544,121.68919517858059,136.5269742063425,100.45318218822072,107.24389278600906,136.75484430002663,128.30895189893158,98.56181181744121,106.6609056147294
2023-02-16,127.67069050996733,126.70711113633337,87.43455850209794,87.25734964324737,131.84015613370929,121.760971176716,135.46724230656469,100.49862074655596,106.48955119216058,137.06980621555167,128.37292179072185,98.56454964554725,106.75733119062754
2023-02-17,128.18879581306516,126.10295814873633,87.84806693803883,87.36497938593493,131.8884030349976,122.31128060209475,134.15253860512942,100.4635489014656,106.63031029952208,136.6662607745833,129.516305277218,98.56728754970406,106.86761565465468
2023-02-20,128.22579266459823,126.10295814873633,87.58871143742059,87.23044220757546,131.93667470368896,121.97630647285152,134.15253860512942,100.4635489014656,106.63031029952208,136.6662607745833,129.516305277218,98.57002552991378,106.6449366413767
2023-02-21,128.44780696971554,125.46221165893385,87.43997932976205,86.78646951898926,131.6953824066403,122.26342506885166,133.20298019577163,100.44859896859337,104.66838963487784,136.78958000402037,126.84028053449683,98.5727635861785,107.17315860013107
2023-02-22,128.4108599120607,124.49191782002114,87.80816609178986,86.91139297118393,131.26104471383124,122.4548325983656,133.5111885062217,100.35315267688556,104.47388831681914,136.29042659352598,127.4855125107759,98.57550171850033,107.31016008821257
2023-02-23,127.87425618319632,125.55373216967271,88.08385813042318,86.79799865866067,132.0010039054067,122.04808977271615,133.74647681130588,100.3784624695052,105.21863605846508,135.59995169513883,129.1265116591611,98.57823992688141,107.21965920582963
2023-02-24,127.00460609971688,124.25390568373982,87.80998043984684,86.55775631577819,130.52111854545996,122.23949730223012,132.359883488192,100.18252697648808,104.44279639377021,136.3456016658031,128.85832542083386,98.58097821132381,107.05715257868324
2023-02-27,128.0777637635674,125.62697798244393,87.63043403722878,86.60580661728626,131.96884756034888,122.04808977271615,132.77740952173434,100.26811818653533,104.69551816422083,137.04317742011781,129.9178291160647,98.58371657182967,107.28930936742674
2023-02-28,126.35699521829386,125.11434550558576,87.54881059117162,86.5423780197777,130.79453416436226,122.74195119436575,132.79416602457798,100.31353068970381,103.96468074569776,135.77869030939902,128.98588476134324,98.5864550084011,107.50706037270534
2023-03-01,126.04246388740476,125.0777520033803,87.52523887743546,86.15222020253528,130.2959085488407,123.77077944352936,132.92751412285622,100.25823514908035,104.01626054632926,136.8588639672293,128.38604040783542,98.58919352104022,107.28844568961009
2023-03-02,127.44868450382974,124.62006123714559,86.83964488246838,86.09071618319125,131.05194178504453,124.17752957090804,133.43633995428834,100.31397466671004,104.64878537859626,137.36469723981745,128.947498570733,98.59193210974914,107.26625500566851
2023-03-03,127.65215888828196,126.59727182135667,87.1697525518065,86.28868195905928,131.74364581953066,124.22538510415113,134.34592032195926,100.27886438993046,106.08543317867758,136.53115298648817,129.5917272153286,98.59467077452996,107.21489796428814
2023-03-06,127.17114172549398,126.98171677482016,86.99019874368616,86.60195746095718,131.6471107379489,123.81863497677247,133.8157025804493,100.42543441741687,105.71222989273743,137.3716210048617,129.73825246199362,98.5974095153848,107.72266791218405
2023-03-07,126.09796746368409,126.94509386843453,86.91402574730219,86.52699972377721,130.2959085488407,122.67017519623032,133.54072955731223,100.22882651012644,103.9543559271704,135.534248501004,127.48065293870732,98.60014833231577,107.72428931534017
2023-03-08,125.70940093483027,125.99310413166958,88.10742243865708,86.45204198659724,129.44334848685614,122.71803072947343,133.13827266569464,100.27444156169469,104.51952253167529,135.89651199794983,127.79323689946094,98.60288722532499,107.81515550467972
2023-03-09,125.80243249734391,125.35238704604723,88.13827376112798,86.40400084974709,129.8937602242936,122.86158272574428,131.64326527398686,100.19899871629462,103.40985982439415,134.68128525788322,122.3044719449891,98.60562619441458,107.75650183954974
2023-03-10,123.90422346695853,121.06836707119956,89.29721265040482,87.25542506508282,127.2395697241613,122.50268813160869,129.6022805147643,100.14376225090686,103.08192264460445,130.55103059623775,116.65165306313703,98.60836523958665,107.82377025058965
2023-03-13,122.09909579296503,117.90113256080713,90.30200600986132,87.8627669458649,125.40576642935366,124.6321352315298,128.21743506730127,100.04816445968527,103.35677113924528,126.56536742089234,115.8886486174721,98.6111043608433,107.99794023781561
2023-03-14,123.69953743146911,120.61066160287479,89.81048801297267,87.64174289065409,126.1296433204997,124.89531875917919,127.8888770180878,99.56943937019234,104.43499067791204,129.26991037880674,119.0192092529267,98.61384355818666,108.31294376328155
2023-03-15,121.11275375582775,118.83484759960446,90.39630767581052,88.68921746835123,123.4593952873411,128.24500163777785,127.68783674235782,99.53446392057234,102.96896695274818,124.61684130221444,116.59957401445963,98.61658283161881,108.32418056398805
2023-03-16,123.67411765662706,121.91050279089777,91.68221390156444,88.41052938546753,126.177898477589,127.8382515103992,129.34316828866045,99.60028378905186,103.95767305625753,126.12674710571221,118.56970049131385,98.61932218114191,108.61589058927386
2023-03-17,123.03843240904277,120.8303475838732,92.49838911811798,88.30097506461541,125.16449889970811,130.08733014169883,128.48689959813743,99.4443386991986,102.73753845999947,123.67235930915858,116.3992495287761,98.62206160675805,108.63345084124667
2023-03-20,123.33758573053512,121.10498262654015,91.94975988769704,88.2337064754357,125.26101746968779,130.94867132624083,128.59510107465252,99.49003548157782,103.54753333373223,125.18194907602414,117.20981055588209,98.62480110846936,108.90652675012824
2023-03-21,124.70237784026357,122.73435646158329,91.04742905769501,87.87430525019424,127.11087829752172,128.07751457315624,129.61286147819249,99.29385566934322,103.64365259474373,126.50012640673583,120.25503611715718,98.62754068627791,108.6756914398089
2023-03-22,124.83327764717951,123.19203252572792,90.56316104753199,87.74937263334165,127.01436798334309,128.62781669680575,128.70233560334998,99.4403117346203,102.60250614941395,124.52413841186399,118.0025576490702,98.63028034018586,108.96958329084605
2023-03-23,124.57151952824617,121.9837339015789,90.28023383317758,88.39515108946703,126.46743767592596,130.25481720632044,129.13911458974502,99.68837438327667,102.1646308734542,123.88635076197549,117.32417509703161,98.63438993520003,109.04253430264048
2023-03-24,123.35630822875375,120.77544997951999,91.17439639417208,88.89102323589042,124.44061375276105,130.5180007339698,128.9938723131393,99.51336165022924,102.5962820838044,122.62839552531031,119.12811882069366,98.63849970144734,109.03870081634983
2023-03-27,124.7398062387414,122.18511578042958,90.38544380397546,88.36247908395944,126.22617014628041,128.2689221026702,129.2123348086878,99.4794053658915,103.45129991962094,125.71285332009347,120.68338988858827,98.64260963893491,109.43473076059122
2023-03-28,125.26327268272983,122.29498449958642,90.06984351359091,88.14914417674886,126.33876276088847,129.3216854201846,129.59429435267634,99.60656039310997,103.97179101405436,125.6476811996998,120.66662830665929,98.64671974766988,109.27517294501124
2023-03-29,126.53460168299988,123.63143389190495,89.93564100139275,87.84163324468666,128.20472240075392,129.15419835556295,130.12157784247142,99.73366894907282,105.40574236019947,126.39346341777748,121.22882182804501,98.65083002765935,109.34987736312738
2023-03-30,127.4320118535987,124.05250175175404,89.75970107838184,88.01844699006057,129.6685419718733,128.67567223004886,130.64871268206352,99.76007025668322,106.19317568978627,126.47130634398502,121.79084582481894,98.65494047891052,109.43576058559835
2023-03-31,128.62855044875073,124.89466687563238,89.89028970547058,88.13184130258382,130.60152179180605,129.41739648667075,131.93888943460814,99.64554936444071,106.24525287717317,125.40456587180526,122.60074783847577,98.65905110143048,109.75917292230805
2023-04-03,128.3854982300766,125.62697798244393,89.88485406680192,88.25869849760096,130.0385174397605,130.20696167307736,131.50227987215206,99.80162766298749,106.54233446496242,124.67192944154807,122.3708126876883,98.66316189522637,109.72099085581488
2023-04-04,128.06764730730475,124.9495644799856,89.6418202931942,88.28560593327286,130.24764513595034,131.61860498126887,130.90217972126777,99.86860011698302,106.72796956558189,123.98715243940153,121.2467730967493,98.66727286030535,109.98863687431384
2023-04-05,128.5537434456733,123.64976739823285,90.80257353052804,88.43167225130372,129.65247618304596,131.2597103871333,130.48399722319502,99.89517314929428,107.69291073582595,123.2072194088949,119.86760458958142,98.67138399667454,110.15578459171245
2023-04-06,129.37637980911353,123.92437303671964,90.99754559438153,88.83528378638209,130.85891290088622,130.58977673210526,130.4658744458029,99.80045046139112,108.12324997175651,123.14243126125221,121.04282788789533,98.67549530434107,110.08901331060987
2023-04-07,129.37637980911353,123.92437303671964,90.99754559438153,88.83528378638209,130.85891290088622,130.58977673210526,130.4658744458029,99.80045046139112,108.12324997175651,123.14243126125221,121.04282788789533,98.6796067833121,110.13409330504507
2023-04-10,129.37637980911353,123.92437303671964,90.99754559438153,88.83528378638209,130.85891290088622,130.58977673210526,130.77489560043674,99.92807043595433,108.33083608482006,124.45972427735872,119.8343087152369,98.68371843359473,110.18444606596336
2023-04-11,130.01202356179925,124.72988585003222,89.93744794394746,88.27406762894353,131.6471107379489,129.89592261218485,131.12019056711733,99.99500819718995,108.60515229285255,124.5853741643873,120.83896431617625,98.68783025519615,110.04636584183957
2023-04-12,130.0496677337495,124.10741405819734,91.73211217588245,88.36056367045283,132.01710271743818,129.60880401618473,130.95665468635661,100.04173795632376,108.72361028560924,125.13979829659807,122.01356894487829,98.69194224812344,110.31208565765402
2023-04-13,130.27542487871455,122.91743423828618,91.13810943303253,88.41821853346778,132.03318501786762,130.37444873769897,131.73781094551254,100.06824963093455,109.22029289556494,125.50348878803896,123.6983499599152,98.69605441238379,110.62472887218084
2023-04-14,132.14889465059386,124.3637449987165,90.68468533983814,88.0261361380608,132.72488905235375,128.43640916729183,131.19281536750768,100.03415088757559,108.24842269851804,126.20049327143794,122.74534836929334,98.7001667479843,110.87090867430582
2023-04-17,132.09212962939912,124.74821935636014,90.78897702835411,87.69940691832694,132.46748968747252,128.62781669680575,131.84655735101154,100.04045482468835,108.5670660630293,126.89730228316137,124.00422824894868,98.70427925493213,111.24927212944537
2023-04-18,132.6598462331844,125.6635714846494,90.96127344424653,87.82049037885045,133.38438720697582,129.53702801804928,131.75561587967726,100.18808146348374,108.04040798026536,127.02253581508887,122.03086003196555,98.70839193323442,111.5623979099233
2023-04-19,132.71662785233858,124.91295627569005,90.72094267896858,87.61483545498218,133.36832141814847,128.84315929467047,131.42860678052676,100.03286890848544,108.6036349250192,126.81445319388773,123.3745051778534,98.71250478289832,111.50547780789563
2023-04-20,132.71662785233858,124.25390568373982,90.73908615953836,87.73207892383455,133.35222260611695,128.67567223004886,130.79310783924407,100.09970435809139,108.34394693616667,126.6064469903039,121.741853773299,98.71661780393094,111.67478777880831
2023-04-21,133.4546644166473,124.25390568373982,90.59399015349607,87.59754174547508,133.9152104465604,127.0965418572357,130.7930513544228,100.2069382227858,108.23996717393936,126.58886276155528,122.49008493419299,98.72073099633946,111.69978424956348
2023-04-24,134.48432712785424,123.66804209620048,90.21312517157624,87.88006982002995,134.73561416348716,126.95297525750644,130.68411618590844,100.1526442476294,109.02523900597826,126.76162113709475,123.15310910257755,98.72484436013099,111.7879405134702
2023-04-25,134.77034316447066,123.32022004912263,91.1290450982499,88.11262301491219,134.12436291015334,127.64684398088524,129.14152767735095,100.09838189547087,107.98762861398117,125.22136861014592,121.35116759258182,98.72895789531265,111.73168882735041
2023-04-26,133.37839679314146,121.74575116947774,91.08369380232773,88.07418643956889,132.6444527828035,128.101449641507,129.0329062196701,100.26606238105286,107.21700939360717,125.44186441473475,120.48453022714641,98.73307160189164,111.95288273864854
2023-04-27,133.244907704557,123.30191594697486,90.42170114310592,87.83394409668641,132.6766091278613,127.93396257688539,129.34150631529081,100.35301227871007,108.40205524718958,126.3520426314241,122.42204437067741,98.73718547987505,111.96864360549148
2023-04-28,134.1601938774443,123.8327790155304,90.82524917848912,88.30866421261567,133.8830541015026,127.67076444577758,129.45051333079292,100.35926517337373,108.78692033946587,126.31069999203774,123.67939754233477,98.74129952927004,112.31148107820587
2023-05-01,134.1601938774443,123.8327790155304,90.82524917848912,88.30866421261567,133.8830541015026,127.67076444577758,129.48884981495027,100.40814275756564,108.70516994293904,127.52963997435269,122.55793869997392,98.74541375008377,111.87067020526958
2023-05-02,133.77880596603694,123.74128790897171,91.46912797915026,88.01844699006057,133.33612379408547,129.15419835556295,128.38178906736624,100.23206945040717,107.4462048947187,126.56092393626666,120.07787258093994,98.74952814232336,111.80288929687964
2023-05-03,134.99915433396788,123.21038073414591,91.04287467379689,88.60273059149986,134.54256876772675,128.98671129094134,128.29136629999496,100.33973182703744,107.14257175098744,126.06791077421788,120.31595037999156,98.75364270599594,111.65865874260956
2023-05-04,134.17924833485122,121.23312604366463,91.46004142786082,88.40284023746729,133.80264259935547,130.58977673210526,128.10902501704774,100.5071456526647,107.17104304084921,125.66885128937295,117.41112124381281,98.75775744110871,111.70465886165634
2023-05-05,135.742784410599,124.0158935474585,90.95674127685523,88.28175677694378,135.26645391467383,129.01064635929208,129.48696882026786,100.390909517335,108.7092508348868,126.31556989610031,121.04418895139642,98.76187234766877,112.01025320078874
2023-05-08,135.76187206392473,123.81450431756281,90.80712791442616,88.1683624644205,135.4755568434605,129.65665954942781,130.0662788723388,100.39620856062798,108.62648034007927,126.39183526279913,122.21454340788056,98.76598742568325,112.14610187327332
2023-05-09,135.53308579136666,123.86943132609618,90.93408043989868,88.10109387524078,134.9929970167663,129.82413201059103,129.91999136263271,100.34078911427198,108.72130416739219,126.94319016641691,121.17790655111595,98.77010267515934,111.96530850907791
2023-05-10,134.92290330842144,123.86943132609618,90.87059306890902,88.11262301491219,134.6069309926486,129.63272448107705,130.499118043307,100.28535627629174,109.06019782404701,125.83160165954747,121.66903416587016,98.77421809610414,112.20801927721406
2023-05-11,135.36141309715103,123.81450431756281,92.13565280576339,88.47203340481155,135.6685939834199,129.68058001432016,130.36182568671134,100.2906619915375,107.93450819212462,125.52786963849094,121.39639772917621,98.77833368852481,112.20840299755024
2023-05-12,135.9334866652824,124.18070397723882,92.19911796024623,88.24332020160048,135.41124415334488,129.75235601245558,130.18832739444463,100.25551166420601,108.20686854269302,126.22161181644927,120.86931274611028,98.78244945242851,112.41895844393864
2023-05-15,135.9334866652824,124.3637449987165,91.59154833723147,87.81664122252137,135.8455240555467,129.75235601245558,130.6946554780411,100.28107578156593,107.85801815145086,127.01011598139962,121.95400598708449,98.78656538782236,112.5313936561519
2023-05-16,134.99915433396788,124.0158935474585,91.84545338817651,87.87430525019424,134.7195318630577,129.03456682418442,130.04083984848737,100.26615300243176,106.26722838323883,126.32648803040016,120.57893487781794,98.79068149471352,112.95845067329782
2023-05-17,134.04580074116527,124.58343833075998,91.87265379802663,87.93772468304489,133.6900087057422,128.0057385750208,130.76441447617938,100.37261794108632,106.49536129151274,126.73497739186341,122.34169094842382,98.79479777310914,112.96744710059758
2023-05-18,134.04580074116527,124.58343833075998,91.87265379802663,87.93772468304489,133.6900087057422,128.0057385750208,131.01680711769328,100.33745823700504,105.90302356676784,126.7635559669686,123.00173399954797,98.79891422301635,112.78391023859446
2023-05-19,135.59024086460764,126.04803114020295,91.46455878424757,87.5763988796389,136.29594404878517,128.02965903991316,130.8886154732298,100.26182934198467,105.64339988729962,127.02945587695194,124.0854566339447,98.8030308444423,112.77240574682172
2023-05-22,135.36141309715103,126.35927438716543,91.36935364702103,87.34192110659212,135.50773795592147,127.3597253848851,131.35822248885836,100.16603108916937,105.62767914326878,127.29527393794997,124.15174331052327,98.80714763739418,113.1114326003975
2023-05-23,134.6177830205199,126.13959575721204,91.1653246538872,87.15740904856004,134.7195318630577,127.26402892185733,130.72288989452758,100.29267137175944,104.57030983627828,126.99165220949622,124.13326834872109,98.81126460187907,113.18544211471828
2023-05-24,133.70257153844992,125.05491965748834,91.47817750292833,87.3745931120997,132.4353085750116,127.8382515103992,130.44991377129455,100.29795813408882,103.73485763099161,126.1663176761467,123.52166479132103,98.81538173790415,113.60436793736481
2023-05-25,133.244907704557,125.05491965748834,91.29680934675102,87.08821588121577,132.46748968747252,126.28304160247839,130.32182714478967,100.3234677756425,102.39004842361739,126.66926522596611,123.24911920864834,98.81949904547656,114.05110406700369
2023-05-26,134.06483860061275,125.9376772520735,91.64594175142943,86.80952779833207,133.80264259935547,126.1394896062075,130.95417781717757,100.32876235243515,103.08371178785929,127.17208156321192,124.24726179383913,98.82361652460347,114.23711130789613
2023-05-29,134.06483860061275,125.9376772520735,91.64594175142943,86.80952779833207,133.80264259935547,126.1394896062075,130.95417781717757,100.32876235243515,103.08371178785929,127.17208156321192,124.24726179383913,98.827734175292,114.18277714023917
2023-05-30,132.38691768756564,126.78363551519212,92.3487535391821,87.1612490402312,132.90180261287847,127.04868632399263,131.02524776091838,100.33404392871947,102.35957673692519,127.34280574216173,125.07575100170708,98.83185199754931,114.45537920461383
2023-05-31,132.1390852565804,126.21351786612689,93.24199041239243,87.44955084927969,131.84015613370929,129.20205388880606,131.02375881143368,100.35953935897615,102.52151927406577,126.61272438548423,124.46434810830054,98.83596999138254,114.47689694283838
2023-06-01,132.46316041413237,126.3422493668545,93.43697728725047,87.71670062783406,132.62834571497095,128.9388703611567,131.80315676525206,100.44208970417745,102.72769137259104,126.40427022670512,125.96989589334903,98.84008815679884,114.44240132838934
2023-06-02,134.1410979251389,129.0640473030927,93.2918738757059,87.5821634494746,134.46216552138065,127.86218657874994,133.14197136050464,100.44742819624375,104.08505976067057,126.71724118017657,126.62838213979646,98.84420649380539,114.54659758469418
2023-06-05,133.49281482635962,128.73301504288452,92.5754655857793,87.35537482442807,133.97958092728334,127.16831785537114,133.79221344410374,100.47305428772779,103.56043060056481,126.22448775751307,126.94812707930028,98.8483250024093,114.36855624849625
2023-06-06,134.21739874456355,128.73301504288452,92.85657845207673,87.14587990888863,134.73561416348716,127.50329198461439,134.53273498520437,100.49875330273235,104.07621886615152,126.49002291735982,127.4370262744554,98.85244368261775,114.4905500630574
2023-06-07,132.9780125171851,129.10083193246916,92.46663432436974,87.35345024626352,133.6900087057422,127.12046232212806,134.38604195129204,100.52436888239187,104.4985322342131,126.8975569766539,128.43349247628842,98.85656253443784,114.69347523339326
2023-06-08,132.40597214497257,127.77670289163648,92.18550664706775,87.2823325007547,132.82139111073135,126.97691032585719,134.45652194965962,100.65145076559222,104.72991908139693,126.54707906123008,128.49898135846541,98.86068155787679,114.75689251663002
2023-06-09,131.96739596440534,128.5675136148705,92.07670500766729,87.2861816570838,132.1618764445072,126.95297525750644,134.2555259104189,100.57559806712528,104.3552113340304,127.0965893761655,128.1414604311299,98.8648007529417,114.7851252072102
2023-06-12,132.71103434001617,129.54218867662667,92.22631837009635,87.25734964324737,132.95009079317194,127.55113291439906,135.03176550723,100.66205904082237,104.20503365470299,127.83531803654202,128.29160004659715,98.86892011963975,114.36871288768722
2023-06-13,132.9016702028619,131.38124372036975,92.09935843912154,87.06515760187297,133.62570427142762,126.4983842003431,135.934501809963,100.58621368617536,104.52611254352962,128.19508072139345,128.69533655718465,98.87303965797807,114.31566056551894
2023-06-14,132.63479161344947,131.21569818608555,91.59154833723147,87.02671186187175,133.38438720697582,125.99592300647824,135.98661285267931,100.61181364916038,104.84707483311982,127.70259991754398,127.83059919439297,98.87715936796381,114.40244361107739
2023-06-15,132.67291712622267,130.4984861257846,91.75478041834127,87.24582050357596,132.86967103522377,125.2781338182071,136.5090761333547,100.65766185730504,105.81847792231068,128.1095945657677,128.74158575080702,98.88127924960416,114.45059942236561
2023-06-16,133.51186928376652,131.5467304462937,91.54618223030475,87.19584562390334,133.40051078641045,125.51739688096416,136.43442120794876,100.70352175556889,106.273736054651,129.32099625922902,128.55337669442966,98.88539930290622,114.47989786318584
2023-06-19,132.27249965434748,130.93984286994208,91.13810943303253,86.99403985636415,131.80796676544733,125.51739688096416,136.43442120794876,100.70352175556889,106.273736054651,129.32099625922902,128.55337669442966,98.88951952787718,114.39327000564639
2023-06-20,131.30004181025976,130.921479959434,92.33968179889722,87.2977107967552,131.08412289750547,124.67997616131447,135.96208151860765,100.78986990966752,105.024536563792,128.87588001401485,128.02708976876272,98.89363992452418,114.41813798456559
2023-06-21,130.84241117228567,129.65255726684617,92.17191014489383,87.07092217170866,129.7811428422824,123.69900344539396,136.24924048152474,100.86608858147457,105.72639690465576,129.09327392496388,127.75452583361353,98.89776049285437,114.66197053031473
2023-06-22,130.880561581998,129.67092017735425,91.791045162974,87.08629130305123,129.65247618304596,122.81372719250119,136.28451653143023,100.88248060338626,104.81497219877365,130.06871498619682,126.21592391710783,98.90256802287833,115.0116535950203
2023-06-23,131.30004181025976,128.8801241562103,92.69335377646921,87.38035768193542,130.4406822759097,123.74685897863704,135.27141788247957,100.80770273002967,103.0744344757758,130.05064988689315,124.84667851907712,98.90737578660166,114.96328079132535
2023-06-26,130.4801275121634,128.4203603952745,92.58906208795322,87.44955084927969,129.76506879765404,123.24439778477219,135.43344037984625,100.8747275895532,103.95660683868921,130.17445962002066,126.2653056874903,98.91218378403573,114.91903428267052
2023-06-27,130.34666332051805,128.91690878558677,92.98807055044284,87.07092217170866,129.7811428422824,122.74195119436575,136.19158131586747,100.88098235448508,104.47997787592003,130.5819377550795,127.2612993496489,98.9169920151919,115.11912848596747
2023-06-28,131.09029339714917,129.7260824193289,92.87472193264651,87.27656793091901,130.69804036178573,122.5505436648518,136.6605131456844,100.92773974255368,104.12937758586816,130.9420401189242,128.17252901626128,98.92180048008152,115.25727615810126
2023-06-29,130.80431055645155,129.9100055662113,92.01321763667761,87.06323302370842,130.19937346725894,122.81372719250119,137.03897405716498,100.91372200092275,104.22692614532198,130.97109700334732,129.67457569101808,98.92660917871596,115.39606455096639
2023-06-30,132.32972941840583,131.4179989455661,92.37142918714318,87.27849250908355,132.27446080331418,122.95729379223046,137.90495176070613,100.91990786419642,105.15326275030918,130.57479359559986,129.65656533328323,98.93141811110658,115.66234995279356
2023-07-03,131.64328761093452,131.8226151666173,92.64347031315573,87.25734964324737,131.74364581953066,123.8904109749079,138.62528967725092,100.91200040012933,105.78815920359983,130.7456935813331,130.1505461534646,98.93622727726476,115.8194760246347
2023-07-04,131.87208218247233,131.78581583515077,92.39863700249558,87.08245131138007,131.79188446501792,123.79471451188013,138.62528967725092,100.91200040012933,105.78815920359983,130.7456935813331,130.1505461534646,98.94103667720185,115.9531102354595
2023-07-05,131.03313832390816,131.73063889108602,92.58906208795322,87.02479644836512,130.85891290088622,123.69900344539396,138.84101155337913,100.97936519414137,105.12405498530472,130.77478935545625,129.9589313143594,98.94584631092923,116.01874619540027
2023-07-06,128.8403487098489,129.26631865839312,91.36482147962973,86.21948879171501,128.68729873905022,122.69409566112266,136.72513066194654,100.9450186517572,103.76602032713758,130.85113329981672,129.94088146278798,98.95065617845823,116.21202752847583
2023-07-07,127.75345623458361,129.59733621651122,91.68221390156444,86.38477339741752,128.75165270817106,123.31618838636604,137.4470505728321,100.98184137479977,104.28890453113475,129.79367167343418,130.61679467985743,98.95546627980023,116.18831051227944
2023-07-10,128.49709461019444,128.5491065980922,91.06556513276252,86.25600078889374,128.88034413481063,122.23949730223012,138.5843908029458,101.0593389066037,103.91625316936968,129.49227550574983,131.03228497438073,98.9602766149666,116.15577038644356
2023-07-11,128.87843272772358,128.53071428340394,90.73908615953836,86.31942938640232,129.29858301558818,122.0241620060946,139.21550964315682,101.08595672266519,105.17757402664319,129.37983328506675,131.96800662108922,98.96508718396872,116.6074121014461
2023-07-12,129.6030083469478,128.95369341496325,91.21066854430708,86.77109122298877,130.71414742961827,121.760971176716,139.48522018827836,101.05973629705515,106.48326543747903,128.1813861936683,132.90346677504337,98.96989798681794,116.7014535574877
2023-07-13,129.7364891365526,128.45713032256091,92.09031632084576,87.0459301495434,131.01976892838465,120.73214292755239,140.3689232441098,101.0985584411799,107.45298962639977,127.78590166999295,133.14507685676008,98.97470902352563,116.7084674837066
2023-07-14,130.880561581998,128.622646452665,92.11750191969132,87.15740904856004,131.5184275671104,120.9474782236879,139.78955850534817,101.20643684695104,106.2970948016137,128.71225726248912,133.03989933690542,98.97952029410315,116.64945766332578
2023-07-17,129.43144353946835,128.622646452665,92.08123717505859,86.94983871118515,130.90715980217448,120.54072809630922,140.58266573884407,101.25333187703988,105.74546207957194,129.0247863903729,133.97480308528918,98.9843317985619,116.77801993191675
2023-07-18,130.77305659887563,128.5675136148705,93.05219479462802,87.29963537491973,131.75972811996007,121.97630647285152,140.90614210877752,101.32056596763228,105.82024249493458,129.1956285670595,135.42938981249125,98.98914353691322,116.84745834365016
2023-07-19,130.50473398699418,129.3398879171461,92.76956380036454,87.35345024626352,132.03318501786762,121.6413396453375,141.10319525031105,101.38777027899756,105.9620818445102,129.0361378601673,135.32394222625177,98.99395550916847,117.28662392333872
2023-07-20,131.86997424162678,130.1306986403801,93.03077808205342,87.1228124648879,132.46748968747252,122.23949730223012,139.6939178496226,101.43464222269898,106.41691899288273,129.49000125736433,134.43882039824092,98.99876771533906,117.05992030346641
2023-07-21,131.8315001717059,130.16745386557645,93.14534860772484,87.03825016620107,131.6471107379489,121.61741187871593,139.87292605061478,101.64397983197308,107.18462396323486,129.61351372000144,134.8532512086555,99.00358015543632,117.34992424366659
2023-07-24,131.33156963416604,129.85482862214658,93.53946943871404,87.25734964324737,131.6310284375195,121.78489894333755,139.81743234581594,101.6501687330453,106.99090167848382,129.54835265839642,136.04707108776734,99.00839282947165,117.31646248245322
2023-07-25,132.23529532832174,130.921479959434,93.09951595415491,86.9863507083639,132.91790968071103,121.83275447658066,139.88822645247475,101.59542574477491,106.59609742954765,129.24742320533107,134.98897284718893,99.01320573745642,117.63942462471724
2023-07-26,131.61999237489746,129.85482862214658,93.03994609386785,86.94983871118515,132.25837024708375,121.85667494147299,140.04921348780334,101.64218925035497,107.34109412228818,129.41807727963598,136.8751384353624,99.01801887940199,117.6679607512757
2023-07-27,133.7351782297181,130.25941543901766,93.03077808205342,87.06707301537958,134.42999266472077,120.97140599030945,139.5247581716292,101.85141061997402,106.14194057265351,129.40010254668047,136.2501214838226,99.02283225531974,117.90422457693963
2023-07-28,133.50440020203035,131.38124372036975,92.67790589872695,86.85566268633353,133.65786061648544,121.97630647285152,140.76769193255006,101.87785428866182,106.10485664048588,129.99495279863768,136.577458326427,99.02764586522103,117.92017685824008
2023-07-31,133.27364707128174,131.8593850939037,92.14630191803249,86.97289699052796,133.77045323109348,122.62231966298722,141.68575613124366,101.95502787661275,106.78258789177346,129.741234373593,136.55848923499278,99.03245970911726,117.85471998744572
2023-08-01,133.27364707128174,131.8593850939037,92.14630191803249,86.97289699052796,133.77045323109348,122.62231966298722,140.9910567473397,102.03673354217426,105.07032007583862,130.61861796686503,136.3664180100609,99.03727378701979,117.78103637971267
2023-08-02,132.02381242845243,130.5720259803574,92.68249731013644,86.33480768240281,131.55061693537235,121.92845824133762,138.93229959940822,102.06337237683702,103.55952355525689,130.64760031059055,135.91485544153852,99.04208809893998,117.74256186338789
2023-08-03,130.5047422859739,129.54218867662667,92.11422128218422,86.15606019420643,130.53719259008832,121.3781488159589,138.94911785766243,102.15111780191206,102.80828523247816,131.05351029300613,135.72293307550808,99.04690264488924,117.71938101999817
2023-08-04,130.8508429356678,129.46863411996375,92.22420780194844,86.23101793138642,131.3093246383237,121.18674128644493,138.3705615916037,102.07577695180072,102.66006678106856,129.71630097327053,136.82863614995492,99.05171742487893,117.97275432742586
2023-08-07,130.90856233952886,130.038751769029,92.20587918382182,86.27906823289449,131.42191725293173,121.18674128644493,138.63991566216998,102.04125781241005,102.84670858090294,130.3576700058533,137.50155414879302,99.05653243892041,118.22402831688154
2023-08-08,130.23553168326382,128.95369341496325,92.99871225720968,86.58466375145008,130.60152179180605,120.9474782236879,138.26000215400038,102.02708541549164,102.92168627192635,130.33956477390805,137.0500736903655,99.06134768702508,118.57403569033482
2023-08-09,130.60086936791816,129.83642160536826,92.77873181217899,86.64231861446503,131.08412289750547,120.56465586293076,137.55553232670036,102.05366984101349,103.44298297613999,130.27437096382027,137.11749675101208,99.0661631692043,118.42628325363293
2023-08-10,131.29312046118426,129.54218867662667,92.78789241849115,86.69036891597311,132.22622215782698,120.03828150590279,137.35614139373482,101.97834907972883,103.58479515430714,130.72711240230154,136.4068299672202,99.07097888546947,118.67348938418927
2023-08-11,130.44705607803166,129.70767540255056,92.01340277423445,86.29252195073043,130.891060990143,120.44502433155225,137.15670112875637,102.04568162332835,103.54810685864084,131.50920965715932,136.04210460210763,99.07579483583196,119.11152399802067
2023-08-14,130.69701304782186,129.2479116416148,92.0408994041755,86.08495161335554,131.21278130094086,120.11005750403822,137.4261397904229,102.0824332442755,102.61914240596803,131.02026032451377,136.19605324581244,99.08061102030314,119.35602409067867
2023-08-15,129.54331378591652,128.14451978122113,92.09130865815038,85.82356640463688,129.6685419718733,119.77509067652419,136.54189772473217,102.09882941688228,101.42279766866204,130.90796430083049,134.8808451525907,99.0854274388944,119.32723382922097
2023-08-16,129.38945900113148,128.3284135239234,92.11422128218422,85.7985743824716,129.62027855898296,119.79901844314573,135.65797228867123,102.04386765468504,101.20802535936477,130.9368306788231,134.68930526744353,99.09024409161712,119.16769707175045
2023-08-17,128.17804863434478,127.11465307331021,91.91257686078241,85.67941550011263,128.1242943870047,119.35638031669936,134.70213302376388,102.13156566026728,100.4135417254008,130.9186450078955,133.115511749477,99.09506097848268,119.0272162638833
2023-08-18,127.50507607093769,126.139963309464,92.1692219475686,85.76782695512856,127.62564400408,119.60760361190256,134.50328908772826,102.11738072059227,100.6671299568251,130.9474864469344,134.13359475275155,99.09987809950246,119.35121923912524
2023-08-21,127.38967875811412,126.43419623820562,92.08214064633594,85.38919827755753,127.6899897173998,119.03337372163149,134.79089314789815,102.1031977510477,100.14044565568658,131.68186866908235,134.37409470642723,99.10469545468786,119.78243501643047
2023-08-22,128.06270111539948,127.07783903975356,91.98132954388845,85.42379486122967,128.0438663732555,119.58367584528102,134.988219174818,102.15004985520646,99.90366474683096,131.28735199075876,132.45552749841542,99.10951304405023,119.40036955858777
2023-08-23,128.79340138164736,127.46366598968442,92.664146475503,86.01959843768243,128.8160149330929,120.66035962768775,135.63579162271856,102.23765829828292,100.89260409389513,129.85843754500118,133.55962954941748,99.114330867601,119.64203278982043
2023-08-24,129.02410471851772,127.77798197347332,92.9070469500698,85.93311156083105,129.23423730226838,121.33030058444501,134.19455827513454,102.22345862351926,100.14329104167822,130.12249598116207,133.62741635625463,99.1191489253515,119.6513294263587
2023-08-25,128.73569027676598,127.37118984309048,92.70998653457522,85.88891041565206,128.67122469442185,121.06710975506641,134.6079358071129,102.22960898399451,100.70862066162695,130.62155236430067,133.6951930167134,99.12396721731315,119.66877419267341
2023-08-28,130.0048034494543,128.75805270228827,92.93912758591809,85.85431383197992,129.9741882380428,121.3781488159589,134.76925463386337,102.27640052257992,101.25154314852062,130.41537544841253,134.7123327197213,99.12878574349733,119.39949973263238
2023-08-29,130.67780920878025,129.12791318239383,93.06287352890624,85.91196869499487,130.66587576092687,121.95238600795916,135.6324862213852,102.34357424295742,102.44019404652664,129.69231972490147,135.5566316172312,99.13360450391541,119.33963596261647
2023-08-30,130.69701304782186,129.9600073745684,92.58624059158707,86.21179964371476,130.81064948799585,122.19164907071622,136.42340886077594,102.34969032712624,102.31462245506724,130.3321682553281,136.05553821389745,99.1384234985788,119.69405220262905
2023-08-31,130.77391969276513,131.30993858348893,93.33324841690727,86.38477339741752,132.0010039054067,123.10084578850133,136.5303942235467,102.35583009760138,101.16481462066382,129.75025888024484,136.03664161136774,99.14324272749886,119.57154936772685
2023-09-01,130.52396272297491,131.2544822997127,93.31032838737116,86.25023621905805,131.3897526520729,123.0290697903659,136.87540935992067,102.41114150235784,101.19530214412218,130.20199664629232,136.27650908852857,99.148062190687,119.93584052313035
2023-09-04,130.1393880033601,131.27294812485133,93.06287352890624,85.94464986516039,130.97150551549427,122.86158272574428,136.87540935992067,102.41114150235784,101.19530214412218,130.20199664629232,136.27650908852857,99.15288188815461,120.32221944838656
2023-09-05,128.8895035666525,131.47636624317786,92.51293352458289,85.86969212798041,130.05462450759308,122.7658716592581,136.27992481348898,102.53997405564424,99.91242710534553,131.40514136202566,134.7913127550407,99.15770181991306,120.37788876294148
2023-09-06,128.5433946179789,131.12503039657125,92.48084548323236,85.62560062876885,130.2959085488407,122.50268813160869,136.22496880413036,102.34181141525542,98.74114340912664,131.52779179426736,133.65149253878585,99.16252198597375,120.48985860673409
2023-09-07,129.2164003773048,130.51479074368171,92.29752967995715,85.7812806729645,130.0867808526509,122.7658716592581,135.61182530135574,102.38887446975326,99.2837870993516,130.6173568959223,134.32276115747794,99.16734238634805,120.61254691674901
2023-09-08,128.8318339566697,129.81211905046845,91.94923409703563,85.70632293578453,129.87237769959535,122.7658716592581,135.53906483672066,102.37465379274357,99.73728001069985,131.20956530224476,135.33868675475983,99.1721630210474,120.80404733637747
2023-09-11,129.02410471851772,131.08803993793364,91.84841558908586,85.62560062876885,130.1197710336139,122.69409566112266,135.89820410229987,102.44218822680806,100.32411069327638,131.56689044406608,136.00951942220036,99.17698389008315,120.71796169609368
2023-09-12,128.966460005474,131.30993858348893,91.47263078172556,85.54871831342433,129.74041697574322,122.0241620060946,135.80732745625795,102.48922093410964,100.71058313600795,131.87718334074893,135.73201588969084,99.18180499346668,120.73165309813338
2023-09-13,128.62030956190185,131.0325542499773,91.69260382125398,85.67365093027693,129.55897098044656,122.04808977271615,135.3565285288769,102.47498632009105,100.47418668197369,131.71807402230567,136.31644393545298,99.18662633120942,120.79317650556199
2023-09-14,129.8701856996297,131.40238532590269,92.11422128218422,85.91196869499487,130.1032759431324,122.26342506885166,135.93155390586531,102.52201567795393,101.68335728421229,132.54444137819462,136.98684299257172,99.19144790332275,120.52609809257582
2023-09-15,130.87006337266885,132.43792704058396,91.83925498277368,85.59484403676787,131.5052595644487,123.79471451188013,135.3729361124317,102.52823076743806,101.73593507064666,132.8075301458901,137.57091875285207,99.19626970981804,120.76686997599815
2023-09-18,129.69713537478276,131.77221640182813,91.79801374061324,85.39496284739323,130.4826300010031,123.6750829805016,134.9943395037051,102.55479340866103,101.18822853572888,132.78908465559206,137.9825278192018,99.20109175070671,121.04307783612234
2023-09-19,129.6202453277989,131.29142865208004,91.61928934874754,85.44301314890131,129.72391362946064,124.24930556904347,134.7956888706161,102.58138311361613,101.15195355336444,133.19278668515662,138.13560821739523,99.20591402600016,121.31369940176135
2023-09-20,130.81238546370633,131.71676011805192,91.51845602979323,85.37766913788613,131.45575778140207,124.46464816690819,134.47121078858154,102.56713569929481,101.3157046225746,132.6115056702771,137.94420197112615,99.21073653570976,121.91512002642513
2023-09-21,129.9086597695506,129.9600073745684,91.74759708113609,84.95291473697156,130.71355301194325,124.1536091060157,133.2297948780616,102.65494092954386,99.63489831795869,133.4371219734141,136.03065382361814,99.2155592798469,121.97433845480043
2023-09-22,129.1202649963808,130.27439686880766,91.94923409703563,84.95675472864272,129.54249240156713,125.01495029055772,133.01346599394935,102.62027963789035,99.59883902400422,132.996640354044,136.9588219059301,99.220382258423,122.16034927208553
2023-09-25,129.1202649963808,129.44227327245298,91.57528585423913,84.90101527913441,128.70130057761713,125.23029288842243,132.9410907765882,102.64684667317619,99.38505296677155,133.86886185911422,137.8867304491659,99.22520547144944,122.11028878315207
2023-09-26,128.06270111539948,129.8860999677436,92.0225707860489,84.71073865126661,128.10751859928777,124.4167926336651,132.47325169844328,102.67334066455767,97.23870929892318,134.41274917381276,136.14613825205214,99.23002891893763,122.32267548614426
2023-09-27,127.21665333020628,130.03400299393363,91.83925498277368,84.64347006208689,127.66219243529207,123.81863497677247,132.77834363315264,102.6183356380357,96.7143703558445,135.56572397277097,136.90176139250985,99.23485260089898,122.55591339792018
2023-09-28,127.54351694493975,129.59020570282314,91.10600658067743,84.255236823009,128.15701212653337,122.14379353747313,133.39427948729443,102.62442084636288,96.52326836194301,135.40634779111923,138.43159798081447,99.23967651734486,122.72039443807827
2023-09-29,128.38957302911265,130.14495966775627,91.51296114710638,84.7030586679243,128.91572024227474,121.47385988244508,133.31645207323714,102.61016745457867,96.11018043023527,135.38754135392603,137.89617739081143,99.24450066828666,122.99265529839865
2023-10-02,127.08201898242226,129.55321524418554,91.43047125728322,84.255236823009,127.18386783453228,120.27754456865985,132.95600066441423,102.64923781015503,93.27724604077562,135.69665634211214,135.28587486150076,99.24932505373582,123.19223566920934
2023-10-03,125.870625213595,128.53619816300326,91.37364883833959,83.85738985776634,126.50762691539742,120.46895209817379,131.372293549666,102.61446985131566,92.24315970721021,136.4272536635793,132.70283900258931,99.25414967370371,123.57777175573747
2023-10-04,125.65914231372565,127.64855947451201,90.76687900957036,83.8554652796018,126.39216128202683,119.53582761376715,131.39004807600242,102.55925584305065,92.51888939736264,134.62862289318437,132.41917296546512,99.25897452820173,123.53868153248908
2023-10-05,125.9667854914581,127.72255509387726,90.96853083647444,83.89198644143848,127.00243835083769,118.77018289225292,130.49044938073848,102.4630170841684,91.37423686218528,134.46944353644764,133.0195659477431,99.26379961724129,123.19480168625454
2023-10-06,125.73602406172981,127.33421408654297,90.94652908922023,83.93234759494631,126.5735907657214,119.2606765519424,131.4794400246681,102.51024838294636,92.62632957476322,135.43397637978393,133.70817717071662,99.26862494083379,123.36046899568825
2023-10-09,126.08215790734256,127.81500183629105,91.24348973038269,84.04190191579842,126.47463673443443,120.37324833341683,131.51513576344132,102.57797340255401,93.27903639826577,134.15120843925828,134.75008370130502,99.27345049899063,123.71771864594419
2023-10-10,128.2164978073266,130.23742111226017,91.14266381693065,84.33979912169585,128.6848054871356,120.27754456865985,132.16208471290398,102.56372646180367,94.81887965516087,134.3198095713425,134.9964455554171,99.27827629172322,124.1089247995036
2023-10-11,128.6395631948217,129.92304632011096,91.93091288441128,84.66653750608762,129.1301316511313,121.06710975506641,132.44935571333457,102.46754170239151,95.71508888876224,133.3651176622658,135.50778805018956,99.28310231904295,123.88731442588403
2023-10-12,128.69724940276393,130.40384877194913,91.65593917949849,84.4186060152049,129.0641595450063,121.66526741195905,131.74789300897396,102.49427430326567,94.28247977565321,134.32928771356586,134.69394512655012,99.28792858096125,123.79731890558432
2023-10-13,126.94740953157736,129.57169577141426,91.72926846300949,84.41475685887582,127.82711857270411,124.58427969828672,131.08263229242598,102.52099750407946,94.55763737548907,133.79595641691404,134.49857449658447,99.29275507748949,124.31390172046257
2023-10-16,127.31277211317087,129.38680228658666,91.23432171856825,84.2648505491738,128.27246950410293,124.05789803952952,131.60348886931433,102.46580564636957,95.20964383451538,134.71301960287386,137.0409574328081,99.2975818086391,124.76895478081742
2023-10-17,126.21673416226862,128.5916397446894,91.13717633974608,83.80549956458711,127.31582855838441,124.24930556904347,132.07033018246582,102.51298591545475,95.06339952610622,136.37820890523238,136.66870617414227,99.30240877442145,125.08747949273918
2023-10-18,125.25531396119098,128.38823632845293,91.08583399248474,83.60560921055453,125.53449087919742,125.42170041793636,130.95620674524056,102.51922780688065,93.6538360197612,135.75127265713732,134.97227147352407,99.30723597484798,125.29095104062742
2023-10-19,122.29410521811627,126.31715289909044,91.01434867903983,83.37497142917891,124.09952533271911,125.73273947882886,130.14770544698737,102.54590664314416,93.1089598715944,136.1532870333677,133.0997208083019,99.3120634099301,125.58786843288532
2023-10-20,121.06347441432857,123.82078211002631,91.05101332079532,83.46338288419484,122.54910240867123,127.5750679827498,129.177787957627,102.55212012469448,92.27617257355917,135.24598662424822,132.1103923046786,99.3168910796792,125.41787296107472
2023-10-23,120.90964452648262,123.87623839380252,91.35897113283376,83.26157711665564,122.07078606371249,126.68979172985703,128.76485856298942,102.53787677467716,92.17474112594996,134.2454934299334,131.20952205840823,99.32171898410668,125.60303439395426
2023-10-24,121.40957506402248,124.6899108671087,91.41763011634119,83.5498697610462,123.3737991421397,125.9720025415859,129.106034842891,102.58501348355918,92.78217868491213,133.75941986146384,132.07369669759578,99.32654712322395,125.55263193811754
2023-10-25,121.48649000794545,123.70981073411357,91.45430216359895,83.41533258268676,122.48312204674517,126.59408066337086,127.86739804906482,102.61165139081861,92.54781068479778,135.00271355092013,130.9966325783067,99.33137549704244,125.74762976530147
2023-10-26,121.02500034440766,122.67427637047739,91.19766448231503,83.47299661035962,122.78000890800934,127.62292351599291,127.74193469649863,102.55651962309564,92.55709443732776,134.09610866467466,131.06665389342857,99.33620410557354,125.75769698564008
2023-10-27,120.4289261269641,123.15506412022546,91.30765100207924,83.79781041658686,122.79651225429188,128.24500163777785,127.18580556509158,102.64447543923066,91.59210903597787,134.07748420513786,129.37262582972144,99.34103294882868,125.95971469445801
2023-10-30,121.10190698935091,123.26601344300308,91.23432171856825,83.75360010674994,123.57171546051478,129.29776495529225,126.8272142132397,102.6506944664368,92.79707363331426,133.68512325884328,130.67749462947887,99.34586202681925,125.91516411725057
2023-10-31,121.37111759206101,124.80085283884128,91.30765100207924,83.96885959212507,124.31395325317776,129.77629108080635,127.15047850081953,102.69773664328119,93.24905868446494,134.46062274449957,131.10021518787389,99.35069133955665,126.13537139419977
2023-11-01,122.64022246576963,126.05826379489761,91.41397179821813,84.01306990196198,125.1881187464887,129.20205388880606,127.23523904924103,102.73070344799837,94.2985060258946,133.0408302844595,133.37428612681407,99.35552088705234,126.06270971059679
2023-11-02,124.06312403140534,127.40818030172805,90.8677049230224,84.44358887271225,127.24984819645834,128.962790826049,128.70872102215117,102.73701074139345,96.94109202934779,131.99501465200936,136.1766427850463,99.36035066931767,126.08184109552889
2023-11-03,124.23617435625229,128.66562066196454,91.12066206967646,85.01056959998651,127.28283012162034,128.3167776359133,130.1638844308586,102.74327805038783,97.94550788512794,130.29581450760196,137.65609230191862,99.3651806863641,126.19418545639702
2023-11-06,123.79393002665466,129.22034522271755,90.26460822338076,84.65884835808738,126.75502850521706,127.5272124495067,129.17587648934148,102.87276067972509,97.64427163922474,130.93129946798328,136.8438130025273,99.370010938203,126.44838920107402
2023-11-07,123.89009030451778,129.2573650855353,90.93185878921666,84.76263810910379,127.0519153664812,126.881199259371,130.16362455597655,102.85847279629733,96.76796928431742,130.53966741289656,136.38423994545295,99.37484142484584,126.35760383519126
2023-11-08,123.92852287954015,128.96150022479495,91.21049081225252,85.1412667866748,127.06841045696271,125.85237101020739,129.6607523016978,102.84418689729786,96.57757400427403,130.2415317830582,136.18909769032604,99.37967214630399,126.77400454683767
2023-11-09,124.7938242976532,129.68266714732698,91.63761796687415,85.06630904949483,127.36530557402791,126.59408066337086,128.583505520446,102.9120208424855,95.54687432988285,131.43671520724595,136.96297785323333,99.38450310258888,126.90117010690238
2023-11-10,123.71701508273169,129.349797125859,91.28748581938883,84.91062900529919,126.45813338815186,125.61310794745033,129.06821644144338,102.91824959396332,96.1748503097023,131.6051060028179,137.38437222628414,99.38933429371191,126.72956920998575
2023-11-13,124.02465826046414,130.01550776461482,91.38096547458568,84.83374668995467,127.0189334413192,125.46955595117947,129.30157654157358,102.98603234456789,95.96251971274499,131.72679252234175,137.45333770469267,99.39416571968452,127.00931047417771
2023-11-14,125.7936936717126,131.66127443009552,92.0225707860489,85.41803029139396,129.11365307225188,125.25421335331477,131.16798187288222,102.99223606531396,98.93350119700824,128.6765281781241,139.01923496792296,99.39899738051811,126.90273444640347
2023-11-15,125.7936936717126,131.5787074922145,91.96757752616679,85.28733310470567,129.50950222060408,124.65605569642213,131.7957176746297,102.97793158808268,98.85345737244565,129.63807448256745,139.1760383858858,99.40382927622412,126.52074450474622
2023-11-16,125.10150067130448,130.87328650815658,92.69624192235582,85.73515494962096,128.99818743888127,126.33089713572147,131.2033127184128,103.06622781670329,98.90602157116173,128.5008797472812,138.36441636381818,99.40866140681393,126.9043825094583
2023-11-17,126.17826839132744,131.61581556757272,92.93454358001087,85.58907946693218,129.8063808260672,125.90022654345047,131.63354354258897,103.11340040123986,100.10762716077278,128.15667105009712,138.69726852190522,99.41349377229899,127.34307866507766
2023-11-20,125.870625213595,131.50444723522784,92.98036882807853,85.585239475261,129.47651203964105,125.01495029055772,132.2789000716169,103.11961124242444,100.33673987508436,127.71927982925972,139.382057498421,99.4183263726907,127.3914180066034
2023-11-21,126.29368230211043,131.91284189342923,93.38365767088214,85.85431383197992,129.92183820363675,126.37875266896457,131.7405074113766,103.12580932214448,100.1681795927556,127.74816728101135,139.18672960548446,99.42315920800048,127.57171106903027
2023-11-22,126.67824872274554,132.54401732259063,93.35156222402932,85.96386815283203,130.23522841118347,126.40267313385691,131.9731662575868,103.1319946450807,100.44140336052823,128.80237031525732,139.6072935887303,99.42799227823976,127.72496344687931
2023-11-23,127.0435864073999,132.48832580537317,92.89788634375765,85.79473439080044,129.87237769959535,126.019858074829,131.9731662575868,103.1319946450807,100.44140336052823,128.80237031525732,139.6072935887303,99.43282558341994,128.02401930960193
2023-11-24,127.17817096130568,132.50687984305225,92.21046318972904,85.63520519027571,130.46613491052156,126.35481760061383,132.1521345537972,103.1586546296739,101.22251253770638,128.59807917402503,140.29165238258653,99.43765912355248,127.77844462095736
2023-11-27,126.75513047074966,132.20988292137588,93.29200717474683,85.79088523447136,130.31769560779,126.80942326123557,132.27717476935382,103.18534139738811,100.9655532980646,127.74153149102436,139.92034170931095,99.44249289864877,127.83114032369134
2023-11-28,125.90907438657678,131.6715070847902,93.68612800573601,85.81587725663663,129.11365307225188,128.0057385750208,132.54555250822142,103.17101009997181,101.41517484817277,126.9784104264054,139.37324880292604,99.44732690872023,127.49509411249483
2023-11-29,126.56285140992196,131.65296774920117,94.08024883672519,86.48663857026936,130.28471368262802,127.76647551226377,133.279839688637,103.30008720719941,101.20240941871863,126.30864600506384,139.09009842619477,99.45216115377829,127.60993867296564
2023-11-30,126.87054438153265,130.5948289220692,94.14897930332441,86.39246254541776,131.30732673447156,127.19223832026347,133.26132859979134,103.30623409369805,101.65187875297912,127.08287176384776,139.33453663064267,99.45699563383437,127.69999477464857
2023-12-01,127.31277211317087,131.61581556757272,94.82723444553856,86.38477339741752,131.27433655350853,128.1492905712917,134.9017156247716,103.36604146219474,102.74123712741951,125.29562021134294,140.01845574922504,99.4618303488999,127.91745251016444
2023-12-04,127.71657556876643,131.61581556757272,95.02888627244265,86.64231861446503,130.71355301194325,126.4983842003431,134.79320496770208,103.37232713920861,102.06497246547441,126.20943748439566,140.08688458913926,99.4666652989863,127.79510769663108
2023-12-05,127.88963419259309,131.48590789963885,95.50548958775272,87.04401473603677,131.12588899497592,126.28304160247839,134.55908702875794,103.41975194094415,101.47714236246874,125.16771234200681,139.364362870779,99.47150048410501,127.67458364658756
2023-12-06,128.23578463616525,132.24702040091424,95.44132831605617,87.3745931120997,132.08255470809758,126.61801573172163,134.5583827487171,103.42599732141726,102.21311271527335,125.24341989366894,138.99353431779213,99.47633590426743,127.63833716750266
2023-12-07,128.42804709903356,132.358374031169,95.49632157593828,87.35729023793468,131.70317588282376,127.12046232212806,135.27538364903018,103.26746929325164,102.04450889223182,124.10903542115359,140.2921177370591,99.48117155948499,127.48339375461985
2023-12-08,129.08179922543962,133.28656108409683,94.68059068952114,86.8921746835123,132.79176104079232,126.2351860692353,135.57950550222282,103.45904423549659,102.33909891628794,125.44132175022942,141.50250127045888,99.48600744976913,127.79563545319735
2023-12-11,129.44719500295193,133.49078781737768,95.19842784148938,86.82298151616801,133.40204636540423,124.72783169455757,136.02708254182068,103.5064226888982,102.08232133509819,126.02878114809329,141.04363962383587,99.49084357513128,127.9708557147493
2023-12-12,129.9663210805537,133.60215614972256,95.26718052459542,86.92293127551326,133.76489707699238,124.27324063739422,136.02614999842172,103.47149415595447,101.82560390311852,125.31342833670571,141.99011422493825,99.49567993558284,128.15760579894288
2023-12-13,130.06248965739653,133.95484458861642,95.94543566680956,87.20161019373903,135.0019463050956,124.3210815671789,137.44192085525776,103.4776729009027,104.36867220403371,124.41222791798951,142.76068718064664,99.50051653113528,128.1969986098854
2023-12-14,130.67780920878025,135.2728869641566,95.87211378880085,88.29137050310855,136.43692010737496,126.1394896062075,139.67878179561,103.50446708755767,105.72078522945021,123.13920866687482,143.53106622152728,99.50535336179999,128.5237225374002
2023-12-15,130.0048034494543,135.14293518995248,96.87575188990269,88.36632824028852,136.75031031492168,126.42660820220766,139.65938196480502,103.77816892815912,104.29561912297896,123.86613683387544,143.07217701636728,99.51019042758841,128.24767795064776
2023-12-18,130.293217891206,135.3285490771939,96.00042892669167,88.16643788625596,135.82661827116095,125.51739688096416,139.82009186940763,103.61974102549812,104.6557322194632,123.75594475634651,143.6667518837005,99.51502772851197,128.69956802283423
2023-12-19,130.06248965739653,135.3285490771939,96.3074684564482,88.39515108946703,135.76066267663802,125.5413319493149,140.79131098844164,103.7493436331105,105.74283100712687,123.7387564306859,144.43665435627648,99.51986526458211,128.97417715959656
2023-12-20,129.9663210805537,135.81121869447205,95.72546262728115,88.61233515300671,135.87609528680446,125.18243735517933,139.42111143382408,103.7555056213052,103.94754801693189,123.58212144500132,143.36359017812856,99.52470303581023,129.11760904169262
2023-12-21,129.79326245672704,134.1590419177171,95.80336851119708,88.62963802717174,135.36481352828582,125.39776534958563,140.66217280318725,103.82337018502099,105.05565889947701,123.23961797225793,143.69460467999073,99.52954104220781,129.04507605710023
2023-12-22,130.12015926737934,134.95732130271102,95.95461108412628,88.74687233136616,135.52973966569786,126.019858074829,141.0207062075776,103.29487473000505,105.35533847019138,123.59427910774521,144.2887411012157,99.53437928378625,128.9838449954565
2023-12-25,130.12015926737934,134.95732130271102,95.95461108412628,88.74687233136616,135.52973966569786,126.019858074829,141.0207062075776,103.29487473000505,105.35533847019138,123.59427910774521,144.2887411012157,99.53921776055698,129.15082052642092
2023-12-26,130.12015926737934,134.95732130271102,95.95461108412628,88.74687233136616,135.52973966569786,126.019858074829,141.28913192128093,103.32164527585607,105.94669336616174,123.3447676417613,144.97042565808204,99.54405647253145,129.51999637022
2023-12-27,129.4855943820555,133.3979294164417,96.05542218657378,88.98519926074204,135.51324457521633,125.32598935145019,141.9174814226807,103.32787326530564,106.1115200501059,123.42326645848796,145.65425374697313,99.54889541972109,129.51162434528842
2023-12-28,129.23563741226528,132.76676868937042,96.07375821020267,88.95829182507015,135.0019463050956,124.58427969828672,141.82576602562122,103.33404343400916,106.02945665860312,123.26272997188185,145.90478085872888,99.55373460213734,129.16469384044703
2023-12-29,130.12015926737934,132.48832580537317,95.30385257185318,88.67960374218644,135.29883316635974,124.27324063739422,141.39218881921164,103.36080042969687,105.54359949508341,123.10221520529412,144.71150295033374,99.5585740197916,129.23946234857243
2024-01-01,130.12015926737934,132.48832580537317,95.30385257185318,88.67960374218644,135.29883316635974,124.27324063739422,141.39218881921164,103.36080042969687,105.54359949508341,123.10221520529412,144.71150295033374,99.56341367269536,128.97033339175542
2024-01-02,130.12015926737934,132.48832580537317,95.30385257185318,88.67960374218644,135.29883316635974,124.27324063739422,139.98724671110136,103.46974546568033,105.39435459823245,123.37184717013265,145.05227565156042,99.56825356086,129.57247216975313
2024-01-03,129.8317033307291,132.56257136026971,95.50548958775272,88.10685844507647,134.02881026889557,124.01004250628642,138.63665693666601,103.41425910558537,105.11055400157481,123.06802242763044,144.5811192670134,99.57309368429699,129.7238777698666
2024-01-04,130.52396272297491,132.58112539794882,94.56601275834743,87.95502755720992,134.73804136899344,124.29716110228657,138.25768047370516,103.35884023288709,105.11839397853907,124.00642232087196,148.07858606620155,99.57793404301775,129.83555934523204
2024-01-05,130.1009139334392,132.33981999348993,94.10314664975448,87.98769956271751,134.12777255598363,124.29716110228657,137.95076112887557,103.4471731009526,105.70921129050083,123.55930419024574,147.8776584272635,99.58277463703372,129.73542693043458
2024-01-08,130.62009810389893,132.52543388073136,94.40104778970566,88.03382528606105,134.7545282036739,123.10084578850133,138.93856373073677,103.45333663736444,105.96355215242974,124.30632749680042,148.5784642153539,99.58761546635635,129.9137238924615
2024-01-09,130.87006337266885,133.3979294164417,94.11689866747614,87.95886754888109,135.10091684798468,123.53151638077233,138.95519799076868,103.45952348957677,105.25393281991084,124.43231790220932,147.9267336937411,99.59245653099708,129.7698807133831
2024-01-10,130.67780920878025,133.91772181116812,93.8465237794751,87.91274182553754,135.08441350170216,123.43581991774455,139.4032567524953,103.48622311955687,105.7996360690938,125.56097951915102,147.90618831406144,99.59729783096734,129.92036623400978
2024-01-11,129.65866130486185,134.3446852091387,94.13064327969552,87.91081724737299,134.0453053593771,123.55545144912308,139.36595609018946,103.53340897228374,104.6420204266566,124.49324162205626,147.52514605095027,99.60213936627858,130.1387918483853
2024-01-12,130.54319145895565,134.40037672635617,93.90609363976216,88.33365623478095,135.01844139557713,125.13458182193624,139.02310840091937,103.58065175753892,105.18768036219409,124.52367249176032,147.68485901383085,99.6069811369422,129.8505076688792
2024-01-15,130.02404048441477,134.95732130271102,94.29564527584866,88.02998529438989,134.78751838463694,125.5413319493149,139.02310840091937,103.58065175753892,105.18768036219409,124.52367249176032,147.68485901383085,99.6118231429697,130.04173293318038
2024-01-16,130.5047422859739,134.95732130271102,94.40642418435613,88.0645727134041,135.3318068357207,125.25421335331477,138.86002497985825,103.6072814530379,103.17909001506409,125.27003221007982,146.2226491388184,99.61666538437247,129.97043344820355
2024-01-17,129.6202453277989,134.95732130271102,93.77863754013505,87.62252460298244,133.79789551375643,124.75176676290833,138.10413449351518,103.67496596647368,101.73107928549294,125.49123697578194,146.11225318882336,99.62150786116199,129.90254710809776
2024-01-18,129.9663210805537,135.82977273215116,94.16457529111214,87.52642399996627,133.97932499745102,125.23029288842243,138.4801265254852,103.70158017713871,101.29140892024513,125.66468641107579,146.90268787244548,99.62635057334968,130.55546321727337
2024-01-19,129.79326245672704,137.0920941862937,93.97393544608857,87.35152566809899,133.5175037429738,125.99592300647824,138.945888949421,103.72822999163074,101.45649816132871,125.83805456727248,147.24255606530764,99.631193520947,130.65606348121918
2024-01-22,130.92774958061108,138.5585982674469,94.15063073033137,87.64174289065409,135.24933138331312,125.75665994372119,139.73470000144906,103.69331773213968,101.17369412562584,126.29761605475449,148.21274237753755,99.63603670396537,131.01567528318162
2024-01-23,129.56249272801904,137.94602098223487,93.90418302017562,87.40918969577184,133.8308939505205,126.25912113758604,139.82300912970706,103.74042401942496,100.80143605737399,126.28007471919136,148.37223204675814,99.64088012241625,131.42590262689455
2024-01-24,130.1778537743013,138.5585982674469,93.6112435667476,87.41110510927847,134.17725782742818,124.34501663552966,139.28294213865826,103.72601562720003,100.63073267776798,125.83332486824543,147.72140615018324,99.64572377631109,131.42390177709663
2024-01-25,130.27396425828616,138.98560577168772,94.57840956915307,87.41302968744301,134.93596594316955,125.42170041793636,139.3533530028407,103.79366926389962,101.80303166044328,125.91120583998072,148.4210656381333,99.65056766566133,131.58756751450883
2024-01-26,132.3506760431859,138.61428978466438,94.33661251442498,87.44955084927969,136.5193955597825,124.56034462993595,139.4237703383489,103.77925347650185,102.1021936084455,126.56117121979908,149.12048405516254,99.6554117904784,131.2691409302864
2024-01-29,132.6775811528179,138.5400442297678,94.54121913673616,87.66096117832573,136.3874100685273,125.20635782007166,140.35556391837218,103.80581335640449,102.19989188213754,126.68662109574862,148.3798399445978,99.66025615077378,131.64520583629113
2024-01-30,132.90833428356652,139.20834243637742,94.38776972412948,87.66096117832573,136.4204002494903,125.4934764160718,139.95925844632848,103.79139588232722,102.23045029167946,126.71668482685423,149.07906408995004,99.66510074655888,131.602355549981
2024-01-31,131.77381396376367,137.89030006083723,94.95506082027934,88.32020251694499,135.74415933035547,126.09163407296442,139.04273166078363,103.75645881747096,101.478033943593,125.74596412461176,146.4492587826225,99.66994557784517,131.3436990392517
2024-02-01,131.1392573774195,138.11309553388728,95.30845138876495,88.49701626231891,134.7050511880304,126.37875266896457,139.36479160872645,103.8450643285585,102.67174485316852,126.91971623766025,145.07956158430068,99.67479064464409,131.1636415894623
2024-02-02,131.00465622555433,139.33829421058158,94.82020662388113,88.29713507294427,134.86997732544245,125.85237101020739,139.36342322015162,103.81007158928155,101.51692844539788,127.66437792072296,145.32925630064602,99.67963594696708,131.11592573789207
2024-02-05,131.71614435378086,140.0437151946395,94.20643859546355,87.31692908442685,135.15038560782716,125.90022654345047,138.76923926156033,103.91919902296551,100.67550050235612,127.07501373403234,144.13997342595573,99.68448148482561,130.8566318703446
2024-02-06,131.3700105081681,140.8790585487214,94.03902981107156,87.5437268741313,135.61220686230436,126.76156772799247,139.4324240480961,103.94592095865136,101.33224138098254,127.10499045848873,143.6703382027296,99.68932725823113,131.1983347070143
2024-02-07,130.77391969276513,141.3431741283204,94.30872339286344,87.61676003314673,135.46377581537388,127.21617338861424,139.57465208654946,103.95206323852213,100.89342553472669,127.18258604788657,144.09993712952712,99.69417326719507,131.25734397073694
2024-02-08,130.1778537743013,142.4384063287205,94.03902981107156,87.25927422141191,134.86997732544245,126.78550279634324,140.3631945768184,103.97883205163598,100.16417500821129,127.64108056657948,143.90011581516868,99.69901951172889,131.4914470028679
2024-02-09,129.4664237389327,142.93962998367772,93.93674501367167,87.16317361839575,134.37518240160426,126.42660820220766,140.9899957257166,103.96439054718437,99.72566773550663,128.00423307380754,143.88012968797213,99.70386599184405,131.50981778351036
2024-02-12,130.5047422859739,143.96061662918126,93.70423445879442,87.20161019373903,135.5627381024619,126.11555453785677,141.3294270507765,103.97053066894296,100.27043442537294,127.74844633996503,145.11830461754266,99.70871270755198,131.65069021474324
2024-02-13,130.06248965739653,143.55222197097984,94.44822083918707,87.09206503754486,134.88650543912811,126.52230466523544,139.67661348699073,103.93551355473036,98.51382340183153,127.01674710482268,143.84016424594378,99.71355965886414,131.65980041571984
2024-02-14,131.00465622555433,143.83067955706719,93.9553476353824,87.11512331688766,136.2390037889999,126.019858074829,140.59031062736364,103.96219894610532,98.72354393385055,127.71296256740918,144.53893907700294,99.71840684579202,131.92623269536372
2024-02-15,131.6392128118985,144.23908891735866,94.44822083918707,87.35345024626352,136.8327609999261,125.9720025415859,141.03723950904475,104.03004394350626,100.47434972254439,128.50413210298905,146.2256671982428,99.72325426834703,132.02698786807778
2024-02-16,131.85074550564605,144.7959746853532,94.29942948751037,87.01134273052918,137.27808716392184,126.37875266896457,140.49742886543964,104.03616351938618,100.34872416656562,128.20083477204372,146.74426576810916,99.72810192654062,131.61541232788474
2024-02-19,132.90833428356652,144.62891483579088,94.57840956915307,87.11319873872311,137.9213709252978,127.00083079074953,140.49742886543964,104.03616351938618,100.34872416656562,128.20083477204372,146.74426576810916,99.73294982038426,131.74484203129
2024-02-20,133.29293390012046,143.81211081729802,94.7644135697535,87.19584562390334,138.1357658225523,127.5272124495067,139.88605304338816,104.06285369882184,101.09398540593457,127.23162566266097,146.27487361954826,99.73779794988943,131.95292215972842
2024-02-21,132.98524092850977,143.4274159283032,94.96435472563243,87.1055187553808,137.98732651982073,127.33580491999277,138.03731129712943,104.08953445970688,101.77206747693445,127.92740478441169,146.16474806214254,99.74264631506755,131.69231282473783
2024-02-22,132.40837884908754,146.17408980095428,95.04340105689847,87.0843758895446,138.91096902877518,127.33580491999277,138.25125846015243,104.05450001255718,101.69096147635122,129.14610646618786,147.04224163412832,99.74749491593008,132.05964800111462
2024-02-23,133.4851382701308,147.0896771626848,95.13639935444755,87.1439553307241,139.37278202745136,128.02965903991316,138.51888766911622,104.10170934261649,102.10092224702687,129.46102795084747,147.20137749227825,99.75234375248849,131.8600642057728
2024-02-26,133.0813929073932,146.67862142617918,94.95506082027934,87.19969478023242,139.2078476342383,127.4554364513713,139.01952296386625,104.08725077187444,100.7700228911052,129.34793614906604,146.91168239422348,99.75719282475424,131.67498148790315
2024-02-27,132.98524092850977,146.51048832404112,94.90855426600253,87.1228124648879,138.4986330457425,127.71861997902067,139.91432671190807,104.13445636419138,101.51471747784171,129.75781471119882,146.7117584344458,99.76204213273877,131.69567660359297
2024-02-28,132.56218383999433,146.02464305530603,94.6156148125745,87.06515760187297,138.416174104937,127.79039597715611,139.69779503101842,104.09943606985796,101.3667414478296,129.45463044452973,145.34542660677226,99.76689167645355,131.75041420230323
2024-02-29,132.50453912695065,146.45438514830144,95.53629647720997,87.40918969577184,138.61409042331206,128.81923882977816,140.05470754452978,104.14660491807996,101.79882275996972,129.95940610108917,146.04298483655577,99.77174145591003,131.82494843178475
2024-03-01,132.90833428356652,148.28555987176247,95.8664263630549,87.46107998895108,138.87799535941423,131.2597103871333,140.94871585601493,104.17756306547187,101.494733480294,130.98673268872687,145.7535894031863,99.7765914711197,131.83280107476696
2024-03-04,132.86981871874707,148.50976674546007,95.85248180227413,87.42071883544325,138.4986330457425,133.6045000849191,141.10860513770663,104.20442418421496,101.70365048097239,131.25358402177417,146.00242008895444,99.78144172209399,131.46351683934856
2024-03-05,132.79293697074294,147.96792121561586,96.28026804659808,87.7628263511776,138.1357658225523,134.1308671402179,139.99455637663937,104.21056878982064,101.89021482781268,130.0477747205384,145.0853116703463,99.78629220884437,131.63001453727782
2024-03-06,133.8120433797628,148.30421682407214,96.10357276235528,87.81664122252137,139.22437574792397,135.23148599097536,140.15448526746246,104.17548052038023,102.6341046353456,130.55217800269241,146.32053905962545,99.79114293138231,131.76620170361147
2024-03-07,135.04961213058544,148.90213612547586,96.4197654929217,87.97039668855248,140.85725761277735,135.13577492448917,140.8166063936968,104.22290059685089,103.333204272792,130.9614537399289,146.65886261834203,99.79599388971924,131.94854889688253
2024-03-08,136.32583752888252,148.9395235405456,96.36397984429635,88.06265729989748,141.68194609044477,136.09282717551736,141.06606863739617,104.22907883096704,103.51944992850994,129.37628162383444,146.99705636373776,99.80084508386666,132.20252141971122
2024-03-11,136.65639418958554,147.48209064897085,96.38256024950026,87.94926298737423,141.4345527564262,136.78669589889617,140.93889443838356,104.21460257001827,103.63878228011312,128.7411167127997,147.51443774295362,99.80569651383601,132.20351998720182
2024-03-12,137.64807247067432,149.23849054229248,95.97336922138476,87.81664122252137,142.6880640518068,135.63823611835403,141.20617375018793,104.24135248938597,103.46840997826516,129.15045492652686,147.9420486254229,99.81054817963877,132.3290929412508
2024-03-13,137.86198697159773,149.21980418580264,96.29422001288113,87.7628263511776,143.14989356208508,136.06890671062501,141.63473250138202,104.26813773390606,104.07788309526424,130.7463158649177,148.27992626372694,99.81540008128637,132.37946637329108
2024-03-14,137.95961616886896,149.53747224612945,95.76413416015272,87.41110510927847,142.72105423276983,136.11676224386812,141.29239304725454,104.29489562651185,103.32828691557646,131.2027531417006,145.92988014436824,99.82025221879033,132.4607790820737
2024-03-15,138.07684755620775,148.75267467773753,95.50839254464388,87.2650387912476,142.6880640518068,136.2842347050313,140.66351129648393,104.30104057620686,103.24712248531738,131.80140531327004,146.9845758144406,99.82510459216208,132.85099156944605
2024-03-18,137.54703239274357,150.1166757868632,95.84317308591649,87.1055187553808,142.01183138847298,136.4756568380037,140.50058445770836,104.30716390964014,103.2327826071944,132.58965478146027,146.42673698680352,99.8299572014131,133.01332389072527
2024-03-19,136.8014022620031,150.34091206474093,95.95942466060397,87.33999652842758,141.92933942446336,136.45172176965292,140.37353561800344,104.29267680354157,103.5301840559967,133.61486801521468,146.40639993999983,99.83481004655482,133.0708311611489
2024-03-20,137.48817602866268,151.44333358718941,96.0477648972231,87.41110510927847,143.11688686951996,137.04987942654557,141.5901685269633,104.31942627943162,104.42866220663316,134.59235651792014,147.1024283805758,99.83966312759875,133.00161106214892
2024-03-21,138.50851898565887,154.75064226080508,96.71736300727967,87.62444918114699,144.43639503842869,139.5382211206022,142.19598091977343,104.36572345975155,104.16824524293769,135.37856983586946,147.70727572839095,99.84382311356241,132.88564338667516
2024-03-22,137.90022037110714,154.11536494851183,96.75456084519885,87.68210404416192,143.94159185878948,138.6768653326018,141.94195372693412,104.39140661570025,104.04144537511506,134.8368208100235,147.32722223472987,99.84798327285881,133.3078687734322
2024-03-25,137.78251594192508,153.98454575099305,96.74991018977119,87.53218856980197,143.43027707706665,139.51428605225146,142.33269532530946,104.37587218019193,104.69360941308166,134.95898910521518,148.02134922867737,99.85214360549519,133.8683756635574
2024-03-26,138.33190009953796,154.88140264996352,96.75456084519885,87.48991200278752,144.32094591666015,140.30386584211647,142.47263647493193,104.33972142031251,104.38876149168321,134.59094499009808,148.89423926975337,99.85630411147876,133.6655467105303
2024-03-27,138.74397763790125,155.08696727344153,97.04749289312461,87.8781452418654,144.4694017309938,141.54802208568637,143.29279908291332,104.42716523236962,105.95285484232426,134.76155903977642,150.03533000198027,99.86046479081675,133.78686909449638
2024-03-28,138.94014062123173,155.10563892784126,97.02424702148848,87.8896743815368,144.56837227388291,142.5768649383084,142.85979507099555,104.47342722833885,105.91483967145817,136.64759572974506,151.1760571233278,99.86462564351638,133.82019253391047
2024-03-29,138.94014062123173,155.10563892784126,97.02424702148848,87.8896743815368,144.56837227388291,142.5768649383084,142.85979507099555,104.47342722833885,105.91483967145817,136.64759572974506,151.1760571233278,99.86878666958485,133.96032278276311
2024-04-01,138.94014062123173,155.10563892784126,97.02424702148848,87.8896743815368,144.56837227388291,142.5768649383084,142.65030949786916,104.49926927006614,105.65441956734314,138.00897791322998,149.4801522891972,99.87294786902943,134.00606949218007
2024-04-02,137.80211813199261,153.98454575099305,96.15938062748747,87.1055187553808,142.83651986614043,145.6633496857993,141.3028049317732,104.48371878356764,105.7054132392197,137.512071062645,149.9175805484943,99.8771092418573,133.89696220630074
2024-04-03,137.66477001784446,155.2737867320694,96.11752472863833,87.21314849806836,143.3808248288263,147.3860466583417,141.5057595004908,104.46817061112958,105.86756322918782,137.58684735719189,150.07910202126897,99.88127078807571,134.0329030709377
2024-04-04,138.528104577767,155.83436272467367,96.11752472863833,87.4841382682939,144.02406731119706,147.98420431523434,140.8307382701715,104.55609047930632,105.40717069434584,135.94716798099822,148.67820540802853,99.88543250769189,133.91652139229768
2024-04-05,136.4874850556123,153.4426414127885,96.24307761418119,87.27656793091901,142.44065420618614,149.252295627155,140.95306981467806,104.58189559786166,105.45817136076438,137.8792286834124,150.40201049036645,99.88959440071305,133.5264152514499
2024-04-08,136.99766483309008,154.88140264996352,95.9268700726102,87.12473704305245,143.16640516416868,150.23328294653396,141.37994364162526,104.60769965410223,105.88699323499355,138.62048962567798,150.56336690488467,99.89375646714642,133.4159318845282
2024-04-09,136.84067303397583,153.87241290996408,96.05242295815306,87.3745931120997,142.50663456811222,151.1185445959683,141.73499327263158,104.59213303212988,106.27121663914765,137.79061436828002,150.81654920058108,99.89791870699922,133.51984959265488
2024-04-10,136.44825577853808,154.54507763732707,96.0291844920192,86.92484668901987,142.4901559892328,152.2909394448612,140.56784773972075,104.53521419650495,104.30018573239504,140.38787602981492,150.33487656858767,99.90208112027868,133.77747966316159
2024-04-11,136.21277222935657,153.7603094731153,96.1454360667067,86.58466375145008,141.83040190477843,151.95596531561796,140.92293448606915,104.54034147460337,103.86255831680083,141.22358039950524,150.77166645384486,99.90624370699203,133.9190165083134
2024-04-12,135.62097198646202,154.07794812926196,96.25237151953428,87.00556899603555,141.68194609044477,155.61670185856755,139.34447191138466,104.66950050358106,102.93643415013504,139.25171504018385,148.91280305405016,99.9104064671465,133.90623787439088
2024-04-15,135.95634205539503,153.8537265534743,96.16402387741287,86.45973113459749,141.92933942446336,152.74554510548296,137.83813001170446,104.63323879785322,101.74404177778764,140.99124532706188,148.15615240088326,99.9145694007493,133.72111893918927
2024-04-16,134.46888272661982,150.58381999701842,95.69438913974206,86.22332878338617,139.7191624159611,154.77928113891787,137.28076929351963,104.63835118374807,100.46321569269223,140.63731056177548,148.40949829270355,99.91873250780768,133.65368808925317
2024-04-17,134.68702970719372,150.67723707737738,96.06638973544065,86.33672309590943,139.43881192418368,155.09032019981035,137.08135118804148,104.68477458712913,101.5805569812215,138.476147250002,149.1216746332831,99.92289578832883,133.56523840154262
2024-04-18,135.06386977772178,149.48141317666003,95.75948350472504,86.29636194240159,139.76866419900773,154.80320160381024,136.86414868288617,104.75182283780376,102.14260865777047,138.9310506823182,150.10892552872056,99.92705924232003,133.80385728997297
2024-04-19,135.1828522497787,149.01425426441475,95.65719130182288,86.3790088275818,139.30681817712738,155.1142406647027,136.16402704627507,104.75690835009807,103.12620149560368,139.10057656826746,151.00411245373311,99.93122286978846,134.18267019780293
2024-04-22,136.44231370906797,149.3879666921209,96.13611994484678,86.42513455092534,140.72528037732312,151.9081243858333,136.8949587842858,104.74131952445072,104.04291463316102,138.93725323771258,152.26599259970519,99.93538667074138,134.3130560998569
2024-04-23,138.22154856637616,151.34991650683045,95.95478141067856,86.39438712358229,142.04478854623187,150.87928153321127,138.21583167722255,104.70506558918697,105.22562251941335,140.0098476996109,152.9771499564125,99.93955064518599,134.30106327185086
2024-04-24,137.3819656863746,151.94785051032426,95.7687848155804,86.2348670877155,141.0881558563144,152.0755968469965,138.07009703736853,104.75142404962712,105.03247153512245,140.0840402103102,153.13782881722705,99.94371479312954,134.62302325426813
2024-04-25,136.102470490073,150.32222570825112,95.88037832933794,85.7985743824716,139.5212543533871,151.54922979169774,137.72777384598376,104.81841876636022,105.66013974358692,140.1107111023484,152.10634559074958,99.94787911457928,134.68503083647823
2024-04-26,137.12202504399704,152.41495061420923,96.0105744648062,86.23294250955095,141.07167727743496,152.00382084886107,138.1898722175152,104.82346117106867,105.35608386058325,143.51067870616,153.45897668320205,99.95204360954239,135.04637411271105
2024-04-29,136.94209486497311,152.91946753734405,96.27096673574272,86.37324425774611,141.3850344617775,151.7406373212117,138.58037080452698,104.80786244172774,106.33830260041147,141.49415627416684,153.89451688466895,99.95620827802612,134.88563696168688
2024-04-30,136.96213690096513,153.0876153415722,95.95942466060397,86.05804417768366,140.69232321956426,150.13757188004777,137.6483918587824,104.79226603362626,104.88128861605286,142.1380490344722,152.58839647849385,99.96037312003772,135.15510278580626
2024-05-01,136.96213690096513,153.0876153415722,95.95942466060397,86.05804417768366,140.69232321956426,150.13757188004777,137.27168462902048,104.82647716154669,105.13170343707326,140.78717736547716,153.94035367775808,99.96453813558439,135.2504305690197
2024-05-02,135.76261897209832,151.6489276148476,96.2151736816151,86.30981566023753,139.66969365611862,149.75475682101987,138.14616245824968,104.89382682583465,106.7341513620678,138.01221304863518,152.54298481776803,99.96870332467338,135.14239983917477
2024-05-03,136.80214917017673,151.91049249943472,96.08497014064456,86.78839409715381,140.84074601069375,148.0559803133698,139.32451106434527,104.87821762541412,107.42746368030751,137.56437715511552,152.9783771879078,99.97286868731192,135.1366442741391
2024-05-06,137.2419950946391,153.51740154083785,96.48485985790471,86.91139297118393,141.73141485028725,149.92222928218305,140.28784765285783,104.92484171550316,107.98762037846983,138.39835515874915,154.9709017008878,99.97703422350722,135.46958463113344
2024-05-07,139.30109644460092,154.73192650013513,96.25237151953428,87.15355989223096,143.59522798188183,149.53941422315515,140.19541931939227,104.92991802141742,108.65837714185156,139.1846225817717,154.58146618597533,99.98119993326654,135.67688168689514
2024-05-08,140.10078612915171,154.52639128083726,96.48020920247701,86.95175412469177,144.30446733778072,150.37683494280483,139.7274188999501,104.91430345028327,109.35108848498913,139.73335779208227,154.19215424882904,99.9853658165971,135.83894876201475
2024-05-09,140.10078612915171,154.52639128083726,96.48020920247701,86.95175412469177,144.30446733778072,150.37683494280483,139.93910488645972,104.9815961654756,110.59732657609406,140.42427525035922,155.45108188567633,99.98953187350612,136.03236879508665
2024-05-10,142.17989631918672,156.09595701344094,96.06638973544065,86.63847862279385,145.98683447407865,153.0805046312678,139.6858363953094,105.02818565016834,110.97950331732575,140.30850071568602,156.0687966288869,99.99369810400086,136.02113822695597
2024-05-13,142.17989631918672,155.87173543765329,96.06638973544065,86.80568780666091,145.97033938359715,151.04676859783288,139.84380237146934,105.03325206460079,110.78584686205926,140.85682534396514,155.58789810955162,99.99786450808854,136.06962932389933
2024-05-14,142.53974007927516,155.92777980503266,95.78737262628658,86.78839409715381,146.712552408857,152.2909394448612,140.53803825711753,105.03831464600553,111.21215356031458,140.5038595684467,156.4799565274595,100.0020310857764,136.04026535525713
2024-05-15,143.73922481222314,157.04890238606103,96.43836070913017,87.26311421308306,147.85061458246906,153.58296582513265,141.78615278436456,105.04342676458805,112.0146304430063,139.20264866798945,155.54159483644088,100.00619783707162,135.70815142356346
2024-05-16,144.57886578508266,158.1513092064194,96.06638973544065,87.20545935006812,149.43404419908205,153.84614935278202,141.246793547808,105.06920362205024,111.9094256103012,139.56121993639118,155.3354521900867,100.0103647619815,135.77606641393615
2024-05-17,145.05867959581315,158.2821137018481,95.89898835655094,87.03056101820083,149.18661784185932,156.0712929157309,141.47588828496765,105.11569824092295,112.1804646766777,140.82040259205735,155.67826445394596,100.01453186051326,135.61580701744987
2024-05-20,145.05867959581315,158.2821137018481,95.89898835655094,87.03056101820083,149.18661784185932,156.0712929157309,141.91933803613244,105.14146091767624,112.09739119217221,141.7000151579283,156.20391352692923,100.01869913267412,136.00941934486173
2024-05-21,144.83874003562255,158.8987340618317,95.99197924859774,86.92100669734873,149.25259820378537,157.7939898882733,141.5588546168769,105.14653645824185,112.1249628451176,141.39458047542715,156.7293810718814,100.02286657847131,136.43108814176958
2024-05-22,144.53893109473336,159.50829741857763,95.99197924859774,86.91908211918418,149.41754910860053,155.73633338994608,141.28775887331219,105.13088965222128,111.26772715044075,140.66276962865513,155.60877471185395,100.02703419791207,136.60379645491062
2024-05-23,144.65883475353775,158.88932472418145,95.68043717345901,86.56928545544959,150.22574249578645,152.91301756664618,139.9095673604238,105.23941330896696,109.72514095333014,140.31020877393496,154.30565001619146,100.03120199100368,137.15601086136812
2024-05-24,144.35894282285147,159.15194815925423,95.31775269962031,86.60388203912173,150.14326704337887,152.69768957223988,140.6386284765153,105.24441171456154,110.21740004509238,140.5735301068776,155.74531940905646,100.0353699577533,137.21627114348814
2024-05-27,144.63885081040365,159.3957970252967,95.78274418736572,86.76916664482424,150.44016216044406,153.46333429375412,140.6386284765153,105.24441171456154,110.21740004509238,140.5735301068776,155.74531940905646,100.03953809816824,137.4164498448806
2024-05-28,143.37939765009412,158.49544102888754,95.48978251743088,86.70958720364474,149.02166693704416,153.36762322726793,140.79625796884764,105.20809438485306,109.86936481621494,142.0682386480238,155.90490529965422,100.04370641225566,138.02442249512913
2024-05-29,142.57974116146212,157.5576094048682,94.57840956915307,86.10800989269836,148.18049988049728,152.43449144113208,140.0255908614063,105.25448590156986,108.41608280269652,141.62089709057918,155.69897005241273,100.04787490002283,137.9954729898755
2024-05-30,143.53931898904483,156.05706998518323,94.39242778505944,86.25984994522284,148.52688026900702,151.14247966431907,139.50506556289238,105.28016706579668,109.72614158026363,140.55813900788553,156.6808691845662,100.052043561477,137.98194086796582
2024-05-31,144.77878820622036,154.837869761241,94.44356277825712,86.56736087728505,149.9783161385637,150.16149234494011,139.680587687887,105.30586489940781,111.41150263875146,140.30050082594244,158.2106476263942,100.05621239662541,138.23450808353977
2024-06-03,144.61886686726962,155.68193145473947,94.93646560407089,86.88448553551204,149.26909329426687,149.65904575453368,139.97082695876603,105.32347286784882,110.37848503964955,139.0016045487897,158.73519763252867,100.06038140547527,138.60646299238675
2024-06-04,144.69881923776526,153.80623880252065,94.69001789391514,87.09206503754486,148.90621781527562,147.7449412524773,139.73555077723285,105.30779973200539,110.58299058446448,136.70916349241978,157.70693148837182,100.06455058803382,138.41673972431474
2024-06-05,145.93825525902196,155.55061238615804,95.24335702378195,87.25542506508282,150.20926391690702,150.0897163468047,140.75128362319782,105.29212892847382,110.94205973336774,138.2030983122625,157.40947634892729,100.06871994430833,138.52262907169535
2024-06-06,147.23772609947787,156.52599314823794,95.2108024357882,87.43224797511465,151.42978503132457,151.07070366618362,139.97986146071227,105.27646045690709,110.72676621479202,138.5137367657644,157.1121391492571,100.07288947430604,138.93561166290172
2024-06-07,147.0978053016206,156.69478784442953,95.04340105689847,87.02094729203604,151.79264399871374,147.7449412524773,139.38729496677158,105.32308779175257,109.25279141398856,139.62847498983447,157.63653687157932,100.07705917803413,138.60976053061128
2024-06-10,145.83833554335163,156.48847341435754,94.57840956915307,86.61157118712197,150.2917228577125,147.40996712323405,139.7595874699484,105.3281849890781,109.83269847138241,140.83748589207875,157.1566746097383,100.08122905549988,138.86261031774748
2024-06-11,145.07863034302838,156.5822433448784,94.89460970522175,86.7288054913164,149.68142102149852,148.4388099758561,139.73878991228918,105.33326059553742,108.37945720380459,140.43818947995854,156.22067023810826,100.08539910671053,139.14120617017093
2024-06-12,146.19817930344007,158.02651786583283,95.41538684159254,87.40534053944276,150.8359947971942,147.96028385034202,140.70016267261525,105.3175860031869,108.63271202359105,139.94443086926302,156.56241565945385,100.0895693316733,139.22401654135504
2024-06-13,144.85875717467542,158.12033190262395,95.54557557155852,87.2381313555757,149.5000245610081,147.3142706602063,139.94710050965676,105.32265701251421,108.59408981713375,138.9780369626981,155.17056056527235,100.09373973039548,139.47808873578907
2024-06-14,144.57886578508266,156.22586468137482,96.3314178508003,87.63021375098268,148.2794539117843,148.03205984847742,139.14075791249948,105.30698399807783,107.65782858641018,138.95735570719768,155.05624334782237,100.09791030288424,139.5702416021629
2024-06-17,144.49891341458698,156.65726811054915,96.19657105990437,87.23236678574001,147.94960163696024,147.12286313069234,139.5306401775682,105.35356893478776,106.81160795886584,140.26006650536215,155.30680783274414,100.10208104914686,139.56467090550976
2024-06-18,145.0386458588008,156.95738187532214,96.02452643108924,87.38035768193542,149.05465711800719,146.740033468206,139.56343350867508,105.35864306188773,107.85013596766989,140.23919447165596,154.6453130395793,100.10625196919058,139.92152976930163
2024-06-19,145.11863142521534,156.75106744525016,96.24772826960887,87.37650852560634,148.87326065751677,146.7878890014491,139.56343350867508,105.35864306188773,107.85013596766989,140.23919447165596,154.6453130395793,100.11042306302262,139.83708949808187
2024-06-20,145.87833662553857,158.17659680135446,96.47091529712392,87.36497938593493,150.275227767231,149.63512528964134,139.00591938634767,105.34191946775093,108.55083601916662,141.96519075937562,155.35025096560884,100.11389911937898,139.9126538691006
2024-06-21,143.939114037442,157.65140873956923,96.70805429092205,87.27656793091901,149.33507365619295,148.4388099758561,139.21579699607324,105.40817110895738,107.99532627686791,141.51749404299872,154.96089649098886,100.11737529643172,140.09198361961916
2024-06-24,146.07822585075746,158.45793599709722,96.62435730422833,87.34576109826328,150.32469652707346,148.67807303861315,139.15798778815164,105.43290607316611,109.07697101154798,142.0618577155371,155.66553117918238,100.12085159418507,140.2170517563749
2024-06-25,145.11863142521534,157.95150780225217,97.52177828622311,87.43032339695012,149.1701392629799,148.0559803133698,139.56397278235414,105.4161706912497,108.79060269824785,141.70870314128896,155.0939795672611,100.12432801264318,140.35691931179076
2024-06-26,144.27897385439638,158.15780753023412,97.35904237376562,87.15933362672457,149.0876638105723,147.33819112509863,139.89852428093775,105.39943796574318,107.63006423759826,142.48896127175817,155.16050016687277,100.12780455181027,140.5634308285678
2024-06-27,144.39897710095727,158.83304512336082,97.45669132674239,87.23428219924662,149.40103750651693,149.0369676327487,140.5003709422426,105.40344894835488,107.76987614031914,142.6282233197823,156.1380633512635,100.13128121169052,140.48150838002448
2024-06-28,144.21898882907539,159.77092085365038,97.4985250090847,86.99788901269324,148.54337535948855,149.27623069550577,140.1571947384826,105.42815834437648,107.37178916145838,143.0816437055897,155.84002637921756,100.13475799228814,140.30842954529132
2024-07-01,144.65883475353775,159.77092085365038,96.73595822348814,86.57312544712074,149.5989785922951,150.2093478781832,139.8777319591011,105.44686354695689,107.4667829094025,145.3912753901693,155.46911870785806,100.13823489360732,140.53234311516817
2024-07-02,144.43892838926598,160.33361394722596,96.44301136455783,86.68076435446625,148.7083097527016,150.11365141515546,140.17697986072056,105.45095450066377,107.65135729294806,144.89230742332074,156.9411191704237,100.14171191565222,140.80928610324335
2024-07-03,144.9786608334798,161.19642080557458,96.8103538993265,87.10359417721627,149.43404419908205,151.69278178796858,140.3689866676684,105.45504149954658,109.02302678978526,144.9168628733027,158.13208402584684,100.14518905842706,141.09605580148047
2024-07-04,145.47849178326317,161.5527994690781,96.62435730422833,86.91139297118393,150.70405058494413,151.35780765872536,140.3689866676684,105.45504149954658,109.02302678978526,144.9168628733027,158.13208402584684,100.14866632193602,141.29588308955115
2024-07-05,145.13861536834938,161.3089653051257,96.69875298006669,87.25158507341166,149.84638843791575,152.84124156851072,140.54306063041452,105.47992878723758,109.09530678781194,144.7035727723266,158.66805044270336,100.15214370618331,141.64651629833168
2024-07-08,145.31857044431246,161.74039813848015,96.62900795965601,87.20545935006812,150.40717197948103,151.4295982603192,140.85990159737017,105.48399573062008,108.96602400816737,143.9670740859747,158.7363686456379,100.15562121117307,141.61134207962877
2024-07-09,145.23861807381678,161.62785363892903,96.68015776385823,87.1112833252165,150.58860146317562,150.71180907204806,140.67690523313524,105.55054895652584,109.23978059255894,144.5625247992478,157.40239500438176,100.15909883690956,141.8529230220604
2024-07-10,146.33811669925677,162.11552196683385,97.17770383959741,87.38612225177111,150.85252291087988,152.48234697437516,140.95792578232172,105.55459808785702,110.31932215633343,145.39552419757692,158.40557879875362,100.16257658339696,141.93840442907165
2024-07-11,147.4176645774815,163.42850682338704,97.58687265120611,87.63981831248954,152.43590299268658,154.468227474567,142.13088898887673,105.55866096200377,111.35374207376788,143.37551350411624,158.75424952927372,100.16605445063942,142.27578772285597
2024-07-12,148.57718142416135,162.62196486376897,97.27533798156963,87.593692589146,152.86474232200183,153.87006981767436,143.0180494814267,105.60430421416083,112.20882163463702,143.06752108110936,158.63560617090994,100.16953243864117,142.46839779878508
2024-07-15,147.4376485206156,163.93494972032215,97.64733117176596,87.7416834853414,151.69367345582464,155.66454278835224,143.40550830219144,105.60837027418599,110.73666368764972,143.13990514265893,158.2367299998874,100.17301054740642,142.9451464026079
2024-07-16,147.37726514426862,163.78487078480052,97.80183216569544,87.79742293484973,151.69367345582464,157.33938422765158,144.86282721146176,105.6123881869246,111.4125914470705,143.9725756950765,157.93139116430817,100.1764887769393,143.39525311656945
2024-07-17,147.9605838299028,160.84007154625115,97.62391497357754,87.74937263334165,151.41328994084307,155.49707032718902,143.6452914367972,105.574846467614,111.41727714708165,141.4313903149286,157.53273474445834,100.17996712724404,143.28250088553793
2024-07-18,147.8192854014142,160.3711189790163,98.24625116812543,87.8454732363578,151.44629663340817,155.688477856703,142.16070715542335,105.55808855547626,110.8852216293396,141.50396852596913,156.29377008046356,100.18344559832484,143.42489968875245
2024-07-19,146.9511789281602,160.22105474558475,97.87380624229041,87.68786861399762,150.0607915909713,152.43449144113208,142.29860420945855,105.62449782657222,110.86762080050954,140.9115025641115,155.52203493230377,100.18692419018589,143.70341975620863
2024-07-22,148.40476182177213,159.95849011887228,97.92092745325591,87.70517148816265,151.49574888164855,151.30996672894068,143.3274295307835,105.60773203326639,111.81134812396512,141.69650820522543,156.89759794955827,100.19040290283137,143.53519456974288
2024-07-23,148.1423148875231,161.42150980467684,98.33582071812192,87.6917177703267,151.49574888164855,152.96087309988926,143.21557729625326,105.67410703549503,111.0559504217705,140.48687200776726,155.93935557357463,100.19388173626547,143.83938479404725
2024-07-24,147.39535692002954,157.38880000658654,98.12838519394232,87.72822976750547,150.91845373799967,153.0805046312678,142.12394735933213,105.63653667665776,110.94892164809906,138.7553835170218,154.42146175585754,100.19736069049242,143.72845016340497
2024-07-25,146.12350508403796,155.4943327853374,98.7978425994557,87.7455326416705,150.53911619173107,148.48665090564077,141.29978333088502,105.61976897242333,110.1715378590663,137.87889163316856,154.6768709439418,100.20083976551635,143.94713092153285
2024-07-26,147.6577706583597,156.48847341435754,99.09956497857996,87.64366746881863,152.4854212873353,150.23328294653396,141.98972999919994,105.66533888388872,111.11480087997985,138.23670306958832,156.1449738746704,100.20431896134154,143.94943051804046
2024-07-29,147.35497408477607,157.18248557651452,99.17029493079299,87.866616102194,152.00704715176926,150.2572034114263,142.31446809183836,105.73164315751924,110.80674688792813,137.78766800052557,155.65383827417597,100.20779827797213,144.17770725569875
2024-07-30,148.3846118990439,156.826106913011,98.81671181924828,88.02998529438989,153.31009325340065,150.83144060342659,142.0871070425701,105.79795903131865,111.63789544624123,137.19642728459564,156.93479240601462,100.21127771541232,144.2418049437597
2024-07-31,148.586476281433,158.38289652933642,99.09486248463637,88.13376588074837,153.8048964330399,152.02775591721183,142.91898913797306,105.71885158369321,111.79883514243821,137.26952152467047,155.3246503241253,100.21475727366631,144.64032896417476
2024-08-01,148.586476281433,158.38289652933642,99.09486248463637,88.13376588074837,153.8048964330399,152.02775591721183,141.52329351430632,105.75216475057854,111.78108929559019,134.78124540142403,154.2744481114734,100.21823695273831,144.554961457225
2024-08-02,143.68068380937112,148.0853909153433,100.46679102479786,89.2523490392964,147.8341525151917,148.51058597399154,139.5396727417869,105.50585466269831,111.49545034035266,130.3019097330842,149.30946343128377,100.22171675263249,144.63749950918933
2024-08-05,139.60263157326912,144.14643634568378,100.41021298742922,89.02172042257871,143.84265433910454,146.2136518094488,137.66364872984522,105.38477995934261,108.97776736023943,127.15172443253873,144.43926159447997,100.22519667335305,144.46400316884663
2024-08-06,140.06695948786665,145.08429737388326,100.23106648193394,88.87180494821877,144.33747403034585,144.9694955658789,139.08546841695534,105.59752972697115,109.65231432868757,127.46340198026624,147.7710606942861,100.22867671490421,144.6420816831239
2024-08-07,143.37785403986862,149.02323724145273,99.47674202036765,88.67383917235074,147.98259181792326,148.00812478012668,137.78034541020233,105.64330620688649,110.41591304404734,127.77497751624406,146.53635259816616,100.23215687729012,144.687750669068
2024-08-08,143.09520738901318,145.45942120223697,99.31172521320997,88.59696602166414,147.520762307645,149.27623069550577,140.217241209658,105.64740362661547,111.35772989029572,129.36609724346812,147.5378279954358,100.23563716051503,144.74118752903314
2024-08-09,143.53938538088252,150.01736316838276,99.75961739620615,88.81606549871044,148.4114311472385,149.8743883523984,140.71163674912123,105.67233352938166,111.31775316507478,129.44035823377803,147.23497913840902,100.23911756458305,145.29166772360838
2024-08-12,143.78166579444388,151.31155875381558,99.59460058904847,88.76032604920212,148.2135065730624,152.1234523802396,140.3508762654973,105.59300785073569,111.52312064788075,130.1304935941274,146.93224452525376,100.24259808949849,145.6794057817733
2024-08-13,144.18536136330326,152.0430759477629,99.82089792751835,89.04093871025036,148.01554897568212,152.31485990975355,140.75598605394674,105.55542603711471,112.95493372562844,130.7256720031595,147.09512411709167,100.24607873526546,145.9564213081633
2024-08-14,145.98215686167111,152.86839247641123,99.92932929180516,89.12166101726604,150.22574249578645,150.903216601562,141.01850981931096,105.51782706483866,113.13767167719568,130.79965216976794,147.53727792888682,100.24955950188819,146.36410021567391
2024-08-15,146.9511789281602,156.8073176418906,99.13729601266282,88.70843575602288,151.82565069127887,152.6737545038891,142.08213463676503,105.52191903689858,113.61016775065715,132.15224136504528,149.18937616134824,100.25304038937088,146.20089099878376
2024-08-16,147.33480756408846,155.94452548563208,99.83032513191236,88.96598097307039,151.90812614368642,154.32467547829611,142.5579996566441,105.56766449005133,114.2162290692098,132.60475664589225,149.631018266976,100.2565213977177,146.67445993235853
2024-08-19,148.28362991397114,156.75106744525016,100.06133977533038,88.96982096474154,153.128647258104,154.44430700967465,143.3718678418713,105.71752864785371,115.35699995391045,133.00978251404587,150.25864460315987,100.26000252693291,146.81021702018327
2024-08-20,148.0211829797221,156.84483737577102,100.32535333687859,89.12358559543058,152.79877847167788,153.82222888788968,142.72630615519586,105.76324964809565,114.55878500682142,132.27865179146298,149.39743198764762,100.26348377702061,147.36003841013877
2024-08-21,147.77893576207956,156.1250818538865,99.90104027312084,89.28887020113308,152.15553598930708,152.53020250761827,143.27300271141067,105.76729824771924,115.05302694065689,132.16300989396717,150.30398633596192,100.26696514798508,147.3704382976828
2024-08-22,148.4451778529444,155.61630132462892,99.3871576593666,89.07745070742911,153.37607361532673,150.6400184704542,143.2680473139024,105.79213200088826,114.76745299633029,132.28398202427357,150.3731211719455,100.2704466398305,147.27734021783908
2024-08-23,149.07097071671816,155.86126754951738,99.94819851159772,89.3715170863133,153.87089330656804,152.2909394448612,144.3658089668822,105.83779381294613,116.21918393876601,132.07373404485284,151.0932272270589,100.27392825256103,147.1861705158144
2024-08-26,149.23248545977262,155.55978649036703,99.37301315002445,89.13511473510198,153.4585490677343,152.05167638210418,144.12949696711928,105.86260317048637,115.88896692642696,132.19468528944898,151.06924417511806,100.27740998618088,147.3466267930364
2024-08-27,148.10191545431022,155.0133098021481,99.25986448078949,88.96021640323468,153.128647258104,151.4295982603192,144.51560923690806,105.84579958268152,115.40302365445312,131.88992636154325,151.78898245543152,100.28089184069428,147.16969530970968
2024-08-28,148.82870690111616,155.27712410651725,99.71718386817969,89.03324956225012,153.96983082625295,150.59217754066952,143.71041207717815,105.84984494044531,115.3847057141905,131.82169135872067,150.83537805287293,100.2843738161054,146.92868182656707
2024-08-29,149.6160643018226,156.16277801284787,99.1467306225591,88.89294781405496,154.6460965127909,152.74554510548296,144.20308032078182,105.81220040770538,116.07863826773959,132.2263004608647,151.74079839217066,100.28785591241845,147.195861758015
2024-08-30,149.95929350453795,155.82361549682625,99.34001423189427,89.04477870192152,155.2068800543562,151.69278178796858,144.44680267848727,105.87861398150436,116.43853775021198,132.58351292172827,152.73885432155498,100.29133812963764,147.52913003209568
2024-09-02,150.14095817032063,157.16153509815263,98.75069917198338,88.68536831202213,155.1244046019486,151.9081243858333,144.44680267848727,105.87861398150436,116.43853775021198,132.58351292172827,152.73885432155498,100.29482046776712,147.67904571150285
2024-09-03,148.66722535398054,155.0133098021481,99.18915674508328,89.11204729110125,153.95335224737352,150.66395353880498,142.7379260613538,105.9224530766357,116.15304020559596,131.6171356724484,151.87844114753796,100.29830292681112,147.75245550532756
2024-09-04,146.8704464535721,153.2230656974657,99.28816831047835,89.37344166447784,152.61734898798326,151.19033519756215,142.5372527162648,105.92656094225453,116.62404874952912,131.31270373151548,151.6685514149089,100.30178550677384,147.53383932126056
2024-09-05,145.03326811995078,152.77081470456002,98.96285200111112,89.32154220664067,151.29784081907454,151.50137425845463,142.74601106401525,105.88882956914412,116.80573717282205,131.43359805893584,151.73734788178166,100.30526820765948,147.7905969427324
2024-09-06,143.78166579444388,149.77457285282588,99.30230541431823,89.85201093673618,149.94814944155698,150.97499259969743,141.86922335845037,105.95565270529323,115.8530921864598,130.32611952407544,149.76314345443782,100.30875102947223,147.89669036316982
2024-09-09,144.71030502567953,150.81099669291186,99.2315754621052,89.65788515253932,151.33155751052925,150.7357295369404,142.16691682843322,105.98062997982554,116.52404253351338,130.87227265174656,150.110768737625,100.31223397221632,148.30793603172944
2024-09-10,144.42764177686468,151.28209576529818,99.51445083794368,89.68671716637576,150.97730108782562,151.8602688525902,142.5801839211472,105.96380765760651,116.50554665374615,131.3237794703827,149.52996110661664,100.31571703589589,148.59573946248284
2024-09-11,143.78166579444388,149.8876466276199,99.40130957421101,90.0288246821101,150.6904945596335,152.2670189799689,143.1178445683766,105.92608364692215,116.53151840822098,131.44462206082443,149.7846504229523,100.31920022051517,149.17223349681672
2024-09-12,144.8112704127929,155.0133098021481,99.23630017255562,89.81932976657066,151.90517056691348,155.44921479394594,143.64634570733907,105.95106328063832,117.57986934693001,131.75425327119618,150.96734415008737,100.32268352607836,149.5556355430641
2024-09-13,145.3966970392726,154.69293655724684,99.7784643994919,90.00384182460274,152.6812323764447,155.97559645270312,144.53032789116173,105.97600597642452,118.56122815505812,132.11100058234226,152.5207896579254,100.32616695258967,150.05565894265308
2024-09-16,145.03326811995078,154.52333324610092,100.04248536654237,90.02690926860348,152.20885195243503,155.64062232345987,144.95185703867847,106.00096442453004,119.47560831547493,132.51481162698,152.58935863035998,100.32965050005329,150.53194915009064
2024-09-17,145.49764582842656,156.03091496693352,99.52388544783997,89.9903881067668,153.10300474006817,155.1620961979458,145.39097338561297,105.98413887462141,119.72324581317937,132.25782428942927,151.35925064521808,100.33313416847342,150.55628641129127
2024-09-18,144.85162005212754,154.99444702057735,99.47202471541951,89.73476746788384,151.803954446141,155.2817277293243,145.2079664178853,105.9881686663756,119.01565524294877,131.62341415941376,151.98443633412876,100.33661795785427,150.46364917734726
2024-09-19,146.14363840880677,158.08489986553468,98.77898819066769,89.74629660755524,153.4404358402486,156.38233197662336,146.60789792681865,105.99327230406246,118.88689729164628,132.9247806429603,153.44549430251357,100.3401018682,150.96781993251892
2024-09-20,144.26616022972905,157.53842317731574,98.98643112034956,89.55025540985176,151.75334638575478,158.89459413557236,146.53273657152474,106.06096349747416,119.71300880483354,133.3767168136701,152.77364745370662,100.34358589951486,150.72805229122443
2024-09-23,144.87178657281515,158.08489986553468,99.27872629507979,89.72131375004788,152.31008458480957,159.08601626854474,146.83071363310148,106.0660588654865,121.0495170314746,133.35686908795375,153.12172998305212,100.34707005180302,150.8040990240319
2024-09-24,145.76007616471617,158.19797364032866,99.50030632860154,89.6348268731965,152.51253333795657,159.7559499235728,147.41274401773913,106.07114159792008,120.94270710856412,134.091520784409,153.00626170942087,100.35055432506867,150.68041065007878
2024-09-25,146.97137864476667,158.70676887167633,98.99585832474357,89.58677657168843,154.3177302821544,161.0958172336289,146.6626806992742,106.05535720184895,120.32543314777668,133.8829580095863,151.12999311690106,100.35403871931608,150.92622235772095
2024-09-26,147.92023419056815,159.7809035728137,99.46259751102549,89.49452512500136,155.31311570216207,161.43079136287213,147.7225260973156,106.08021703876757,120.50606885329861,134.47456118304123,152.12526907307014,100.35682633150272,150.72617352869764
2024-09-27,148.36439558447805,158.6690580106249,99.5710288753123,89.62328856886718,155.81921281762646,159.34919979619414,148.23164792132215,106.1051101495192,121.04165935634583,133.93488842466098,153.39817857969692,100.35961402112301,150.73312589156274
2024-09-30,147.47612259053648,158.3298954946033,99.84917954070039,89.65980973070386,155.4649233717187,158.51177907654446,148.49210395265885,106.06743205605255,120.73403260904172,133.7234425098587,153.37382966246201,100.36240178817917,150.57119132143328
2024-10-01,146.78969738102458,157.16153509815263,99.77375450004602,89.9692452409306,153.86220820387206,160.68906710625023,147.93697192109073,106.1197461613636,120.98105214783152,133.844843672224,152.23469835305787,100.36518963267329,150.33903622490237
2024-10-02,146.68874859187062,158.2356845013801,99.94819851159772,89.64828059103246,153.98028267037188,160.40196311370852,148.19788806158988,106.12385383764548,121.07273434618575,133.9661730366189,152.6868694367679,100.3679775546075,150.57179555992138
2024-10-03,145.47744611182011,158.0660664881441,99.45788020607735,89.46376853300038,153.01866347662514,161.16759323176433,147.65890109069207,106.127948775341,120.63220380959983,132.47170537625504,153.51987108146773,100.37076555398403,150.79207519142997
2024-10-04,145.67932709216865,159.55475602322576,99.17501223574114,88.81222550703927,153.18737902671535,162.79459374127902,148.52405804414394,106.1530202111673,121.14516067646146,131.97554459969012,154.54309638741995,100.37355363080498,150.90610262601595
2024-10-07,145.76007616471617,159.55475602322576,99.54274726213028,88.73534319169477,152.5968746013996,161.43079136287213,148.1628401023097,106.17806349906627,120.3500568176443,130.95695173061165,153.75679669569186,100.37634178507251,150.6587096727158
2024-10-08,145.69952680877506,160.13894357249617,98.97699651045328,88.59504144349961,152.6812323764447,159.56454239405883,148.1748983381744,106.18213110815522,119.68819380529072,130.8886438091436,153.63718626397753,100.37913001678875,150.39288273767144
2024-10-09,146.93099580951318,159.9504774797795,98.39239875549053,88.68921746835123,153.5922600214073,160.1866205158438,148.32896546393656,106.1862297751849,119.71352183598268,130.86786783393578,153.42242046948255,100.3819183259559,150.02428471730968
2024-10-10,146.40613513693398,160.64772410175377,98.3971086549364,88.52969743248443,153.6091513903388,160.04306851957296,148.44754088759962,106.21123034199074,119.58373988242896,130.46721637163327,154.06430968666788,100.38470671257605,149.60862835851552
2024-10-11,147.1733094189934,161.64649588914858,98.11895058404605,88.5123945583194,154.23338901871136,162.24427701417105,149.75575099641958,106.19437141653964,120.53950715301127,131.1111968039841,154.2301520461965,100.38749517665137,148.99966275790877
2024-10-14,148.4451778529444,163.7005101919299,98.81199451430014,88.59888143517077,155.2793494759011,162.84243467106367,149.9450226107119,106.19844941483063,121.38422447574493,131.13784658043483,154.77655793718895,100.39028371818407,148.52051799139647
2024-10-15,147.6981700915726,162.6829491334147,99.35416614673869,88.86795579188968,154.97568460198164,163.63201446092867,149.7614444116502,106.22345436905943,121.36495713852653,130.73733297843725,155.03736694091717,100.39307233717622,148.11913834866527
2024-10-16,147.435739755283,162.6829491334147,99.63231681212677,88.96790555123492,154.28398056749552,164.7804742414708,150.1724764238255,106.20659350328654,122.47498076475749,131.14368454983415,156.62970824235353,100.39586103363003,147.893594521755
2024-10-17,148.46529457975376,163.81358396672388,99.54274726213028,88.74687233136616,154.53703738102874,166.0964210866346,149.73166604715215,106.1897353138416,121.85777654119593,130.5534967714163,156.5097580174485,100.39864980754763,147.34616371993442
2024-10-18,148.84893981364144,163.87009880098574,99.6276069126809,88.76609978369574,155.09379209168563,167.53199946317687,150.34663453112583,106.23564268409164,122.32541877568974,131.1494854674475,157.05540870905705,100.40143865893117,147.30783133524517
2024-10-21,148.18268112481715,162.94676343778386,99.02413993792561,88.41052938546753,154.25021434123454,167.81911805917701,149.89699506794946,106.23967129160225,121.1551152907991,130.0851635738719,157.8861327327546,100.40422758778278,147.1572420370947
2024-10-22,147.1733094189934,162.8902191993418,98.63284800880484,88.42398310330347,152.8836976411938,169.1350649043408,149.81998501211064,106.22280785171469,120.78182552020348,130.01709929320126,156.62534784086202,100.40701659410468,147.0269662936557
2024-10-23,146.8502799328845,162.6263901928826,98.7601263763774,88.1952699000924,152.66439054231944,167.67555145944772,148.99817526505237,106.24775161064007,120.60778503897143,128.76362668375666,155.93521510330925,100.40980567789892,147.3486921510708
2024-10-24,147.2540086976627,162.36257588851345,99.15615042145085,88.36247908395944,152.6474991733879,168.5129721790974,149.47098778135566,106.20998794363794,120.78773398312927,129.21728468096381,156.95571280950776,100.41259483916775,147.43365044027973
2024-10-25,147.05214431527358,162.8148268814191,99.42015657749677,88.27599220710806,152.66439054231944,169.1350649043408,149.5536452767233,106.2140248419717,119.50781162089402,128.95974823945429,156.5507753278282,100.41538407791329,147.34749841291153
2024-10-28,147.940450505134,162.8336749608998,99.67004044070737,88.11647217124127,153.82847500081527,169.1350649043408,150.59347071599217,106.28073471480957,120.74938960321224,129.41322474906784,157.28587436630332,100.41817339413768,147.7892130764286
2024-10-29,146.26477031660775,163.2859553579856,99.03356714231961,87.8550869625226,152.20885195243503,171.192721402668,150.17966098889923,106.24301944263881,118.98343926840414,129.77177806464013,155.55128385229688,100.42096278784305,147.77451022674478
2024-10-30,144.73047154636717,163.040959728917,99.382455165423,87.99346413255321,150.70736941696293,171.7669585946683,149.69509067251,106.30970692829533,118.72136605650334,128.8035965913374,154.95681337916488,100.4237522590316,148.41534831967175
2024-10-31,142.81257733611713,159.705511254891,99.83976714731092,87.92235555170232,148.37916747676715,168.58474817723283,148.73229245211266,106.29283237164005,118.74672609040475,127.55150186682258,154.2675691002783,100.42654180770545,148.71681668091344
2024-11-01,144.71030502567953,161.79725112081385,99.552167061022,87.7685909210133,150.9604097188941,169.9964060888828,148.64127530011362,106.34520804349397,117.18083287353068,127.72068763485314,152.62919907269458,100.42933143386676,148.86309378620305
2024-11-04,144.0036966975206,159.83744781125574,100.04248536654237,87.95117840088083,150.353046947851,168.22585358309726,148.83059325226978,106.28634936411498,117.33902196263331,127.2268647689482,150.8964409448064,100.43212113751771,148.1761102356442
2024-11-05,143.66046749480526,160.96809734665501,99.68888744399311,87.7897337868495,149.88068303544338,168.32156464958342,150.19058615228326,106.31145033675233,119.02158529882723,127.5854534373123,151.82153634757844,100.43491091866042,148.46308999571863
2024-11-06,143.53938538088252,165.45305813765097,99.85389684564852,87.53987771780221,149.81321662932982,166.33568414939162,152.22415109389834,106.3365406655442,118.25162701339809,127.99127808805997,155.02363758896044,100.43770077729704,148.43139584112276
2024-11-07,144.10461229075574,166.88518873220056,100.02362355225208,87.83201951852186,150.4036880314414,167.2209604022844,152.7497010121002,106.40354394966494,119.18258853832668,129.20163343847233,155.09391427484002,100.44049071342975,148.3263436922435
2024-11-08,142.89332640866465,167.33746912928635,100.03776806159424,87.95502755720992,149.52639358953562,167.19702533393362,152.79791947942834,106.49256353477926,119.45192367823361,128.8038029896471,154.78625066036778,100.44328072706068,148.582936452965
2024-11-11,144.0036966975206,168.9769138960333,99.82562263796876,87.8454732363578,150.994159433553,163.8712775236857,154.65438415261295,106.45571744864793,119.83158876641798,128.40608824724464,155.04775872837482,100.44607081819198,148.326983776007
2024-11-12,141.60140763974195,168.52466290312765,100.08020158962067,87.92812012153803,148.64909914762984,163.29704033168545,154.13504051789607,106.46087167702576,118.18008921258625,128.19771484166972,153.98155010071756,100.44886098682582,148.55498125318954
2024-11-13,141.50044225262857,168.5606977259101,99.85389684564852,87.77244007734238,147.1982081609419,163.00992173568528,153.75766935658254,106.48693625007553,117.6989712815411,128.22595453129546,154.6223544860476,100.45165123296434,148.78069620579691
2024-11-14,142.4089149631766,169.77063563310287,100.01890624730395,87.91081724737299,148.44665039448282,162.79459374127902,152.8487165972228,106.5549524833812,117.7476654620595,127.54468643588679,154.59934520710624,100.4544415566097,149.2179023598776
2024-11-15,140.5516033047865,166.6890481484629,100.01419634785806,87.68786861399762,147.11388340910094,162.43569914714342,152.41847747966187,106.64386285954193,118.81140677639415,127.43113110385677,154.48153064041833,100.45723195776407,149.2086026829522
2024-11-18,140.612169258687,166.78361199184798,99.94819851159772,87.68017946599738,147.53562274952023,164.80439470636315,153.2284183258088,106.52324204417248,120.02928400793628,127.45944387013373,155.5958409504723,100.46002243642953,149.44795168066926
2024-11-19,139.703696548139,166.3676751614363,99.71718386817969,87.98385040638843,146.6077202472282,164.90010577284934,154.58718292956618,106.50739037124922,120.93794519353118,127.39320799124158,156.70982818505945,100.4628129926083,149.6486406217043
2024-11-20,139.46141613457758,165.91396866161287,99.85389684564852,87.6917177703267,146.50652063805785,167.0773938025551,155.16626532813746,106.53339942763247,120.6993705985845,127.89421821054209,156.11800545580928,100.46560362630255,149.63013356546065
2024-11-21,139.94596036374097,167.42637266799122,99.69360474894125,87.82240579235709,147.46815634340663,168.3454851144758,155.6921498165193,106.66414638264948,122.02669083737798,128.20601851853212,156.09477360975933,100.4683943375144,149.56642409573072
2024-11-22,141.66195699568306,170.12985179999157,100.27820990940629,87.93772468304489,149.0877463685827,172.2454847201824,156.78431895753633,106.71108183463474,121.81008157059547,128.75403094259536,157.87120831559125,100.47118512624597,149.2609018525754
2024-11-25,141.50044225262857,170.3567050499033,100.41021298742922,88.30482422094451,148.9359386990261,166.40746014752705,157.46907083396292,106.63240345748778,121.81399587229326,128.167864432801,158.51062523413367,100.47397599249948,149.7163767161049
2024-11-26,140.65255209394047,169.56267456894207,100.60822130721483,88.18566533858554,147.78869607465558,166.28782861614852,156.84386638529202,106.61653554030663,121.77383126693053,128.57398328483828,158.29764884185366,100.47676693627704,150.39998510152796
2024-11-27,140.87456639905778,169.39251257837319,100.33949784622074,88.39515108946703,148.02489454246142,165.737526492499,157.59914148544055,106.64252335619464,122.52711458158313,127.75184978207248,159.03149082860043,100.47955795758081,150.50546093783416
2024-11-28,141.86383797603156,169.6761305980781,100.70252297316402,88.55660486815631,148.95278053315138,166.21605261801312,157.59914148544055,106.64252335619464,122.52711458158313,127.75184978207248,159.03149082860043,100.48234905641297,149.96787791459377
2024-11-29,142.38873184452956,169.9407829215817,101.36255317428338,88.75456147936642,149.2227287156161,167.2927364004198,157.94726642477272,106.62665393307616,122.72926284029447,128.4884899004855,160.33310816329706,100.48514023277566,149.6824438675529
2024-12-02,142.89342599642114,171.33978970718437,101.81986515617129,88.79108264120309,149.86380817811394,166.98169733952736,157.6172226462502,106.63392735465035,120.90420804326692,128.98881628906364,159.45742803507727,100.48793148667099,150.04578026664396
2024-12-03,142.7319278513261,171.2452552679794,101.83871215945706,88.68921746835123,149.39142775410428,166.90990673793348,157.20395978088357,106.7863816148014,120.79809195776309,128.8751708586873,159.43369925114345,100.49072281810119,150.2561394588682
2024-12-04,142.57042970623107,171.83133938686993,101.83400966551346,88.80453635903903,149.8469333207845,166.93384180628425,158.172612455091,106.74942858751591,120.55985131185673,129.28086858003144,159.50458180551865,100.49351422706833,150.06827097264153
2024-12-05,142.55024658758404,171.81241779693886,101.1739720588918,88.65846087635025,149.44203581449048,165.33077636512036,157.4228645246109,106.69150345107721,122.41395359835406,128.4120250461855,159.10241740148484,100.49630571357464,150.04858793012494
2024-12-06,142.48969723164296,171.43433884847937,101.60299502209543,88.98712383890658,149.6444845676375,165.06759283747095,158.0015835376555,106.69664786286006,120.67811571151061,129.05361685883784,159.64628358561924,100.49909727762225,150.13087473614112
2024-12-09,142.44928120047064,170.90497539311184,100.93825492153019,88.89102323589042,149.4757525059452,166.59886767704103,157.12815278549516,106.7648684683194,119.99962269328077,129.08160968797083,159.2442213757645,100.50188891921327,150.1939791575481
2024-12-10,141.0563140546375,171.09402956943165,100.90995849734361,88.77762892336715,148.22732678400635,168.89580184158373,156.2018012506894,106.77000440815519,118.90307054942149,128.96804047850807,159.40965949184934,100.50468063834994,150.22577824350512
2024-12-11,141.6215741604296,170.8104409539069,100.94767472042192,88.84682209071141,148.63225731350457,170.73811574204626,156.93972028903613,106.75411601464208,118.44516690251785,129.70360169068312,159.19683075521905,100.50747243503433,150.43124927753846
2024-12-12,141.76292238279643,172.79551715630998,100.62237322205925,88.66423461084388,148.95278053315138,169.5896559615041,156.34691645553121,106.71509453511179,117.76495270091496,129.11573131587375,159.0754480014941,100.5088683721515,150.73610048323437
2024-12-13,141.641773877036,172.9845713326298,101.08439510339302,88.37209281012423,148.42979204875547,169.541800428261,156.21438103246217,106.76013825328717,117.7230760141961,128.0093539688738,159.14313793008876,100.51026432865666,150.88375830632762
2024-12-16,141.29854467432065,173.21143928463158,101.40026939736171,88.38747110612472,148.210468438279,168.7283147769621,156.59494167066694,106.8471581229684,116.9992279636078,127.94062467759004,157.88775901941236,100.51166030455012,150.71962217139173
2024-12-17,142.0455026418142,172.9656644447888,101.1173940215232,88.18566533858554,148.69972371961813,168.10622205171873,155.73709809780115,106.76611820680388,116.64196715296787,127.96617984864342,157.29420358880094,100.51305629983214,150.55578868773597
2024-12-18,140.87456639905778,172.54972761437713,100.89109668305332,88.30289964277996,147.72122966854198,167.81911805917701,152.35724014175975,106.6641255208459,113.94035392250743,126.81342207490374,155.09485177776932,100.51445231450298,150.67135087762244
2024-12-19,138.27031337113354,169.0144336299137,100.83452605118698,87.98385040638843,145.0556296513699,165.78538202574208,151.48149231138711,106.64719470727115,114.3915242122386,126.4634082972016,156.5815080688394,100.51584834856291,150.59999064396712
2024-12-20,138.1895394016469,169.03335521984476,100.88639418910972,87.8723806720297,145.2580784045169,167.1252493357982,152.80557234434028,106.71422557203472,115.89263052128796,126.53757250143582,157.8788125328846,100.5172444020122,150.78421658246424
2024-12-23,139.27966847899788,169.24130158191548,100.62709052700738,87.84354865819327,146.0509820481734,167.4841439299338,152.33795181840907,106.78591398282025,116.79011866591904,126.8472670210138,157.94815525793285,100.51864047485111,151.15261488906552
2024-12-24,139.27966847899788,169.24130158191548,100.62709052700738,87.84354865819327,146.0509820481734,167.4841439299338,153.21811868682914,106.79007501926267,117.06192589244463,127.29814237414115,159.90573288484825,100.52003656707996,151.6602781870336
2024-12-25,139.27966847899788,169.24130158191548,100.62709052700738,87.84354865819327,146.0509820481734,167.4841439299338,153.21811868682914,106.79007501926267,117.06192589244463,127.29814237414115,159.90573288484825,100.52143267869893,151.4461360570797
2024-12-26,139.27966847899788,169.24130158191548,100.62709052700738,87.84354865819327,146.0509820481734,167.4841439299338,153.53064890544866,106.83638692786484,117.13267507037024,126.94826082528743,160.91866906727162,100.52282880970837,151.28363582949675
2024-12-27,140.5111872736142,171.33978970718437,100.41964019182323,87.62252460298244,147.51879742699705,168.15407758496184,152.12358675381773,106.90379461374906,116.82382033268664,126.78717915130949,160.94161159066113,100.52422496010851,151.65224036333237
2024-12-30,140.2285738186776,170.26218531278843,100.48565283908815,87.85123780619351,146.5233954953873,167.81911805917701,150.80558897871157,106.90790953287532,116.80527686914175,126.37827362554377,160.72226243889958,100.52562112989962,152.2283637206933
2024-12-31,140.2285738186776,170.26218531278843,100.48565283908815,87.85123780619351,146.5233954953873,167.81911805917701,150.55129976977352,106.89094002342567,116.65281791274549,127.08705616151784,161.084252289826,100.527017319082,152.19336369906523
2025-01-01,140.2285738186776,170.26218531278843,100.48565283908815,87.85123780619351,146.5233954953873,167.81911805917701,150.55129976977352,106.89094002342567,116.65281791274549,127.08705616151784,161.084252289826,100.52841352765587,152.3797613582412
2025-01-02,140.2285738186776,170.26218531278843,100.48565283908815,87.85123780619351,146.5233954953873,167.81911805917701,150.61596632667192,106.95829021818926,117.52698497670207,127.98991021019003,162.51165811722254,100.52980975562153,152.3131279701956
2025-01-03,141.03609774007165,171.54776547343525,100.4950874489844,87.63405374265383,147.73808801426932,171.24057693591112,152.84192915592533,106.92023897139413,118.24469730387727,127.92101490533237,162.1953283567118,100.53120600297927,152.40828960614556
2025-01-06,141.8032388262122,173.43827783245322,99.7784643994919,87.38612225177111,148.7503152684023,170.04426162212587,153.7564320937,106.96647868903267,118.49364711261785,127.46363348512355,160.91075868477003,100.53260226972931,152.50140846574996
2025-01-07,143.23662200321766,171.90696693823386,100.03776806159424,87.25734964324737,149.7288423426826,171.45590493031742,152.1027503559541,106.92842415757056,118.11793077359043,127.83185391728928,160.20745607888952,100.53399855587197,152.48259325726895
2025-01-08,143.70099971169344,171.64228521055009,99.48145191981351,87.08821588121577,149.54326844686506,173.0111148382382,151.51195959587284,106.89039635604485,117.6085184567176,128.58836544737818,159.69803416835657,100.53539486140748,152.51585215252885
2025-01-09,144.08456195578404,172.39850191582934,99.24572737694962,87.1612490402312,150.31933025639628,173.3700094323738,151.51195959587284,106.89039635604485,117.6085184567176,128.58836544737818,159.69803416835657,100.53679118633612,152.441453272649
2025-01-10,142.85309295504592,170.67810744111006,99.42487388244491,86.8921746835123,149.2902116333318,175.4516009990518,150.2840314185167,106.95767108023779,116.11806800270897,129.92712934817087,158.89838904051325,100.53818753065815,152.59614056446424
2025-01-13,141.72252294958355,170.01641047294564,99.00528552913758,86.69998264213788,148.00800317352991,174.49454874802362,149.7468199715665,107.00387341062192,115.83207061733256,130.29477500540528,159.55057222206153,100.53958389437385,152.53552777413705
2025-01-14,141.8032388262122,170.52685233838213,98.52912654396391,86.62310032679336,148.7503152684023,173.6332075634816,150.64338447154338,107.00794235156022,117.59709355441255,129.25502131582957,161.2668520452493,100.5409802774835,152.548263106125
2025-01-15,142.530063468937,172.56863450221812,99.47674202036765,87.21698848973952,149.83007497505716,174.4466932147805,151.92897683600134,107.07515833009553,119.00493328433892,129.38007151894877,162.1119093706878,100.54237667998737,152.4372668366557
2025-01-16,144.56908958698799,172.9845713326298,99.65589593136521,87.2381313555757,149.77945040306884,176.38473278518765,152.71869446041276,107.0792092760733,119.98889092070002,129.21399120635107,164.69778409122878,100.54377310188573,152.5057815722333
2025-01-17,145.17476572395236,174.7049658073491,99.85389684564852,87.36690396409948,151.1628749836432,176.74362737932324,153.95049615965962,107.1463872270604,120.816563772903,129.63003318653455,164.96175104492252,100.54516954317883,152.40223649356267
2025-01-20,145.63907704059048,174.74277958303108,99.90104027312084,87.30539994475545,151.61839706192552,174.99700994188845,153.95049615965962,107.1463872270604,120.816563772903,129.63003318653455,164.96175104492252,100.54656600386693,152.66648061292344
2025-01-21,146.83019640199396,175.1965007849446,99.72561132976679,87.59177717563938,152.9174473558527,177.1025219734588,155.12879533968794,107.17147783843346,122.15638287064775,128.2515643974134,166.28932088511687,100.54796248395033,152.61971448246706
2025-01-22,147.81940158713007,176.72785578543417,99.85364505857123,87.5648697399675,153.5922600214073,178.10742975773007,154.83887466795986,107.17550347940016,120.42180989384403,128.522145761617,166.26292575481764,100.5493589834293,152.2846368918817
2025-01-23,148.36451177019393,176.86017459614095,100.23988643514154,87.16317361839575,153.91283277586035,177.9160076247577,155.044152370725,107.20056745031965,120.95948409979707,128.8411152868146,166.23653481422164,100.55075550230406,152.42002690003406
2025-01-24,148.68754125630286,177.2193760609396,99.83932281717452,87.3745931120997,154.23338901871136,178.7055874146227,155.0549361458769,107.2256294247407,121.36336646905903,127.85118540996685,166.790031616869,100.55215204057492,152.58821885388667
2025-01-27,149.69696275600487,174.0243619513437,99.69627072975968,87.65519660849003,155.54928114676378,175.52337699718723,153.89904423924753,107.20860948356217,119.16219577321523,126.95853063733449,166.76355700867583,100.55354859824217,152.4097428954649
2025-01-28,150.2621896658781,175.08305945789866,99.98238231009164,87.45915541078655,155.73485504258136,177.4374814992436,154.52849774479978,107.21258991446221,118.56450314218586,127.85905401702409,167.70327783839207,100.55494517530606,151.6858612339715
2025-01-29,151.27164436149891,175.95273219231393,100.04438117512436,87.64174289065409,156.84833144069094,177.7963760933792,154.43332574157773,107.21660099679866,118.59020450670074,127.74187601733627,166.2275894658408,100.55634177176682,151.83104458777416
2025-01-30,152.1801004740875,176.74674797118507,99.9966897404838,87.7628263511776,157.77625045458507,180.28471778743585,155.5042094169515,107.22061675769783,120.10688454064969,128.06069000447974,167.84319853313661,100.55773838762478,151.74963884629236
2025-01-31,152.01860232899247,178.37262270878952,100.43539910066099,87.84354865819327,157.45569421173406,181.67244063073505,154.914238038293,107.24563352050087,118.33003904716975,128.1856461128149,169.07200656520342,100.55913502288018,151.62304521437568
2025-02-03,151.069746783191,175.46118251262837,100.5832203315399,87.76667550750668,155.41433182293454,183.25158560700663,154.36066667168805,107.24125636965609,118.62271146136369,128.40744539367714,168.94860532769582,100.56053167753329,151.4406528083429
2025-02-04,150.18142399537115,175.68805046463015,100.71197239406484,87.8454732363578,154.43583777185836,182.72520394824943,154.760682848162,107.22423394801011,118.6483753323827,127.80603592043876,168.82526034387132,100.56192835158437,151.60049308289624
2025-02-05,151.61482377033605,174.59153918239326,100.55461287625785,88.2337064754357,155.29622433323055,183.75403219741307,155.1782635526345,107.2493944196224,119.71927576754551,127.44687395666341,167.4470862834934,100.56332504503371,151.7429083795885
2025-02-06,152.1801004740875,177.08704254814273,100.54507458932973,88.05111899556816,156.3084846105677,183.44299313652058,155.29507484451833,107.27453555921966,119.2333251362015,127.62026493118633,166.45538840817625,100.56472175788156,151.82037855385803
2025-02-07,151.85708758593802,177.35170957373643,100.79780957091558,88.00691785038916,156.15662740620482,185.50064963484783,155.23504560247224,107.29969195080199,118.636337840588,128.0839432783278,166.4289669179527,100.5661184901282,151.78191667595465
2025-02-10,152.1599339533999,177.80547488192016,100.8073404523414,88.0588081435684,156.78086503457735,188.10862286028302,156.09423498577596,107.30372302612751,119.95126800890554,129.22493901724448,166.20958514557512,100.56751524177392,151.66827107916777
2025-02-11,153.10875630328255,177.86216614126297,100.23511729167748,87.8627669458649,157.50631878372238,188.46751745441858,155.32717090241766,107.30776740203618,120.28782717867139,129.25281426108583,166.37613648294794,100.56891201281894,152.02115435648693
2025-02-12,153.27032084021525,177.86216614126297,100.04438117512436,87.457230832622,157.32071186470063,188.32395085468931,155.74431119973536,107.22754023945345,120.20206682630476,129.52254521548514,167.60357188059996,100.57030880326356,152.06417833025517
2025-02-13,155.91495670339296,177.44624401294138,100.43062995719694,87.77244007734238,159.2608581327277,187.79758379939054,156.53228588007693,107.18942405749203,120.80509927672463,129.1150608358571,168.34843816007526,100.57170561310807,152.1481556153065
2025-02-14,154.86516896639694,177.42733712510037,100.04438117512436,87.87622066370086,158.78849422032008,184.97426797609063,156.89610975974884,107.17240986319719,120.29720182531642,127.788902809271,169.67162333823316,100.57310244235269,152.60590359128545
2025-02-17,155.02666711149197,178.46714244590441,99.69627072975968,87.77820464717809,159.19337521501203,185.88347929733416,156.89610975974884,107.17240986319719,120.29720182531642,127.788902809271,169.67162333823316,100.57449929099774,152.7545560080295
2025-02-18,155.12763249860535,178.92087834990798,99.48645063384805,87.70708690166927,159.49707311213567,188.18039885841844,157.6483403700387,107.09221700940721,120.87780707210914,129.70262690892994,171.1871659624306,100.57589615904345,152.5687149357816
2025-02-19,154.138377519591,178.17971658486914,99.1860390286262,87.54949144396701,158.24863087859472,188.5871489857971,156.6697011536973,107.09627823151547,120.54771628545716,129.05358362799683,171.73830643710488,100.5772930464901,152.80635271794142
2025-02-20,154.34024190198008,176.90969123552543,98.86177430058179,87.58023887131006,157.8268420033692,188.5153729876617,156.2564027670641,107.1003182001663,120.48417523015912,128.3080614704797,170.74731185950677,100.57868995333799,152.59328612584676
2025-02-21,155.65249317118455,176.60640181929543,98.50413297379126,87.70324690999811,158.67037021901402,187.86935979752596,154.20138128538755,107.08331814965833,119.02198445747476,126.93454783153418,170.33478960832926,100.58008687958736,152.8760278699318
2025-02-24,155.63234324845635,173.7441842207172,98.85700515711773,87.8723806720297,158.41734642868494,187.9411357956614,152.9765951698033,107.04528809765878,118.91430745309863,126.67279113282275,169.34430365773244,100.58148382523846,152.7407759241336
2025-02-25,156.09665456509444,172.05714878838606,99.28140708690275,88.24524477976502,158.21489767553794,184.0890063266563,151.8404890604101,107.13352124855217,118.49594707116584,125.34830684727858,168.54678770223038,100.58288079029158,152.60189154909764
2025-02-26,156.35911809730288,173.8199881971621,99.6485867006214,88.16067331642026,159.2608581327277,185.165690109063,152.68100274424563,107.13755920939947,118.69903802228869,125.37669100420881,166.59379423953598,100.58427777474704,152.49399618684595
2025-02-27,155.49101162404892,174.33178265488579,99.76303873825645,88.35671451412375,158.3330051652419,183.8258081955485,151.45705879409098,107.09951330548728,117.23805877819582,125.21191188987343,166.56735078013287,100.58567477860502,152.38878457641937
2025-02-28,155.7938413935514,172.6447766267348,100.17790238111337,88.40092482396066,158.3667218566966,182.67734841500635,152.17387544463438,107.0825133827404,118.5948143496206,124.8540124731266,168.94793746750716,100.58707180186586,152.4131999628032
2025-03-03,157.75210184109545,173.9337382680997,99.61520269637299,88.23179106192907,160.10443588317878,184.75893998168434,150.78404995242977,107.04229246985577,118.02148648663973,124.01342098151125,168.15101637195218,100.58846884452979,153.1782782950538
2025-03-04,155.71307572304445,167.29939071598295,99.74395475889796,88.53161284599103,157.87746657535752,184.30433432106258,150.33620355986875,106.96192732210395,117.84752349387703,123.02827541711298,164.75555181376097,100.58986590659707,153.05842905105004
2025-03-05,156.88399536784146,168.70205832201518,98.71871480766467,87.75898635950642,159.61518060183963,185.165690109063,152.0078167547614,106.98717482463407,117.96185524658316,122.86395164326032,163.57454105223366,100.591262988068,152.8168693999918
2025-03-06,155.69289260439743,168.72102401821647,97.5456462200502,87.54564228763793,158.21489767553794,183.75403219741307,149.7939924518593,106.8857463409687,115.8814001874326,122.21710534670368,160.95062037423077,100.59266008894284,153.17145556701698
2025-03-07,156.6417315522395,165.42280123626935,97.96527900637118,87.69940691832694,158.65352838488874,182.5098613503847,149.6113243166352,106.93211585553051,117.37026373690209,122.3907115009525,164.67709833469632,100.59405720922186,152.93753635069004
2025-03-10,155.59194381524347,163.48937347631215,97.48842390398381,87.68017946599738,157.54005198677916,182.10311122300607,146.8160307809436,106.7885002032022,117.01920667807859,120.05564194467122,162.72712821505985,100.59545434890533,153.08887627950017
2025-03-11,152.95444507461363,161.55594571635493,97.2738420701104,87.4514662627863,155.0222308082553,182.91661147776338,147.1810260312474,106.72934225600861,116.95631744673018,119.98834462064414,158.56580607027934,100.5968515079935,152.85327402581007
2025-03-12,154.84128450280065,163.56519215484713,96.5537902730653,87.51104570396578,156.61064692869752,184.63930845030583,147.63410963669523,106.71240109057116,116.87127809153506,120.98207869745148,158.34830540863896,100.5982486864867,153.29482025769727
2025-03-13,155.00440924791826,162.7501229829835,96.98296134631438,87.31116451459114,155.951652377939,187.79758379939054,146.81669767025534,106.48449265996432,116.80843526946123,121.05930683413142,156.01574026895858,100.59964588438513,153.11611291439854
2025-03-14,156.0442714051849,164.47503099935693,97.09740597844717,87.2650387912476,156.62757132083323,188.18039885841844,148.78692893161352,106.63633948003294,119.29260475990382,122.19716562020919,158.49030462383374,100.60104310168911,153.47187488565328
2025-03-17,157.6754690624825,164.79727140969814,97.51703876476815,87.53027315629535,158.4525491643272,187.9411357956614,150.01570786559745,106.66159367126511,120.8237946370958,122.65982416668368,159.7146325060093,100.60244033839886,153.5788353680453
2025-03-18,157.73664914088133,163.6599618274933,97.46935473562986,87.53795313963768,157.96248481448595,189.47242523868988,149.23348594460265,106.53922420113567,120.0296706737086,122.97772475452999,160.8424326076951,100.60383759451467,153.64769261743524
2025-03-19,157.51232771940553,165.10057552801823,97.25954204522051,87.53411314796652,157.96248481448595,190.09450336047485,150.3383764379204,106.50121670183313,120.80758092626363,123.00639961877084,160.81690206283673,100.60523487003682,153.26158366454803
2025-03-20,158.18520899403586,166.35162047907056,97.52657705169626,87.78396921701378,158.2497701791385,190.5491090210966,150.01327618794477,106.5043483491299,120.9421323964374,122.648371431592,161.17405661182679,100.6059335175012,153.31080055411005
2025-03-21,157.08418335632982,165.10057552801823,97.81268122652594,87.51681943845941,157.86112008929473,189.47242523868988,149.91750270089346,106.57067589170926,120.01440904651683,122.57952692574577,160.47449853597578,100.60663216981726,153.49490621309
2025-03-24,156.79871505237404,167.75430278719284,97.38829410774547,87.32654281059163,157.72593960303632,189.13745110944663,151.35506564734936,106.51056497204436,120.68007790352458,122.70332827493482,162.84830366986148,100.60733082698509,153.95690629147956
2025-03-25,157.34920297428795,167.75430278719284,97.37875582081735,87.4841382682939,158.67223603004948,189.4963457035822,151.52338332064184,106.51368437452192,120.74821185481943,122.87527686820827,164.16510808336096,100.60802948900474,154.16075532630163
2025-03-26,156.45206667001946,166.78759625825927,97.79838120163605,87.32461823242708,158.19909607234393,189.5920567700684,150.10589718440116,106.51676529548095,120.37394257015804,122.90270884378947,163.0814179527516,100.60872815587618,153.8250671022218
2025-03-27,155.79618170582873,166.42742445551545,97.9366789565914,87.39188682160682,157.0837868864031,191.4104502056386,149.71069019658026,106.62519327549403,120.26518454412746,123.26495477605177,164.109738448157,100.60942682759948,153.8841834671319
2025-03-28,156.10364230600763,162.61742191793468,98.76639883680295,87.71477604966952,156.74584392655802,192.9178045803163,147.85367019377696,106.62827408925662,120.42179443577565,122.75945230060519,161.7787900712435,100.61012550417465,154.03654330081508
2025-03-31,154.16676003018836,162.06772547198855,98.86177430058179,87.83778408835757,154.3970355069619,195.81289640175166,147.21240329119487,106.75768315804655,120.84363808884501,122.39948708918844,160.79194729953008,100.61082418560177,154.4327467571886
2025-04-01,155.11456990454678,162.86382894765086,99.7391856154339,87.93772468304489,154.93774094039352,195.98036886291484,147.66728865625856,106.84120335630229,121.37587361974983,122.62113873300396,162.53720813217464,100.61152287188082,154.9569316190455
2025-04-02,154.12556389492363,164.00115323194575,99.79164619353851,87.98769956271751,153.60284395834287,195.7411058001578,148.44480277804055,106.84432302251554,122.39412081967369,122.26132109502824,161.72221078146208,100.61222156301186,155.34712705918253
2025-04-03,150.10757967393974,154.56144106358448,100.16835668868298,88.28560593327286,150.05425299654618,189.90309583096086,144.32912291530792,106.27656282721159,121.71057443370708,121.07815514173774,158.24983701626377,100.61292025899493,155.60595648988365
2025-04-04,141.2886522905101,146.9034898939303,100.37340764113054,88.79492263287425,142.01077464593965,183.8975841936839,140.97289456474596,105.7512457343945,114.8191203212148,119.60479465544307,146.5118864861223,100.61361895983005,156.22894896164186
2025-04-07,135.2925647615031,143.39676207048944,100.04438117512436,88.60273059149986,136.0288936524861,181.9117036934921,139.8562984800735,105.45862058082172,112.4583014579406,119.34251267415925,139.89461851716774,100.61431766551728,156.35093677865316
2025-04-08,139.51660434962804,145.97468535321917,99.5484420933785,87.59561716731055,140.82791649587477,183.06016347403425,139.16300414077244,106.03258782910675,111.62218231493613,119.12872976645319,137.31318138384265,100.61501637605662,156.2262757932245
2025-04-09,133.87082505302632,138.6200088977049,100.08252691733452,87.08629130305123,134.93053362608404,184.63930845030583,144.00268671914455,106.28941151521374,116.68211157728246,121.48054948456304,147.32293216489285,100.61571509144811,156.20377009241906
2025-04-10,138.2390677125373,143.41574246878085,100.25420127103597,87.63597832081838,140.5068649049613,186.5534129523622,142.09337706455267,105.17288023237967,116.46372835762439,120.7824835388484,142.57745800725158,100.6164138116918,156.2148346528454
2025-04-11,138.52898426961593,141.3685352337059,100.25420127103597,87.09398045105146,139.91543582992884,187.82150426428288,142.21030415673766,105.26077044770332,118.76188991967189,121.19762904751259,142.25843626639133,100.61711253678772,156.2761230076891
2025-04-14,142.21480182783367,145.8609352822816,100.34956192381026,87.29963537491973,143.54851665958734,185.78776823084797,143.70094741374893,105.64427915187267,120.30886644840801,120.644993546666,145.0855163829465,100.61781126673588,156.68429406032584
2025-04-15,143.54003270129965,147.39631865545272,99.99192059701974,87.5994571589817,145.30589600415104,187.89328026241833,143.9759988043243,106.11212434522601,120.53132183656248,121.20513491541038,146.83037503251126,100.61851000153635,156.79232414383733
2025-04-16,143.41578037712887,145.72827832350305,100.23511729167748,87.83394409668641,144.34272471980842,192.36750245666678,143.33553930252094,106.05202269539231,120.97431945821921,121.6199793612982,145.33139695516874,100.61920874118913,156.96049184154128
2025-04-17,143.89207542046364,145.1596014792655,100.79303302194924,87.90312809937275,145.35660313414976,192.03252832742353,143.73379607986263,106.16078430428755,122.25542607769351,121.50275413536806,147.96000474137753,100.61990748569427,156.7335744125571
2025-04-18,143.89207542046364,145.1596014792655,100.79303302194924,87.90312809937275,145.35660313414976,192.03252832742353,143.73379607986263,106.16078430428755,122.25542607769351,121.50275413536806,147.96000474137753,100.62060623505182,156.86387813940684
2025-04-21,143.89207542046364,145.1596014792655,100.79303302194924,87.90312809937275,145.35660313414976,192.03252832742353,142.7063918084709,106.07956718726558,120.53651397370959,121.38556500342561,144.79115379194698,100.62130498926179,156.85864722046466
2025-04-22,144.7272847381597,144.00332620085936,100.61660433578827,87.866616102194,146.82927292398597,197.41594723945715,144.3451974166793,106.18828144873346,122.72138134830142,122.1868938242273,147.4189456005329,100.62200374832422,156.53562247939018
2025-04-23,146.91982538282778,150.48603639590613,100.13974182789865,87.90697725570183,148.45434480105376,192.3196469234237,146.0362282930024,106.29697319417485,122.74478760282486,122.02127953453545,149.75121485301526,100.62270251223913,156.34354775941287
2025-04-24,149.53056821288277,150.7514091218236,100.23511729167748,87.87622066370086,149.8931492950165,195.50184273740078,147.2429464521869,106.42670180966111,124.15699112468342,122.38731508288932,151.5917070839983,100.62340128100658,156.866285095121
2025-04-25,149.9516916391265,151.98348837667461,100.23511729167748,88.05496815189724,151.01039033840115,193.0613711800456,148.07987172192614,106.49312189834019,124.09196342308411,122.94647916866646,152.25340954870197,100.62410005462657,156.77005969927086
2025-04-28,150.8781067438007,151.69916465664593,100.5832203315399,88.15298416842002,152.05988427843678,195.1429481432652,148.4769308129107,106.49623974314349,124.8423397410467,122.29772852302456,153.11120997215622,100.62479883309916,156.77711176306016
2025-04-29,151.4886792787921,152.26784150088343,100.88363934226403,88.07418643956889,152.55080723158636,193.77916036831675,149.2958138706349,106.54153665581066,124.7331551969255,121.9389837322592,151.61317107484697,100.62549761642437,156.93531418925565
2025-04-30,152.43615719396226,152.00248347705607,101.36049444465138,88.36632824028852,154.04041792516034,193.65952883693822,148.97182336814595,106.52356834109686,124.20542729256859,121.9667104126591,149.4287040353451,100.62619640460224,156.9266761092034
2025-05-01,152.43615719396226,152.00248347705607,101.36049444465138,88.36632824028852,154.04041792516034,193.65952883693822,149.4960204978462,106.68774129647387,124.31663873767904,121.12530891121152,148.22612097733295,100.62689519763283,157.00205889644542
2025-05-02,154.1205513111807,155.983074365818,101.06961372085537,87.96079212704562,156.22407730071632,190.26199042509646,151.21366427080883,106.77562382533105,125.79320817230617,120.96006443257615,150.7516880348799,100.62759399551615,157.5161210592051
2025-05-05,153.97316143158727,155.54709858662926,101.07438286431942,87.95694297071654,156.22407730071632,193.58773823534437,150.62489427900348,106.88467947129854,125.7279402101932,121.22926819694119,148.0780467226988,100.6282927982522,157.06777996737318
2025-05-06,154.09948850068474,155.49023090220552,101.57032194606528,87.88199439819448,155.73317085916884,199.06686821386415,150.1067393872292,106.73961124948764,126.76345621517855,122.4635905530462,149.1317896571993,100.62899160584107,157.11097026945816
2025-05-07,152.73092035518968,154.52350967118187,102.4858715976253,88.01844699006057,154.85293735209217,197.58343430407876,149.94066133562492,106.82746572191995,127.24834333159649,122.00866715859637,148.616391077675,100.62969041828278,156.89437195793207
2025-05-08,152.6045932860922,156.21055980560308,101.70860489001608,87.9819349928818,155.07300398466236,196.3153429921581,151.72739774476864,106.83061001115564,125.92843193036371,121.55390372414463,150.15983399338185,100.63038923557734,157.09482090835516
2025-05-09,153.1099015624821,157.4236880663429,101.79920380482858,87.5879280193103,155.34384379363965,196.7938691176722,151.80734521119066,106.81259294399108,126.14924650210186,122.06398622550341,150.33054668945152,100.63108805772481,157.37930394162868
2025-05-12,154.56268775404214,162.3520785961974,100.99809137989908,87.44762627111514,156.4949005980915,193.58773823534437,153.34694938896348,106.92149250061176,125.00596158985158,121.41644335875893,154.7151518800536,100.6317868847252,157.20291503902894
2025-05-13,154.14158092575784,163.9632512437233,100.88363934226403,87.24966049524711,156.41026212581096,193.9705678978307,154.12992839511696,106.86115130064839,125.64477420791167,121.49241313584167,156.06082182971574,100.63248571657854,157.09637576262634
2025-05-14,154.05737947765226,163.92534925550086,100.61183519232422,87.17278734456053,156.15636322057148,190.04664782723177,154.06877315624084,106.92772386601055,125.64556256661292,121.13443117543959,155.93654290387508,100.63318455328492,157.125385814401
2025-05-15,154.83638810477362,163.54621175655572,100.89793936715392,87.457230832622,157.01965582391037,191.29081867426007,153.72642007432853,106.86740443145999,127.75732006127305,121.59603382209865,156.20408246430685,100.63388339484432,156.91539214820114
2025-05-16,156.39445515289458,164.17175628521704,101.18882749645222,87.4726091286225,158.56005620549348,189.5920567700684,154.54406190696676,106.93393886822781,128.43930586624873,121.382750008339,157.35294690407656,100.6345822412568,156.93693090791484
2025-05-19,157.04713671091847,163.05339769712342,100.93132337140231,87.24582050357596,158.44156894894158,191.36259467239552,154.6058562684827,106.8525053263014,129.1430436404673,121.50683669817025,158.1097397737387,100.63528109252233,156.52325152451604
2025-05-20,157.44718072870685,164.24758966584207,100.62614262271639,87.3092399364266,159.2540718642713,193.75522529996599,154.00000092156566,106.87674916302971,129.89048610804747,121.72723386728784,158.08307444064195,100.63597994864102,156.83440242993677
2025-05-21,157.02609049838193,162.90458314134855,100.32094706302594,87.21122391990383,158.84783691820854,194.2337514254801,152.42825791055498,106.8587243144606,128.59407149688192,121.56219516403353,154.14104686266893,100.63667880961289,156.90446082087536
2025-05-22,155.9312558995372,161.59203934749772,100.82164788273357,87.00556899603555,157.44283167371094,193.94663282947994,152.43764897176635,106.92522882209391,127.75946488779455,121.30088542321322,154.1150508527814,100.63737767543795,156.86728308097514
2025-05-23,155.04693321993608,158.81484393584358,100.73105637342334,87.21506391157499,156.57953907037202,196.267487458915,152.14852993310626,106.94943048124273,129.0120020569363,121.95458661445294,154.7740154299941,100.63807654611622,157.05912308428108
2025-05-26,156.89974683132505,160.98335811615652,101.49879219960671,87.3745931120997,158.62778679724042,194.73621261934494,152.14852993310626,106.94943048124273,129.0120020569363,121.95458661445294,154.7740154299941,100.63877542164778,157.036684046828
2025-05-27,156.83657499779662,162.4099901290167,101.47493907678418,87.48029827662273,159.30486155228047,193.7073697667229,153.19386274006865,106.88916581116123,129.49541153717718,121.59698149540748,157.48726692146337,100.63947430203264,157.2323493679061
2025-05-28,155.2574617371391,162.42902933566842,101.76105065711613,87.49951656429438,157.49362136172007,193.94663282947994,152.53607347253012,106.97671131159225,128.19990610586004,121.38393466726389,157.46070656890717,100.64017318727083,157.44859144309044
2025-05-29,155.2574617371391,162.42902933566842,101.76105065711613,87.49951656429438,157.49362136172007,193.94663282947994,152.47527359820057,106.97978053548134,128.88086916159233,121.55597004763361,157.62978125772594,100.6408720773624,157.7392768474232
2025-05-30,155.6575223528869,161.6871618703058,101.95179417917153,87.68786861399762,158.39077926093245,192.5349895212884,152.71276396901177,107.10949844608513,129.49575099637642,121.34299507455384,157.7987418543833,100.64157097230736,157.70080698116175
2025-06-02,155.42594762314732,161.09749044143612,101.61800597520356,87.59177717563938,157.51054575385578,196.02822439615795,153.09126542466947,107.11264056506681,130.8786081091095,122.0442436262481,156.40336575065453,100.64226987210579,157.79505806949626
2025-06-03,155.86805087008992,162.99969096206655,102.04716964295038,87.55333143563817,157.88296493885133,196.12393546264414,153.99675405743758,107.15813267520842,130.37374044267943,121.68690741053337,157.35450837996143,100.64296877675767,157.90854156504238
2025-06-04,156.5839374575611,163.5703378863746,102.1425451067292,87.82817036219278,158.7801228380637,196.3153429921581,154.6911651788093,107.11887836127181,129.78128876808563,122.29165179624727,156.74156923361934,100.64366768626307,158.43693809588802
2025-06-05,156.9629186648535,163.26598991965895,101.35096356322555,87.67633947432621,158.71242526952093,195.69326487037313,154.38396704160255,107.0160648129405,130.24203244307878,122.03059370124517,156.22653393609667,100.64436660062199,158.75203642175913
2025-06-06,157.53138217681243,164.35025436086045,101.76105065711613,87.59177717563938,159.9988937226604,194.9276201488589,154.91997209431355,107.12511680923033,130.7245366773861,121.67343982216268,157.95882593721012,100.6450655198345,159.33991788957397
2025-06-09,157.53138217681243,164.35025436086045,101.76105065711613,87.59177717563938,159.9988937226604,194.9276201488589,155.52602214219468,107.14939266373365,129.47440551425598,121.70099188575068,158.42061211651247,100.64576444390059,159.3200965445167
2025-06-10,157.383992297219,164.71166113917087,101.67522829126996,87.50720571229462,159.82963328970143,194.54479048637256,155.37688376591058,107.23722866456626,129.64990853049585,121.72853119841717,158.9799323142673,100.64646337282032,160.05595224053275
2025-06-11,157.2787446365769,165.1111316286946,101.47493907678418,87.77244007734238,159.96502842678694,194.5687255547233,155.19268819200386,107.19796181393124,130.0007374454974,122.42886366192099,158.36718073428506,100.64716230659376,160.02374134105378
2025-06-12,157.06818292345503,163.55134278599314,101.74198148876219,88.01075784206031,159.57571787285985,195.90859286477942,154.6399892722532,107.22222101617768,131.11859516504924,123.03284151843923,158.6334026444193,100.6478612452209,159.9926450925654
2025-06-13,154.83638810477362,162.4860881472632,101.45586990843023,87.82049037885045,157.39207500890595,197.3920267745648,153.71890594729916,107.18298088124227,130.19794018081876,123.3964317980998,157.33759455092317,100.64856018870177,160.14875574293185
2025-06-16,154.4574068974812,162.37197052407365,101.44633162150211,87.68017946599738,157.18893276847143,196.29142252726575,154.74572982299753,107.16490438645081,130.02671343154202,123.08740960862781,156.62781032285187,100.6492591370364,160.1438834675633
2025-06-17,153.4678531551974,162.54314695885796,101.18406575849043,87.7897337868495,155.81780933144935,195.71718533526547,154.08808026368007,107.14683094027451,128.8909660247815,123.16270823746206,155.8207025612925,100.64995809022486,160.00141934989014
2025-06-18,153.0467629248725,162.6763184907893,101.40340933032562,87.85123780619351,155.93629658800128,196.93742111394306,154.255065185948,107.08645087148156,128.93605354576897,123.14193674896966,157.25800090591576,100.65065704826715,160.1133754902768
2025-06-19,152.09926841174294,161.53499523799303,101.34142527629744,87.89736352953706,155.08992837679807,196.07607992940103,154.255065185948,107.08645087148156,128.93605354576897,123.14193674896966,157.25800090591576,100.65065704826715,159.86893063442758
2025-06-20,151.99402075110083,162.21977448758068,100.48308312979928,87.83585951019303,155.22535653708772,195.62147426877928,154.36780343775914,107.10963082330818,128.5344613734987,123.21597215060369,156.7421309221064,100.65065704826715,159.70528820163275
2025-06-23,151.82556806101144,162.33390681286033,100.52123627751173,88.08571557924029,154.5651566393771,195.62147426877928,154.81364678436668,107.23851951109857,129.42436243170795,123.09796139920401,155.15355111762727,100.65065704826715,159.9317831177804
2025-06-24,153.0677925394496,162.44805384023005,100.4449373875891,87.99153955438868,155.5131207382007,189.30493817406827,156.34622311993286,107.17709936035422,130.00229976459718,123.50789437382332,156.39359656774653,100.65065704826715,160.17399359906534
2025-06-25,152.01505036567795,163.17088209894095,100.05868120001425,88.11070760140557,154.63288723112404,190.52517395274583,156.17809514179953,107.07339231268746,129.1778349118187,123.5818130530077,156.36566913978803,100.65065704826715,159.8211801635139
2025-06-26,151.90981930299526,162.61924497710442,100.16835668868298,88.21257277425742,154.88676962476146,189.0656751113112,157.11406762655645,107.18108054153306,130.46768612663902,124.18339942085824,158.38492934980772,100.65065704826715,159.75937022763028
2025-06-27,153.36255570067706,163.72253392286754,99.86316853449479,88.01075784206031,155.98706976440832,185.95525529546958,157.08601154305168,107.22533824651164,130.55562806000765,124.0694951715728,157.8693137960472,100.65065704826715,159.46753667988054
2025-06-30,152.73092035518968,163.09479878278458,100.00622802741191,88.1510687549134,155.30996198616413,185.93132022711882,157.81124374269183,107.20619086468189,131.66681337238427,124.19215737999959,158.62071732640624,100.65065704826715,159.29180387011053
2025-07-01,152.94148206831156,162.63826948166604,100.48308312979928,88.12223674107696,155.49617983446294,188.18039885841844,156.60247297077686,107.27828176217929,131.37640522895177,124.26651442367441,159.38344691432258,100.65065704826715,159.09815987858573
2025-07-02,153.48889936773392,162.63826948166604,100.23511729167748,87.94541383104513,155.95323749173903,188.68284544882488,157.50407593773585,107.17425797354072,131.19728574296346,124.58213343887135,160.55636647971505,100.65065704826715,159.41629774372558
2025-07-03,153.59414702837603,164.5594945068581,100.33048534995403,88.08380016573368,156.00399415654402,188.22825439166152,158.2475031643964,107.21876917920088,131.26278249835346,124.31864679922306,162.3294371683879,100.65065704826715,159.27404205355094
2025-07-04,153.23619543566073,163.7795927344623,100.30664703813603,88.11838758474788,155.3946169700467,187.9889913289045,158.2475031643964,107.21876917920088,131.26278249835346,124.31864679922306,162.3294371683879,100.65065704826715,159.432765722064
2025-07-07,153.40468132166896,164.84483267110218,100.28280132081578,87.75322178967073,155.93629658800128,188.20431932331078,157.9562583056205,107.24203704185543,130.2168108715224,123.9105168977447,161.39973811924187,100.65065704826715,159.6630522800733
2025-07-08,153.67838167240043,164.31220535173722,99.94423656788146,87.68017946599738,156.07170823668886,186.8644520132547,158.08581814563985,107.22288667809794,129.63793747563463,123.98484560309899,161.57103661102957,100.65065704826715,160.1926680390907
2025-07-09,153.97316143158727,164.36927886542207,100.23511729167748,87.65904576481911,156.6472531505169,187.22334660739025,158.74109800136281,107.28853758984984,129.99253706252966,124.20383522151847,161.74227930016906,100.65065704826715,160.4086046187271
2025-07-10,155.48908626075692,165.49156291156663,99.85363765306894,87.774355490849,158.25535110064274,188.27610992490463,159.30853764482674,107.24818324109972,130.70249456214717,123.98879426296634,163.5138646513958,100.65065704826715,160.7757106959582
2025-07-11,153.55205460330296,164.48342589279176,99.85363765306894,87.52258400829511,156.39335424527738,190.47731841950275,159.06986953299085,107.25022367543909,130.3459539172631,124.11126414912694,165.18480909186516,100.65065704826715,160.69660646571543
2025-07-14,153.44677374674202,164.86384247357373,99.567526072737,87.44955084927969,156.2579095733856,189.71168830144694,160.19754288973886,107.31580731377568,131.0333751373999,123.89630860759011,164.95534445849052,100.65065704826715,160.6573869966581
2025-07-15,153.1926589881187,165.70081775965434,99.9320989496554,87.41110510927847,156.02093506028177,189.78346429958236,160.27402916972443,107.25429209516666,129.41119797955415,123.34409884566782,164.7259251415868,100.65065704826715,160.73116440685607
2025-07-16,153.5314897315894,163.45620556109498,99.60590138551764,87.41110510927847,156.66417754265257,191.0994111447461,160.9283099950637,107.23513954300677,129.94312239598503,123.85206346998856,166.2957917424231,100.65065704826715,161.20185002045076
2025-07-17,154.63571877546232,166.7470331917326,100.5372914064404,87.60330631531079,157.7305958748239,190.9319240801245,162.1776357033528,107.21599041094554,130.23068109555354,123.8299470300832,168.0649765996197,100.65065704826715,161.49790295644152
2025-07-18,155.0604273609394,165.96711671724677,100.13191421199568,87.63981831248954,158.25535110064274,190.74051655061055,162.14867541126296,107.21802616783063,131.18393106148264,124.14499060184674,167.33552974359552,100.65065704826715,161.67068982198484
2025-07-21,154.63571877546232,166.63290086645299,100.57106790230928,87.8781452418654,158.56005620549348,192.7503175156947,162.1547308643759,107.26237921652802,131.1383134102172,124.60437380372046,165.00789815761712,100.65065704826715,161.9321902331593
2025-07-22,152.51217584807688,164.9589649963818,101.09225974680736,87.81856580068592,156.79958919134015,193.2288436412088,162.38821906770488,107.30670452948388,131.78046565385912,124.87101244980181,165.87740024458634,100.65065704826715,162.00698039855772
2025-07-23,155.65503265897485,166.19539606989608,100.74479358014045,87.80318750468543,158.8139716223351,192.5349895212884,162.6566168698792,107.22407463760257,131.77910003120252,125.13754236299573,167.14603327534755,100.65065704826715,162.28753155591622
2025-07-24,155.65503265897485,167.58399377572314,100.51797785651144,87.51681943845941,159.57571787285985,190.5491090210966,162.36523373707178,107.26838412150019,131.37855895180112,124.87454899761103,166.0178336672972,100.65065704826715,162.50791065245457
2025-07-25,154.7206671317415,167.77420941715917,100.65793444397602,87.53795313963768,158.45849334107726,188.4196619211755,162.4236565401713,107.29153723452653,131.59900956230587,124.75600824295117,166.48736119582347,100.65065704826715,162.70666088493954
2025-07-28,154.42336448272377,168.63019450571133,101.38181488569644,87.58408802763914,158.44156894894158,188.87426758179726,162.17610247214867,107.3146701839346,130.112312898885,124.20447618487114,164.16193368438863,100.65065704826715,163.1261041977467
2025-07-29,154.65693096759298,169.7905422630692,101.34321000234532,87.64174289065409,158.0522418834124,190.62088501923202,161.31670413898067,107.38009300768951,131.1530366812811,124.08609918537937,162.8352944125719,100.65065704826715,163.3383673836241
2025-07-30,154.23223898007532,169.9046892904389,101.49763694125207,87.75706178134189,157.4597725774487,189.4484901703391,161.60253123621868,107.31864940671944,131.0852793282611,123.24631563607251,161.6089001842392,100.65065704826715,163.4027968403382
2025-07-31,153.1280099362024,169.92369909291045,101.62792934824989,87.69748234016241,156.57953907037202,190.0227273623394,161.81835711130773,107.34174639561031,130.88461522677034,123.12813457672418,161.38052808354803,100.65065704826715,163.3668982009884
2025-08-01,153.1280099362024,169.92369909291045,101.62792934824989,87.69748234016241,156.57953907037202,190.0227273623394,159.80377027104353,107.31197249902267,131.12709251817625,122.24073735696619,159.25715252847272,100.65065704826715,163.4580913030113
2025-08-04,152.80949509505402,168.0595328793132,102.11535210238137,88.13184130258382,156.30869926139476,193.80308083320907,161.52441969741125,107.37768266253971,132.9642660134379,123.13224186702281,158.9295304514205,100.65065704826715,163.6556588217706
2025-08-05,153.02183278983316,169.04868949979667,102.32768266356366,88.11647217124127,156.27485047712338,194.0901994292092,160.93593870594796,107.33730419339776,132.7854919010331,123.06218369685998,159.79851861456189,100.65065704826715,163.82716821146983
2025-08-06,151.91760374596026,168.59216019867816,102.0622620565835,88.19142990842124,155.3946169700467,193.4920417723166,160.55746583068034,107.33933691344559,132.96106327337642,123.18436445382399,159.07215503124692,100.65065704826715,164.16741810146968
2025-08-07,153.6164214899092,169.56229231460003,102.67032044274833,88.31442878245137,157.83219176244427,194.47301448823714,160.94840633102405,107.32016917471108,133.64573946511143,123.69084550703964,157.94739767204538,100.65065704826715,163.63226026532837
2025-08-08,153.44655797326965,169.71445894691283,102.63171555939721,88.04535442573246,157.01965582391037,194.73621261934494,160.55257427320967,107.32220584801313,133.4447986276793,123.66875785605622,159.0153472610688,100.65065704826715,163.80844277674572
2025-08-11,153.5314897315894,171.1981644734579,102.6413649288594,88.08187558756913,157.13814308046227,193.4920417723166,160.71615630245307,107.32425529639575,133.57587170562556,123.50260470344858,158.787677655084,100.65065704826715,163.94121998047922
2025-08-12,153.70135324822897,171.4074193215456,102.13947182328576,87.91081724737299,157.34126880929472,192.48713398804531,162.0154117710303,107.3898808501649,134.39282288027897,124.44090610565198,159.35702741657468,100.65065704826715,163.82818793302823
2025-08-13,154.52954162909302,171.48351733979206,102.7909708857862,88.07611101773342,157.39207500890595,191.7932652646665,162.7376621445637,107.30710979472234,134.87763330445404,125.09081420423844,160.82253543920507,100.65065704826715,163.5439302908044
2025-08-14,154.91177603643052,171.92100743425885,102.56897614413714,87.9819349928818,157.03659672764815,191.62579280350332,161.97499604689608,107.41511366713601,134.63237431853173,124.63646993060861,160.19634533948405,100.65065704826715,163.87291353755836
2025-08-15,155.35773000995712,172.32046322169253,102.04295591215681,87.866616102194,157.6967801137567,191.38652974074625,162.3477415289792,107.48066914574979,134.87369204527292,124.37425274209217,158.2760318270822,100.65065704826715,164.0192877073433
2025-08-18,155.4214329781868,171.8829731272257,102.02365717323241,87.68017946599738,157.56131893026284,191.1951076077739,162.66797300149517,107.39792437914832,134.29685326419687,124.54397724870276,158.54641747779692,100.65065704826715,164.24980824797314
2025-08-19,157.94842250504038,171.90199763178734,101.82579696349228,87.69940691832694,158.64469467777403,190.57302948598894,161.3470995855686,107.35758012162304,134.6928989306395,123.85007772761907,158.6176202441248,100.65065704826715,164.27421488122366
2025-08-20,157.8634741487612,169.84952704846427,102.11535210238137,87.83394409668641,159.45721410470586,190.9319240801245,161.26591697306992,107.42310048749538,135.48663784239255,123.68408173518033,158.58929566908117,100.65065704826715,164.49561593752287
2025-08-21,157.56620469566232,170.36537928304963,101.63758612321439,87.55141602213155,158.9155179751492,191.7932652646665,161.1585640864321,107.42509319108653,135.175155237453,123.66199529201332,157.6655704728534,100.65065704826715,164.65102653163817
2025-08-22,157.9272103129097,171.2060300916499,101.72928105236335,87.89544811603044,159.79576799382795,192.2717913901806,163.70337760362165,107.44823648104867,135.70339395073526,125.41403469749604,158.53266078407282,100.65065704826715,165.23133347838507
2025-08-25,157.1414795122258,171.83652922466763,101.72928105236335,87.84739781452235,158.8986100946156,192.65462105266693,163.185707196808,107.42904929596276,133.956088214113,124.81635935253001,157.3108930777124,100.65065704826715,165.19220489668908
2025-08-26,156.58934839232995,171.1869320766379,102.0960385524524,87.75898635950642,158.5431318133578,193.20492317631647,163.76702820722772,107.43102115220636,133.97632860665533,124.65026451013634,158.27718363731918,100.65065704826715,165.27242634397098
2025-08-27,157.01407357576645,172.19952382870653,102.30838392463923,87.89159895970134,158.23844322010916,193.37241024093808,163.52848795984713,107.43300576698319,133.7315772966349,124.58008190442771,158.84543056216933,100.65065704826715,164.67289135622465
2025-08-28,157.05654775390602,172.02758288523813,101.94161901904792,87.97617042304611,158.06914976394603,194.25768649383085,164.77207480534852,107.41382130166765,133.79601338064163,124.9890710806174,159.31410036180256,100.65065704826715,165.02211302113162
2025-08-29,156.92915841540608,170.99586371397731,101.8644018468434,87.75706178134189,157.76447768229943,195.8607373315363,164.62061874120536,107.45808999939166,133.19816931907417,124.2960600146037,159.9813329043787,100.65065704826715,164.29212710712494
2025-09-01,156.5256786200191,171.30157897507024,101.77753530517668,87.81087665268568,157.15508398420005,198.06196042959286,164.62061874120536,107.45808999939166,133.19816931907417,124.2960600146037,159.9813329043787,100.65065704826715,164.4807417734839
2025-09-02,154.95425021457012,169.35278753098098,101.6327651412344,87.68595320049101,155.97012886067057,200.57422258854186,164.53188058695176,107.48773099504561,131.85013306551068,124.60914987787422,159.25720700887013,100.65065704826715,164.42550727617186
2025-09-03,156.48317124596068,170.76659932129272,101.88370058576783,87.7416834853414,156.41026212581096,203.4214588767341,164.24075650970383,107.51100430377952,131.56178079018846,125.06579235384822,158.53330395548372,100.65065704826715,164.51233307523205
2025-09-04,158.62795956139558,172.2950727121269,102.14912859825024,87.94733840920968,158.56005620549348,203.13434028073397,164.5429487293582,107.44934594423768,131.9795546591606,125.80956304861519,159.39898308597478,100.65065704826715,164.4563415151994
2025-09-05,158.60674736926492,172.6198565840517,102.54002063024824,88.32211793045161,159.31739385826194,203.23005134722015,165.75217884454463,107.4089365880447,132.04421591150015,126.21794860070989,159.0725722135977,100.65065704826715,164.63004716515056
2025-09-08,158.05459965140966,170.6901778570645,102.38559369134148,88.50662998848368,158.49121933640697,204.88095771816873,166.38537297510908,107.49586420040661,131.88831665928222,127.24842451564416,159.2427655061875,100.65065704826715,164.6123404808457
2025-09-09,157.71482282425234,170.91945695183918,102.58346130658387,88.41245396363207,158.2158223252546,205.74231350616915,167.48917379852378,107.54032856610227,132.1514201081903,127.36926777692005,158.1222653994632,100.65065704826715,165.09409230240854
2025-09-10,157.26891864460399,172.4861263726974,102.84405352608177,88.46434425681132,157.4412465599109,206.65151022395426,167.87776547348733,107.47869528303637,133.0538172321109,127.96853247210178,157.59772490802976,100.65065704826715,164.85322334635237
2025-09-11,157.9272103129097,173.02107662229477,102.95504719415516,88.59888143517077,157.9403922908981,205.6705229045753,169.71308504262873,107.43828740786108,134.22039616740452,128.90246732059828,158.36352096926137,100.65065704826715,165.04682251792616
2025-09-12,157.1414795122258,173.42229666053785,102.6799772177128,88.3547899359592,157.57893680968604,206.65151022395426,169.52588535927399,107.3979073921219,134.61517372545714,128.83161914249155,157.2437741750832,100.65065704826715,164.78493463133717
2025-09-15,156.5681527981587,173.80441868376892,102.7427092274706,88.54506656382699,157.0798075903009,207.08218081622528,170.7851855836512,107.4635346103453,134.74538431466615,129.86068289152652,154.041055290377,100.65065704826715,164.95184052712753
2025-09-16,154.69940514573258,173.19303226785325,102.97917432056182,88.5835123038282,155.1520120006324,206.02941749871087,170.73727374546527,107.40194533926709,133.72989994669078,129.598429154882,152.82326727101122,100.65065704826715,165.19032848322402
2025-09-17,154.61448998537222,171.72186762414518,103.31216273028427,88.50470541031915,154.91104167982434,206.12512856519706,171.38619153290878,107.40397494454601,133.72804976109543,129.3840597462297,152.89514701214623,100.65065704826715,165.35456907326588
2025-09-18,155.27278165367792,173.49870342267596,103.31698371226426,88.22410191392883,155.41020392241361,204.83310218492562,172.88999514279183,107.44943328542298,133.06680529340176,129.74461470753494,154.65413709503585,100.65065704826715,165.472521638737
2025-09-19,155.78242199747478,174.32025621626423,103.3218120997465,88.19334532192785,155.53067257121558,207.34536434387465,173.44423274678343,107.47369734057787,132.868200881906,129.7705209011912,155.4211480054317,100.65065704826715,165.40510903138676
2025-09-22,155.73993122137577,174.68326552239319,103.34593922615316,88.27599220710806,155.3757937436714,210.38400816158082,174.38132066128637,107.49794173963014,133.7264480983491,130.27422094248112,151.52923219341574,100.65065704826715,164.9137308269393
2025-09-23,155.73993122137577,175.08448556063627,102.98399530254181,88.28175677694378,155.39298232144043,212.8723498556375,173.27257640357223,107.47981212643994,133.90200478323567,130.39555544597295,150.61175182570528,100.65065704826715,164.75081445331944
2025-09-24,154.18978139989514,174.39669238258247,103.00812983445073,88.1510687549134,153.82665872458608,211.89136253625858,172.9474375208134,107.46168557082336,133.81339663900852,130.18251932383657,148.6046032567224,100.65065704826715,164.97699374628544
2025-09-25,152.7882331090451,174.2629474691381,103.19634067472865,87.92427096520893,152.50130544853974,212.322047731988,171.97853019962196,107.4435620722648,133.1966913356778,130.11279883575665,149.17397926544703,100.65065704826715,164.6501047829126
2025-09-26,153.1492387262925,174.243834752036,103.41832801087543,88.08380016573368,152.72508719157875,214.33184869707213,171.82773739759241,107.46776615532173,134.2302951640567,130.37734003994254,148.9507081421386,100.65065704826715,164.15190444512027
2025-09-29,154.08360425352586,174.9316426321799,103.37490214554434,88.28752134677947,152.65625032249224,216.7244793246426,173.8515867352591,107.4708129431689,133.9656889779268,130.8880178684557,148.13329080355635,100.65065704826715,164.06310610956223
2025-09-30,155.1241469271285,174.7023782394953,103.07086924971081,88.1683624644205,153.9643489743612,217.51404451104918,173.9961955603939,107.45268790527172,134.40496219030825,131.00988415686592,147.91026223438342,100.65065704826715,163.92595900240846
2025-10-01,157.5874500837118,176.24993494325142,102.98883109552632,88.26638764560121,155.34133403012294,218.92570242269915,175.53405583335777,107.53448402387372,134.82209950304232,131.46750102650373,145.65735953496554,100.65065704826715,163.85790876699494
2025-10-02,158.58550198121543,176.72759114781275,102.96469656361738,88.33365623478095,156.3052483365593,217.17908498526438,176.9495403931736,107.4950951639299,134.6234744811695,131.63718522731355,147.8705507136401,100.65065704826715,163.92748099862885
2025-10-03,159.49862212039926,177.16702191816992,102.54484901773047,88.35094994428805,157.78549695175187,219.52386007959177,177.16340600194766,107.4982155296273,135.4141357493809,132.14248135419757,146.32013489671078,100.65065704826715,163.7957067094183
2025-10-06,160.19937136888515,177.35807557874043,102.5738045316194,88.22025275759975,158.81824812727473,223.25635801721836,178.16039626506267,107.45883995448835,135.4572346224215,134.70934602961833,145.5836718174147,100.65065704826715,164.01396263453938
2025-10-07,160.00824586623673,177.20523265028402,102.69927595663724,88.12223674107696,158.6116879852089,225.60114771500417,177.08625545069953,107.50442712597771,135.32451676591342,134.97427681759285,143.83082122119308,100.65065704826715,163.60825728856415
2025-10-08,161.34610778681648,178.59994642558374,102.7427092274706,88.29521049477972,159.69607094044719,230.2189219055235,177.90024033869642,107.48629641902197,135.872957483449,136.67702500522608,142.7900948427026,100.65065704826715,163.79388694789705
2025-10-09,160.98508557160966,178.94384301461065,102.80544123722837,88.16643788625596,159.45510061963915,229.81217177814486,177.84414378261232,107.44693360024505,134.8395055586845,135.0725122711202,138.80244110583635,100.65065704826715,163.29564892033625
2025-10-10,159.6897144271289,176.3263564074796,103.080518619173,88.49894084048344,159.07642353745388,228.42444893484566,174.5616417897495,107.30143146292872,134.11391032387817,130.21031443507428,137.0516223520736,100.65065704826715,163.54623582745512
2025-10-13,159.56230849066955,176.49831205303806,103.18669130526644,88.33365623478095,157.5273215415727,234.1667624410148,178.06238337383465,107.43192261218424,134.969715332004,133.97297230372465,141.29549509122901,100.65065704826715,163.250836348055
2025-10-14,158.9464910005034,175.25644120619475,103.34111824417317,88.54122657215584,157.38961478019547,235.96123541169268,178.67569050276407,107.35014764244806,135.69348911511256,134.14198541448505,144.31901752465328,100.65065704826715,163.28964892893308
2025-10-15,159.7534505912774,176.76578717783678,103.55827719283772,88.76609978369574,157.5100999405995,237.34895825499189,179.77553290226103,107.35326380061139,136.6146006735802,135.02928136773446,144.29467800780884,100.65065704826715,163.47237467176922
2025-10-16,161.72832559619454,176.1735134790232,103.64031534702221,88.67960374218644,158.86986339538808,241.22502279234772,177.72028429277862,107.29272405235719,135.7574742926633,135.86839179102478,141.12246852340988,100.65065704826715,163.75502454845002
2025-10-17,160.7514858908216,173.46052209474203,103.60171046367108,88.65654546284364,157.61338001163244,239.4066147533191,176.89957699355858,107.3594670176424,136.12960693372696,135.07948957109153,141.80935983481336,100.65065704826715,164.1038265020341
2025-10-20,160.90013721533046,176.0397685655788,103.59688948169112,88.67576375051527,158.5428511161224,244.1918760084601,178.2163259684629,107.34136075832394,136.30412516360082,137.3543109209334,142.59752048411818,100.65065704826715,164.02693080461802
2025-10-21,160.77274787683052,176.74668916282477,103.66444987893115,88.94099811556305,159.1624820075136,233.042223125365,176.99627538867367,107.36566223568249,134.74544682008855,136.0389618395754,144.5018253673893,100.65065704826715,163.81637811025695
2025-10-22,160.8789250231998,177.22433066529604,103.64031534702221,88.83913294271117,159.04199684710957,227.58702821519597,174.36097709318446,107.3475549315356,135.44655731853715,135.63320890667634,143.86861114332314,100.65065704826715,163.7887890616016
2025-10-23,160.34803929135344,176.53652278515216,103.85265331370677,88.75072148769524,159.7132925414204,233.56860478412221,175.7730336604653,107.37184945093736,135.51144855406096,135.7538541329305,144.6560260630949,100.65065704826715,163.89933867340767
2025-10-24,160.34803929135344,176.53652278515216,103.85265331370677,88.73918318336592,160.11175052290181,231.79327694743327,178.34792865504713,107.3325620611623,135.66401643625045,136.30498008060553,145.34170471312652,100.65065704826715,164.06917972195282
2025-10-27,160.28431972516435,179.59342546055032,103.74648803311564,88.86604037838306,159.36902563797736,224.9311994565177,179.6719983161748,107.48398984111445,136.12344427922397,136.61677191468252,147.54855189055823,100.65065704826715,164.64941490153018
2025-10-28,158.182005587869,179.49789127922006,103.81404843035567,88.94483810723419,157.69943848169214,222.65820036032574,179.08624802521186,107.48705124806357,135.59632917535106,136.16336039834306,147.9292878963571,100.65065704826715,164.64279034987206
2025-10-29,157.94842250504038,180.94992850373595,103.78992870945127,88.91216610172661,157.1486609709895,225.64898864478883,179.9932115561444,107.42654490266499,134.52147824823933,135.66229678886253,146.07930915722997,100.65065704826715,164.31275470007444
2025-10-30,158.03337086131955,180.89261975660983,103.82370520532014,88.70074660802263,157.64780670197672,227.22813362106044,178.14089221401596,107.36607266923957,134.1262862593426,135.78282568541135,144.02719720063644,100.65065704826715,164.33306737875571
2025-10-31,157.37507919301385,180.51051243546885,103.81404843035567,88.59888143517077,157.11421776904314,226.98887055830338,179.18649332926086,107.43267708138464,133.6216583884498,135.56875628280875,145.21917799164567,100.65065704826715,164.8627386638603
2025-11-03,157.31137622478417,181.695059833096,103.96364698178017,88.4681934131404,156.9593059182948,229.02260659173828,179.92727958295924,107.48259623959495,134.19056992150925,135.78481643080426,145.60004255694412,100.65065704826715,164.53687927316
2025-11-04,157.88475273272954,181.14096746221637,104.08429742481803,88.58542771733482,156.856042358864,227.77843574470995,176.14662244856223,107.48574051748152,133.51089618394641,133.94635624099988,144.35962382934707,100.65065704826715,165.0602877678539
2025-11-05,158.3519188983868,181.25562906273882,103.87196686363576,88.17605161242075,156.15031997420888,228.9268955252521,178.5299258219586,107.4888639321375,134.3423958374998,134.6403137423698,144.23396760318548,100.65065704826715,164.8047722681927
2025-11-06,157.29013083673468,178.65725517270988,103.92022111644907,88.53161284599103,156.56340723513637,228.16125080373783,175.8962941117145,107.4707358499267,133.8380650265193,134.04446648588078,141.88003276033055,100.65065704826715,164.8978940282916
2025-11-07,157.31137622478417,176.65114027940442,103.75613740257783,88.3586390922883,156.11589328386458,229.30972518773842,176.43931106016893,107.4738629987515,134.93190233113975,134.40388526346567,143.67896887674863,100.65065704826715,164.83406087251032
2025-11-10,159.07391353492218,180.47230170335476,103.8574891066913,88.3259670867807,158.07809905227532,234.04713090963628,177.91905611657478,107.51948321715841,135.56574589607712,135.9090724139168,143.65473730461662,100.65065704826715,165.26601486170907
2025-11-11,162.08933121344197,179.8035918382229,103.61619562611781,88.55468028999177,160.86649585414312,233.3054066530144,176.84820033816925,107.52259497974637,136.44008784754064,136.7454421359878,144.33917939340034,100.65065704826715,165.40057400042113
2025-11-12,163.42715993810288,180.3576548049224,103.41832801087543,88.47972255281181,162.0541753920164,237.13361565712714,175.81235700230212,107.48321978228196,136.7015160837802,137.963341295974,144.7197033990839,100.65065704826715,165.96132918708835
2025-11-13,162.51403979891904,177.8930258283378,103.43763415530212,88.3547899359592,161.3312479179902,236.55939306858528,171.03102619749498,107.48633049535594,135.30028803822634,136.46070766279703,143.68326312317356,100.65065704826715,166.02234538501926
2025-11-14,161.34610778681648,176.51742477014017,103.44728352476433,88.31442878245137,158.85267481761903,230.7453035642807,170.06588913790333,107.48943710273413,135.97736740104824,135.53113185202298,142.95075060458595,100.65065704826715,166.33541945038687
2025-11-17,160.4329710496732,176.78489989493886,103.60653885115335,88.12800131091268,157.80271855272505,229.76431624490178,169.2570825716038,107.51377864939589,135.23278345210824,135.22204692191704,140.19508143767257,100.65065704826715,166.19805856396593
2025-11-18,158.81906846608464,174.6641528052911,103.51484392200436,88.22025275759975,154.92826328079755,230.29069790365892,169.14188472647456,107.45318379948414,134.59777442312756,135.103845404557,139.9691466255518,100.65065704826715,166.23012404821654
2025-11-19,159.26503903757063,175.9944567239568,103.65962149144889,88.2010344699281,156.37408520564583,232.49192100171547,169.33863331934623,107.5199558200185,134.20343936465102,135.89178147291653,140.45121322724478,100.65065704826715,166.32418242035342
2025-11-20,159.79592476941698,176.95260663646465,103.3314614692087,88.22025275759975,157.1486609709895,232.4679859333647,165.98326227157955,107.5018224941361,133.30650318595067,135.9165452770418,139.61858390263228,100.65065704826715,166.06148203865885
2025-11-21,160.53913159808306,174.4805678064805,103.52932167894882,88.25869849760096,156.20196826552638,233.6403807822576,166.0592044641938,107.52611660229783,134.04889516236108,135.70291724713098,141.92032672406188,100.65065704826715,166.0681662345858
2025-11-24,160.8364508450602,177.48918881806074,103.4279847858399,88.31827793878045,157.83714524306936,234.90847209417828,169.53010505674925,107.4867861576853,135.05323597034874,136.7763481654461,143.81696540535316,100.65065704826715,166.23270919531623
2025-11-25,162.45032023272995,178.92643573995767,103.70787574426224,88.53546200232012,158.92151168670557,236.7268801332069,170.6445415933475,107.46865842589284,135.79507710371837,137.08687719339304,145.51083316976207,100.65065704826715,166.2476620671759
2025-11-26,163.3422115818237,179.90372777374776,103.61619562611781,88.57582315582796,159.90261457091094,237.70785284912742,172.38193857762073,107.49293666751815,136.99535015546812,137.82614752869893,147.0020414404962,100.65065704826715,166.41515086236583
2025-11-27,163.32098279173363,180.70860839718696,103.51484392200436,88.57966314749912,160.47063019418883,237.0379191940994,172.38193857762073,107.49293666751815,136.99535015546812,137.82614752869893,147.0020414404962,100.65065704826715,166.3306271312442
2025-11-28,163.59704005270183,181.18767600239585,103.44728352476433,88.38169737163109,160.53946706327537,240.0287074785625,173.70324384969157,107.53841407581453,137.6929421800717,137.70760956509696,147.88654278545613,100.65065704826715,166.4217280980427
2025-12-01,163.57581126261175,180.68943687172455,103.3507676136354,88.12223674107696,159.88540948153982,241.17716725910464,172.3516783302989,107.57347840478693,136.5997843572385,136.54118936614256,147.0534705978847,100.65065704826715,166.22010847274524
2025-12-02,164.0217320402195,180.6127801740551,103.50037357056219,88.21064819609289,159.50674891095665,238.92808862780504,171.5082204292603,107.49149253596715,136.11828439905136,136.8991588488289,146.8266739958277,100.65065704826715,165.80573659832038
2025-12-03,163.95802907198984,180.74690734184153,103.49071679559769,88.23948020992933,160.3157183434405,239.4066147533191,172.32817474077905,107.49465550187838,136.26994456185741,136.9713158647445,149.22546349963187,100.65065704826715,165.9602159097632
2025-12-04,164.42522843356593,181.3984745699418,103.59688948169112,88.15490874658455,160.81488058602977,239.78944441580543,173.70215479397993,107.47652644291475,136.0069126237478,136.4245076318272,150.10896869345473,100.65065704826715,166.40164601111618
2025-12-05,164.8499204210836,182.35662448244966,103.3700663525598,87.94157383937397,161.02142421649353,240.5550891373197,173.1446572642524,107.4584004414313,135.26389543753814,136.49670303016597,150.48745187885484,100.65065704826715,166.60841311777264
2025-12-08,165.2534002164706,182.87403513858337,102.47728862049044,87.7685909210133,161.22796784695726,240.17225947483337,173.41845653429445,107.39775776449036,134.56475553489545,136.3784952979938,150.86578274054972,100.65065704826715,166.43202880289104
2025-12-09,164.74375987267373,182.83572149183874,102.35180978997033,87.82049037885045,160.9009390560895,240.65078560034743,173.4930860543582,107.37964504740705,134.21487954738686,137.16444228293776,151.44581871324834,100.65065704826715,166.4785720079179
2025-12-10,164.70126909657472,181.80090017957133,102.45316149408379,87.76667550750668,160.50504037293106,238.83239216477725,173.51575589369958,107.40404077386796,134.2358592161004,137.66465478972526,151.82387280604345,100.65065704826715,166.3754143894446
2025-12-11,164.42522843356593,180.53612347638565,102.01882878575015,87.92812012153803,159.76490780953372,239.4066147533191,174.40373814924357,107.44967850072847,135.5869718688612,138.0695650484158,149.88154459860925,100.65065704826715,165.9680825513511
2025-12-12,164.042977428269,179.63545873608484,101.67136261908325,87.65712118665458,160.24686496275189,241.22502279234772,172.19406900119105,107.45279838892057,135.2370799808911,137.76089966638162,149.65455300759376,100.65065704826715,165.716813531617
2025-12-15,165.89044649672678,180.01871282025195,102.03329913719234,87.77628006901354,161.05583439523573,242.2777715064037,170.29653778826963,107.47717695459652,135.7156314715014,137.54747039841254,148.62085255642572,100.65065704826715,165.47434590960682
2025-12-16,166.01786903114558,179.40550334516655,101.98987327186124,87.75322178967073,161.02142421649353,241.8949564473758,169.8526752064458,107.48028504313571,134.59858291171858,137.09636199750307,148.09164260148592,100.65065704826715,165.84890018758122
2025-12-17,165.69933759203778,178.08324146977384,102.01882878575015,87.84931322802898,161.27959962667268,243.282679290675,168.0772619302985,107.48338902703615,134.4430145417145,137.3584567850252,147.26017966206297,100.65065704826715,165.71060570785264
2025-12-18,167.10086928492836,179.1755332521582,101.94644000102788,87.88006982002995,162.0369372794411,245.4839023887315,169.70893294858845,107.55019501844627,134.75245507486179,137.52540962233076,146.8321689124444,100.65065704826715,165.41021310014514
2025-12-19,167.46187490217577,180.13369786675614,101.5458911940654,87.90697725570183,162.0541753920164,244.9575207299743,172.25865322967852,107.53205659269915,134.50835657909494,139.21296529622796,145.3965309772834,100.65065704826715,165.3443753071617
2025-12-22,167.65298380686482,180.51696665301333,101.72444525937883,87.80895207452113,163.43114393617606,248.92929633381638,173.5982487113147,107.56938606916724,135.28249473092083,139.7121375267697,145.37200973693996,100.65065704826715,165.40426046285216
2025-12-23,168.54487515595858,180.86189238834572,101.87405862180789,87.8781452418654,163.63768756663978,249.50353352581666,172.98000372326405,107.59388518516562,136.63176034704466,139.97359973939368,144.5415518235018,100.65065704826715,165.59496846693315
2025-12-24,168.54487515595858,180.86189238834572,101.87405862180789,87.8781452418654,163.63768756663978,249.50353352581666,172.9335276732842,107.63971891407154,136.74147385345535,139.80749994234216,144.81934619115415,100.65065704826715,165.9372441007928
2025-12-25,168.54487515595858,180.86189238834572,101.87405862180789,87.8781452418654,163.63768756663978,249.50353352581666,172.9335276732842,107.63971891407154,136.74147385345535,139.80749994234216,144.81934619115415,100.65065704826715,166.2097005810384
2025-12-26,168.54487515595858,180.86189238834572,101.87405862180789,87.8781452418654,163.63768756663978,249.50353352581666,172.52341866372544,107.72816885700578,136.76266558449507,140.68621601297028,146.2048627187155,100.65065704826715,165.88855932224558
2025-12-29,168.4811555897695,180.53612347638565,101.98022390239902,87.97039668855248,163.60327738789758,242.7084567021331,171.68061984565762,107.73131418805022,136.49628690173975,139.00065681059885,145.78666427937614,100.65065704826715,165.76698405433896
2025-12-30,168.84214460905747,181.28347482134754,102.1346508413058,87.94926298737423,163.7754108396191,244.33544260818937,171.09773777754668,107.75575725206767,136.47326669462333,139.1156490189503,146.5904080555891,100.65065704826715,165.778647895251
2025-12-31,168.84214460905747,181.28347482134754,102.1346508413058,87.94926298737423,163.7754108396191,244.33544260818937,170.445816791631,107.75889906351156,135.65423117280366,138.6967000576959,146.77273600758457,100.65065704826715,165.53271583359864
2026-01-01,168.84214460905747,181.28347482134754,102.1346508413058,87.94926298737423,163.7754108396191,244.33544260818937,170.445816791631,107.75889906351156,135.65423117280366,138.6967000576959,146.77273600758457,100.65065704826715,165.18255575182607
2026-01-02,168.84214460905747,181.28347482134754,102.1346508413058,87.94926298737423,163.7754108396191,244.33544260818937,173.06461008139934,107.80464273727708,136.9136003399798,139.11816465174172,147.5760453518485,100.65065704826715,165.25754039114508
2026-01-05,168.86337339914758,182.62492292429275,102.4724602330082,87.80126292652088,163.06970496656606,249.55137445560132,174.59253678675464,107.74385427690825,136.64737733174056,140.13252802402852,149.5174448227385,100.65065704826715,165.14264939921293
2026-01-06,169.96761904097986,183.48724461366876,102.30838392463923,87.7243897758343,165.23843785383846,252.94889826398466,176.7253887312398,107.74697899928289,136.33702322050075,140.50419147340887,148.35404331935803,100.65065704826715,165.57452785756166
2026-01-07,170.2861670780471,184.1962970139761,102.1539495802302,87.85700237602921,165.70317340608344,252.039716149658,175.7270387762016,107.79269235397837,135.49645133449536,139.93705112116112,144.5011943468552,100.65065704826715,165.67836284634055
2026-01-08,170.41358961246587,183.69804318121473,102.2842493927303,88.00499327222462,165.70317340608344,252.9010573342,174.97111996503128,107.75321608899698,136.24684601336017,139.66647579290287,148.8211791748141,100.65065704826715,165.8758636452886
2026-01-09,171.45409909014967,184.54122274930847,102.29872714967476,87.98769956271751,166.0130136191822,255.86792515377078,175.71964446500363,107.77761349996264,136.4889420365484,140.72943227762372,148.27897625515652,100.65065704826715,165.91289114210457
2026-01-12,171.3266931536903,184.11964031630666,102.32768266356366,87.96079212704562,166.0818504882687,260.94029040145347,177.38410086077025,107.75943671990808,136.576348484894,142.4339595418485,148.04716224989863,100.65065704826715,166.18167384683608
2026-01-13,170.49848817486682,185.90181297353595,102.50624413437936,87.90697725570183,164.8081289919378,261.3231054604813,177.78628097023784,107.78381872685073,135.7804500318452,142.21245553071606,147.09172127712372,100.65065704826715,166.4579102222425
2026-01-14,171.56027623651892,184.5603795726808,102.34698880799036,88.09725388356962,165.84088016746065,261.6102386599399,177.49709640368087,107.78692348092082,136.46405135923908,142.68208920858922,149.54774332170174,100.65065704826715,166.7609674934374
2026-01-15,171.98498482199602,186.91746276034092,102.50141574689711,88.12416131924151,166.5293644395405,262.7586838370236,178.14100667672966,107.79003242837366,136.50725832565115,142.4112582808703,150.86607688338376,100.65065704826715,167.23511148276174
2026-01-16,171.77264712721689,186.40005210420725,102.66549946076834,87.83778408835757,165.73761660802984,261.46668666366907,178.80195434563245,107.92071494822784,137.34499934418358,141.64705368852063,150.11729596790667,100.65065704826715,167.45384388269366
2026-01-19,169.98886442902938,183.0273485339223,102.5641477566549,87.72246519766975,164.360615040666,263.90715822102425,178.80195434563245,107.92071494822784,137.34499934418358,141.64705368852063,150.11729596790667,100.65065704826715,167.58709506149805
2026-01-20,168.67226449445852,181.22600435123059,102.07882816516907,87.6917177703267,163.34508546611633,265.9169737895668,177.5454748904785,107.90251403400045,137.05702955447302,141.8698582106076,148.02567146441112,100.65065704826715,167.65583815785888
2026-01-21,168.4174360235804,180.82357874160107,102.46223323436867,87.6090708851465,163.65490916761297,272.52062848027794,178.7934609557317,107.92686095747091,137.80612858038117,143.9670698814724,149.75676443762612,100.65065704826715,167.89897043181878
2026-01-22,169.54291045550278,183.00817700845988,102.43797280892109,87.6917177703267,164.79092390256667,273.33412873503534,179.41942204236457,107.88739435886441,138.64320802030022,145.4224078520334,149.73150784044915,100.65065704826715,167.73728888579777
2026-01-23,168.69354307842684,182.72072174324447,102.0545603342192,87.65904576481911,164.3089832609506,278.4543641194195,179.13022378082027,107.95421011307975,139.01683939513765,144.7568311816681,148.67362497885748,100.65065704826715,168.09506906578466
2026-01-26,168.4386980095893,180.38281008104676,102.41370497797122,87.82240579235709,163.68935236955937,279.0285721045029,178.8583494573787,107.87226430483167,139.78727082644386,144.43657861550236,146.68688727202343,100.65065704826715,168.50332113329384
2026-01-27,169.41550451904342,179.9803991735073,102.57871437962662,87.83970866652211,163.31065877577203,276.6359414769325,181.17523649136277,107.85407156184372,142.03468660600538,147.22208938962984,146.86859596983373,100.65065704826715,168.62603298496
2026-01-28,166.99467554059967,180.07621269454907,102.6951955248846,87.77820464717809,162.46726265294387,288.5034127552155,182.7148504089838,107.89959962822577,141.83436941052213,148.18300458219295,145.7085203259401,100.65065704826715,169.15495419357572
2026-01-29,168.22634371685078,178.0065847721044,102.86991354002042,87.87045609386516,161.95089532098348,286.0150710611589,181.25214914467117,107.92388743111631,142.78025995245267,148.7493760035283,145.8903344009641,100.65065704826715,169.65075775430535
2026-01-30,168.9271261612555,179.30967512203472,103.03492294167582,87.77820464717809,163.0524668539908,272.52062848027794,178.53073179875008,107.9738845955332,141.91876121878423,143.79717404928184,144.4212678843543,100.65065704826715,169.90247219431987
2026-02-02,171.19928721723093,182.08834074269666,102.80681866065122,87.7359189155057,164.54995358175864,258.06913364836885,179.47949769593453,107.99828648231016,140.90330928375317,143.18177184279736,141.9211152720186,100.65065704826715,170.4630065717211
2026-02-03,171.81510470739707,180.3253249088397,102.24383756682447,87.67826405249076,163.91308457779215,273.66910286427856,180.01881226548863,107.95877848219466,142.8622349600915,145.76809520182584,138.69983018381328,100.65065704826715,171.3471700415827
2026-02-04,172.21856790482462,180.09538422001148,102.59812420108516,87.7090114798338,166.6326445105734,271.18076117022184,177.38249587469807,107.96186155995062,142.48571221650667,146.1374797589161,140.32639415302796,100.65065704826715,171.27090751916953
2026-02-05,172.17609372668505,177.5275024648054,102.6951955248846,87.88199439819448,166.25396742838817,267.25684109962293,174.74707005293237,107.81586648909165,142.94618332726225,143.7494297972318,136.17851575111936,100.65065704826715,171.48643353257913
2026-02-06,172.66452187835125,179.78877213142374,102.50106028278798,87.85892695419376,167.20064362224923,271.5635762292498,180.1002686840502,107.86156607777416,144.70561862306187,148.4511835771573,138.3203853642959,100.65065704826715,172.0300837529933
2026-02-09,173.25909398046787,179.63545873608484,102.42826419544069,87.81280123085021,166.20233564867272,276.2531264179045,181.38084785869955,107.88596755178592,146.22225637751853,150.69033149434145,139.94618808308607,100.65065704826715,171.90051846505702
2026-02-10,173.0679850757788,180.40198160650917,102.66121908045433,88.07802643124005,166.581012730858,272.66418047654884,180.50516733080974,107.91034116637661,146.5717909757562,150.17278154382714,142.18975626763,100.65065704826715,171.94172536916304
2026-02-11,173.02551089763924,181.07269095589166,102.26810539777433,88.1798916040919,166.35724749942108,276.73165254341865,179.99191117388014,107.87085297513283,148.41773227994187,150.6887004352406,141.7536277837792,100.65065704826715,172.16241996409033
2026-02-12,173.00429870550855,180.78523569067627,102.55930455816811,88.26446306743667,166.27118902936132,266.34762977837937,178.99607783568015,107.89523962010246,148.26067986358467,148.35105711258865,140.18443729058788,100.65065704826715,171.96652960237708
2026-02-13,173.72627674408452,178.65813729811458,102.40399636449082,88.4681934131404,167.73421604358072,273.33412873503534,180.50005919541462,107.91959014111059,150.34771644803624,149.40817102419444,138.20377704140333,100.65065704826715,171.97620301275407
2026-02-16,174.25716247593087,178.4281672051062,102.87961474799854,88.44320139097512,168.14733632771237,271.8028392920068,180.50005919541462,107.91959014111059,150.34771644803624,149.40817102419444,138.20377704140333,100.65065704826715,172.1713607460216
2026-02-17,175.61620339272247,178.4281672051062,102.84078769957921,88.55275571182723,168.61203885675317,266.8261559038935,180.60749097452984,107.88011115731435,150.91628407469787,148.39938539607255,137.25361941429932,100.65065704826715,172.1220449793188
2026-02-18,176.18957990066787,180.390161126086,102.83593709559015,88.36824365379515,169.57595316318952,273.38196966481996,181.07674431454464,107.92571627625924,149.4832753005975,150.19370133998513,138.36309740470472,100.65065704826715,172.18309677766968
2026-02-19,176.4231961794153,180.08281393299436,102.6951955248846,88.34133621812326,168.54320198766666,274.8654181780638,181.3218724613643,107.86499717076315,149.37009262888571,150.46335568242398,135.8689900292894,100.65065704826715,172.61274921774296
2026-02-20,177.25135136436057,181.062458301197,102.49135166930759,88.40092482396066,169.92020355503047,278.31078291623174,180.92956445979632,107.91058332306065,150.70801059010307,152.20755213258212,135.43435774067717,100.65065704826715,172.86640816125018
2026-02-23,176.3806888053569,179.81388330127788,102.57871437962662,88.62002430100696,168.73255704036137,286.0629119909435,179.7278648295624,107.82861719766095,150.94637050416407,152.08359321059012,133.9707325327259,100.65065704826715,172.75830880776317
2026-02-24,177.73977951602674,179.83309893301052,102.79225944318175,88.60273059149986,169.92020355503047,282.04331006077524,180.61021320115125,107.83169213813322,151.36048450166538,152.84416111210953,135.38867675623143,100.65065704826715,173.02279750518184
2026-02-25,178.03706556708505,181.7731867397733,102.83108649160108,88.50470541031915,170.35051241693117,285.05801881013065,181.9399341891451,107.81350623767338,151.9062988305568,153.85010863362928,137.83493022717047,100.65065704826715,172.33382828237737
2026-02-26,177.20887718622097,181.50425610805684,102.9863872797761,88.6488563148434,170.90130643923587,284.10096655910246,181.39280804715563,107.68906590821379,152.1223617663739,153.4311944364648,135.343006333402,100.65065704826715,172.87475819305723
2026-02-27,178.05829435717516,179.179987985452,102.9038825789484,88.74495691785955,172.03730466258747,285.2015708064015,180.31231589703833,107.42139731087197,152.36030569386543,154.53492795835209,130.38366246416234,100.65065704826715,172.5896823218853
2026-03-02,176.083419352258,180.60144486260455,102.63695124950448,88.48741170081205,169.4038362230701,294.0543041284123,181.93598631231654,107.53121920937375,151.4999848558196,153.62497024364495,132.6238407339925,100.65065704826715,172.71885604225122
2026-03-03,171.0293905046726,178.3924411262154,102.20986852789649,88.22025275759975,164.82535059291098,284.1488074888871,177.94305559001066,107.51308398391186,148.79536077641217,148.83663279558908,133.21833447244538,100.65065704826715,173.2266340113304
2026-03-04,172.53709934393245,178.10430956485638,102.23898696283543,88.33365623478095,166.30559920810356,284.7230446808874,179.82491973217083,107.53757813563442,149.6045896801212,150.23511014385548,134.32656844179826,100.65065704826715,173.67723286697873
2026-03-05,170.1587445436283,178.66135705584176,101.63232821660029,87.8896743815368,164.08521802951367,280.5598615475314,177.88303674860373,107.45551313890816,147.71343463161205,148.44287561479516,133.58449449000574,100.65065704826715,173.90775472318282
2026-03-06,167.9927274381033,178.66135705584176,101.69056508647812,87.774355490849,161.53779154845392,283.62244043358834,174.35769755688864,107.30953834350434,147.24952868622717,151.1658690014778,131.81509518737388,100.65065704826715,174.2197679369618
2026-03-09,165.9116918847763,175.47269424915984,101.13729260613178,87.75322178967073,159.98867304097064,281.6604657948305,177.59921882245658,107.44057362715631,147.31248906325953,151.4347633221328,132.30656800218205,100.65065704826715,174.04013759110273
2026-03-10,168.856850401098,178.14271142414148,101.33627845221744,88.02806071622535,161.61012887718215,287.54636050418736,178.12007636075745,107.46505125921803,146.84883292569728,151.70355334758472,131.2570199243978,100.65065704826715,174.17050468245296
2026-03-11,166.80803148699292,176.72126924907897,101.33627845221744,87.52258400829511,158.69497250611857,285.9193599946726,179.12262768749346,107.40433680422599,146.58275261898905,151.4817785750138,130.41324560533198,100.65065704826715,174.3029975376317
2026-03-12,166.915204510927,176.6828526877038,101.20038748550095,87.24966049524711,159.23087306334386,285.24941173618623,175.53060115245717,107.42880618063914,146.0316012697842,151.5052678845957,128.4401890869535,100.65065704826715,174.2842372145465
2026-03-13,165.92930231971422,176.29867237186173,101.21979730695946,87.0843758895446,159.64574357729637,282.569677116074,176.13754901622445,107.24036762803289,145.80961627690823,150.30298391257605,128.11051462223745,100.65065704826715,174.40306392316646
2026-03-16,166.16505973522604,177.58566393315607,101.37024749114542,87.2650387912476,159.31729478864943,278.2629419864471,178.44717006050982,107.39257328378649,147.4294994451698,151.06198705130845,128.70483038905692,100.65065704826715,174.31705808720366
2026-03-17,167.42957527315676,177.50883081040567,101.91381876351366,87.46300456711563,160.07793476183457,278.4543641194195,179.55213208012907,107.37446144107001,147.82116370444118,152.26186680446907,132.8911754417458,100.65065704826715,174.74886704322904
2026-03-18,164.7719598057176,176.77888674009674,101.73910074837784,87.24005593374025,158.71224364189803,272.66418047654884,179.19514472175564,107.35635265293013,145.8673623972341,150.96203243000787,132.3556651078353,100.65065704826715,174.6450773977546
2026-03-19,160.93557385867868,175.0500973719426,101.82160544920555,87.1670136100669,154.83995923285445,257.06424046755603,180.12769807237342,107.42334978353034,146.56595423278202,148.14369925599038,132.743742061682,100.65065704826715,174.29124048200876
2026-03-20,159.26386058245228,172.7450301789803,101.47216941893393,86.45589114292632,152.454346452214,256.44216234577107,176.09218184667787,107.40523275033276,143.05732916694657,146.01217757391552,130.25934517623273,100.65065704826715,174.47137334007215
2026-03-23,160.7212444087699,175.126930494693,101.4333423705146,86.41745456758304,152.86924998937067,244.33544260818937,177.26553619609493,107.5360006362781,144.43529737851273,144.7140413488788,132.49383873216343,100.65065704826715,174.95258015364504
2026-03-24,161.81428642799798,174.012806108542,101.14214321012082,86.63078947479362,154.13119871341596,247.3501659610032,178.09482508706657,107.56039864772633,145.3089920699573,145.47319816364111,130.11285534689102,100.65065704826715,175.09536078852298
2026-03-25,164.92197216289836,175.607144862928,101.7536599658473,86.9748215686925,157.81331900126273,255.38939902825666,179.1987245044937,107.542258501129,146.40140457223765,146.42795338812488,131.32130485141823,100.65065704826715,175.5438699751929
2026-03-26,163.7646462468611,175.10772956505042,101.4964372498838,86.89025010534775,156.46493204030978,246.96732169505847,175.18323180536882,107.50285744428074,145.32566196757747,146.1584885804556,129.55640183283,100.65065704826715,175.7488170401008
2026-03-27,162.28231568754475,172.1111495652445,101.33627845221744,86.77685579282448,155.35857214269822,254.9108729027426,173.16141509507895,107.31469336399509,145.30115267934883,147.94490299793688,126.86962150745072,100.65065704826715,175.44332869874395
2026-03-30,164.1728232647622,172.3992811266035,101.5692333372311,86.78262036266018,156.79338082895674,256.77710726809744,170.23015500139212,107.31785144723477,145.47365516374094,148.40636560517802,128.18046067194314,100.65065704826715,175.89026798381917
2026-03-31,165.56919299227516,174.16648705613287,101.48187803241433,86.73649463931665,158.91969541047638,262.42373891469725,174.73405368979488,107.43200627868809,146.60905715911326,148.08658988364027,131.1302498088488,100.65065704826715,176.0854989254301
2026-04-01,168.36199883913872,176.14499142427084,101.91381876351366,87.32269365426255,160.42367119786306,269.1231046718946,176.70534978924545,107.4138877855657,147.06574022233792,148.3563120247063,128.8938858200297,100.65065704826715,176.5069596871108
2026-04-02,167.93232746379692,175.607144862928,101.12758399265138,87.17662733623169,160.64841061382293,264.433525276323,178.51443470264593,107.5023976875014,148.04733182801783,148.82237695904865,131.63948391292055,100.65065704826715,176.0727891720261
2026-04-03,167.93232746379692,175.607144862928,101.12758399265138,87.17662733623169,160.64841061382293,264.433525276323,178.51443470264593,107.5023976875014,148.04733182801783,148.82237695904865,131.63948391292055,100.65065704826715,176.37604419000198
2026-04-06,167.93232746379692,175.607144862928,101.12758399265138,87.17662733623169,160.64841061382293,264.433525276323,178.57025039739398,107.56954993047839,147.95674967298726,149.43558439064503,133.31997460692298,100.65065704826715,176.7093769911464
2026-04-07,165.54771523279385,177.0478173718132,100.94801537352649,86.73457922581002,159.4210206729386,263.5243431619963,179.553767749407,107.57273764293612,148.01927830945337,149.36128899027867,131.91428080363565,100.65065704826715,176.90986090127842
2026-04-08,170.01618467022428,180.90879205569624,101.51099646735324,87.35345024626352,162.34253401080437,265.86910365286525,184.43616837380205,107.59721411700048,150.31223873185908,148.10900997194383,131.7856585782152,100.65065704826715,176.83711905252605
2026-04-09,170.55326144093192,181.52347173978947,100.98199181795675,87.08245131138007,162.1696575369891,268.0703413543802,184.69702644218833,107.60038174601243,150.89907210351848,148.52570898233466,130.80615041291935,100.65065704826715,176.92265303145697
2026-04-10,171.09203120349977,182.13815142388273,101.13244200214271,87.15740904856004,163.46619806739952,267.2090001698382,184.80326089310168,107.58223485623387,149.95551007618755,148.79505918047536,131.42216294493142,100.65065704826715,177.10028761099102
2026-04-13,171.24287345865125,181.42742298530644,100.8024157933296,87.0190227138715,163.50075685056052,262.85439490350984,186.40310638524585,107.67060856339083,148.57513173566957,149.3096135513975,132.9949337832748,100.65065704826715,177.24316568676286
2026-04-14,172.68677974192497,182.56074830109998,101.20038748550095,87.2477450817405,166.07653375239778,266.2997888485947,188.44874358616036,107.69504802138341,148.37525844882236,148.5977195155676,136.58707618065552,100.65065704826715,177.30460993884293
2026-04-15,172.32042958174637,184.00142080998518,101.1033235672038,87.20353477190358,166.23212257883156,265.9169737895668,189.29226421270366,107.69818478147128,147.4981086139695,148.37649464478113,139.965427541016,100.65065704826715,177.71774158049516
2026-04-16,171.24287345865125,185.1539470554213,101.18097025854016,87.19008105406763,165.90365727858253,267.01757803686587,190.78756550477135,107.7013174210553,147.14557237784751,149.13601201834962,137.71002689591555,100.65065704826715,177.77202695132465
2026-04-17,175.07892744650187,187.03641737116632,101.51099646735324,87.41686967911416,168.54856825834383,268.9316825389222,192.23092269579482,107.7683068048711,147.53574187264002,146.90470235279395,140.2369852342907,100.65065704826715,177.3688017918759
2026-04-20,173.58179150738852,186.61382049394905,101.2489157418984,87.43801254495037,167.35393733599335,265.1513144645941,192.69597924017103,107.66499264774738,147.0304237770989,147.86027554771078,140.00085914026516,100.65065704826715,177.65671495131676
2026-04-21,172.2148333639566,186.47935517809083,101.18097025854016,87.23236678574001,166.17659406102442,262.1366057152387,190.89687045101192,107.66810368281764,145.38991119257213,148.61948269499374,136.79057994248168,100.65065704826715,178.11771142080147
2026-04-22,171.04316681098592,186.28727237121484,101.32171923474797,87.2804170872481,164.6876273199317,262.47157984448194,192.5966854817557,107.6925086968951,145.95482147309838,148.9864240769114,137.9357489765747,100.65065704826715,178.30018139342576
2026-04-23,173.03935359579023,187.26691673941752,101.35568827367595,87.17470275806714,165.13778312753686,263.09365796626685,192.0155508922814,107.6956243446894,146.97787819496799,149.25525024014613,134.93927787669858,100.65065704826715,178.35006378594335
2026-04-24,172.1063491012288,187.03641737116632,101.2974514037981,87.07668674154436,163.76999503413566,262.95010596999606,192.291722605279,107.72001036617283,147.82600697887773,149.42602002850887,134.81035002751304,100.65065704826715,178.52313503628025
2026-04-27,171.88936397781384,187.11325049391672,101.18097025854016,87.02094729203604,163.64879987484207,259.9832381504253,191.84792846585154,107.72309778232494,146.81921988902337,149.9395590766745,135.1060609709978,100.65065704826715,178.5042723726823
2026-04-28,171.56389459167113,187.63188142352695,101.0402286878346,86.88257012200542,163.23328540840828,255.53295102452753,188.64523840180482,107.70493019638943,147.31802190003413,150.40394267347645,136.99365488726195,100.65065704826715,178.5307029828332
2026-04-29,170.41392157165413,187.36296549390056,101.21494670297042,86.68076435446625,161.9174428151621,254.33663571074229,190.46390472354614,107.77181237591864,145.11197929173898,152.33696911382208,135.37883924038815,100.65065704826715,178.7868170057842
2026-04-30,171.71578251826566,186.88273642357544,101.35083766968691,86.77685579282448,163.3891053972712,255.9157660835554,193.05284189852347,107.79845436857454,149.42733770781973,149.56998849398647,139.49375543277336,100.65065704826715,178.72195003443184
2026-05-01,171.71578251826566,186.88273642357544,101.35083766968691,86.77685579282448,163.3891053972712,255.9157660835554,194.7384011701891,107.75892727001096,148.55176591928134,149.39794019146274,140.95533800579904,100.65065704826715,178.73011313481996
2026-05-04,170.45730863756148,187.57426393250918,101.50613845786192,86.71151178180929,162.3849027817509,251.6090309539286,196.4713912739539,107.80476684460969,147.24045989473788,150.20463604147824,141.03762940643995,100.65065704826715,178.51281300998184
2026-05-05,171.19503813962103,188.8228389324283,101.23921453392026,86.81721694633231,163.8738860344457,253.23603146344325,198.6494626827952,107.82924829345913,148.19649007222165,150.3750054190707,141.65009760814132,100.65065704826715,178.29185111893239
2026-05-06,174.31950441148865,191.0894748619253,101.66629725552826,87.04016557970769,165.95152441302287,258.9304748329109,202.69485969514088,107.81106280515564,148.0625226705343,148.9310172697298,140.6719869763422,100.65065704826715,178.37834624843734
2026-05-07,172.23652689691025,191.30075859844388,101.80218822224477,87.1112833252165,164.0643308528779,260.60531627221025,199.50775397481658,107.8141963964646,146.18540854149927,149.3949926810552,138.10407431497714,100.65065704826715,178.42289200055467
2026-05-08,172.23652689691025,190.85896079158405,101.65659604755012,87.06899759354411,163.61417504527276,259.02618589939703,200.00521968129797,107.85997529301801,145.89934266860323,150.05442862766103,136.70292064827717,100.65065704826715,178.2251724203981
2026-05-11,172.3235499981161,191.1663079846757,101.51099646735324,86.82490609433256,163.52760471554845,259.88752708393906,202.90065458169462,107.82046760074095,146.83314563371533,151.64260990794364,133.71267315734775,100.65065704826715,178.60054821804613
2026-05-12,171.93195434166933,190.5516135984924,100.98684242194582,86.61733575695767,161.8828179855928,256.6814254085281,200.2802891236468,107.86621567698067,146.69949866576997,151.61703526143137,134.2198893837134,100.65065704826715,179.0179846416017
2026-05-13,173.4765770426652,192.6261814232035,100.81212440681003,86.49432771826962,163.2679102379776,259.64826402118206,203.0890653056569,107.86934198063867,146.06504929927266,152.0802386592354,133.13789712927974,100.65065704826715,179.45104351205282
2026-05-14,173.4765770426652,192.6261814232035,100.81212440681003,86.49432771826962,163.2679102379776,259.64826402118206,204.01358578213728,107.87244777933691,146.54115696365088,152.64101262620156,133.75095086607723,100.65065704826715,179.5474559187567
2026-05-15,173.0632380593865,192.6261814232035,100.4093021106496,86.20218591754997,163.42373022684052,252.9010573342,200.57267953399904,107.83296054779579,143.75193018583755,152.56640772010306,133.51659000256814,100.65065704826715,179.51302273626632
2026-05-18,173.6288633202857,192.12673672114576,99.63763396275907,86.07342247368415,164.30672117146514,251.9440050831718,197.4067815164729,107.85737254215424,145.01176450477382,152.93149703601583,132.54114714772209,100.65065704826715,179.38689407718715
2026-05-19,174.49907773438517,192.24200110736143,99.39497046426501,85.89851497715892,164.774197649656,251.32192696138685,196.1413968504314,107.81787865957568,145.204907867333,152.95455043445634,131.35428866257882,100.65065704826715,179.31095777848776
2026-05-20,175.52157842610515,193.62821707459577,100.07442529784744,86.44627741676155,166.8345153576475,252.1354272161442,197.69949008695536,107.84227883172588,146.18124272426968,151.9032016587162,132.39059489489136,100.65065704826715,179.22516696864278
2026-05-21,175.5650816777284,194.3604840751371,99.48232576908178,86.21948879171501,167.02497668768183,251.417638027873,201.80590686784208,107.82409114581179,146.78742477590598,151.87758306319833,132.47409734992564,100.65065704826715,179.20315752048407
2026-05-22,176.41353616703654,195.0542168975826,99.69587083263691,86.47318485243343,167.23274217669973,250.8912417656574,202.4389141420902,107.86976060242226,146.56693628472047,151.75432747918958,130.9704121630093,100.65065704826715,179.85637974914056
2026-05-25,176.41353616703654,195.0542168975826,99.69587083263691,86.47318485243343,167.23274217669973,250.8912417656574,202.4389141420902,107.86976060242226,146.56693628472047,151.75432747918958,130.9704121630093,100.65065704826715,180.49874886387985
2026-05-26,176.87041159785736,196.44168254247361,100.22973349152473,86.79607408049613,167.8213973025821,250.5562676364142,205.00410516577338,107.87284938584911,147.08585949192218,152.11922400624223,132.95836615459189,100.65065704826715,180.87012500610652
2026-05-27,177.84939243999466,196.32605060400596,100.75388753693217,86.79607408049613,167.87334280273714,246.5366657062459,205.037919721202,107.89721157577921,145.9522022700369,151.31272032359186,132.9359426206174,100.65065704826715,180.74837780841958
2026-05-28,176.69636539544555,196.32605060400596,101.20523808949002,86.89986383151252,166.9210856873718,248.2115071455452,205.80681363058986,107.85773251753841,145.1667324868859,151.43358910665432,133.1250407498701,100.65065704826715,180.81952365295692
2026-05-29,177.5230599599624,196.32605060400596,101.0208114608738,87.10935874705196,168.92947440681036,253.04460933047088,206.23358856082262,107.89933796825935,144.7292898326995,151.21289887316118,133.52554355304596,100.65065704826715,180.86969785395237
2026-06-01,174.6948838615883,197.25103260129666,101.14214321012082,86.673075206466,166.03809474274718,248.92929633381638,209.75720326614012,107.88114065927661,142.81429133027032,152.60197344332892,135.3002810850976,100.65065704826715,181.130187373035
2026-06-02,174.65136401200562,197.5208159542377,101.53040628881178,86.94214956318491,166.90378152838818,250.41271564014332,211.89415528356568,107.88429133749986,144.8542876209117,153.16147424071514,134.32613088520273,100.65065704826715,181.10509769368207
2026-06-03,173.6288633202857,198.48433212962422,101.37510550063675,86.60580661728626,165.20703278667548,248.2593480753299,209.79762141015917,107.84475524705326,144.00437236079665,153.18440656310295,131.23860077452352,100.65065704826715,181.02761044785527
2026-06-04,175.1952459460729,197.40519871786012,101.34112905620651,86.90755297951277,165.96884508360856,249.1206892598719,209.94178534841197,107.84790486263735,144.89232663502264,152.52477672117087,134.1751446512511,100.65065704826715,181.54629844306353
2026-06-05,175.15174269444967,197.48228177614186,101.07905573625393,86.59042832128578,166.76526569850887,244.0961795454323,201.10181426499648,107.87238447036103,143.69519405684736,149.42807952098005,131.9338713461205,100.65065704826715,181.8152472520182
2026-06-08,174.34679145676472,197.3281156595784,101.0402286878346,86.4385882687613,165.65718859428063,244.0961795454323,202.0934892758063,107.87553040123447,142.62873647542636,150.4263631924414,131.4890945797831,100.65065704826715,181.8325533068492
2026-06-09,175.108222844867,194.3604840751371,100.96742519498503,86.4385882687613,167.26736700626904,240.98575972959065,200.55545919435644,107.83600201136538,143.23425651399694,149.96243210964658,132.94551471644414,100.65065704826715,181.83984711366656
2026-06-10,175.71736795534883,194.74588466445567,100.84124284174894,86.61926033512222,167.54438215442556,233.06614359025733,197.41171914341626,107.83914688120078,143.34032965062516,150.03457523814953,133.13428035011384,100.65065704826715,182.25899947562914
2026-06-11,176.848651673066,194.63026742807813,100.92860555206798,86.61926033512222,168.3408027693259,230.88885556055155,201.82040001342378,107.84227945843665,145.05229229427016,149.71699923568238,133.21740790237428,100.65065704826715,182.5421002056633
2026-06-12,179.41577506578184,197.75206512908287,101.00625224340433,86.91715754101963,170.03755151103863,238.06674744326298,204.51943375178075,107.84539974850587,146.00426658416396,150.081383326901,134.14498720594614,100.65065704826715,183.12953325681823
2026-06-15,179.1764656869555,199.44784830501075,101.68571448248906,86.98827528652845,170.31456665919518,244.23973154170318,210.3429933300345,107.86984479042705,146.60443128833612,150.34824599081887,132.32813396509087,100.65065704826715,183.74810662317697
2026-06-16,179.72034762102277,199.60201442157418,101.91866936750272,87.12088788672337,170.626206636921,242.46919363937604,209.59032713168656,107.83034350265885,146.75567966810922,149.10569201936752,133.1500145395397,100.65065704826715,183.60281463417155
2026-06-17,180.63406528674554,199.370765246729,102.17104147947718,87.14779532239525,170.3838163183338,244.28758707494626,209.91351471508142,107.81215782964748,145.08149485568288,149.27526818900012,130.17336146883673,100.65065704826715,183.23091128579324
2026-06-18,180.11194327746958,200.4498986584931,102.15162425251638,87.1170478950522,171.61308858185564,240.26797054131953,212.06310929947833,107.85788051922187,145.89259156549775,150.46687848139982,130.3623802896063,100.65065704826715,182.9538435586516
2026-06-19,180.3512526562959,201.7217470670065,101.74880195635596,86.71343635997383,171.66503408201066,236.91828766272084,212.06310929947833,107.85788051922187,145.89259156549775,150.46687848139982,130.3623802896063,100.65065704826715,182.83862110055054
2026-06-22,181.13444396918953,201.7217470670065,102.0545603342192,86.89602383984138,172.72116568608388,238.92808862780504,212.06147386528963,107.86099653392019,145.91194932316503,150.6361504375491,128.863804426646,100.65065704826715,182.57266025370046
2026-06-23,181.5695428772596,198.48433212962422,102.02059129529121,86.96713242069227,172.9289311751018,236.24835400769283,207.89608538585532,107.82150295202146,145.8433859101898,148.7132000381087,129.68569618167243,100.65065704826715,182.35462358922194
2026-06-24,184.50650200163093,200.87384812799755,102.47679245183814,87.24966049524711,175.69046360037962,229.86002731138794,205.66007037543278,107.803318769976,146.34624712448735,148.05571540249213,128.71490326382406,100.65065704826715,182.6901317623807
2026-06-25,185.7465521473859,199.40931412691492,102.70489673286272,87.20545935006812,176.85913828425467,230.3864089701451,206.44421051000873,107.82771245612595,147.90369002290734,148.41985362973602,129.11486543454302,100.65065704826715,183.00165741960862
2026-06-26,184.78933123003992,197.48228177614186,102.74858179077337,87.33807195026303,175.12776471297263,233.56860478412221,202.60592955968275,107.83081103883228,148.09844504781813,147.1304320928956,131.09568360012227,100.65065704826715,183.49710411028178
2026-06-29,185.39847634052174,199.64054859967,102.72916456381257,87.26119879957645,176.12329873739907,229.83609224303717,205.98234712749894,107.83391366035633,147.9636454560213,147.64046433784387,133.49737431007108,100.65065704826715,183.1659999756729
2026-06-30,185.2461900629013,201.49049789216136,102.40399636449082,87.19392104573879,176.12329873739907,230.79314449406536,207.53326857888698,107.83708550863562,146.24754336232996,148.78229750685892,133.3694925246517,100.65065704826715,183.67473142188527
