,swiss_equity,world_equity,swiss_bonds,world_bonds,real_estate,gold,convertibles,clo,infrastructure,managed_futures,private_credit,cash,ils
2019-07-02,0.007133885945794116,0.0017154398703629337,-0.0009846355822683561,-0.0001921828767165179,0.001172571421966806,0.007297494207173072,4.1370966114895324e-05,2.8172698955941655e-06,0.005736860142366407,0.0089976857467291,0.005420227535277489,-2.0833333333358794e-05,0.0025884349237461635
2019-07-03,0.0011017140841826922,0.004623154121379702,0.007557054292171239,0.003652451535994139,0.004099152149214191,0.012351572938316568,0.0038787435514398005,3.0126870482760637e-06,0.012825756200944616,0.009030568164761998,0.004776774389530836,-2.0833333333358794e-05,-0.0019706603576830073
2019-07-04,0.0018870681179239401,0.004431460609154003,0.0029348616106550374,-0.0005746522290013267,0.0010203991127906153,-0.0024636749893777177,0.0,0.0,0.0,0.0,0.0,-2.0833333333358794e-05,-0.0017913841538897968
2019-07-05,-0.010200682208928114,-0.003563649898342014,-0.0035765074771783034,0.0,-0.012234276500851293,-0.00693868453911195,0.00024026503730012472,2.9506432750459055e-06,-0.00523919095822678,-0.009997762946995059,-0.00012500000000004174,-2.0833333333358794e-05,-0.00028647484209542995
2019-07-08,0.00031707115234347327,0.0,0.0009788519824291964,-0.0017247651659212382,-0.0010321506582815498,0.0013026711915371525,-0.0018187747247451203,-5.0654004222994153e-05,-0.004408366400692421,-0.0022425998365918076,-0.0019541086949814712,-2.0833333333469817e-05,0.003054224685190343
2019-07-09,-0.002219209433710234,-0.002043351873629695,-0.003096740313998647,-0.0036475432908901206,-0.008265570466037708,0.0022472198865317594,0.005364646821430785,2.8886340677214406e-06,0.00030499820356300056,-0.0012439484653877786,-0.001347002491692506,-2.0833333333247772e-05,-0.0019760138530172666
2019-07-10,-0.001906386477862121,0.0,-0.004578201254938352,0.0,-0.0008931035604424764,0.0029502005286448085,0.004342284038088007,-5.0654004222994153e-05,0.004820216639519259,-0.001670028986622163,0.004156455942814663,-2.0833333333469817e-05,0.0030044483366862273
2019-07-11,-0.004933793926305108,0.003412876430411771,-0.003121017432412887,0.002504819133095193,-0.002085603295681082,0.0003529683308052256,0.0005337554284494672,-5.06540042232162e-05,0.004795981859288201,-0.008480842954134094,-0.001951880765834968,-2.0833333333358794e-05,0.0021056028897883383
2019-07-12,-0.009116946286456873,0.0013606968307113831,-0.003460224077036278,-0.0036517495973507064,-0.0037318289754267875,-0.004587184613110473,0.0015215042344955965,2.9552804945431888e-06,-0.0014026082552229813,0.0024496440132919517,0.0017052243675288459,-2.0833333333358794e-05,0.000716193005517729
2019-07-15,0.00387372670068431,0.0,0.004960330486765363,-0.0007716409931312063,0.006742723924073157,0.0010634815396954878,0.0006964330602703406,5.641486447172106e-05,-0.002043515045829225,0.005127742034955585,0.0010934019496358083,-2.0833333333358794e-05,-0.0023830091623929794
2019-07-16,0.004367799933752581,0.0,0.0008297556292835573,0.0,0.001934764288734625,0.003777162607322193,-0.0037373939319850225,2.872242740981079e-06,-0.0076002775813283074,-0.0005117435254069491,-0.0019501985593157745,-2.0833333333358794e-05,0.0004983325858436416
2019-07-17,0.005636818610284644,0.0042458445378776855,0.0038142158445171326,0.002509654802104855,0.0049018730086638485,0.007525826899306587,0.0011107963989231973,5.64031540950527e-05,0.0026722478333607302,0.0037472938774048004,-0.005609283237492768,-2.0833333333358794e-05,0.0010539121687733743
2019-07-18,0.005605473009863138,0.0,0.0,0.0009628566522597026,-0.008869059410083202,0.001517259350478417,0.0019329219459216507,-5.06540042232162e-05,0.002450404977791809,-0.00012499999999993072,0.0011003830487588129,-2.0833333333358794e-05,0.0009220799977203153
2019-07-19,-0.004777944231708409,-0.013022155690098569,0.0034694888999187157,0.001731401424236667,0.0028336044365830926,-0.001981064235218266,-0.006860209058018318,0.00010975299879056877,-0.0061183412657362934,-0.0007424004204575896,-0.001961006407880217,-2.0833333333247772e-05,-0.0017800642387966192
2019-07-22,-0.00048016320552501934,-0.0018847793675038638,0.0004938960355842514,-0.0003840705063337113,0.0005950434713477559,-0.0032695571558872816,0.004671144335555599,-5.0654004223105176e-05,-0.0024936947247505836,0.002036454434958923,-0.001964322942068497,-2.0833333333247772e-05,0.0035361340915966988
2019-07-23,0.006244203884625321,0.007038633392101312,0.0009874516504926323,0.0,0.010552872954441073,0.0023430178739487495,0.0020146206667139843,-5.0654004222994153e-05,-0.004873435658626191,0.006075611589159591,0.0017177122850502435,-2.0833333333469817e-05,0.0029208951387569293
2019-07-24,-0.006046235352426987,0.0008521636987179892,0.0019725874535585497,0.0009606367942762706,0.0,0.0005843852434164187,0.00857937304828349,-0.00010421991948883491,-0.00012500000000015277,0.008372452791559848,0.006619285097176464,-2.0833333333358794e-05,0.00036097850274785515
2019-07-25,-0.0006401726541899189,0.008516498256281757,0.0009845354692918917,0.0024952037138019634,-0.008677897182208238,0.0015185712711127675,-0.007614650094075248,2.9224505899705377e-06,-0.00858307340255271,-0.008930287632621714,-0.00256102156076754,-2.0833333333247772e-05,0.0028566886444545414
2019-07-26,0.008329659464215933,0.0,-0.000655711408388604,-0.003254872334452541,0.005192912499737634,0.0034989502152742435,0.004796333216577686,2.7578384198534422e-06,-0.00012500000000004174,0.00695864430142068,0.0041486138414872364,-2.0833333333469817e-05,0.00048664565366429713
2019-07-29,-0.00047748089807742033,0.0028711239067262806,0.005248546294849943,0.00288135684814117,0.0025094196773689514,-0.0004649284085443961,-0.0046955805017406815,-0.0001576107821392725,0.0014061075645510623,-0.0015318738951708433,-0.003772397972393038,-2.0833333333358794e-05,-0.0022580867042115704
2019-07-30,-0.008422929270865853,-0.008420187461869899,-0.001631716618572976,-0.0028730784837767143,-0.009570178767628557,0.0051163074582123436,0.0018432126720144826,2.9224505899705377e-06,-0.0071133129501155246,-0.006445235476434941,0.009636980397179862,-2.0833333333358794e-05,0.0014225288006823877
2019-07-31,0.006251042083621483,0.0,0.0057197939122781705,0.00288135684814117,0.006094904905013854,-0.0027765205301670814,-0.007490429281248323,-5.0654004223105176e-05,-0.004963552928260895,0.004396287715798586,-0.00798007494204811,-2.0833333333469817e-05,0.0008368785358054964
2019-08-01,0.0,0.0,0.0,0.0,0.0,0.0,-0.005661778092873826,2.163680858813244e-05,0.000768897302235505,0.00789523612562304,-0.0049871224866148145,-2.0833333333358794e-05,0.0008653462132626188
2019-08-02,-0.015132028408807341,-0.025985226560165775,0.00633740100854463,0.008235920860560908,-0.017878233952614564,0.004872403952472348,-0.008746932114168215,5.9203143228492294e-05,-0.0018815744999645112,-0.007645419729848335,0.0011091063303991788,-2.0833333333358794e-05,-7.146552902992376e-05
2019-08-05,-0.015526708502253461,-0.034176022755618596,0.0035526939480914344,-0.0005698675146348364,-0.023318914711036975,0.002308935548158475,-0.023223008355478192,-0.00026212863630104,-0.020243395258540575,-0.01483270046071894,-0.025787680569720695,-2.0833333333247772e-05,-0.0008103012560580769
2019-08-06,-0.0067355104581825476,-0.0005414522805522459,-0.00016128079259458694,0.0,0.0032347714723020005,0.01128770750423791,0.009141040032884185,5.517912892605281e-06,0.004399693159356399,0.015557722049185818,0.0105500373343832,-2.0833333333358794e-05,-0.002461344213669503
2019-08-07,-0.0001657726334514109,-0.00849026382964757,0.011104257031350206,0.0,0.002456591694378174,0.01571752596010101,0.0026020488960674104,-0.00010141273389951966,0.010221985165415504,0.0030853619321153936,-0.004460256188136835,-2.0833333333469817e-05,-0.00020800599544024134
2019-08-08,0.02051324519986686,0.0,-0.004934061239481702,-0.0009504113841991568,0.01715417403424202,-0.0007849430551840619,0.014620489143846616,5.919394374687137e-05,0.00477825646026897,0.009911487023464893,0.020458537648018194,-2.0833333333358794e-05,-0.0010811919982983698
2019-08-09,0.0009722736669470766,0.029149436645351745,0.0030389748271177908,0.00323434577461601,0.002259025861363506,0.0028055213427160552,-0.0034532561143204576,-0.00010160757744870352,-0.00011507936507926253,-0.008763493396228283,-0.009278226778456244,-2.0833333333358794e-05,-0.00032285655536412605
2019-08-12,0.0,-0.012037474670306358,0.00047845190424289363,0.0013276022441821578,-0.0009016413698178516,-0.005483396948050667,-0.010833070765179031,5.712833111681803e-06,-0.006312709878867118,0.01414663714158615,-0.0038140758347756654,-2.0833333333358794e-05,-0.0008211409391736257
2019-08-13,0.0012959484209493777,0.0,0.0028689108362016658,0.001136281228430125,0.0028570402421772556,0.004951010823077695,0.01054977766257581,-0.00010160757744892557,0.00589843236809573,0.004821227832475294,0.005454045975401112,-2.0833333333358794e-05,0.00026781763655958635
2019-08-14,-0.017305847339804892,0.006271221920334469,0.004768052816316759,0.0,-0.0206926877367698,0.009293527102248067,-0.019210728636122165,5.712833112125892e-06,-0.025574367713749102,0.01406347924201734,-0.013653270834716902,-2.0833333333247772e-05,0.0029028260325281163
2019-08-15,-0.004278959264198079,-0.018874756575560037,0.004587299735443917,0.0026485842599530685,-0.0041339221735891,0.003993760248983458,-0.0009685603719241653,-4.795265947066252e-05,0.008517241368626527,0.01716750028572589,0.003627821249129193,-2.0833333333358794e-05,0.0027525410075117662
2019-08-16,0.015206680125570138,0.0,0.0031490774859412873,0.0033961600754877086,0.010608687428256713,-0.0029834389027970643,0.0075753916164946755,5.650914088661807e-06,0.010245372129519925,-0.0029286864072192165,0.019772783334529143,-2.0833333333469817e-05,-0.0004840277445772312
2019-08-19,0.011559543233886194,0.014882049861276059,-0.006906306487324043,-0.003572781868782071,0.010040982517770747,-0.004100645303211747,0.004260935935449739,5.589029556718472e-06,0.009247367961577435,-0.008398383917599062,0.005978836305726043,-2.0833333333469817e-05,0.002935859182292777
2019-08-20,-0.008047499182736728,0.01037218484404745,0.004267246623483212,0.00018879116781289618,-0.00015068668073137115,-0.00022251410784268622,-0.0010267210339717225,5.918665316650973e-05,-0.0034276405151689726,0.004371225244193422,0.001096441297447015,-2.0833333333358794e-05,-0.001204706570124725
2019-08-21,0.010871004316754806,0.0,-0.00897064244892376,0.0,0.008587125769107917,0.002448743446227919,0.006071270981687915,-0.0001550498329043748,0.006532165612832985,-0.0017490463725456928,0.000489888183672349,-2.0833333333247772e-05,0.0021215203584357134
2019-08-22,-0.004494105907807744,0.004070541180057896,-0.007464157016149886,0.0,0.0,0.0007772731801107824,-0.003306775470591994,0.00011274347842982202,-0.005838161881284054,-0.005534196686263759,-0.00011507936507937355,-2.0833333333358794e-05,0.0025573179643179067
2019-08-23,-0.005643349191565616,-0.0007049090330416563,0.0012803736277813282,-0.0015095044438523386,0.0011949893071048212,0.009319898510851798,-0.008035904665794846,5.572577693291336e-06,-0.010963023869717037,0.002810346564933619,-0.00857962383168831,-2.0833333333358794e-05,0.0019515261478078028
2019-08-26,-0.0027564286149457384,-0.015346725594915789,0.0007988617952654486,0.003590335234915365,-0.01253186539284934,0.005826083018412254,0.003112480733009626,-0.00010146737722660504,0.007046952072211177,0.0054998257786524896,0.0017143305962812327,-2.0833333333358794e-05,0.00026240181683845343
2019-08-27,0.005040794789314296,0.008778230878028648,0.005907586971399592,0.0,0.004381415662599419,0.008633906463456187,-0.004517157160498053,-0.00010147789663417228,0.0034404713873006365,0.013010428443017696,-0.0037669173127028444,-2.0833333333358794e-05,-0.0013579841521653702
2019-08-28,-0.0019416136845458176,-0.00621546157142816,0.0039683201760050135,0.003389216027977815,-0.007821963419155975,-0.0019504266773291423,0.001925860598707807,0.00011268027467115083,-0.0021079389923174263,0.003535309130934694,-0.0013370818567718379,-2.0833333333469817e-05,-0.0004985563574552154
2019-08-29,0.009401935285174634,0.0,-0.0039526348553602375,-0.0015012004145057434,0.002274181194425795,0.002931291150359172,0.006164074018655041,0.00011238047460659928,0.008537959008240614,-0.00036474375277117943,0.006001381240793746,-2.0833333333358794e-05,0.0027363893159422226
2019-08-30,0.0057809767290113445,0.016976369831199767,0.002698534396711194,0.0013155364314876294,0.021328030828012157,0.0004330205881666327,-0.0038249391855526005,5.622539387628578e-06,-0.00011507936507926253,0.004914142482696171,0.0004927702385479904,-2.0833333333469817e-05,0.0011921071720375487
2019-09-02,0.002874373095189897,0.008258647451814038,-0.0015830136552539287,-0.0011261339873019915,0.0008885717212778754,-0.0016230252977577075,0.0,0.0,0.0,0.0,0.0,-2.0833333333247772e-05,0.002426521911962798
2019-09-03,-0.007323581593042139,-0.008191000863405629,0.0012684472159369964,0.0018789462597716966,-0.007250712931064718,0.010512639079552466,-0.005692802785526974,-1.590608394885784e-05,0.0034045968045517405,0.004569417390235531,-0.004367741961825988,-2.0833333333358794e-05,0.0007847502193207845
2019-09-04,0.005613144710616469,0.0028114704742132623,-0.004592242951155789,-0.002625645076101746,0.008496081631433228,-0.0063277823461772575,0.0055103956930202536,5.9317736044395275e-05,0.014571698311904413,0.001862855405604824,0.005376015767700748,-2.0833333333358794e-05,0.0037447518301525484
2019-09-05,0.008771930552596396,0.009812333655690342,-0.006999695099281333,-0.003384665210630411,0.012460053923301073,-0.012628183709693541,0.004801281713015637,-0.0001015667360484418,-0.000763318018730974,-0.019328150861688487,0.0059528913325685995,-2.0833333333247772e-05,0.0001486980984004571
2019-09-06,0.008221341558130701,0.010931815254538124,0.0012813693468678444,0.0003773311263270962,0.0024014961061720186,0.00021864036915197893,-0.0009584684970040946,0.00027343662914103284,0.0018304937157180845,0.004557743935720282,-0.0007181629764626551,-2.0833333333247772e-05,-0.0029298748310749856
2019-09-09,-0.0032933503830056,0.004462647013345311,-0.0033597731095774686,-0.0026405014794361747,0.007935195425505581,-0.00852457682291663,-0.006868524062579984,-0.0003154016440876095,-0.007234759605984298,-0.01750258466311727,0.004712918406237776,-2.0833333333469817e-05,0.001349501488702165
2019-09-10,-0.006293335403084077,-0.005980663266651032,-0.0022473276856095348,-0.0007564649847519034,-0.0014854595145954441,-0.005511463770636493,-0.00011507936507937355,0.0001662988175135105,-0.0018533497235814211,-0.0144242223614518,0.00468978019011046,-2.0833333333247772e-05,-0.0005335135835763394
2019-09-11,0.00870821151397383,0.01254945876701652,-0.0059535714267721085,-0.0026494964377536956,0.010116102928920512,0.002438497203795631,0.009403837772799628,-0.00010149900028555425,0.0031497892742160527,0.004095997733865486,0.0016780087345049655,-2.0833333333469817e-05,0.0006511716482437979
2019-09-12,-0.0010989264108103303,0.00526306560237777,-0.004532193633846271,0.00113852789058555,0.0016201123088510627,0.006081379756223804,0.0005585568567632038,5.903314300992335e-05,-0.0005489109215566224,-0.007766122060927749,0.0016750351605072655,-2.0833333333358794e-05,-0.0007091804520035216
2019-09-13,-0.0059707733917369055,0.0,-0.005853729420635778,-0.00701292250383978,0.001470307932476933,-0.010440707489943746,-0.0007882621066431783,5.9170174077305404e-05,-0.004022171509239003,-0.019464242889371874,0.004053998341095877,-2.0833333333358794e-05,0.0005004768127301329
2019-09-16,-0.006481120826627218,-0.003546652669211059,0.0017992994327615808,0.002099667251570958,-0.006460066073556203,0.008995974418379626,0.0027473390643260043,5.8795657863486284e-05,-0.011010785126609357,0.014021774031912848,0.0016641830785342204,-2.0833333333469817e-05,0.0015503974444808222
2019-09-17,0.0031824208754089867,0.0022034098737520047,0.0019589881672033016,-0.000571387154715497,0.002659867751491962,0.0024215874595832076,0.003410882507921542,-0.00020817851694165945,0.012883514899789228,0.0009283334925247466,-0.00011507936507948457,-2.0833333333358794e-05,0.00387983402202674
2019-09-18,0.0015859975302150442,0.003382430813025694,0.004888332387069649,0.0,0.0022107032696316864,0.004502004536050874,-0.0034616886144533954,5.904681286250657e-05,0.002277108932948524,0.005618679591595566,-0.00011507936507915151,-2.0833333333358794e-05,-0.0014736934427658221
2019-09-19,0.0042754784615066654,0.003370956307950701,-0.00518875481851544,0.003049322154242695,0.0035294679757080782,-0.009728862590366094,-0.0015418062836310975,5.347117951748359e-06,0.0033563847454034512,0.0005885937722653889,-0.0001150793650795956,-2.0833333333469817e-05,-0.0006110370650318497
2019-09-20,0.0020495384722940546,-0.0020159802593323617,0.000815096936752191,0.0007600583149283135,-0.002784177694077461,0.0043050703982803196,-0.0026362110410406148,5.643388243159464e-06,-0.0022770363633369817,0.010465147157497023,0.005805534631107667,-2.0833333333469817e-05,0.0013917886456853434
2019-09-23,-0.009126594973907887,-0.009089263055536034,0.006188817352815512,0.0024682002951375015,-0.009845779671051047,0.00923282537565151,0.0003057874665408633,-4.7952659470551495e-05,0.0027016656311935616,0.0029965456115839118,-0.000703435018045151,-2.0833333333358794e-05,0.0019374824276319202
2019-09-24,0.0020645986412142214,-0.0033972966932650506,0.0,0.0003787604094767083,0.0,0.00032671290457497726,-0.010306963910024614,-0.00010153815992730575,0.0031260064112859087,0.007074162735093648,-0.006004543752157088,-2.0833333333469817e-05,-0.0005151022365216251
2019-09-25,-0.008874665584661878,-0.012101745797961305,0.0019423997284737649,0.0020825740756402755,-0.008904738544513235,-0.0010887316276538828,0.00022541902962269766,5.911164375893563e-05,-0.006145453411226076,-0.004607981134018391,-0.0007073861441646567,-2.0833333333358794e-05,-0.0003090881012227653
2019-09-26,0.010393468013765172,0.01311244784523602,-0.0017769909586046184,-0.002078245974451165,0.00898474535276872,-0.005449591280654031,-0.001561584720692677,5.896736995159024e-05,0.007035454624882975,0.005781202953595077,0.005812435971801699,-2.0833333333358794e-05,0.0006654237625871584
2019-09-27,0.0018987991209373778,0.0018734435562453022,-0.0012946510750670992,0.0009466327867340141,0.0013357392414528046,-0.011945232234588987,-0.010508653370803978,-4.7952659470551495e-05,-0.005278582760482098,-0.0012747510668693618,-0.0036506548193185884,-2.0833333333469817e-05,0.0012277114120042842
2019-09-30,0.004106774661669865,0.0008500655925152145,-0.005347675754284742,-0.0009457375205892404,0.0019269988207386568,-0.009760412634494231,0.0009179632333657928,-4.795265947044047e-05,0.00485901209667694,0.00503762654734774,-0.003071826636875552,-2.0833333333358794e-05,-3.008899241652152e-05
2019-10-01,-0.0125849319390261,0.007472607777436746,-0.0003258794007199306,-0.003218515364547092,0.0056209909114899315,0.008512585937507922,-0.005867209852813193,2.7002445294632693e-05,-0.003988540076265368,-0.0005481901415058665,-0.014242275471824772,-2.0833333333358794e-05,-0.0005604140439866567
2019-10-02,-0.015293369272540991,-0.017700525448451687,-0.000977884003348417,0.003418827415284431,-0.03000869872252976,0.01266099852265623,-0.009815571277260737,5.561025289146926e-06,-0.013077124926245687,0.0013295618540007936,-0.019795021551927583,-2.0833333333247772e-05,5.8293861880054365e-05
2019-10-03,-0.0009712277974555095,-0.015617024606612295,0.006688590082685852,0.0037857242012866443,-0.0006066354837803711,0.00603202464754693,0.010205314002845522,-4.795265947032945e-05,0.005575743482012729,0.005727261831439678,-0.001369957458824067,-2.0833333333358794e-05,-0.0009494399176502855
2019-10-04,0.009230998971617943,0.002266558010951991,0.0012963293692787037,-0.000754325276317136,0.006524978148780836,-0.003924534649345279,0.00854133591474504,-0.00010145582936249564,0.007719511105939603,0.0036138048902165654,0.008678646922319455,-2.0833333333469817e-05,0.0006556292614514625
2019-10-07,0.006258146671398457,0.007131756686995505,-0.0019423023565110498,-0.0001887011815555617,0.013568508926878664,-0.0044872896643507465,5.631113444382052e-05,-4.795265947044047e-05,-0.0029221935618172212,-0.0047232582348786245,0.006111649100998706,-2.0833333333358794e-05,0.0008005026311499464
2019-10-08,-0.011003181890904878,0.003108693772753135,0.00016217351971858918,-0.0015099843745373098,-0.015766769586789908,0.0010993843742745923,-0.01247076595833263,-4.795265947077354e-05,-0.009859592336380563,-0.0005098504268983284,-0.0081595191464503,-2.0833333333247772e-05,0.0003861397450204418
2019-10-09,0.004837180423054033,-0.007575684345870637,-0.0025939929964872155,0.00018902221700622945,0.0033247739627324524,0.0045025661443223175,0.00388076632904788,0.0001126649888238962,0.012349212835158996,-0.0023767546334498846,0.0030039299908031225,-2.0833333333469817e-05,0.0006678510967661477
2019-10-10,0.005295200718117732,0.011623770921582954,-0.00552647103430326,-0.003212950648750268,0.000301138052609895,-0.007980745266806255,0.0035195601255926245,-4.795265947044047e-05,0.002476608629661925,-0.009470498474443145,0.003616358800995201,-2.0833333333247772e-05,-0.0014598483027886688
2019-10-11,0.009417680496752068,0.018864543627656438,-0.008172667159618063,0.0001895956558455314,0.023490442013313295,-0.008485796781858568,0.008679518232298289,5.554994328971219e-06,0.006347945960978318,-0.005999435694729605,0.001743404327596343,-2.0833333333358794e-05,0.0007280681841876913
2019-10-14,-0.0042697229263498615,-0.006901059043420088,0.0051087369227147406,-0.0024644571012442107,-0.004266411129103531,0.007669182266631491,0.0025346775059329474,5.493459282801538e-06,-0.006750592934772648,0.004488533275202711,-0.0032070852359629143,-2.0833333333358794e-05,-0.0007518759036481137
2019-10-15,0.006828802766659647,0.007118697647768846,-0.0014756146267503878,-0.0009502307793938236,0.009603964764306694,-0.004301746618055713,0.006448565187286759,-4.7952659470551495e-05,0.004194330847245853,-0.004624872530219926,0.007949502048983037,-2.0833333333358794e-05,0.0014012162941294815
2019-10-16,-0.002839134585157277,0.0005048739812905101,-0.004761980655504705,-0.0009511345767442281,0.0010244196926243454,0.0002215710693769246,-0.0058734207867693344,5.43195841240518e-06,-0.0020459426995640406,-0.001978559099948596,-0.0007305192564822649,-2.0833333333358794e-05,-0.00012372757431333703
2019-10-17,-0.0036383316733477056,0.0015139297249986416,-0.00098983699459132,-0.0024752497720678113,-0.0038011164007188958,-0.004651691320705087,0.0016737565512505714,5.6255043421327144e-06,0.004829073997158151,-0.00406803564226299,0.002347839064095636,-2.0833333333358794e-05,0.0006705851744528424
2019-10-18,-0.004762444112722197,-0.012092913713078524,-0.0008256445172275528,0.001908804959033672,-0.004989718796025389,-0.002225436711732365,-0.007852913395705041,-0.00010152028306342764,0.0018099014951398207,-0.003312081055748317,0.0035705185636898396,-2.0833333333247772e-05,0.002785479843003591
2019-10-21,0.0019143590375312325,0.004250395013654984,-0.006611870982127455,-0.00019049866773568347,0.005014740943166673,-0.0016728002448759272,0.004683468788423628,0.00011250131802031937,0.002233487490008512,-0.002880149299819945,0.0029450529929808678,-2.0833333333247772e-05,-0.0003485329386995195
2019-10-22,0.0006366242543236478,0.0,0.005823679978399499,-0.0007622307183068333,0.0038156200165426757,-0.00011174778790157269,-0.004805396444639398,5.542978749994987e-06,0.0020147434126303043,0.0025836308535402974,-0.00011507936507948457,-2.0833333333358794e-05,0.0010469131918893204
2019-10-23,0.0009549084180477951,0.00524791887618381,0.002150804324457356,0.001334853077504805,0.004093645525670153,0.0071500665720307666,-0.002343076622135176,5.456027241557138e-06,-0.0011776281145098322,0.0012860411264892235,-0.0013354451539774326,-2.0833333333469817e-05,-0.0008853537661276389
2019-10-24,0.008106703451223884,0.005220594173682924,-0.0009905484431054212,-0.0005712783476788941,0.004659309808522805,0.00820856840162243,0.00872993166724223,-4.7952659470551495e-05,0.005204111379291998,0.002903774508754786,-0.0007258897162598643,-2.0833333333358794e-05,-0.00013689571042119208
2019-10-25,0.006149353900597232,-0.002345588998154402,-0.0013218929897840237,-0.0005716957539141365,0.010724614826462586,0.005391091701273609,0.006524544311339975,-4.795265947066252e-05,-0.004559665441599581,-0.0008858438144998537,-0.002559814039046371,-2.0833333333358794e-05,-0.0012789393578891417
2019-10-28,0.00532797176204336,0.00822868310556113,-0.007280034870873475,-0.0034317730105981603,0.0028677482767034412,-0.009192343500894484,0.0058042408306557824,-4.7952659470551495e-05,-0.003303701324898878,-0.005147859733690585,0.005399409628687346,-2.0833333333358794e-05,-0.0009399407439018015
2019-10-29,0.002182697110155063,0.00349762286560229,0.0020000243023565734,0.000765201817874317,0.0,-0.002761210440233808,-0.005495071947564489,5.884376665177271e-05,-0.0024612410282431885,-0.00011507936507937355,-0.00011507936507926253,-2.0833333333469817e-05,0.0006269108747221086
2019-10-30,0.0007773801479580289,-0.0016596347480511975,-0.002661301854318232,-0.00038230836588060146,-0.0028595478133893737,-0.0009968151398008773,0.004279883643816262,-4.795265947044047e-05,0.001595150908745513,0.004906139222700334,-0.00011507936507948457,-2.0833333333358794e-05,0.0030625234300361015
2019-10-31,-0.0060607800762216835,-0.007315330338051207,0.007671836600114945,0.0034423648058619083,-0.00043012688861054915,0.007095370747297602,-0.003966519435907423,-9.590178178575659e-05,0.006520452415463174,0.006003042624811217,-0.0031421986098671972,-2.0833333333247772e-05,0.00041036306366537545
2019-11-01,0.007505583251993686,0.00887636119576718,-0.00695146125264734,0.002286946176655924,0.002581950459970006,-0.0005504183031285192,0.008515894502784338,-1.0405253354273114e-05,0.009656508676773923,-0.001994028764882083,0.007239556784810475,-2.0833333333358794e-05,0.0006878639447236434
2019-11-04,0.006363185020281881,0.00962821978459183,-0.002166711630996021,-0.0020915915444864597,0.008871074078772079,0.0,0.002588289039630709,1.0984276291647888e-05,-0.004504168663515884,-0.0011926847400610674,0.001118580645151912,-2.0833333333469817e-05,0.001460297767329477
2019-11-05,-0.006631538269848192,0.002301727151508892,-0.0023384657405542963,-0.004382667623975434,0.0,-0.01178545205342052,-0.001935176213699763,-4.254996996533311e-05,-0.00747612844472012,-0.003025048262883745,-0.0019135830978179724,-2.0833333333247772e-05,-0.0018149667709312922
2019-11-06,0.004191922423621763,-0.0006562064518015331,-0.0028458950524903326,-0.005167454718036701,0.002269269618276226,0.004012456015333621,-0.0017709780772223738,0.00011786842053940205,-0.004981719568293519,0.003210510013484935,0.004761928070694754,-2.0833333333358794e-05,-0.0009214401904364955
2019-11-07,0.0026280725780882808,0.003775488840963792,-0.003022311485151641,0.0019238609022513842,0.002264131693013649,-0.012766430013144037,0.004604914850441455,-9.611852396163023e-05,-0.003511017689152407,-0.0069779722323893845,-0.006137260658290122,-2.0833333333358794e-05,0.0033587822278167145
2019-11-08,-0.003546402056953446,0.0021261496290154724,-0.0005052832531442508,-0.0009600833842399181,-0.0018352772528730243,0.00326101928918221,0.003246712035481991,1.1029124616923625e-05,-0.0003096125645610792,-0.0007219852434533491,-9.523809523825921e-05,-2.0833333333358794e-05,-0.0009281534632833432
2019-11-11,0.001547384139663155,-0.001631949080111661,0.00219066767131304,0.000961006030161693,-0.0024046768057802703,-0.011432427782420262,0.0029853955295737755,-4.254996996533311e-05,-0.003737780392174095,-0.0004640187061605294,-9.523809523814819e-05,-2.0833333333358794e-05,-0.0010960278317148076
2019-11-12,0.003090147693814771,0.0027786732502457223,-0.0038669486321410984,-0.00115208174936976,-0.0014179299900076714,-0.00340136054421758,-0.0010084917889381373,1.0891342809848936e-05,-0.0009554520244287046,0.0032257582100507776,0.006591587259296761,-2.0833333333358794e-05,-0.0007942125583970672
2019-11-13,0.0,-0.006357095629570764,0.008438731607721017,0.0011534105726400679,-0.001277816786308783,0.0044368878430745,0.0004035047012196369,-4.2549969965444134e-05,0.006577209870054945,0.00141295126031582,-0.0013029593860862665,-2.0833333333358794e-05,-0.0002909523651376533
2019-11-14,-0.007547426619057163,0.0,0.005188403679350584,0.002112073575018636,-0.0034119750322316733,0.0031713531719821386,-9.523809523792615e-05,1.0880856360584445e-05,-0.0018057339690720209,0.0013367211337680374,0.0005091773989784887,-2.0833333333469817e-05,0.00032930138296460854
2019-11-15,0.0038800696635652443,0.006889816229854073,0.0,0.0009580598912604099,0.004992767209180737,0.00011287748059141123,0.005385544201108372,1.089581228486125e-05,0.008257767061667476,-0.00046196089878447477,-9.523809523825921e-05,-2.0833333333247772e-05,0.0022151310033775573
2019-11-18,0.0026280725780882808,-0.0016290113295570618,0.0011653476199628976,0.004211300931165063,0.004542326767554394,0.0013547214084086434,0.0013913940913732326,6.429518486172903e-05,0.001391541101414484,0.000271619243260357,-0.0013032220738262712,-2.0833333333358794e-05,-0.0001182224539725274
2019-11-19,0.0009255391181106631,0.0027740686613115795,0.0004989808754496394,-0.00247808080581291,0.00353268748168567,0.0023675034790726635,0.00023463421410507834,-4.254996996533311e-05,-0.0007315540638034301,0.0017381640052429592,0.004744413080295384,-2.0833333333247772e-05,-0.000592767809163175
2019-11-20,0.00369720991609368,0.0,-0.0006649016747745096,0.0013376590383653575,-0.0029570853480666015,-0.00123717873820961,0.0002348353623775612,-0.000256156463270929,-0.000519487285815412,0.0011859956797932725,-0.001901657238252863,-2.0833333333358794e-05,-0.0007752930761391053
2019-11-21,-0.003990630034864551,-0.004231259867215065,-0.0009979044972734386,-0.003435047678258085,-0.0025419187958616307,-0.0012387112454251836,-0.0022383035959887554,6.433712593745256e-05,-0.004341516272624801,-0.001959596661353036,-0.0019048096900361466,-2.0833333333469817e-05,-0.0003983443504749218
2019-11-22,0.0040066189688598985,0.005556719362979523,0.003662936010216944,0.003255404276084173,0.004672086314717605,0.002931531755966832,0.0005654096982168344,0.00011785764524385733,-9.523809523814819e-05,0.0040067098247014155,-0.002511906942451625,-2.0833333333247772e-05,5.4828571412590676e-05
2019-11-25,0.00644686318076082,0.007963537704148038,0.0029859156434495215,-0.001145264772054233,0.008596551805076569,-0.004834162780178564,0.008488754189183378,-0.00014938305661971185,-9.523809523803717e-05,0.006433942335053233,0.007778899360943559,-2.0833333333469817e-05,0.00012405390891490065
2019-11-26,0.00610017754354697,0.0020961860194237403,0.0009925887642678877,0.002866490328943705,0.00782435019723926,0.0030501719044258024,0.002932223875938611,6.43250482887936e-05,0.0024633934725841744,0.002079079222526481,0.0005056611623515117,-2.0833333333247772e-05,0.0003994413966346144
2019-11-27,-0.0003033804198782075,0.005631279196263161,0.0019828394846761466,-0.0013338356114847016,0.001247852452613607,-0.0034914253134968876,0.0034127595089963325,0.00011755985940298253,0.0026693895487308605,0.0011701615975177049,0.009514421237398096,-2.0833333333247772e-05,-0.000550372129161536
2019-11-28,0.0018198880528972339,-0.00031995019035180317,-0.001978915612662502,-0.00019088042824166873,0.0011076933441140913,0.001469244813408599,0.0,0.0,0.0,0.0,0.0,-2.0833333333358794e-05,0.001250401126887235
2019-11-29,-0.0031784672958909965,0.001440442438068068,0.0013216712700607758,0.0005725686126840657,-0.0006916465211135314,0.005755599550402168,-0.0030220151057459566,-0.0002025657100521716,-0.007306058719690256,-0.0038510556888935454,0.0034740410552838163,-2.0833333333358794e-05,0.002599697957776703
2019-12-02,-0.013665595871560243,-0.006712258903411095,-0.001815037687994292,-0.0036238896233394824,0.0029065164572168456,-0.00785457798936151,-0.0059410679266499455,0.0001017242626899506,-0.009708503746514219,-0.014269102828565972,-0.004837351037745519,-2.0833333333358794e-05,0.002263719845571055
2019-12-03,-0.011545322526584911,-0.027192588314212895,0.0018183380400664806,0.003254249318288993,-0.024840970846066512,0.005202415202930855,-0.0015735181625928796,-4.254996996533311e-05,0.0009830239601653634,0.005126353351143642,-0.0030731228505685992,-2.0833333333247772e-05,0.004522669026766568
2019-12-04,0.010434281121162625,0.0033080245965395605,-0.00032970490635875205,-0.002671234210285367,0.009481790718880445,-0.00236270883751033,6.942997353909242e-05,-4.2549969965444134e-05,0.005722516070290062,0.0009287731071567773,0.004086275657319005,-2.0833333333358794e-05,0.0005408997438265395
2019-12-05,0.0023122164320563687,0.0059347835102574464,-0.00016516524055076864,0.0005739013634058487,0.0033647735264539236,0.0021427352574150405,0.0025360841020984903,-4.254996996533311e-05,-0.0005236865089273124,-0.004480001680603252,0.0004993542427091935,-2.0833333333358794e-05,0.00046122889779809384
2019-12-06,0.011686854555256643,0.01606026555495177,-0.0024764848035061515,-0.0007648540928448799,0.008383265162702491,-0.00866526151635083,0.004826024020458508,-4.2549969965444134e-05,0.00526261255099203,0.005410120057421919,0.004066733757602359,-2.0833333333358794e-05,0.0026192282279418055
2019-12-09,-0.0028880217652053064,-0.003064522952194393,0.0003309831873719027,0.0,-0.0026325660652464222,-0.0017028039033121223,-0.002380835674243631,1.1028822145986439e-05,-0.0030796723650645674,-0.0013726476592609282,0.0016808913070696097,-2.0833333333358794e-05,-0.001694851019960586
2019-12-10,-0.0009144813935401119,-0.01035436391897726,-0.0024818115685159015,0.0,-0.007502183420738606,-0.0018194639261692735,-0.0009131351446355351,1.0916682340100792e-05,0.003753477603110733,-0.004664140474051837,0.0028595387368433034,-2.0833333333358794e-05,-0.0005884161806669619
2019-12-11,-0.002441140292399946,0.005231279191983962,0.0034832994959483887,-0.001148113691997077,0.0005599320995091084,0.00706312633088535,0.00023251128015533418,-9.60061258757916e-05,0.00948946239893167,0.002989043716729256,0.0016728607086748948,-2.0833333333358794e-05,-0.0003131974606962462
2019-12-12,0.007035383223471081,0.010408459135581971,-0.004297608938435116,-0.0005746710120356768,0.008253935842136073,-0.0029411488528703345,0.0036693799037763597,-4.254996996555516e-05,0.0007484452058601487,-9.523809523837024e-05,0.0034342633098074504,-2.0833333333358794e-05,7.277156224283488e-05
2019-12-13,-0.004100561405671832,-0.0037019593041077714,0.0019921300837926204,0.0,0.0012489674295383946,0.0028363965631403865,0.0033296128682587245,0.00011782458711673272,0.0058070451546243795,0.009568202065767473,0.0016631925012049464,-2.0833333333247772e-05,-0.0009917775265697593
2019-12-16,0.011743143351712115,0.012116298520028268,-0.0011598519313995581,0.00191685429695454,0.0092849205743597,-0.00011317639815655589,0.00624286913858918,-9.601053530994275e-05,0.010152155910956306,0.0007025856561087007,0.005756096931107901,-2.083333333358084e-05,-0.002022274826363857
2019-12-17,0.0009039667857313471,-0.0009577575626319446,-0.0006635421428642374,-0.0007652930436512495,-0.005629521344741706,-0.0033944331765510816,-0.0002563705883630307,6.444293671492574e-05,0.004122324136138333,-0.0019426076269237758,0.003977037858168497,-2.0833333333247772e-05,0.004081226300528096
2019-12-18,-0.0015055902217749884,-0.003994174132790573,0.0016598825706761744,0.0,0.004832822033673967,0.0005676657662685436,0.0031352840740939136,-9.605079113272907e-05,0.0007448089983990158,-0.0016921449533491284,-0.003571459608787575,-2.0833333333469817e-05,0.0001714547135331923
2019-12-19,-0.0007542049338613577,-0.0025666518265815563,-0.0038112033205784934,-0.002488993168803577,0.0012368024586975057,-0.001134687409339863,0.006570470476882306,0.00015027360760133668,0.00011447676975273602,0.0015404597578732027,0.0004858722008449501,-2.0833333333358794e-05,-0.0006180562498434572
2019-12-20,0.007094437497250805,0.009006225371502197,-0.00216238680483527,-0.0015354888569288905,0.0035685127757718593,0.003521568401773978,0.001994109355226259,-9.607417217616376e-05,0.006198169352044314,0.006582418181632965,0.0028103109473742727,-2.0833333333358794e-05,0.0020937377197698392
2019-12-23,0.008842799536614265,0.00031858961524910967,0.0030004993251988576,0.0034601400537244142,0.007795462692436361,0.004301548209135975,0.003400994599245255,1.098475538263699e-05,-0.004055892361647828,-0.0007804492836183119,-0.007627107379452491,-2.0833333333469817e-05,0.00023348321425031848
2019-12-24,0.0,0.0,0.0,0.0,0.0,0.0,0.0018550008067881318,-9.607417217605274e-05,0.0015789407643620468,0.0008429086396672947,0.0016557810848265575,-2.0833333333247772e-05,-4.0856982096992844e-05
2019-12-25,0.0,0.0,0.0,0.0,0.0,0.0,0.0,0.0,0.0,0.0,0.0,-2.0833333333469817e-05,-0.0037823891627026818
2019-12-26,0.0,0.0,0.0,0.0,0.0,0.0,0.003254196152755018,0.0001713605842563748,0.0026211999831402544,0.004481855380110034,0.0004876776076476741,-2.0833333333358794e-05,-0.0004748738323553381
2019-12-27,0.00029703150180671045,0.000637386015352126,-0.001994299283455736,0.0005747623601541907,-0.0025785613232307547,0.012285801655695483,-0.0002539055322995365,-0.00014951002283336567,0.0017799832484515221,-0.0016979196530899632,-0.0030073304678933654,-2.0833333333358794e-05,-0.0007206042219178865
2019-12-30,-0.012624495720020668,-0.012261216945743003,-0.005162259685214332,-0.0019146522663003873,-0.004625694377821454,-0.005121897017017929,-0.005978523648751732,-4.254996996555516e-05,-0.006334690883911032,-0.009178215308207394,-0.0021246258798390816,-2.0833333333358794e-05,-0.000206083612070751
2019-12-31,0.0,0.0,0.0,0.0,0.0,0.0,0.002943368069117991,1.0887667256653799e-05,0.0026253627184680273,0.0005369268070669619,0.001699066095051105,-2.0833333333358794e-05,0.00040648171191115523
2020-01-01,0.0,0.0,0.0,0.0,0.0,0.0,0.0,0.0,0.0,0.0,0.0,-2.0833333333358794e-05,0.00033411645906245013
2020-01-02,0.0,0.0,0.0,0.0,0.0,0.0,0.01058898963427457,1.1003967138600856e-05,-0.0019737831085063773,0.013092880272886243,0.0010988974926906536,-2.0833333333358794e-05,0.0003621892741607624
2020-01-03,0.010680105251169136,0.006771038336652602,0.008034914096139545,0.005563069880108351,0.00437391920460195,0.024622271964185538,-0.0015151565372453213,0.00017144619174547238,-0.0063687118011768185,-0.0022775840277133863,-0.001287949424122914,-2.0833333333358794e-05,0.002723299264893342
2020-01-06,-0.00684632688680209,-0.008647012247034569,0.005313615467448907,-0.002098465506763292,-0.006532269742095864,0.007864568221771062,0.002116992603676371,-0.0001495273576292977,0.003271924313264174,0.0018964229892599604,0.0022930330806194554,-2.0833333333358794e-05,0.003148116270900392
2020-01-07,0.0040463385186750855,0.01017627829610035,0.0,-0.0001911541829401342,0.008493140588679893,0.0065026551648659225,0.0035306873267493266,1.0972417373134036e-05,-0.0026120145145412943,-0.001654345928292389,-0.0006909960104123369,-2.0833333333469817e-05,0.0008275391488850037
2020-01-08,-0.00044799704234943505,-0.004956877529662451,-0.0023124379297448927,-0.0009560448226927365,0.0009508094532011402,-0.0029073028658788136,0.0043029939259717764,-4.254996996533311e-05,0.004530510058839088,0.00021713251608179718,0.0005008749590063033,-2.0833333333358794e-05,-0.0017266147503955942
2020-01-09,0.0010455100297863673,0.01590872669100496,-0.0028146220236175967,-0.003445000232258577,-0.00013576462547837398,-0.009827187457815856,0.003345972523738361,1.0936562026220287e-05,0.0015789407643618247,0.0035733752840014787,0.0010957143173728756,-2.0833333333358794e-05,0.001250863944068925
2020-01-10,-0.0022376395390681925,-0.002214483059513106,-0.002988543014916578,0.0036489445387168917,0.0016287274717983191,0.007525317041316093,-0.001498330459565267,1.0723401158818646e-05,0.002203138577127506,-0.00017299522486569074,-0.0006900622360720421,-2.0833333333247772e-05,-0.0003173689369748711
2020-01-13,0.0,-0.001743817471696274,0.0006662686186511557,-0.0013394507667898736,-0.0027100574803311517,-0.00801035232375924,0.008910698948048967,1.0890270404573243e-05,0.0067838888847415735,0.003404620507792888,0.0022856998064511025,-2.0833333333358794e-05,-0.0008760398160212457
2020-01-14,0.0014951051992209141,-0.0001588490994807179,0.0013311289526241055,0.0009580598912604099,0.003940127686965722,-0.006983876302441794,0.0018070914113785808,-9.597972430686053e-05,0.002182201360012348,0.0002535785233146459,0.00168650465342024,-2.0833333333247772e-05,0.001209791782984082
2020-01-15,0.0005971337424997003,-0.001905879412336553,0.003988821576373702,0.0013399635361965867,0.0016240986189637319,0.0004395872682005919,-0.00024961299406711657,0.00017113501013032995,0.0075479889175258386,0.001531731212103038,0.003461012286769982,-2.0833333333358794e-05,-0.00010670100861265297
2020-01-16,0.0014912835721245798,0.003182531207935879,0.0018208940128325857,0.0007647078877854874,0.0006756660218463217,0.0002196300159411635,0.0033021109772950474,-9.57964621773888e-05,0.004824713332299391,0.005358195294807189,0.005220904837496709,-2.0833333333358794e-05,0.00028229507740573645
2020-01-17,0.014152260854000565,0.0,0.00082620159525848,-0.000573115438948335,0.003240370843838214,0.007906888205656326,0.0014438090265984638,1.0706936457882676e-05,0.003372692949242584,0.004020472710583922,0.0010799540128776375,-2.0833333333358794e-05,0.0005845723213413478
2020-01-20,0.0033785271211648205,0.00967638513338498,0.00016519252461377754,0.000573444088608932,0.009152220239669884,0.004794099447139155,0.0,0.0,0.0,0.0,0.0,-2.0833333333358794e-05,-0.00018216014157157456
2020-01-21,0.003806099632325477,-0.005184536856232769,0.004328111936108714,0.002101180379158185,0.008935787908027626,-0.0048796355892802845,-0.0011711451962249653,-4.254996996555516e-05,-0.006193988441449805,-0.003083316059374619,-0.0024429744310683343,-2.0833333333358794e-05,-0.000290562126406102
2020-01-22,0.0027710854528562034,0.006001344040081014,0.0009945134147566481,0.0003813061284665409,0.0018505907267818422,0.0023973108616839323,0.002981436311964014,1.084836585540927e-05,0.0013366799410960972,0.0014417464944611602,0.004022551613247938,-2.0833333333247772e-05,4.050792841692186e-05
2020-01-23,-0.009016975320321308,-0.0037678139090280283,0.0009937456669133482,0.002858206187361878,-0.005673592237712133,0.004456979538128403,0.0018978790260677503,1.083789626399323e-05,0.0027640333283942553,0.0025518720199435574,-0.002438405431035462,-2.0833333333358794e-05,0.001759877726584147
2020-01-24,0.004109161369392655,0.0022061758742499826,0.004135530291919487,-0.001710017956366383,0.0057059655596198855,0.007359294148234552,-0.007288207974265992,1.0751538737974187e-05,-0.0019280670454108195,-0.005184197208314645,-0.007141694469911197,-2.0833333333358794e-05,-0.0010591177686790632
2020-01-27,-0.017392885680685644,-0.015566174316759218,0.001482530724517428,0.004758206631303663,-0.020319329778317075,0.0045122607027425765,-0.008881906899615655,-4.254996996522209e-05,-0.01376594692351818,-0.012901937018427567,-0.004234831184616095,-2.0833333333358794e-05,0.0007614172453325185
2020-01-28,0.010263187247030459,-0.001117789861803331,-0.002796368718813169,-0.0015154190752033614,0.0032323744828883783,-0.004705908464238129,0.0073697184662520066,-9.584104700788298e-05,0.011489394741675651,0.0042680269962336315,0.00406156245697975,-2.0833333333247772e-05,0.0016184562649876888
2020-01-29,0.0048591489620570805,0.009913549479279471,0.003629128698167561,0.002086920241633594,0.011276675775877987,0.0031162953902255097,-0.0022566575828486535,-4.2549969965444134e-05,0.0007227258836826067,0.005994469621834364,-0.001869269502172588,-2.0833333333469817e-05,-0.0013281971178046303
2020-01-30,-0.0074731067810522855,-0.016307692954915187,0.0,-0.0007573242845615447,-0.0131421912903682,0.0007498791719671161,0.0057062952626212304,1.0751538737752142e-05,0.00010908576993018393,-0.0013675037669683698,0.0004970071902528073,-2.0833333333247772e-05,-0.00016818315720668053
2020-01-31,-0.011514384376524522,0.008852337432611046,0.002301273500611156,0.0018947004761507014,-0.0036319726800183583,-0.003853603697337449,-0.009246829236723264,6.408276891045617e-05,-0.009288309604787992,-0.0126410175876841,-0.0042396214297496515,-2.0833333333358794e-05,0.0006036993418097047
2020-02-03,0.0016429119269421033,-0.009253481687696463,-0.0011479221685058993,0.0007563748113119662,-0.0062101748754949115,-0.003116229803337811,0.012759726054476728,8.57081250233982e-05,0.004028502185184246,0.0048304228784084025,-9.523809523825921e-05,-2.0833333333358794e-05,0.0018071710075255876
2020-02-04,0.012524074687452869,0.0053140798409405665,-0.0024628265950318307,-0.0009447539260676319,0.016709529362832543,-0.009917012057749086,0.020316089110209434,-4.254996996522209e-05,0.006475536380613267,0.0036005283734243942,0.007039082422766629,-2.0833333333358794e-05,0.0039599665802221296
2020-02-05,0.015902967933833168,0.01441630425970386,-0.005595717359008989,-0.0030263420277870656,0.013361696202455864,0.005552504720672147,-0.00851721943356376,0.00022443382911441212,0.005820859536042722,0.0019974718649675705,0.004627395285788927,-2.0833333333358794e-05,0.0008092617449051431
2020-02-06,0.0018847463323932168,0.012474291462139853,0.0013240181532232498,-0.002845734537304301,0.0025053895132975956,0.00627982782745895,0.005971476452829805,-4.254996996533311e-05,-0.0007037967393874744,0.00570654883585231,0.002254812638556869,-2.0833333333358794e-05,0.0009713044330412757
2020-02-07,-0.0008681364631316635,-0.0032752672905645985,0.0023142062854510925,0.0034246814576301965,-0.0051295543603264715,0.0031202531770260222,-0.003864026313106006,-9.59449176082261e-05,-0.005979935985985341,0.0018274673705160893,0.0010774205272459092,-2.0833333333358794e-05,-0.001634549890546455
2020-02-10,0.0027514246726851876,-0.00031282430794432603,0.00032978534331262743,0.0005687869675363721,0.005023737733017564,0.005899388686060325,0.009741104241602905,6.405886374216685e-05,0.0011295478160340267,0.009346242102805435,-0.0036083180178893004,-2.0833333333247772e-05,0.001072808296308514
2020-02-11,0.0037546617659556247,0.010799605764986175,0.0009890298623846938,0.0018950594989224356,0.01170752056232316,-0.008317325543291343,0.003951213627327199,-4.254996996533311e-05,0.0074479783269929545,0.00028521728757024967,0.002254812638556647,-2.0833333333358794e-05,0.0009150070843035873
2020-02-12,-0.0005757098937205773,-0.0003096452299171659,-0.004446492570139182,-0.0030263420277870656,0.0006501890834200719,0.004193574638776898,0.004232697674168895,6.421906797093868e-05,-9.523809523814819e-05,0.003287138148053703,-0.0012673422167660542,-2.0833333333358794e-05,0.0007117810289571924
2020-02-13,0.0,-0.0013939015116112285,0.004135530291919487,0.002086920241633594,-0.002079082299167201,0.005246775083854072,0.0045119421249930625,-0.0003090147093692819,-0.0007022561622624934,-0.0016483213975633237,0.004599346333779231,-2.0833333333358794e-05,0.002569183134083053
2020-02-14,0.00431836384430806,0.007755600306690091,0.000988378172033011,0.0005679255065176303,0.003906294030167512,0.006604188631922581,0.002863217682053776,0.00017081042834310445,0.006991499565460302,0.003547004350932026,-0.001263344911257458,-2.0833333333358794e-05,0.003597325038652288
2020-02-17,0.0024368666781380277,0.003539807714621368,-0.0001646035383264799,0.0007568944249116694,0.0036315742871690926,0.0010582010582012025,0.0,0.0,0.0,0.0,0.0,-2.0833333333358794e-05,-0.0006611017769774241
2020-02-18,-0.003002592326086795,-0.008742023381036024,-0.0011521954389793754,0.0009453799221896819,-0.008787857288817036,0.013530642487281863,0.005066873875326783,-9.597448677556297e-05,0.0021159900463203485,0.004440641730713235,0.0004892770658659895,-2.0833333333247772e-05,-0.001739095429779014
2020-02-19,0.011042263788333173,0.006498445777333162,0.001153524524675431,-0.001511215265489918,0.004041752609537985,0.0028160327924560136,0.008562667465210838,0.00011755310512451267,-9.523809523825921e-05,0.007054392387763508,-0.004770507511218214,-2.0833333333469817e-05,0.0027164875145115897
2020-02-20,-0.011347198604984343,-0.00968493060164144,0.003127617070452171,0.0032160800393665756,-0.004674685142105339,0.009880395215808413,-0.0018415106263810488,-9.585266644684953e-05,-0.0037060222645887153,0.001697960887720118,0.009299888943614887,-2.0833333333358794e-05,0.002984273981794683
2020-02-21,-0.0015784758666478327,-0.0037255698456697406,0.001476764950998799,0.0005657664368321491,0.00039149392423154517,0.00720906282183309,-0.009567759287939626,1.076316272663469e-05,-0.0013032562241221957,-0.0009529927582155873,-0.006494103141139185,-2.0833333333247772e-05,-0.0005879320657072862
2020-02-24,-0.036068013027347856,-0.032252825860862866,0.0008194493498037136,0.0015077076238851905,-0.04394898437545214,0.017382413087934534,-0.028489853222171457,-9.585266644696055e-05,-0.028315368687468534,-0.01704182346000538,-0.015903488510543684,-2.083333333358084e-05,0.0012375819157515178
2020-02-25,-0.019529324823992056,-0.0024152456004552514,0.0036017245756090333,0.0033872127603558067,-0.01036688766171967,-0.015075376884421954,-0.0176602645124464,-4.254996996522209e-05,-0.023949045012763737,-0.018131321742594797,-0.04530614967983504,-2.0833333333358794e-05,-0.003568156635970654
2020-02-26,0.004561538238170959,-0.01662352994313876,-0.0011419299636549196,-0.0016878891405429641,0.009235008526487842,-0.006326543068399304,-0.005952110050025383,-0.0002024389060133469,-0.00604524769328918,-0.0006751692767380524,0.007381232388292913,-2.0833333333358794e-05,0.00039305534023093003
2020-02-27,-0.030271090849503413,-0.03709180383400834,0.0040828492588671494,0.0016907429271693086,-0.03619225553136762,0.0035941672251738055,-0.0227315143307959,-0.00020263382954133213,-0.03686303253492795,-0.02613422510688712,-0.032253592436665035,-2.0833333333358794e-05,0.0017293781066032299
2020-02-28,-0.030903494612345872,-0.05675828422575768,-0.0029276606034617236,-0.0009376665062305056,-0.035284293244283726,-0.04328250109620335,0.0016498687363284414,-0.00041613029972176196,-0.020512377978701646,-0.005418498669512273,-0.03587776724407021,-2.0833333333469817e-05,1.2057778084439974e-05
2020-03-02,0.003865464956657405,0.011926354491900382,0.0055464239424576345,0.004317582669301823,0.013366683245049416,-0.004705908464238129,0.017837606369324188,9.667587551431822e-05,0.03116895015180532,0.0203530899372224,0.03834050621854823,-2.0833333333469817e-05,-0.000908404937645102
2020-03-03,0.02419735250767374,0.03857147033474195,-0.0064890645752765375,0.0,0.03217859209943663,0.025574951055784778,-0.00897367679249661,-0.00025656604810431194,-0.01151874565124189,0.006871144097328585,-0.005838541523695118,-2.0833333333358794e-05,-0.0011618583802514015
2020-03-04,0.017483102916959092,-0.011691979885402715,-0.00016345819308682952,0.0026168110681124013,0.00042132469222755375,0.0016764203112000775,0.014206097665304451,0.00011809467109080707,0.04168243737755084,0.014052226416272351,0.021085692728115335,-2.0833333333358794e-05,-0.0007546629278856187
2020-03-05,-0.01011514523021051,-0.01078609868603675,0.0016334004681450853,0.0024235667082670442,-0.009124036787166556,0.00240584497172458,-0.011405966810958512,-0.00014954110580200908,-0.029958828656957093,-0.004502455153295282,-0.013294403017998668,-2.0833333333247772e-05,-0.0015752372294978167
2020-03-06,-0.035372122010867924,-0.04854047173598408,0.0006520054627876526,0.006137250001906347,-0.036407490812982446,-0.007930685258006553,-0.0218784995491228,0.00022507095514612274,-0.012188399553719309,0.008642649175704786,-0.023662211831322,-2.0833333333469817e-05,0.0017264122385616254
2020-03-09,-0.0550845811584193,-0.054898346297915124,0.01450222195787676,-0.005175578321519048,-0.05277872422345142,-0.009151164505440956,-0.06529901903250301,-0.007530448528526801,-0.10136392085575319,-0.03028035146184238,-0.0835916956432643,-2.0833333333469817e-05,0.002675680469766073
2020-03-10,-0.00034513879072328724,-0.0064541377442628445,-0.008191460336705259,0.0016722082079074774,-0.006673849999859538,0.00010613119526281523,0.034009727770818676,0.0033122625685770846,0.017983111557807074,0.009859983911628678,0.005598744908792419,-2.0833333333358794e-05,0.003538713690864226
2020-03-11,-0.002415206840779671,0.0015750642110738955,-0.0024293245611515246,-0.0057502618579969855,-0.009843639498758217,0.0020167970101907517,-0.05263161639637626,-0.0034109292449885364,-0.05215079221492247,-0.015289587013806893,-0.044681221518588,-2.0833333333358794e-05,0.002185885418239053
2020-03-12,-0.10584541545418058,-0.08480760232662066,-0.005356982015306211,-0.01361939410545654,-0.1003629380255957,-0.03474574978068712,-0.1018960522208271,-0.018635705914171963,-0.13250470185099672,-0.03914263680816876,-0.1186137348134284,-2.0833333333358794e-05,0.00039419911839422284
2020-03-13,0.021275799114585325,-0.00837528183743741,-0.016157935814741675,-0.023642896871769792,0.003683586555682794,-0.0309482131576444,0.07604800218820507,0.012178907953852347,0.06379120843191366,0.026870424203605525,0.04024104692951669,-2.0833333333358794e-05,0.0014894030563965543
2020-03-16,-0.018939133927979412,-0.016351122754449277,-0.010119665001858902,0.02363419921797605,-0.024991389526887953,-0.01528878822197044,-0.0792968941830604,-0.00878454769666459,-0.1312562284846458,-0.002641455506873336,-0.09131208209555275,-2.0833333333358794e-05,0.0023958016310050567
2020-03-17,0.0285713547414006,0.004733852204548361,-0.002848856521705745,-0.014382993553764156,0.018103789033824702,0.03358253272804057,0.021976674903945614,0.003710138695097509,0.0598043802680952,-0.022945749824650474,-0.11736891599489985,-2.0833333333358794e-05,0.001271874202099399
2020-03-18,-0.019144092131583634,-0.02903476459725407,-0.004537813785570721,-0.010752732474586968,-0.028873388881279438,-0.020807846837686883,-0.07384326659475737,-0.01632492108238237,-0.0709898936738863,-0.01208818672971712,-0.1823117381929591,-2.0833333333469817e-05,0.001784330480770091
2020-03-19,0.046556462214040195,0.023922315343075873,-0.018402703365293815,-0.030279530052541914,0.031000659634996763,0.003295482288707463,0.0022070609605460145,-0.0021703883673412916,-0.005235530898190177,0.013454669507847905,0.16252579033262937,-2.0833333333358794e-05,-0.0007319541744048585
2020-03-20,-0.001654042341300066,0.024024535470703157,0.00859983707193912,0.02882307021484687,0.021980012320090392,0.007022257334277082,0.025445567397742286,0.00701257439666314,-0.013430107628097598,0.015082679922189923,-0.06359514884309092,-2.0833333333247772e-05,-0.0013339969597274681
2020-03-23,-0.05237873532754456,-0.08372792276292429,0.0008527720613267231,0.0,-0.05901578270318597,0.041502671721191486,-0.05942940525867957,0.0046083226550486245,-0.044406596697069034,0.011660598883360462,-0.13351966582250174,-2.0833333333469817e-05,0.0029775499659747684
2020-03-24,0.07773414506887377,0.07141175899711749,0.003407803995840064,0.01712068090121477,0.06710562091047545,0.05377968444165071,0.09983495317941005,0.010626269261178711,0.0942124526928938,0.012645393241598635,0.12398495571274748,-2.0833333333358794e-05,-9.95989578208567e-05
2020-03-25,0.021747190411671724,0.05262040722133232,-0.0030566449341566937,-0.0053558442785607285,0.019191216314918602,-0.008505828957572903,0.03472358101430606,0.0012835341539849665,0.042079506753180285,-0.006435210246179768,0.07545788107672724,-2.0833333333358794e-05,0.00298723087630437
2020-03-26,0.007804544482813203,0.02155781769374454,0.0025547368884653032,0.003846150319251729,0.03177530045592514,-0.004031032986111183,0.03714075055273902,0.00020034407718028113,0.06650932965821599,0.005092710911650755,0.11767497665153459,-2.0833333333358794e-05,-0.0033239711917039116
2020-03-27,-0.0105597441726899,-0.01875833407608196,0.006116407505009525,-0.0034482087684509777,-0.01466504349651987,-0.015151490199093898,-0.0037655886641212444,-0.0003094636759307656,-0.02767108022614928,0.003605803973750099,-0.022257891824035037,-2.0833333333247772e-05,-0.00176273482332856
2020-03-30,0.02152275739935705,-0.009558289868210945,0.002870653362352815,0.004421330808290325,0.01719845887340621,0.0007376314088844982,0.002977646053842653,0.0018445817613002014,0.011977114834126334,0.00556425586338638,-0.0524073065899362,-2.0833333333247772e-05,0.002391051749228046
2020-03-31,0.015845098220448994,0.03503612712020532,-0.0023575333042932245,-0.0001913736916752118,0.015444639990565223,-0.0017900517902287305,-0.010232531482398666,0.0021133235173127485,-0.011326732241812021,-0.0059572646567777054,-0.02714732031752598,-2.0833333333358794e-05,7.30827112638277e-05
2020-04-01,-0.011484483085618669,-0.031519118722184714,-0.005231930661311446,0.007465550249454278,-0.009766255821236247,-0.01244724450735113,-0.047215914636855705,0.00046051111965073055,-0.059186633539535904,0.0011476623568900113,-0.07848450820362973,-2.0833333333247772e-05,0.00019388191689406753
2020-04-02,0.007456124776138662,-0.008057720235816968,0.003562960918422231,0.0,-0.0008085051875612592,0.01847894420785723,0.018139100885618875,0.0006440173433985841,0.027664321245872037,0.0011857394802865517,-0.03026562319396664,-2.0833333333247772e-05,0.002174469753213115
2020-04-03,-0.0013836872384597187,0.010443913573561003,-0.0018596975820707184,0.0026600681995823106,-0.005016132210989288,0.008914525432616616,-0.011429554328922342,0.0007540334976294805,-0.02789764383744575,-0.00617506446524041,-0.04741715602208951,-2.0833333333358794e-05,0.0015571887369361104
2020-04-06,0.023034434303988105,0.03675107450228543,-0.00897708983212242,-0.0013265055046814966,0.02130441279344697,0.020582107892898938,0.036652503361860544,0.00030713770917589756,0.05946588856588808,0.013110895523032129,0.06671816144208864,-2.0833333333247772e-05,0.0016627066773065025
2020-04-07,0.006123709383039078,0.04088613440481992,0.0011964578661725067,-0.003415583671756428,0.009554247654034898,-0.005703784534083933,0.001076091530475276,0.0015276261902708033,-0.0032702014164355253,-0.007149243291594387,0.0919887728526656,-2.0833333333358794e-05,0.0010088200848514806
2020-04-08,0.0015212895663028192,-0.027670447411861532,-0.007340216101413444,-0.005902448847592057,-0.0009465383425805163,-0.004199996486195734,0.03235360350289529,-0.00013676182238608892,0.033592857412283905,-0.0008622221304441791,0.07749228175332812,-2.0833333333469817e-05,0.0016568684197146855
2020-04-09,-0.001181607734339396,0.034627022650202566,0.013413511657443644,0.007278228032635337,0.01215663153553348,0.014916161263413219,0.016816316408040155,0.0011883272827284408,0.04534099512098777,0.004180017932277957,0.09798312115640107,-2.0833333333358794e-05,-0.0008096358176884477
2020-04-10,0.0,0.0,0.0,0.0,0.0,0.0,0.0,0.0,0.0,0.0,0.0,-2.0833333333247772e-05,0.0007925222756164363
2020-04-13,0.0,0.0,0.0,0.0,0.0,0.0,0.024823118106610975,0.000798127108185609,-0.008498956783036693,0.0003170853085192604,-0.005733502854208594,-2.0833333333358794e-05,-0.0036494580910061414
2020-04-14,0.009295287505404204,0.007116634226779439,0.0033937749859374033,0.008556774633096564,0.012478608008990477,0.027772172199568068,0.010974321518265606,-0.00019077929238042746,0.020338829407356096,0.003180458755246862,0.03148300597524778,-2.0833333333358794e-05,-0.0003129470647599275
2020-04-15,-0.021433492890072348,-0.012222806175638978,0.0030442391266110036,0.0,-0.026806327887339165,-0.005719909066044138,-0.004459623895156084,0.0005219415274859696,-0.038352016386281385,0.0035998136988579787,-0.05929514016966575,-2.0833333333358794e-05,0.00010730362014887973
2020-04-16,0.014373743225613689,-0.006187274494357409,-0.004215244349793479,0.0,0.005540753633737072,0.008133318892826535,0.005774970292692139,0.00013786421321881903,-0.0070501607466940674,0.003158122429099963,-0.021688966890187844,-2.0833333333358794e-05,-0.0001089111328853587
2020-04-17,0.01889373386524995,0.02665379746075547,0.0035557967973647298,0.003582212247559058,0.014325820357574903,-0.020169224230211835,0.00998984990715468,0.0003017692207247791,0.03867557392244381,-0.0016274456794977965,0.020084783887150515,-2.0833333333358794e-05,-0.0018433606998147223
2020-04-20,0.01721831002681795,-0.0024637867127528246,0.005736313939756155,-0.007514552357132498,0.008071087956941447,0.0007028327690692393,0.0060209978170520095,-0.0001902515442367969,-0.025062946428319965,0.0051754469993146035,-0.03849721478368251,-2.0833333333469817e-05,1.0224307128936516e-05
2020-04-21,-0.02343735243457179,-0.025075831508766466,-0.004193956500349705,0.005867904102568655,-0.011239489471630448,-0.005619080597152326,-0.022527395736030797,0.0002468678892777465,-0.025705194786569074,0.0036784965490683774,-0.028753774702145907,-2.0833333333358794e-05,-0.0017049276638845257
2020-04-22,0.01666656855663029,0.01344512790629615,-0.0005052329944492673,-0.0003764267651186204,0.009498602672416201,0.016750732175517147,0.016130431120399136,-0.0006268627744073774,0.023733092590663363,0.005052018561524374,-0.0032035878528641204,-2.0833333333469817e-05,0.001255016447406776
2020-04-23,-0.0031147435080353114,0.018073268036846946,-0.0008427049025794275,-0.0050828221830899745,0.003393410379544326,0.015680874564270475,0.0009743783405624651,0.00046617320073649715,-0.010385216486109017,-3.571428571413904e-05,0.01267585647067504,-2.0833333333358794e-05,-0.0001507972408932856
2020-04-24,0.0009864799393757284,-0.0037770459916415255,0.002024257421261,0.0026489951502455256,-0.002152147531936932,-0.005862810100513038,0.010223120073405756,8.279378651709912e-05,0.010704329691633596,0.0037609731286558645,0.047035816933142405,-2.0833333333247772e-05,0.00042132257739413426
2020-04-27,0.012595500335216947,0.017440723039020334,-0.0015151260607731976,0.0062275889226197645,0.011554505521961245,-0.0027521611568050997,0.01627891763314393,2.835860177330396e-05,0.017022496079779126,-0.0011819046960900303,0.05191207205298465,-2.0833333333247772e-05,0.0041435511200997865
2020-04-28,0.010474646649718977,0.006148767072466699,0.001011467208488881,-0.0016878891405429641,0.006396543294886037,-0.006307868650608173,-0.006915186801840889,8.293413878379674e-05,0.012062393685107642,0.003024233255435549,-0.01523033558713116,-2.0833333333358794e-05,-0.0008653332620862653
2020-04-29,0.008822287057615785,0.017592629555665207,0.0033688478243119047,0.0030058746911709733,0.017403094624180993,0.0007934812371381827,0.018436293288642824,0.00019168495964549948,0.0162638790944587,-0.00327702831096377,0.05782374339045049,-2.0833333333469817e-05,0.0024457862524576157
2020-04-30,-0.019595366058179797,0.00891689979116106,0.005707499846440589,0.0009364370468250005,-0.016064308085264267,-0.007532185912723199,-0.0073228800778313285,0.00030098966370117886,-0.015539419170213398,-0.008834366377757807,-0.01735584212056618,-2.0833333333469817e-05,0.0032719602192565755
2020-05-01,0.0,0.0,0.0,0.0,0.0,0.0,-0.014506554389608128,-0.00017370570092134496,-0.02637284980227872,-0.003316434507779631,-0.046417902585475845,-2.0833333333247772e-05,0.0006242358877588394
2020-05-04,-0.027089375510295,-0.0568180026165408,-0.003505347301815287,-0.0007484487623111713,-0.027210861816161724,0.00039940420327067017,-0.0006987425603440789,0.0001921120908423557,0.010839744916338434,-3.571428571425006e-05,-0.02338192170087383,-2.0833333333358794e-05,0.00021245163079286478
2020-05-05,0.01867569183104756,0.026773444518417344,0.0001676747457612926,-0.008614232677953138,0.018648144674653366,0.004192465819733204,0.02019675226584461,2.8227817087111973e-05,-0.0003115021829335207,-0.0012748187561577584,0.025860522957455334,-2.0833333333358794e-05,-0.0005238656294666022
2020-05-06,0.006833294103801402,0.00502928521345769,0.0,-0.00018887939037637302,0.0054919520577143555,-0.005964214711729587,0.001752187290820828,-2.6341901449900007e-05,-0.021006961098237964,-0.0032534297539706936,0.01452745511902398,-2.0833333333469817e-05,-0.0016216261017114597
2020-05-07,0.001820822137887479,0.0053743081274229,0.0,0.005101067311602536,0.0016688615016196007,0.012400024414062738,0.014729587627906993,-2.634190145012205e-05,0.007010493263419404,-3.571428571425006e-05,0.025801750599972584,-2.0833333333247772e-05,-0.0008165950607359473
2020-05-08,0.006444296248846237,0.007926138466517685,-0.00016764663565438376,0.0015037399896691284,0.01438949283450719,-0.0019755037058178937,0.015154747547378111,0.00030075405903629004,0.01619708937494213,-3.571428571391699e-05,0.01582231066341877,-2.0833333333358794e-05,-0.002522690797706284
2020-05-11,0.0050892919873508635,0.010607163823014965,0.0,-0.0016892457291840524,-0.0007465296597256588,-0.005146488599945154,0.0040591240550964525,2.8151422876154797e-05,0.0002396178721000286,0.000547436802166068,-0.003708835721221271,-2.0833333333358794e-05,-0.0009565751993132476
2020-05-12,0.001960188093817594,-0.009590927369084956,0.002680344329785367,0.0,0.0034370113229791333,0.00039789432356651666,-0.012584422921175897,0.0001370284451795989,-0.01407752513956606,-0.00022991600948396584,-0.003722041841218049,-2.0833333333358794e-05,0.0015633080496193497
2020-05-13,-0.00815128334349502,-0.01668595852722421,-0.0011694742618972853,-0.00018799164589167194,-0.009233050045365121,0.007955449676039006,-0.009884931902990779,0.0001369561093473859,-0.01679080076364181,0.0046297420167475956,-0.03611363159105996,-2.0833333333469817e-05,-3.33802557364038e-05
2020-05-14,-0.018737688097185123,-0.032497147102786283,-0.0008363697945809045,-0.00470094382915498,-0.02179475956316601,0.010655139195205443,0.002708289201734715,-8.083584373874686e-05,0.00621272463330147,-0.0004225942943461014,0.01531930873293641,-2.0833333333358794e-05,0.004405320026880544
2020-05-15,0.007872431687480308,0.021410316453664313,-0.0005020934542693256,0.006612477980178166,0.005070773371233406,0.007418952952763291,0.0028278792993960966,8.259095946772099e-05,-0.0039873377475444505,-0.00022933176304196223,0.016032241101448408,-2.0833333333247772e-05,0.001374061434011642
2020-05-18,0.022104488822570323,0.021154038160108746,0.0028470216650406943,0.0,0.03088210670369862,-0.012984519781068293,0.012727577239766807,0.00013677442258419603,0.04473625569217354,-0.017228211843732022,0.030661891239605943,-2.0833333333358794e-05,-0.00012317437684328247
2020-05-19,0.0019508600958764166,0.01205283065501872,-0.002672064717353928,-0.005255232276433763,0.004300821024466606,0.009817396661773392,0.003429829438234666,8.245662012917876e-05,-0.013868119603627327,-0.0007449424383125791,0.017112387239876403,-2.0833333333358794e-05,-0.0008638162930476589
2020-05-20,0.0060049489728215555,0.009304081641246187,-0.002511605191913291,0.0033961600754877086,0.016833903500582226,-0.0025276838884390473,0.012680000159712268,0.00029961637193642865,0.013715503697650178,-0.004490972359641798,0.013274096098453203,-2.0833333333469817e-05,-0.000734577422982774
2020-05-21,0.0,0.0,0.0,0.0,0.0,0.0,-0.003291099883567683,2.7919522438413225e-05,-0.006004199034067459,0.0029344195839091647,0.020104496979310493,-2.0833333333358794e-05,0.00137975099298826
2020-05-22,-0.013550795825978512,-0.010324616409621346,-0.00016774282411757824,0.0005641706449424078,-0.009875013774860997,-0.0019493177387914784,0.007740566605394461,-8.059251460179606e-05,0.005422714109712734,0.003715642135320607,0.007689623759330022,-2.0833333333358794e-05,-0.0015227037839253832
2020-05-25,0.01586245071417136,0.021236850696162213,0.0021824374105574584,0.004134530268360859,0.01760058643174256,-0.00039064884185791016,0.0,0.0,0.0,0.0,0.0,-2.0833333333358794e-05,0.002568618656920485
2020-05-26,0.0004830270782538726,0.005107615361248818,-0.006701277201554667,-0.00018714720810208973,0.0017295926896871983,-0.01582644739963157,0.010920662016309368,8.205321227805484e-05,0.03335223453944902,-0.012230903625078837,0.041701651106405224,-2.0833333333358794e-05,-0.0004442589409232589
2020-05-27,-0.015929245763625532,0.00943727115607973,0.001349252573768167,-0.004679913016047754,-0.02028790069277897,-0.004963271668479652,-0.00461492181156975,0.0001906940371054766,0.013097774712734545,0.004623705801457767,0.013864671109071969,-2.0833333333358794e-05,-0.0018859201810020876
2020-05-28,0.022890947231935188,0.007371393136271331,0.000505446699913481,-0.0009404014525912219,0.026729355927151977,0.007182712486548226,0.002418334631413721,0.0002447178183542231,0.0048903811645626405,-0.006457209269167485,-0.023422870886393166,-2.0833333333469817e-05,-0.00019500758314894284
2020-05-29,-0.009590612922561248,-0.016598083849281298,0.00134667916578457,0.004518104058762296,0.0005721079356073577,0.0037639153328221653,0.004553439316512087,-8.053562048238039e-05,0.00744617197366515,0.0017594980654480619,-0.006641798197247972,-2.0833333333358794e-05,-0.0009667224123832696
2020-06-01,0.0,0.0,0.0,0.0,0.0,0.0,0.015603952145976763,0.0002828226578803772,0.01968277142655217,-0.004018148973880198,0.020745703823838557,-2.0833333333358794e-05,-0.0019727945223706467
2020-06-02,0.011942789536315779,0.024682479892763398,-0.003698536296487198,-0.0007496602222456517,0.0037169669299206287,-0.0009867771619386234,0.010650471528477645,0.00019045943462225878,0.018547879543518775,-0.007232673706795478,0.008107593226098553,-2.0833333333358794e-05,-0.002354775131318876
2020-06-03,0.01722503545495746,0.016648975545284106,-0.0037125656182219746,-0.004688600819136801,0.02164931599423614,-0.020051410844121653,0.01310627028213629,-0.00035127246275601376,0.025358679601032996,-0.012198542696757797,0.02500459839664848,-2.0833333333358794e-05,-0.000522728280903495
2020-06-04,-0.011445568106817405,-0.002439019582750168,-0.0030488796572959442,0.00018841671199609777,0.0006969898897128957,0.004838271289433482,-0.010369119584757724,0.00046144516609980535,-0.013500407676061421,-0.004031280242645319,0.0031163971385061995,-2.0833333333247772e-05,0.001106356203148362
2020-06-05,0.007612705701294686,0.013971310199837772,-0.0028879853945265044,-0.001507139576288563,-0.00027867810251880343,-0.014344516479002145,0.017440657803280857,0.00029831883792486025,0.017999726345567124,-3.571428571436108e-05,0.0015355320844010478,-2.0833333333469817e-05,0.0005886517561017879
2020-06-08,-0.00047168228143412705,0.007922699442558745,0.0010220767057043112,0.001320748911416647,-0.0036229853576481563,0.00407083258638874,0.01583014126505189,8.176640083479292e-05,0.023426289594630445,0.005694840605967588,0.05408185704395785,-2.0833333333358794e-05,-0.0034759357332868612
2020-06-09,0.000471904870600115,-0.007860423668343386,-0.004255273532322468,0.0013190068345758643,-0.006993161856896357,0.005372034217796751,-0.004477461093512103,-8.027303500501848e-05,-0.021322293364545386,-0.0008495771149322762,-0.014916571363289721,-2.0833333333469817e-05,-0.0029685243850288145
2020-06-10,-0.003305288414630736,-0.010161789094989548,0.00017088677651733164,0.0009408425821852973,-0.002394208155355515,-0.004738393075257474,-0.0010430694074492486,0.00013555973953605083,-0.01294217995207736,0.0024082947614048056,-0.03704480170995983,-2.0833333333247772e-05,0.0030065369156548893
2020-06-11,-0.030164432600708335,-0.025230784800660766,0.013843860429217925,0.0026321519861804976,-0.026401352068539108,0.008407605034782106,-0.04354509376653615,-0.0004583306853301883,-0.059841801153816765,-0.002879980812581895,-0.06042791178361395,-2.0833333333358794e-05,-0.0010554608552921785
2020-06-12,0.0024426547433891166,-0.008746785518547351,0.0006742477292924764,0.0005624943670090587,0.003045262134153015,0.007132069900489757,0.019545459731939774,-0.0001344598608541414,0.008462773982192973,0.001186518052477492,0.045039280450937635,-2.0833333333358794e-05,0.0019127003895744732
2020-06-15,0.002924123816074653,-0.018908737586556756,-0.0005052329944492673,-0.0009370529372353387,-0.0014456505570085154,-0.006782353838573396,0.012964411998327652,0.00046062377593925063,0.013884294321572899,-3.571428571425006e-05,0.00715287321843272,-2.0833333333358794e-05,-0.0005502286292838887
2020-06-16,0.01927430429557786,0.049008917347951764,-0.004045177893487351,-0.00018756847658185638,0.02374391336543047,0.0017071823939251995,0.01615239019981285,-8.031311795719809e-05,0.005313195097692791,-0.0020705331605145316,0.003929313292192038,-2.0833333333469817e-05,0.00030859910249647626
2020-06-17,0.01779774707174875,-0.010673561088175076,0.0,0.0013133151186905945,0.011030972560258423,0.0009022801143485637,0.0036384164823586307,0.00018973811105138516,-0.002822403076274682,-0.004073333155246162,-0.02057277402990776,-2.0833333333358794e-05,-0.0004963681541776399
2020-06-18,-0.003122682462739945,-0.00017705614695739946,0.0025385330339924295,0.0024358275631002346,0.0002799618369020429,-0.0028045360172826994,0.005025550212899965,8.151095299324673e-05,-0.0018139227334811325,-0.0033523762224577647,-0.0048743123580383685,-2.0833333333358794e-05,0.00018601316964050874
2020-06-19,0.006264772981001476,0.0038917739631114667,-0.0010128121333815576,-0.0014953078777155682,0.00139834475699252,0.01185219879217092,-0.006864390182152236,0.00013548745191283018,-0.013525508675623854,0.005428349485542716,-0.002466739386398409,-2.0833333333358794e-05,-0.0019279917921617429
2020-06-22,-0.00809367072448719,-0.010396360985683417,0.0008447658764947352,0.0009360004555929446,-0.007540945903213747,0.006551494367668109,0.014432086698810798,-0.0001880751343129594,0.0074463113808578285,0.0031106994318435,-0.009784177056267773,-2.0833333333358794e-05,0.0005819744248014569
2020-06-23,0.006433511934361924,0.012464362220857561,-0.002532532950783928,-0.00018700719991093795,0.00773893636458256,-0.0013806946884244997,0.0019410062035443154,8.169650088896141e-05,-0.002596378059705695,-0.0024798312885312424,-0.005778280280811399,-2.0833333333469817e-05,-0.00019548712566008764
2020-06-24,-0.017773792259308197,-0.016707764461731722,-0.002031185380630074,-0.0013093844421403489,-0.015638157959157573,0.006320387683556028,-0.02117444375408195,0.00040493048087908434,-0.024939705601057516,-0.0035881505983967887,-0.025612976085784944,-2.0833333333358794e-05,0.0022969708318170134
2020-06-25,0.0,-0.007512208312835056,0.005427593868269964,0.0022475382244493414,-0.003971551616609781,-0.005299337010856275,0.013352900350945163,-8.012773452437116e-05,0.001280867817091913,0.0029150025845905425,0.013512147076427672,-2.0833333333247772e-05,0.00015139856698631604
2020-06-26,-0.002380849494467041,-0.005406229544741237,-0.0023617583536718056,-0.0007474696708031914,0.009398965123699643,0.0049329125102925975,0.008773049290515589,-8.018899276085456e-05,-0.0147609810469701,0.0013941005811983764,-0.01089623883758728,-2.0833333333469817e-05,-0.0025333728813892176
2020-06-29,0.004614239611451687,-0.004711054250999935,0.00033822492062207665,-0.0013091395778220827,0.00522011812438139,0.004123318582071933,-0.014963132863698436,0.0001351300400187494,0.013308272890832473,0.0008210146425711162,0.013477819997596452,-2.0833333333358794e-05,-0.00020657894209652472
2020-06-30,-0.0014252791813109678,0.014199983720706522,0.00033811056320365296,0.0016853603495805558,0.0011226965880173356,0.004106386641726578,0.014402862997444643,2.7635757399613325e-05,0.008392055142683708,0.004407619034294097,0.01246418619580325,-2.0833333333358794e-05,0.002001294554187627
2020-07-01,0.005709647248764327,0.0075390264779817695,-0.0045625001592555225,-0.002056488399636791,0.011636143594394577,-0.013437183829570487,0.00992321787190531,-4.785478258440001e-06,0.0030981678333286133,-0.0064884298667136076,-0.014060424171465802,-2.0833333333358794e-05,-0.00022891560643423237
2020-07-02,0.0036272444273826032,0.011936498930575024,0.003395228731297939,0.0029974281343043696,0.004018831486591878,0.008882747622945164,0.009042140411108956,-2.634190145012205e-05,0.01141972235475075,0.0005361148475835353,0.0008263492452538213,-2.0833333333469817e-05,-0.0015971293107965856
2020-07-03,-0.002042656814331245,-0.003521151698199998,0.0005073696910762315,0.0009339025691850189,0.0034507701295241056,-0.002543569350463959,0.0,0.0,0.0,0.0,0.0,-2.0833333333358794e-05,-0.0005064733017122736
2020-07-06,0.01054962767696388,0.012367616082994415,-0.004734623927635684,0.0,0.013617547472857039,0.0019615535973809273,0.01339009773597577,-0.00029572526353438544,0.0033104262327539047,0.0066593673643540185,-0.0034809983558361512,-2.0833333333358794e-05,-0.002308127790835446
2020-07-07,-0.004051248752576564,-0.002268933982036203,0.0003399092575653295,-0.0026125051807879274,-0.007463634262887431,0.004502717008483925,0.0007841060794668842,2.7598253819816065e-05,-0.012349697462978204,0.0033710322482378707,-0.012135820948559362,-2.0833333333358794e-05,0.0006225962861365897
2020-07-08,-0.0003131050604014973,-0.011194630717035858,0.004075943264761905,0.002619348241639452,0.0025976518431891638,0.007211094100727733,0.01401951774180854,0.00018932534917626143,0.0033410820849000267,0.0016615008247595764,-0.005285332458162095,-2.0833333333247772e-05,-0.0016167371232231886
2020-07-09,-0.0032863047509872345,0.011144578268598826,0.0028755846575769795,0.0007463537841505552,0.0017728576892432901,-0.0038699691316580465,0.0014444218296567612,-0.0001341660833813485,-0.021003997988393364,0.0035955935999838484,-0.029938860578283877,-2.0833333333469817e-05,0.001078061790403373
2020-07-10,0.007693794185516856,-0.012421364882486907,0.0033734680556205543,0.001118784645825599,0.003947711211313321,-0.0007769296588776564,0.00722039445511502,-0.0001879650814999856,0.01027627663786257,-0.001844532522335407,0.017190164607298053,-2.0833333333247772e-05,0.0004340775260249785
2020-07-13,0.008257411373042034,0.023560852632099172,-0.007900627134132199,-0.003725084947443502,0.009355754853443976,0.0034991984983263613,-0.019779435328803996,8.14877610564313e-05,-0.011812913241931011,-0.00366065343154498,-3.571428571425006e-05,-2.083333333358084e-05,-0.0004295466805748216
2020-07-14,-0.006026568427767165,-0.013845862863312575,0.004066500211238111,0.002056488399636569,-0.0077914073493110525,0.0005811464274985134,0.005544224486013771,-2.6341901449788985e-05,0.011881840079331019,0.001783188592006546,0.016006727587260183,-2.0833333333247772e-05,0.0018692323229450025
2020-07-15,0.018345828606407988,0.022639682291978325,-0.00016899452002705484,0.0013059644231447898,0.02274565075079149,0.005033834629114331,0.01024978809412569,8.14957051502585e-05,0.02090113154200335,0.004200829402954076,0.01838553501649609,-2.0833333333469817e-05,-0.001071518321993814
2020-07-16,-0.004427253298863509,-0.005491542848546138,0.0027003271622192404,0.00018631032263161096,-0.00039710158634642667,-0.0021190052738799814,-0.0019108872184325776,0.00018909610756701056,-0.0010609835471414586,-0.0038525260611509404,-0.0026194496763626285,-2.0833333333358794e-05,-0.0006402593242572641
2020-07-17,0.0015334148315624407,0.0017256013320046115,-0.004207777176235439,0.002049209452319234,-0.0007945186773200552,-0.0015443779787041034,0.001037355046635824,-8.014618221252601e-05,0.007405758603537427,0.00036768474123238803,0.0025547140863961815,-2.0833333333358794e-05,0.001344052624112635
2020-07-20,0.003215126957842873,0.0034452575230381477,0.003211750474104491,0.0,0.01086807263303502,0.0019334879667398663,0.020342620628925,-2.6341901449900007e-05,-0.0028374246670563874,0.002463838297151577,-0.004342395260681364,-2.0833333333469817e-05,0.0018323772589794451
2020-07-21,-0.002453587396194279,0.008755285780694289,-0.0006802587389485026,-0.0007436673696149532,0.0006555731656934238,0.009262809108254277,-0.0027950048088646318,-2.634190145001103e-05,0.010692277050759369,0.007444033747600942,0.010344919891686066,-2.0833333333358794e-05,0.0009173495943726184
2020-07-22,0.001844925362727956,-0.01412533024177054,0.004763631822454428,0.0011162868765899336,0.0052411493686650434,0.003824091778202643,0.0012818371808913653,0.00018901891171885232,0.0060294168250900615,0.0032370556485139534,0.011950813769183721,-2.0833333333469817e-05,0.0005616884702743796
2020-07-23,0.0007707805557919389,0.0008632434081667917,0.005467215906316936,0.0026017355241907403,-0.0026069114719172726,0.014476143973214395,-0.013982992628001956,-8.003847981863377e-05,-0.00907850775522534,0.00350527662234712,0.0016562475798100884,-2.0833333333358794e-05,-0.00035141245314029845
2020-07-24,-0.018178923394022495,-0.016902346974026927,0.0016992936424862215,-0.001482835408981864,-0.016466311377415943,0.0,-0.012845841225103904,2.736526795188432e-05,-0.00662644140657731,0.0004004357086957455,-0.019461488885620715,-2.0833333333358794e-05,0.0028319389694595465
2020-07-27,0.005962508689962176,0.0,0.0016964109421573337,0.0014850374751336215,0.006909429759105246,0.01746160205488856,0.018617797037574935,-2.634190145012205e-05,0.0017503239090435052,0.005115984723656153,-0.011232887513610845,-2.0833333333358794e-05,-0.0010020378443416078
2020-07-28,0.0001563732799512163,-0.003859756944776249,0.0005079802547203194,-0.0009268052749945577,-0.0018474883976165035,0.0062741524741256605,-0.009191771339559618,2.750629078684952e-05,0.002002114422914314,0.002329557337054977,0.010417180801678194,-2.0833333333358794e-05,-0.00018782857451804524
2020-07-29,-0.000779829055036374,0.0029940590400103773,0.0016926044261209583,0.00037111909614329086,-0.0021153647378028273,-0.00201719349085161,0.01603515612616313,-8.017944696669943e-05,0.01394504230361493,0.0027568864793268144,0.006860793962031098,-2.0833333333247772e-05,0.002444188566695038
2020-07-30,-0.013422914493087745,-0.017207896819723567,0.001858601020338746,0.00018544649183338535,-0.016825593641556447,-0.009739043870054975,-0.002803733036083611,8.125340711129247e-05,-0.009812872428080155,0.0003565934881541999,-0.001747881467094592,-2.0833333333469817e-05,-0.0017794341678769587
2020-07-31,-0.013447251605132382,0.0016077869746271567,-0.004385214408301419,-0.0012979731724506172,-0.004312106560698248,0.015772869947894064,0.006308397137001709,0.00018889001347255352,-0.009149362697296826,0.00043468339203611706,0.0016793894399775855,-2.0833333333358794e-05,0.004090806177097006
2020-08-03,0.024053893626754475,0.025686886209533855,0.0027107122539795636,0.0007426123221057068,0.025307998887756256,0.008037930549265049,0.013372835548678408,-0.00015008895060575345,0.004818545215155012,0.005568183142065974,0.015375600727022709,-2.0833333333358794e-05,0.0010461242247854496
2020-08-04,-0.0075164553939910395,-0.0043479110030087975,-0.0010138518539888342,0.0029685104341083957,-0.012803560425700744,0.005255571725656827,0.0038559528346104877,8.122532510856928e-05,0.0149657560612102,0.010018451815054563,0.007552768425582501,-2.0833333333358794e-05,-0.0014448669572346695
2020-08-05,-0.0022090931248419654,0.0029692592698316034,-0.0021984663630670864,-0.002404737534933532,0.004412213514535024,0.014422209886330695,0.008751309837766508,0.0001887833204901046,-0.00404398740152867,0.0013531970421700734,0.01670065129506182,-2.0833333333247772e-05,0.001465799043085747
2020-08-06,-0.003162568019523082,0.0017416755011732121,-0.0006779302616343186,0.0037085074095433157,-0.00479229906291756,0.008530278458929175,-0.001316118243076203,-2.6341901449900007e-05,0.0057491234272362135,-3.571428571436108e-05,-0.001681939106857211,-2.0833333333469817e-05,0.004744488935233715
2020-08-07,0.002537972187259374,0.007127900437998491,0.00288319513344093,0.0,0.002006516506619427,-0.006872289716409852,-0.011323061435354886,-2.634190145012205e-05,0.0009646569297983021,-0.01063093943463167,0.017276986701920682,-2.0833333333358794e-05,0.0018503632266679837
2020-08-10,-0.004272068461280365,0.0025895132201234627,0.0006764398547576267,-0.00129317741442736,0.001201323540382715,0.002484074653493318,-0.0034079877242556567,-0.00013365566633438686,0.008707649937695905,-0.0017880372308139991,0.021033766471558524,-2.0833333333247772e-05,0.0006334630454942758
2020-08-11,0.009375370506109482,0.011191303573019784,-0.0050699430693378345,-0.004439542589160461,0.00559988808405687,-0.043539779798119294,-0.0070645625097278675,2.7323520633171228e-05,-0.002017132966622537,-0.018330985026462798,-0.008766026628296397,-2.0833333333358794e-05,0.0006700450898298183
2020-08-12,0.01086298984463574,-0.004086255516295267,-0.0003398616164598245,-0.0001857910677111052,0.011270348968773325,-0.007587040036756698,0.008746858106284172,-2.634190145012205e-05,0.012867609814164904,-0.002022658607146899,-0.004038750634071553,-2.0833333333358794e-05,-0.002392277446218616
2020-08-13,-0.0007785831943070143,0.0010256300037614352,-0.004248123075137444,0.0,-0.0006555731656936459,0.0029834731633657796,0.01698630327095918,-0.0002414153522478646,-0.0064051332309668085,-0.0015883779047396462,-0.0024472743058310265,-2.0833333333358794e-05,0.00036994166666515227
2020-08-14,-0.007637178334418571,-0.0054654957435879,-0.0011944390343984201,-0.0037167776938398234,-0.008396711875491403,-0.001673218764105755,-0.004252499115705022,-2.6341901449900007e-05,-0.00250115997722844,-0.0007136962225422483,-0.005676148262896974,-2.0833333333469817e-05,-0.0018708952680831503
2020-08-17,0.005968281182232582,0.00017191751499812113,0.0034168703938117773,0.0009326831531415447,0.0071446973933333435,0.016014852115339817,0.02010848888768746,0.00013520429958768787,-0.003001516286506467,0.007546230973806356,-0.00408776543267686,-2.0833333333358794e-05,0.0006365541111155171
2020-08-18,-0.004684088592771807,0.0018886810660190267,-0.00017000215543749864,0.002609008294264914,-0.007356802018819941,0.006598307885236965,0.008139793354049685,2.7323520633393272e-05,-0.003010451176239992,0.006221646234397582,-0.013868224157219666,-2.0833333333469817e-05,0.0008585963230285376
2020-08-19,0.015843131997463455,0.01148243160889928,0.003746469741221947,0.0,0.001191206909116227,-0.012199584956501197,-0.00041074476777591684,-2.634190145012205e-05,-0.0035166519032819865,-0.012157805140895817,-0.0049858145562307055,-2.0833333333247772e-05,-0.0016369953145098926
2020-08-20,-0.009110591390529832,-0.009488290474030325,0.0011876965574979526,0.0005575803900457199,0.0009253677878870992,-0.00792624477966597,0.008575418182085626,2.7338171655788557e-05,-0.004776126907569345,0.003629424386318858,-0.0008651152759980851,-2.0833333333469817e-05,-0.0020932865027197822
2020-08-21,0.001714058224398629,0.0023947951303298076,0.0013556307174522608,0.0,0.0027732473918724576,-0.000557390907031996,-0.0007780457245512018,-8.001139420554804e-05,0.0002150054646743449,-0.00031355945283906284,-0.0016953082898552019,-2.0833333333247772e-05,0.0008214805527746449
2020-08-24,0.004822908125877268,0.008020523295114046,-0.0018615056322874857,-0.000743026223209764,0.007111691834095435,-0.007994141351469697,0.00021252515292524699,8.111914715414059e-05,0.00998908011634958,0.001075975260352413,0.020745380621683962,-2.0833333333358794e-05,0.0001740002448160638
2020-08-25,-0.0024772951368329243,0.0013543631818653257,-0.004238907055797436,-0.002974580830544027,-0.004838310413770142,-0.008245808808508115,0.003801293891538604,-8.01016607367977e-05,-0.004253911206002825,-0.0005511025082260979,-0.0073647294615417636,-2.0833333333358794e-05,-0.000667702678748272
2020-08-26,0.0027939545255293297,0.005917076764018425,-0.004256581019303818,0.0,0.0040734027492193015,0.012471608907211218,0.01389971890407593,-2.6341901449900007e-05,-0.010252500832758082,0.0035357916616070018,-0.014801677619220577,-2.0833333333247772e-05,-0.0003059343185379815
2020-08-27,-0.004024434124057175,0.007226916748865664,-0.0006839583534764548,-0.001118784645825377,-0.004056877453447183,-0.011758096186077371,0.002396627031254317,2.7428473810209297e-05,-0.001042771126315345,-0.0065206471732977,0.008290405331875528,-2.0833333333358794e-05,0.002247975384579659
2020-08-28,-0.006370982527847846,-0.0011682367965922813,0.0006844264726797444,-0.0018666702034092486,-0.004993370587062951,0.019641217023725233,0.004575161247847737,0.00013501302335106047,0.011557171327625237,0.006730145185075642,0.018957170148750535,-2.0833333333358794e-05,0.0027806670439765035
2020-08-31,0.00031242567695066725,-0.0021714801493323277,-0.0011971133411806667,0.0009351251780003178,-0.0034337993641221365,-0.0033340410200547455,0.01276560275748162,-0.00013389854747325458,-0.010000909185437834,0.00229671992925784,-0.01057077595538658,-2.0833333333358794e-05,-0.0003442018870262187
2020-09-01,0.0028146390721297543,0.004520292206482424,0.00017123181678080357,0.0016815814884552083,0.004108241139567426,0.010964550607232448,0.006814698699955546,0.00011877072597821225,-0.0007907125873400922,0.003316609381235125,0.000783209115398531,-2.0833333333358794e-05,-0.0009497866227983209
2020-09-02,0.01902059500633091,0.01549997904823086,0.004450743079254416,0.00298447935537971,0.020588405009448918,-0.014338212854722032,-0.006436293437458662,-2.634190145001103e-05,0.02388788084259108,0.005271161483386466,0.0024193340538853914,-2.0833333333358794e-05,-0.00012713201104308514
2020-09-03,-0.018206919895098594,-0.009519248875110464,0.0018744374831671795,-0.0001859638362859961,-0.02495800125137182,-0.007086884943041549,-0.04095189466479987,-0.00018747827490106506,-0.015284283309697666,-0.007074092665885101,-0.01881103238311166,-2.0833333333358794e-05,0.0017300182419073273
2020-09-04,-0.0068566156194769246,-0.036288191678407244,-0.0008504027650353407,-0.002976152199043347,-0.01193625770254303,0.001126926293058883,0.0008343905828203102,-2.6341901449900007e-05,-0.0022835117815253048,-0.008423204476844637,-0.001699670118795349,-2.0833333333358794e-05,1.4768410106391627e-05
2020-09-07,0.014279052990657126,0.013583202156620233,-0.0010213963740984822,0.001679071697713752,0.02563749183127051,0.004878002975492679,0.0,0.0,0.0,0.0,0.0,-2.0833333333469817e-05,0.0008578283088118699
2020-09-08,-0.008817928440311595,-0.0062765744499725384,0.0027263600398730325,-0.0005587227762527958,-0.013479663340406733,-0.0005600967263686973,-0.04203926737504182,0.00013488988415555347,-0.016555977402265665,-0.0036889188621183067,0.009964073527713335,-2.0833333333358794e-05,-0.000279393942924977
2020-09-09,0.015919931695605127,0.005292021123448398,-0.004078790982802505,0.0011181591064963747,0.010214778033528438,0.008219735689148244,0.015272312332304416,-7.993643879655732e-05,0.014726127802337396,0.003152688143403637,0.0016145129885491993,-2.0833333333247772e-05,0.0018881543224571473
2020-09-10,-0.0003072831386226049,-0.0010189483115699005,0.0011946620439269307,-0.0026061830296574273,0.002363667327853536,0.0,-0.0001643944588316515,2.7263186711090626e-05,-0.01608800148568057,-0.0017838463788795167,0.0024355847675976428,-2.0833333333469817e-05,0.00164936182419817
2020-09-11,0.005993485587901137,-0.010538779972286583,0.002386101820029296,0.0022396574034355687,0.0020963862495839702,-0.0035205194943253026,-0.003613081309045363,2.745421384586777e-05,0.002258378483372292,0.00032228778846143946,0.004894264922338465,-2.0833333333358794e-05,0.0033070350807593574
2020-09-14,-0.0030554630320863696,0.007215240938512446,-0.0027205562322359933,0.0,0.005098562052214817,0.002231335504405463,0.023560218162343105,2.7443587707010053e-05,0.009628593521193718,0.007364494871261451,0.00814084875976473,-2.0833333333358794e-05,-0.0016067450111817427
2020-09-15,0.008581291200083996,0.008016276555645074,0.0032394226333551934,0.001676033808732047,0.007023955779865476,-0.0018552875695732052,0.013870567716292914,2.7130718267986964e-05,0.003994542656340139,-0.002839575466744293,-0.0016574068225270189,-2.0833333333469817e-05,-0.0017456944989071577
2020-09-16,0.0019750389582515737,0.0020305138629472808,0.00118964120054188,0.00018589468042495838,0.004520846657017241,0.0074349442379182396,-0.000653964647485128,2.734686064531644e-05,0.00046598856015123147,-0.009342770518513399,0.004025710814574035,-2.0833333333469817e-05,-0.0015018686542258575
2020-09-17,-0.0036390900882031785,-0.013340143189538689,0.0,0.0013011095415467189,-0.004114715210997377,-0.007749100012972909,-0.008071760492836644,-2.634190145001103e-05,-0.0012892854295830647,-0.0031937339307642754,-0.008126206561934746,-2.0833333333247772e-05,0.0002307658180915606
2020-09-18,0.003043838070505789,-0.0010267551582309187,-0.0006787442573125135,-0.0012994188552756247,0.0021948901440751456,0.0024172328420899447,0.005697661031603074,-2.634190145001103e-05,-0.017861575995777756,-0.0016397610921656813,-0.0049295030158714725,-2.0833333333247772e-05,0.0007422000648396043
2020-09-21,-0.01911701897825613,-0.026726015536255754,0.00016981981488672915,-0.001858778563032737,-0.024735721119482745,-0.024299714671104033,-0.0006553446482676639,-2.6341901449900007e-05,-0.01946302918137255,-0.009153720130325005,-0.009871931160708836,-2.0833333333469817e-05,0.0017809507099564303
2020-09-22,0.0010827345661510446,0.012321749536486681,-0.0023776655981795347,0.0018622400549259677,0.004623493027595016,0.010266206110384868,-0.0032598817431356286,-2.634190145012205e-05,0.004135209282369212,-0.0015357207318100752,0.0024475674329254016,-2.0833333333247772e-05,0.002936577526953643
2020-09-23,0.0004634079610390529,0.014606126412431975,0.002383332365554214,-0.000929389281516424,-0.0027615737800628093,-0.014866435926067623,-0.024419682960135636,-0.00013347166165278423,-0.016910102238186786,-0.009007741178769013,-0.023982713824526325,-2.0833333333469817e-05,-0.0010670319478259804
2020-09-24,-0.011583018905281461,-0.01748077787332225,0.0018681446891415376,-0.000930253849473206,-0.008834387756996631,0.002865329512893977,-0.005774166376863676,-2.634190145001103e-05,0.0036611109746200743,-0.003067108942225838,-0.005958139857915157,-2.0833333333247772e-05,-0.0011433935947335883
2020-09-25,0.0020310507318315185,0.0017442632603730246,-0.0020341356105174624,0.004096892602239999,0.0006778488895524681,0.0011428106398809756,0.022921279595792488,-0.00013389163588006792,0.010224790613784007,-0.0007753667470679071,0.027198533689347437,-2.0833333333358794e-05,-0.001934544846588282
2020-09-28,0.007329253373097755,0.028208388223959213,0.0022081755624623334,-0.003338302155565631,0.021403330077006677,0.0005708691820056622,0.0156363691504795,2.745421384586777e-05,0.007776903228368326,0.013986454005370685,0.02233401818263614,-2.0833333333469817e-05,-0.0012744112786517992
2020-09-29,-0.0035603315575395422,-0.0066045794144420356,-0.0015256015025213454,0.0003721352836865144,-0.004376588726737962,0.00494385903258765,-0.0028745729737895687,2.7443587706565964e-05,-0.00029414349679379725,0.0014239993064848466,-0.0170537864780963,-2.0833333333247772e-05,-0.0007794642641463234
2020-09-30,-0.00559288640095712,0.006648489893932519,0.002546381658657504,-0.0011160792489885996,0.009457765339896396,0.0011352423574975123,-0.0004068949438901237,2.713071826776492e-05,-0.002879052888103195,-0.004206500601920737,0.0016132250603082543,-2.0833333333358794e-05,-0.0006534229933716773
2020-10-01,0.007186527974572865,0.000846586288041129,0.0,-0.00018620624619380965,-0.003826888548389862,0.006237098810050856,0.022532975048308312,-1.5437945545926368e-05,0.005926175501197006,0.005819695016922699,0.020320636609187703,-2.0833333333358794e-05,8.475027362497833e-05
2020-10-02,-0.0003104667759407098,-0.005414561828962827,-0.0025399140680600896,0.0014900162163713482,0.0011923993002729283,0.0009391434580610092,-0.013561411394943601,-8.0255145729069e-05,0.0053752141655294405,8.54606028628524e-05,0.0066140330218977805,-2.0833333333469817e-05,-0.0020092582136690407
2020-10-05,0.006671659557500487,0.0035727084596184344,-0.000848744589326933,-0.0070670691833361055,0.009261622077926912,-0.0011259834745805941,0.015322064709599514,0.00018862337898850612,0.013547076890279452,-0.0038352812370661127,-0.0016869399089743942,-2.0833333333247772e-05,-0.0018822581119932735
2020-10-06,-0.007706567347502524,0.004916118684980431,0.0028882421398714886,0.00355863940207346,-0.006685775191910492,-0.0033815289014600403,-0.008868838220650432,-8.009745316228667e-05,-0.004839766543352164,-0.004945126627315166,-0.00748003971655864,-2.0833333333469817e-05,0.001837206813391834
2020-10-07,-0.0032617513495961648,0.0028678619071935696,-0.0033879290986359445,0.0,-0.003563481215154596,-0.011310084825636224,0.016934030865468408,-7.980601036172708e-05,0.009110579266468743,0.00012724885975989864,0.006630943356519037,-2.0833333333358794e-05,-0.00019119405798528888
2020-10-08,0.005142787028208362,0.010597048200766457,0.002889640322896181,0.0018664108346519992,0.01218548683335885,0.0022879165053026895,0.0028450228845231518,-2.6341901449900007e-05,0.015321931159285818,5.235958766114379e-06,0.00824233181089662,-2.0833333333358794e-05,0.0018276839763831099
2020-10-09,0.0058911759079538495,0.0,-0.0011864148741235203,0.0,0.0011775362446302395,0.014456867813319452,0.009660548534792479,-8.006827357387447e-05,0.0009559976906343692,0.009422000267763408,-0.0033197473472922345,-2.0833333333247772e-05,-0.0007835161426544834
2020-10-12,0.006473834540199563,0.01165103920847499,-0.0015274136487933854,0.00037255123512180965,0.006665958277270345,-0.0058128176577812996,0.0035206295458751757,2.7395073464386854e-05,0.005166122337883161,0.006748901742736013,-0.012391590855401868,-2.0833333333358794e-05,-0.003464475803729772
2020-10-13,-0.004134981589207332,0.0008226965805662179,0.0022095980628149547,-0.0011173262736569045,0.005972362378235729,-0.009619080542574987,0.0029177492947545236,2.713270698029291e-05,-0.012110746051053556,-0.004688804010007375,-0.007541915499310159,-2.0833333333247772e-05,0.0007024627293488184
2020-10-14,-0.003690422922361214,0.00016456938859210624,0.000508669392965011,0.0009321615560609064,-0.006066052666003574,0.007617597002430809,-0.0007427894057452367,-0.0001335218335335453,0.0037058671277434563,-0.005677588413700585,0.003325589922734018,-2.0833333333358794e-05,-0.00043498564736188516
2020-10-15,-0.021145221823662297,-0.02071015331431203,0.0033898728057528693,0.0027937915073250608,-0.019737818672693863,-0.002645933554156654,-0.003217841257454057,-0.00013379066994101407,-0.006497052330175945,-0.005831406287493679,-0.002548354460404134,-2.0833333333469817e-05,0.0010854168020553168
2020-10-16,0.013718254584162537,0.01527341038389074,0.001182333082831999,-0.0018573091327249713,0.012054764468908186,-0.00018957100394079163,-0.001572959253984818,2.7214756404658758e-05,-3.571428571436108e-05,0.0064459969794055105,-0.005073437810962145,-2.0833333333247772e-05,0.003373383959049514
2020-10-19,-0.0045110485315140725,-0.005620506011104753,-0.00337443068930543,0.0009304269396128717,-0.0045811086292734116,-0.002274357898789492,-0.004299305015181387,0.0,-0.0020363888749170833,-0.0077717496137663655,-0.0143817870659666,-2.0833333333358794e-05,0.001985281778817738
2020-10-20,-0.0029686771976257242,-0.013799115783190485,0.002031675854561321,0.0009294734021236817,0.005917033002111882,-0.002659620724031808,-0.000986429043454251,0.0,0.013748477755546995,0.004291070705114697,0.002532858204010946,-2.0833333333469817e-05,0.00032226144614688756
2020-10-21,-0.012850561171910302,-0.006574519366615128,-0.0008450237360264623,-0.003900428887759655,-0.01281045022130567,0.006476236979166661,-0.004797665715681743,-3.571428571413904e-05,-0.009429706286502193,0.009677861313788894,-0.002597706113711351,-2.0833333333358794e-05,0.0033966763999475624
2020-10-22,-0.0020636948317409587,0.0011879189510191068,-0.0015215483568352672,-0.0005593478667160756,-0.0017214249194803521,-0.008705595019975032,0.005705194549711079,-0.00023583769030610657,0.013939703425796202,-0.00019679830649976804,0.002532858204011168,-2.0833333333247772e-05,0.001985597756583024
2020-10-23,0.0014313597816344448,0.0044067612431999414,-0.0018629139373301795,-0.00149251806042916,-0.0019894925977254063,-0.0034364028921668455,0.007933259981950602,-0.0003356205468506568,0.0026715249627062843,0.0037082254186118213,0.007650042168455329,-2.0833333333358794e-05,-0.0003992783268808031
2020-10-26,-0.005400930825279482,-0.021937205213236388,0.0008483124509621742,0.0018684139766025343,-0.011563131643015812,0.004214582772090303,-0.016790419718469174,-0.00023593779598407583,-0.015254120026512163,-0.007776501757930765,-0.01698488156430744,-2.0833333333469817e-05,0.00476102865460426
2020-10-27,-0.007985975373587917,0.009316742345120588,0.00305127726082155,0.0018650184452029261,0.0,0.0019076687842676243,0.002604222745632212,-0.0005366155203921918,-0.010005765249747944,-0.0005207836202051341,0.003412520404738384,-2.0833333333358794e-05,0.0014126098219946481
2020-10-28,-0.024794846565333817,-0.01384600540677483,-0.002535045155077631,0.0,-0.029043856679792923,-0.011233861913424237,-0.01846816700477638,-0.0014372927311652184,-0.03200974034896342,-0.003149574409055389,-0.030963548580054345,-2.0833333333247772e-05,0.0020179129671795693
2020-10-29,-0.00544804453218084,-0.018547527066605785,0.0033887982040563536,-0.0013031358965428508,0.0019388308473216043,0.0013479919574161947,0.010329249794222894,-0.0004371988077385147,-0.0008159247603832798,0.0014652801593912912,0.0026240938106436573,-2.0833333333469817e-05,0.002880880940058228
2020-10-30,0.0026562645876642144,-0.0026492778558648844,-0.0035460956389525844,-0.0020502665488721927,-0.006358085049095408,0.0059614915114181155,-0.023147389702177557,-0.0003369486181543646,-0.007843970258197608,-0.003964806832805312,-0.006225041260847997,-2.0833333333358794e-05,0.0020699009616143016
2020-11-02,0.021854155132493114,0.02195873357946132,0.0008472322884012229,0.0014941906735854715,0.01933504798871044,0.009749640334777432,0.0018809643032959844,-0.0006374902387470405,0.01596635453848294,0.00012713482138537735,0.024875398677949523,-2.0833333333469817e-05,-0.0020295108325905087
2020-11-03,0.01895622690904819,0.003811980258358494,-0.0037251237079618527,0.0011189932813269188,0.019650676489436636,-0.00037866755473081604,0.02304212384767479,0.001169631497188961,0.023976653465831443,0.0021597506255861543,0.014721088752550626,-2.0833333333247772e-05,0.0015419090616528575
2020-11-04,0.02464650320848083,0.03228048596828015,0.00390895857792084,-0.0005589156822571884,0.023420695026883154,-0.0028409090909091717,0.016972840269193767,-3.571428571413904e-05,0.0050071879397795005,-0.002834944814509077,0.004241577372846805,-2.0833333333469817e-05,-0.0015509122158330335
2020-11-05,0.002482984978607883,0.010702290000379033,-0.0028777526995478198,0.003914331068097576,0.010984653870971695,0.01595446232490505,0.032225896836005186,0.002270820150905628,0.017274688363623447,0.015586679407707082,0.036591159996474776,-2.0833333333247772e-05,0.0026909056598238834
2020-11-06,0.0017025722207459904,-0.01207818962281415,0.0,-0.0012996600963893767,0.0012936208426521656,-0.004486865403851015,-0.0012990574653442,0.0007648092072527479,-0.008173569252754587,0.008176177361480574,-0.004144303847697817,-2.0833333333469817e-05,-0.00042308314324357443
2020-11-09,0.00865384666474922,0.05007547340093366,-0.005942367144481375,-0.003532264871818125,0.00904281333266943,-0.03530514139524654,-0.008319766265580508,0.0006642923630422182,0.05217710609923887,-0.01664352315070272,0.02389178117908397,-2.0833333333469817e-05,0.004515587101908469
2020-11-10,-0.009192170685939804,-0.017544016762485737,-0.0013664301168755388,0.00018655363728448116,-0.013954671410924546,0.01498931676865145,-0.02045327068245939,0.0026818893642694963,0.025011461755745534,-0.0036720101702719665,0.03058466053901654,-2.0833333333247772e-05,-0.0007366310115701769
2020-11-11,0.01886486349771932,0.019155907454654564,0.0018813936035895207,0.0005595565245481993,0.02142294413380319,-0.004219432497157283,0.01630715835486396,0.0002429290750889379,0.004574844665926392,-0.000643993328888981,0.006219164557216272,-2.0833333333358794e-05,-0.0023696456836239665
2020-11-12,-0.005767045704444862,-0.008919888404946064,0.0029018980870405553,-0.002423566708266933,-0.00673698041115478,0.0036594054973724255,0.0018287830425107732,0.0001637846816446853,-0.0232116795926276,0.00032958281255535127,-0.015575743813583953,-2.0833333333247772e-05,-0.003428049513113929
2020-11-13,0.0024423541732960796,0.0011250379502476537,-0.000850907711510418,0.004298307054267481,0.001791556563740082,0.0053733428503361935,0.00508152001725426,0.0004625962401192396,0.014058824949721993,0.010591119259081072,0.01574961979995404,-2.0833333333358794e-05,0.00336316627482125
2020-11-16,0.007156776671080056,0.015572186463953086,0.0025552681654978926,-0.0009304269396132048,0.011369460767310047,-0.000572721538733667,0.0035516822809462667,0.0004623480504148958,0.01154622587336629,0.0003252905927442207,0.022497604211718647,-2.0833333333358794e-05,0.0003296853325214233
2020-11-17,-0.0015120245310383806,-0.005216414981543904,-0.002888510511423137,0.0,-0.00593656391183639,-0.004201587613546165,0.009303505418190472,6.377154684789055e-05,0.0015674112727706024,0.0033343271042842737,0.0022436657509807834,-2.0833333333358794e-05,-0.0007825830289275304
2020-11-18,-0.0012110051074636363,0.00031782232114174747,0.0013631057847887096,0.0007450525147008058,-0.000508240790672132,-0.005178389107414305,-0.0008348898152763518,0.0003623820549487622,-0.013753341373093919,-0.0008353646691563466,-0.0038263871123159765,-2.0833333333247772e-05,-0.0036316067470172353
2020-11-19,-0.007732291945607872,-0.005401329383905473,0.002212457938167489,0.0027917115356250743,-0.006610695066976535,-0.008868395050774969,0.022714312867837094,-0.00013534315613972225,0.0020508751705359263,-0.0004360715634882384,0.01899028974593664,-2.0833333333358794e-05,-0.0011045973813442744
2020-11-20,0.00336159793313473,0.0023958843100699845,-0.0023774099014164385,0.0003711683439600044,0.001791556563740082,0.007586120597686374,0.004100643368313728,-0.001130200746390031,0.0011206090332689378,0.00016470367432375177,-0.003770022287525432,-2.0833333333358794e-05,-5.0181680630312364e-05
2020-11-23,-0.005786739065167135,0.003824065479559824,0.002383075448583849,-0.002411876023397319,0.0010220727883420988,-0.02007720829437143,0.016884664963207507,0.0009600306682671089,0.005047556014212473,-0.0051588729102548525,0.022452835905981905,-2.0833333333358794e-05,-0.00018133301322820206
2020-11-24,0.003829047694314802,0.008730237490661485,-0.0037357290681779842,0.0022317433972196543,-0.006891398309126218,-0.01832154885484827,0.0009498671096814792,0.00026294311352281774,0.01697585486103903,0.00567689898056023,0.013894085076385121,-2.0833333333469817e-05,-0.0008783671828749284
2020-11-25,-0.0006101218624927629,-0.0014162803199809781,0.0030679194449887426,-0.0001855497368858927,0.00025702859194365324,0.0011037895324521596,0.009806757053484993,-0.001228832201396135,-0.0029742789165566608,-0.0025957004102435954,0.00936375047952187,-2.0833333333247772e-05,-0.00028776832053423185
2020-11-26,0.004885379519230959,0.0034669140291954115,0.0016992936424862215,0.0,0.0034687871326419817,-0.003207389162953378,0.0,0.0,0.0,0.0,0.0,-2.0833333333247772e-05,0.0011953336748145027
2020-11-27,-0.004861628618348823,0.0007849674747484325,-0.0015268954696950887,-0.0018560187194869293,0.004224743727814895,-0.014680719543426202,0.010533914525231447,0.0009598347015884467,-0.006156795091693423,0.007022608310675027,-0.0007516402955880519,-2.0833333333469817e-05,-0.0010167935413797347
2020-11-30,-0.003053521553464722,-0.006747240089693185,0.00033999345027835304,0.002975134155896564,0.003697113489011139,-0.0023472280547196522,-0.008137024988474573,0.0005211077468787462,-0.01919633760404782,-0.013615516481723322,-0.01580631850848735,-2.0833333333247772e-05,0.00042406464037791913
2020-12-01,0.0016843212498276472,0.006477176137883012,0.0,-0.004634797018892467,-0.0025402355347091676,0.011047513397953956,-0.00257618823726935,0.00012342663809605803,0.016243530615737134,0.012116133956776576,0.01598758708125958,-2.0833333333358794e-05,0.00031223226261478665
2020-12-02,-0.001987419169576232,-0.011301065215553963,0.001018967835077822,0.0018625868802368828,-0.006367206960176008,0.004350452940870442,0.006555670507694122,-0.001269774105869259,0.005684865282285623,-0.0020700411734180246,0.001397960292770728,-2.0833333333358794e-05,-0.0012414705442221896
2020-12-03,-0.005667892272124497,-0.0006350391534301059,0.0028842475517338872,0.0011154567304645369,-0.0062795640123443075,-0.005943411243589103,0.008731911510115431,-0.0006331832058682485,-0.00026306620091898214,0.00659917687774958,0.013564971042242968,-2.0833333333469817e-05,-0.0006632353354489862
2020-12-04,0.0023109390907616323,0.00921365265848162,-0.00016935141723484204,0.0038997042812802807,-0.0021924240608710566,0.0033441303544694545,0.010856412941113724,-0.0005145148786639409,0.00360553824139509,0.0011156024729790381,0.009144996000762573,-2.0833333333358794e-05,0.002143617823946009
2020-12-07,0.000307500358800894,-0.003620536915381223,-0.0008457211881165438,-0.006104326957510842,0.0027143578606123597,0.014846997848204202,0.010848468036334546,0.003335526503107644,-0.0038906441747506015,-0.0020979442289777994,-0.014031527142563616,-2.0833333333358794e-05,0.0009176030213258191
2020-12-08,0.0004606181657298425,0.0,0.0,0.001861111441447072,-0.0016757846382133845,0.0021895026211766755,0.009653922903723577,-0.0015264039141779095,-0.0011737160490372656,-0.0006715659335304602,-3.571428571425006e-05,-2.0833333333469817e-05,-0.001710853981335747
2020-12-09,0.00276485062375853,0.0028436818984625134,0.0010159605094408608,0.0007431148052581271,0.003615243407413482,-0.008838157312872408,-0.01912296063289398,-0.0004344473482206235,-0.002998490989468694,-0.00250116758638419,-0.003584318138276088,-2.0833333333358794e-05,0.0005810984656551277
2020-12-10,-0.0022974888016322748,-0.004095629060437256,0.0013535585206057021,0.0005568558595736572,-0.0020583326606190555,-0.01021936822099112,0.01637924766150367,0.001956531821573293,0.006135734649199476,0.010049840557150969,-0.0071581359663255295,-2.0833333333358794e-05,0.00029666042030096484
2020-12-11,-0.00030697190426653975,-0.008383491199594362,0.002027262134870478,0.00278299511954061,-0.003996366435485066,0.007794261546295589,-0.003886290612019949,-0.0001353591483489458,-0.004351837368836486,-0.005916127850778885,0.004268271738796514,-2.0833333333247772e-05,-0.0013787258123750812
2020-12-14,-0.0004606369612774053,0.01052795518881311,-0.0035409351077058115,-0.0018501810349033088,-0.0014239035264299593,-0.014162290007730505,0.009412451823464174,0.0005612534793717483,-0.009075928874203387,-0.000512242308224109,-0.0036070697941190666,-2.0833333333358794e-05,-4.7074990599194066e-05
2020-12-15,-0.0015364911555731942,-0.0037884505505800803,0.0023690364918300677,0.00018534337799569478,0.002333137331305357,0.011411117887958344,0.00155967647304589,-3.571428571436108e-05,0.019796265616963682,0.011165033027287219,0.0071326586067128606,-2.0833333333358794e-05,-0.0018958195390575971
2020-12-16,0.00923222661846057,0.007288666324054782,-0.002532049537989578,-0.0031504302845684062,0.008405595117441544,0.004835285316756588,0.0018761618676410574,-0.00043361542682496257,-0.003924998992669737,0.005424081465644992,0.0020996437555103054,-2.0833333333247772e-05,-0.0013873765319095677
2020-12-17,0.008690511004113777,0.0056633400245857946,0.0,0.0014872460913140095,0.006668341279238987,0.015538847117794408,0.020653752921379276,0.0008794479199409899,0.012366666225887668,0.006917861451430252,-3.571428571425006e-05,-2.0833333333358794e-05,0.001920092189815481
2020-12-18,-0.0006045526833550197,-0.003128640054261611,0.0018616530724389069,0.0009281816155601863,-0.0034394855683048675,-0.0021717790790040103,0.00038129147337540026,-5.6064626428931064e-05,-0.014101007030959067,-0.002673894067106608,-0.00500739722449528,-2.0833333333358794e-05,0.00015662608681799028
2020-12-21,-0.019358874166872098,-0.01302363240287463,-0.0032094736167465054,-0.00018553492602124688,-0.019685550256808626,-0.0017807556536471036,0.003088107213122804,0.0012553107242117,-0.011770583243280508,-0.01135500780641685,-0.007887246769528122,-2.0833333333469817e-05,0.0012581842569496793
2020-12-22,0.008328103822184296,0.009538885155246923,0.00016934310966232324,0.0014840241413525135,0.012908979495111161,-0.0035678648027130944,0.005465798583968784,-0.001920429607800922,-0.003295281204485412,-0.009084648665533712,-0.010826983179337946,-2.0833333333358794e-05,0.002761421603002745
2020-12-23,0.002294476585347649,0.007874105120091901,-0.0025413403267429135,-0.0012965307028715012,0.001931119549583249,0.0033817021049782348,-0.003442576361878169,0.00036193844895482385,0.009307714948331824,0.009572311634247654,0.010145981394307224,-2.0833333333358794e-05,0.001282486035567354
2020-12-24,0.0,0.0,0.0,0.0,0.0,0.0,0.0010005057685669172,0.00016303304919884631,0.002047083711858022,-0.0038109164333959278,-0.00075567889130157,-2.0833333333358794e-05,-0.0013209625944318182
2020-12-25,0.0,0.0,0.0,0.0,0.0,0.0,0.0,0.0,0.0,0.0,0.0,-2.0833333333247772e-05,0.00124215751342871
2020-12-28,0.016023293853132614,0.007812391558217113,0.0011889606908936923,0.0,0.01914437201514696,0.0055511862498585085,-0.01100457991664805,-0.0002344221279736436,0.005276078343759094,0.0030038852496099278,-0.0029175860024779343,-2.0833333333469817e-05,0.0021565249091686223
2020-12-29,0.008711489776592751,0.0007753780219603712,0.0028842475517338872,-0.00148374880304325,0.0069339407417519094,-0.00394321757071181,-0.0009774923473691022,0.00016303304919906836,0.0029508160675153494,0.007858481833211028,0.005514024943257034,-2.0833333333469817e-05,-0.0006583024861260833
2020-12-30,0.0005952582948536289,-0.005112231698069736,-0.0016916717940057557,0.00018581062230960121,0.0,-0.0011876605087446368,0.014730316482157946,0.0008793017299457695,0.0038581273385480674,0.010709340476478868,0.0006998803098829942,-2.0833333333358794e-05,0.0015088127206996926
2020-12-31,0.0,0.0,0.0,0.0,0.0,0.0,-0.00364762783944661,-0.0008307780998954017,-0.0027736653656890153,-0.0047084574262348244,0.009523239872680778,-2.0833333333247772e-05,0.0027755754161342683
2021-01-01,0.0,0.0,0.0,0.0,0.0,0.0,0.0,0.0,0.0,0.0,0.0,-2.0833333333469817e-05,-0.0005920630679315808
2021-01-04,0.001636918412463384,-0.004204577990556513,0.0037280582930068196,0.003342553070158294,0.0018780340833195464,0.026357546868159387,0.0012074359224101272,0.00016316183385134408,-0.0073568597082454,0.00149009020249391,-0.009504160005522677,-2.0833333333247772e-05,-0.0008703483091426767
2021-01-05,-0.0005945157436847426,-0.008287597637885002,-0.0015196039351138557,-0.002776210776325949,0.00012491382357238123,0.002896311892815584,0.011860444965914096,-0.00013513257357378183,0.008952579077353029,0.025277799257779288,0.007317280153438022,-2.0833333333358794e-05,-0.0006423572737106475
2021-01-06,0.0,0.021286562937672393,0.0,-0.0044543741268937564,-0.0013744851139660952,-0.01732774373226309,-0.0018762292829395122,6.371388712400616e-05,0.018009028064273513,-0.006588937600279676,0.011643018993577892,-2.0833333333358794e-05,0.003086940044560782
2021-01-07,0.0041626984975950965,0.011270546291028083,-0.0023670657886073476,0.001864323112121813,0.009509568335822616,0.005485929357426089,0.029255878791244472,0.0003619588657242101,-0.0009333127416114584,-0.0036023093132731,0.007900911732340754,-2.0833333333358794e-05,0.0002742258568924072
2021-01-08,0.0005920398346390687,0.005801626420706363,-0.0010169692249782925,0.0001860676418432572,0.007436783772457822,-0.029618105700471742,0.019566085414335577,0.00016323510037263844,0.0026591979449479552,0.010433089837690313,0.005690764166096152,-2.0833333333358794e-05,-0.0025596765826791934
2021-01-11,0.004882347020604971,-0.0030356536329763095,0.0010180045042300634,-0.0016743859579396725,-0.0038139536299076626,0.003012048192771344,-0.015161888056018813,0.00016271599553308036,-0.010786089533144305,-0.014281337112600268,-0.01000002106911313,-2.0833333333247772e-05,-0.002563717358751938
2021-01-12,0.0008836560086764589,0.0024359302681227213,-0.0033898728057526473,-0.0020499731723570003,0.0,-0.0039039283424049387,0.015124790747608419,0.00016325195283073413,0.002228400385805518,0.008697072575382325,0.0021210229011487947,-2.0833333333358794e-05,-0.00042367388664554806
2021-01-13,-0.002059682378566907,0.00015198308328989718,0.0005102882573027046,0.0014939116666070618,0.006669060371634172,0.0048236850024026,-3.571428571425006e-05,0.0014729646687081654,0.0031267641119581135,-0.0037897329055416318,0.0028336867334854965,-2.0833333333358794e-05,0.0008739921170661802
2021-01-14,0.0032427343838015155,0.0050113069558030965,-0.0008499726141326658,0.0024240185805564085,0.0011040694825616981,-0.004100446565641791,0.004649646338058755,-5.543339938407499e-05,0.007169832108359309,0.0069620886461831955,0.013554988297318271,-2.0833333333358794e-05,-0.0008907865458809283
2021-01-15,-0.00014679265623906979,-0.010577067124308948,0.001531237406124486,0.002976240896432669,-0.0107843848512158,-0.00853585067704099,-0.01402615869720325,-0.0005308078150274564,-0.008084099917918364,-0.018172374714745754,0.0049043359196094816,-2.0833333333469817e-05,0.0013129448211293138
2021-01-18,0.0027922849639225866,0.0003051253247234875,-0.002378365355159451,-0.0055638369259426446,0.008424411108544305,0.003848868469514821,0.0,0.0,0.0,0.0,0.0,-2.0833333333358794e-05,-0.00046342719366820884
2021-01-19,-0.003077608539019505,0.0007635402524219792,-0.0005146051284576902,-0.00018648405872567775,-0.004053989338073438,0.0007062982789576289,0.010310231294882621,0.00036059503821417316,-0.0018385986579517732,0.012330778631738815,0.0020711598602147774,-2.0833333333247772e-05,-0.00029361275638262185
2021-01-20,0.006908650166319363,0.005339489329107883,0.0034335556372857567,0.002611441672347281,0.007030721585786548,0.013914083447084336,0.007668808343109124,0.0001628405529014998,0.006963587334502419,0.013562258269283145,0.004869365631283262,-2.0833333333469817e-05,0.000653177374139835
2021-01-21,-0.0018979110573253966,0.0071319951966715145,0.004655026745529645,-0.001860507698946079,-0.00036723959380258187,-0.004176562523709126,-0.0017779122125378688,0.0013521707794077464,-0.006762167849235001,0.0024655892757661224,0.0069379548183383655,-2.083333333313675e-05,-0.0020566055992140564
2021-01-22,0.0,-0.0054238473385253005,0.0010298536084074605,-0.0014911271844298968,-0.00355363680997689,-0.007389678683493273,0.004036047011035437,-0.0010262466392654268,-0.009516420174932483,-0.009108407349175618,-0.0014205346608898717,-2.0833333333358794e-05,-0.0007864882706710707
2021-01-25,-0.001023679843464298,0.005302024712988462,-0.00017163727176161547,0.0022400754536739953,-0.0008608152520144241,0.003018108651911433,0.0017019293766855625,-0.0009269578819639523,-0.0002637958984292865,0.002024208948368189,-0.006970691822389852,-2.0833333333469817e-05,0.001744949453500455
2021-01-26,0.0023430900597776194,-0.001054850189172174,0.0013717157796080404,-0.0009312934401186634,0.009230749275892514,-0.00030089046436176936,-0.013143965617506637,-0.0006708189692951061,0.0011039309224765148,-0.005251459998116159,0.0055510348822722655,-2.0833333333358794e-05,0.0007526229484762226
2021-01-27,-0.0029217828478868,-0.017498914484103678,0.001883690797069404,0.0003729179599156751,-0.0062194018269037254,-0.0003009810266828561,-0.022498798123730235,-0.001683417117741115,-0.02804111622675054,-0.014195494825869459,-0.006980323803763566,-2.0833333333358794e-05,-0.0024482534582315196
2021-01-28,-0.0023441030438224875,0.0061414773619234975,-0.0017091132251404462,-0.0011181591064964858,0.004540418020919423,0.0032115125386078525,0.015450049106477293,0.0012966213396214954,0.013082175783805772,0.005787100033372905,-0.005630043615408198,-2.0833333333247772e-05,0.0025473747044606476
2021-01-29,-0.025697497422179305,-0.013734105045715927,-0.004622572187575447,0.0005596609118532214,-0.016613718996777993,0.0010004001844976518,-0.017843082498543827,0.0007189519103680819,-0.014370932126110847,-0.014701535995392367,-0.014803635132063175,-2.0833333333358794e-05,0.0013346525652755403
2021-02-01,0.014920703756245546,0.005105839018050062,0.0020638700418498246,-0.0013052339347308095,0.009565154024661737,0.010593680671325822,0.023097697733972078,0.00028199689116759075,0.012162296385242133,0.011636661260370884,0.017094910016996367,-2.0833333333358794e-05,0.002204752288138989
2021-02-02,0.010246691136942765,0.01554804755020367,-0.004119459389335445,0.0018671077262042424,0.013658128067866926,-0.00909811322781895,0.020488668590197046,0.0007985752137953384,0.015954954019442136,0.006391516969908251,0.02242035222453187,-2.0833333333358794e-05,0.0005941995836060698
2021-02-03,-0.002792817100551792,0.00985301809061867,0.0017236215629685692,-0.0020499731723570003,0.0006069377838187062,-0.0020957840179015585,0.0018840590021194092,-3.571428571413904e-05,0.0033857655068549874,0.008235365781480208,0.005454945141210699,-2.0833333333358794e-05,0.000287065117440255
2021-02-04,0.0050119132675892075,0.001050733541584803,-0.0024087262357203043,-0.0013071838389335788,0.0025476055078270665,-0.022302278511487028,0.0127073767744601,-3.5714285714028016e-05,-0.00026302156168955815,-0.001371252214670493,0.006790274072151492,-2.0833333333358794e-05,0.0005193174633804087
2021-02-05,-0.006600092761798959,0.015894757200101806,-0.0034494728356789794,-0.005796585086320638,-0.00435621648807738,0.009410814685748337,0.012641616035846237,0.0009755434912595007,0.010196255118382958,0.010853034081304891,0.013523705985109435,-2.0833333333358794e-05,0.0013667064564006903
2021-02-08,0.00044288604767528383,0.004870581798504414,0.0008654645780894477,0.003385391420356987,0.007292170462530612,0.013173895582502926,0.011082105197008918,-0.001045950453506972,0.002665161999040544,0.005104322552905494,0.003308902914436862,-2.0833333333247772e-05,-0.0009792352369837332
2021-02-09,0.003541519891655076,-0.007050541591572479,0.00017289873519121812,0.001686939917445951,0.00036206954044737394,-0.0036006957690449815,0.0020894866735294837,0.0008568139831020005,-0.006994066524693587,0.00680763383280758,-0.01336914112446197,-2.0833333333469817e-05,0.0030751071840440236
2021-02-10,0.0010297554988012436,0.0020710019558292103,0.0010374355607458696,-0.0007484487623111713,0.0037387772964108112,-0.005822111746534908,-0.0027098726229151104,-0.00033279909797956364,-3.571428571436108e-05,3.881219863166585e-05,0.02158583537488301,-2.0833333333247772e-05,0.00038640938400646974
2021-02-11,0.0024974890533260297,-0.0014763358810736538,-0.0012090500955683758,0.0009362616967971693,-0.004085441235018861,0.0007067358184780215,0.010411012080461024,-0.0006305385591726109,-0.0009400080681821743,0.0037359873580071756,-0.002681235920937164,-2.0833333333469817e-05,0.003318864920724751
2021-02-12,0.0026377445218539464,0.004878814251071395,-0.0008647161968509121,-0.0014967067010654977,0.004705541642668232,-0.00403591978461626,0.00710035165944034,0.0015512046117949208,0.00019061455089453005,0.0105670427225939,0.002616824698780329,-2.0833333333469817e-05,-0.0024388952712941503
2021-02-15,0.00423875069851376,0.007208987838601466,-0.005192193565926262,-0.0020610230064775914,0.00600470158325539,-0.0058757855702771256,0.0,0.0,0.0,0.0,0.0,-2.0833333333247772e-05,0.0009718634056621323
2021-02-16,0.0001454753935699049,-0.0002920884131795143,-0.001391612504871187,-0.004506227353369474,0.004774870053584568,-0.006420042669253334,-0.004123298826440358,8.349575291721756e-05,-0.007274060353635425,0.006774572719445704,0.004593727710870077,-2.0833333333358794e-05,0.0007649467442993885
2021-02-17,-0.011205122276262247,-0.0020453999562963787,0.0038327157953954583,0.0022633126781843593,-0.013068604086780677,-0.009435909955929578,-0.005782667117515072,0.00024126320222372932,0.00019231541091002669,-0.00409416981156141,-3.571428571425006e-05,-2.0833333333469817e-05,0.0008074215854345645
2021-02-18,-0.006475113865313853,-0.00497811567830353,-0.0017354377550915512,0.0013172693473035846,-0.006019157248080109,-0.0012425059248276638,-0.007650344425348066,0.00016250848861232292,-0.008691915514585702,-0.006607229233181466,0.001939393725257199,-2.0833333333358794e-05,0.0013410049058564244
2021-02-19,0.00014769746204801315,0.005591495973659377,-0.0019125835874421737,-0.0015034574053855998,0.006782139069080317,0.004250504587254733,0.013091598033246665,-0.0004314130166430674,-0.0011845248542763365,0.005877070822236652,-3.5714285714472105e-05,-2.0833333333358794e-05,0.0011753921540940127
2021-02-22,-0.0005924485219412912,-0.007609165654743899,0.002787066879966771,-0.0018822188031789588,-0.004450909023171135,0.01496851431534929,-0.030147727276165215,0.0005975588050208813,0.002264755905531768,0.004740196823842968,0.009162556030478664,-2.0833333333358794e-05,0.0015545148070690296
2021-02-23,-0.0093360133548811,-0.003096426292171661,-0.004689945396354256,-0.004525771821144775,-0.01824550242440015,0.0008136572244066276,-0.006433628362829902,-0.00015415713541644394,0.01786639825338665,0.0033647094502278208,-0.007848054622245026,-2.0833333333358794e-05,-0.0011191668708120384
2021-02-24,0.01062076844141413,0.01760116350676344,0.0003489211218177246,-0.0018942512622096563,0.012923088692381679,0.005386166456269104,0.008486489295977728,0.0003602237791870966,0.005601345865730023,0.00539359636553205,0.01768094925840713,-2.0833333333469817e-05,0.00023471416912479448
2021-02-25,-0.008288713951215665,-0.006250022459200477,-0.00645484716321898,-0.001708070683754781,0.0015795459868575001,-0.017284924488967124,-0.03374151913754597,-5.556060270561769e-05,-0.02133616734146826,-0.0026451372910600846,-0.010996355043748074,-2.0833333333247772e-05,0.0016603606829432849
2021-02-26,-0.010597208499789401,-0.0194531223377431,0.0035117094012264705,0.00019010028084442965,-0.02074495543973398,-0.025509141618574094,0.009291879861425656,0.0002805926688593807,-0.015155980649329326,-0.031140273519641437,0.009742603285052054,-2.0833333333469817e-05,0.0012304049373701442
2021-03-01,0.016594116388291225,0.027297185024282467,0.006649304165191605,0.0036114907509816607,0.014246847481995673,0.014460577178418088,0.023928426891387078,-0.0004115379141654829,0.0225277465898317,0.012715483240604453,0.01093918626021173,-2.0833333333358794e-05,0.0035842192480883828
2021-03-02,0.007271127205840999,0.0031945139760822805,0.0,-0.0017046024627734857,0.0069624158792365165,-0.004265919977198829,-0.017813633417165464,0.0008555325160788385,-0.005495423585137327,-0.004998016522888449,0.01592831828678931,-2.0833333333358794e-05,-0.00442683199798255
2021-03-03,-0.0020627889004345423,-0.007092184816871683,-0.004171730562468889,-0.0020868297773638522,-0.005094657461198193,-0.0004179983428028722,-0.023690881756005977,-0.0013221998662360512,-0.007354776172073474,0.006849439540192126,0.0005929307271574924,-2.0833333333358794e-05,0.001595681689382067
2021-03-04,0.0013361483788170148,0.0010202229170581667,0.0034909432764582693,0.002471394304425223,-0.0025603401759630717,0.005017822444731701,-0.031227027887102188,0.0004602025384856656,-0.003031190100713732,0.0032908053351146105,-0.011342327587834045,-2.0833333333469817e-05,-0.000989799725762519
2021-03-05,-0.011860479262192136,-0.01572728558619252,-0.0029571097100908883,-0.001517143440545432,-0.010145534386839183,-0.005096759194539113,0.0047230553998949265,-0.0006304240877491596,0.009901967244845489,0.009726628095301892,-0.008294986062718723,-2.0833333333358794e-05,-0.0002969187752525082
2021-03-08,0.027463524965827935,0.020860946387705637,0.0010466975894076747,-0.0009495988092201868,0.015188966377020607,-0.00470465237846307,-0.0317770743227872,0.0004599652731080983,0.0029391976361679006,-0.011236041037050448,0.01597988393099059,-2.0833333333247772e-05,0.0012534736618381448
2021-03-09,0.002790407468817424,0.011884210658003491,0.001394561159150376,0.0009505014042219262,0.009366326393063451,0.01407565589712445,0.04055107556174842,-3.571428571425006e-05,0.00726497661712866,0.003395504998106702,0.0037473092631941096,-2.0833333333469817e-05,0.00036708150494901837
2021-03-10,0.005565143272353135,0.0038672852050369855,0.0006959736027210006,-0.0024691380387001916,0.0055434651183075,0.004143360160393295,-0.002936027193315649,-0.000332764745455405,0.009703889658879916,0.003347227862706914,0.0068737778490979284,-2.0833333333247772e-05,0.001026392667109688
2021-03-11,-0.0005828305476767159,0.0005703519914759259,0.0005217477190881947,0.0019040801899938842,0.004434243739189103,-0.004538915105476882,0.029753574766840707,8.283576130452275e-05,0.008488248802414722,0.016968229675789148,0.007450303335822195,-2.0833333333358794e-05,0.003986091421144922
2021-03-12,-0.004225720930298493,0.004420456842482379,-0.0060838327639402,-0.004180979181735656,-0.0029829098097541307,-0.0031088082901553626,-0.001691272213428019,-5.575660363688062e-05,0.0066369796265379755,0.005044848917255429,0.006156073572351595,-2.0833333333247772e-05,0.001353452656642995
2021-03-15,0.0033656831238659812,0.005252577121497959,0.0050718121002728545,0.0013359630964420166,0.0009574898939130883,0.008939683561265399,0.007281430636924879,0.000360654355255674,0.006592551593382234,-0.002222493035906825,0.016579688793635805,-2.0833333333358794e-05,0.0012196417383554259
2021-03-16,0.006709494948292649,0.002965736850919498,0.00104396544755736,0.0003811425497675103,0.011716874157935209,-0.0006181491871304345,-0.010592135994435092,-0.00043192588083285077,-0.0046451658828279285,-0.0005387582448601602,-0.007299588591892836,-2.0833333333358794e-05,0.00097271621282502
2021-03-17,-0.0024629139812356593,-0.0045055458181828545,-0.002781104001359891,-0.0017146696964766006,-0.0059088399784062995,0.00010306761436851275,0.0030957944998446507,0.0002622541460479688,0.000626054349599503,0.007621207382631168,0.0030129864275600937,-2.0833333333247772e-05,-0.0005215603200087182
2021-03-18,0.008604132997164893,0.005940700627142359,-0.0022660796851353693,-0.0015266979680549353,0.01307669060819272,0.0035048185750223837,-0.03467650475100481,0.0005576597330334554,-0.017444533040970156,-0.01962132920885229,-0.02556751126197243,-2.0833333333358794e-05,-0.001316950553808094
2021-03-19,0.0008678226212244233,-0.007733535010778558,0.0034939928053348,0.00038232643860691695,-0.0056326543282553265,0.006163328197226425,0.009263804898709038,-0.00035229789845026005,-0.0011569576298415818,0.005786277831721254,0.010569373181361863,-2.0833333333358794e-05,0.0019523619658725622
2021-03-22,0.010589030545828715,-0.002409349530255289,0.001218732910575504,0.0028658513365014127,0.007316518203066336,-0.007554899861217268,0.004671137001336589,0.0009543997405099258,-0.0013827166160645943,-0.003761855198787023,-0.0025046617620878564,-2.0833333333358794e-05,0.000418746580585605
2021-03-23,0.004592628976727964,0.007528949761209214,-0.0012172494086607477,0.0013335815175774535,0.009137721938488497,0.003600452718754754,-0.017878258706661043,-1.5798183011672684e-05,-0.004981788256258501,-0.021459956675239145,-0.00993698060132242,-2.0833333333358794e-05,0.00020600184394004017
2021-03-24,-0.0027147061530012895,-0.0023968844047375093,0.0006963654651419571,-0.0013318054464491746,-0.003018139422411359,0.008405096773507426,-0.027540212473400993,-0.00023306082757601487,-0.00048745412291140156,-0.0018167392428934948,-0.0075355603565550044,-2.0833333333469817e-05,0.0020752100750354163
2021-03-25,0.0008595619939850696,-0.010175524661795943,0.0034797028898345683,0.0017145788530490425,-0.003143854345141639,0.0013213943983523269,0.0023646932863976566,-0.0003328885851123786,0.004258920332526284,0.0027152124880864825,0.010669441635174692,-2.0833333333358794e-05,-0.00037730791177803535
2021-03-26,0.0031492044106098405,0.019274795756086816,0.0013867125319713125,-0.0003803452036285071,0.00338715856775873,0.00030458718461190415,0.00048506980130835764,-0.00043165134039813147,0.007391847016338771,0.01560825726212367,0.013048493146969431,-2.0833333333247772e-05,-0.0008368971192791452
2021-03-29,-0.001141526460152975,0.005042982391471051,-0.0013847922232411713,-0.0020928760111808,0.0058207930354792214,-0.012989698103301861,-0.004926512846621378,0.00045928384874383,0.004432424133327562,0.00266531338117737,-0.004340685592067128,-2.0833333333469817e-05,-0.0017349697777507833
2021-03-30,0.003572112555540574,-0.0013938254920673465,-0.0020806265468700236,-0.0017158865052991912,0.0046297108773749596,-0.011001389513123128,0.007911386391087571,-0.0007286547957848777,-0.005596192724036775,-0.007279700433446279,0.003670097171690978,-2.0833333333358794e-05,0.0034672365233836544
2021-03-31,-0.004555601536408105,0.0041869619576679895,-0.0020848155363769605,0.0017188358325088693,0.0014977189179650185,0.010500026332871393,0.018949957424096775,0.0002618204685678194,0.008016070576954082,0.006197748099581402,-0.003112557057034615,-2.0833333333469817e-05,0.0010272205459924688
2021-04-01,0.008007960912394196,0.009034042682558141,0.0029597585893226253,0.002859932059112724,0.011733492732347583,0.015020551014339079,0.014409727965623897,0.0002022236440519798,0.006176774581435618,0.0013489452161477011,0.01455760613633772,-2.0833333333358794e-05,0.0023214597705187856
2021-04-02,0.0,0.0,0.0,0.0,0.0,0.0,0.0,0.0,0.0,0.0,0.0,-2.0833333333247772e-05,-0.0006705457813244164
2021-04-05,0.0,0.0,0.0,0.0,0.0,0.0,0.002675513416674047,-0.00023374214938853832,0.011210295012892058,0.009061870551165807,0.009927210209313087,-2.0833333333358794e-05,0.0009292131175928642
2021-04-06,0.006242252196720255,0.0055093346779406804,-0.0008680183917445516,-0.001711083834495808,0.0029562097032640455,-0.0011149154805972783,0.011581818030946822,-3.571428571413904e-05,-0.004396876106112502,-0.0029205812970050093,0.009828527165101963,-2.0833333333358794e-05,-0.0032455985407437993
2021-04-07,-0.004370667601886646,-0.0053418423191011755,-0.0005211293625209112,0.0,-0.0037410131231395694,-0.007102993404363045,-0.008649352388632625,0.0003006278490960135,0.003906465117211599,-0.0010844637834005466,0.007290202193399153,-2.0833333333358794e-05,-0.0006121911340651875
2021-04-08,0.006938119672298626,0.0026163591932915065,0.00034752615952649,0.00019042611589292768,0.00455155739608637,0.003679075713783897,0.011448639331981258,0.0008161549409200219,0.0023639518170486262,0.0006882056766284173,0.004206781329256337,-2.0833333333469817e-05,-0.0022010582420556313
2021-04-09,0.0048025719213848905,0.00013733771586088572,-0.002606248780894549,0.0007616502343057441,0.006909780310183633,-0.006211155419587611,-0.001417516136666741,-0.002015081659670792,-0.000906160157742808,0.002496695865233489,0.0035851934608424063,-2.0833333333247772e-05,-0.0005697666124634404
2021-04-12,-0.003935877954613587,-0.00013731885680279277,-0.004006984498305832,-0.0007610705647317362,-0.004387271529039394,-0.009323745477395007,-0.0034962330012421328,0.0008570109484615784,-0.005916733715855549,-0.0003244367556756167,-0.0006366128571747565,-2.0833333333469817e-05,0.0036853541702723813
2021-04-13,0.0012755850543342273,0.003571586449775177,-0.0010495187054874178,-0.0009519493034565452,-0.00033913782319316965,0.00703277238728961,0.008794002600790884,6.354785616213832e-05,0.00675645422756177,0.0005780574731921728,-0.004849523492264196,-2.0833333333247772e-05,0.00019734349015698704
2021-04-14,0.0026899443212011764,0.0004105468440371851,0.00455264245390552,0.0017152323520048807,0.0009042286454989945,-0.004621546619682393,-0.004264501762379802,0.0008552680859919004,0.0027936254832403584,0.004906732126615632,-0.004267949644005786,-2.0833333333358794e-05,0.0005196755427636646
2021-04-15,0.0036701859282213256,0.00615682209599111,0.00017406075976622581,0.0007610705647318472,0.004065717224105647,0.01877838627507522,0.009346203703332945,0.00045991488040941775,0.007559588088333902,-0.001040993630390119,0.007250566772857292,-2.0833333333247772e-05,0.0027942762242267882
2021-04-16,0.007174150944055047,0.001223943479794709,-0.00034835995720405855,0.0011406016850661338,0.007647845217704674,0.002531901902153022,-0.009135030929755872,-0.00023384869930032082,0.0021180000813612043,0.005390188366997117,0.0017727040990431764,-2.0833333333358794e-05,0.00038848490426435234
2021-04-19,-0.0008431881462004354,-0.0029880526836075783,-0.0017434537104591419,-0.0003797673983542138,0.0,-0.006061218155390402,-0.010895965253062356,0.00016245939289771805,0.00039408359353787503,0.013759921132358022,0.0011673944388557178,-2.0833333333358794e-05,-0.0016689578890868306
2021-04-20,-0.009562238788575761,-0.007900538427105142,0.0,-0.0028495187423094315,-0.012166233547991956,-0.0015245451395259346,-0.012713223443745036,-0.00041217919264402436,-0.0077692345303702615,-0.024501507287715052,-0.007247359043307311,-2.0833333333358794e-05,-0.0025052140663882616
2021-04-21,0.01599979243017091,0.0023335484032067644,0.003842087276389572,0.004191243220468488,0.008926457458768855,0.012520345569316138,0.011894052394969323,-0.0009458947340360568,0.0036449447019739623,0.004373056622953397,0.01025488840768407,-2.0833333333358794e-05,-0.00191805988063376
2021-04-22,0.003515371100594189,0.0031510325839751996,-0.0020875680078971115,0.0,-0.0005599679013559289,-0.004624546661950224,0.00026448331913608847,0.0009547083870999895,-0.004350130031710253,-0.005144831092162572,-0.008423915670974558,-2.0833333333469817e-05,0.0018446643469753887
2021-04-23,-0.004063379036046921,-0.001092364606013363,0.0013945984492729213,-0.002656030963386513,0.00044839401795848666,-0.00575694506860458,0.017043520064324413,-0.0007088667593212472,0.00538030934664091,0.01334488305419712,0.007215147920498266,-2.0833333333358794e-05,0.0048373771370171514
2021-04-26,-0.0004221057581994536,0.005331458987807514,-0.0003482200712017214,0.0028533130250467664,-0.0008963258769394411,-0.00020318183875522866,0.014694481946749383,0.00014278937518330537,0.0029808434190792266,-0.0022839228544656587,0.0023635799508510136,-2.0833333333247772e-05,0.0011375573526273275
2021-04-27,-0.0064742246739483145,-0.0036714885557295185,0.00017428274024156032,-0.0036039556139843,-0.00638997914894579,-0.001016053635030545,-0.005261899884677179,-0.0007287337322803289,-0.0075543315018665735,0.006437947484077888,0.00594889649197472,-2.0833333333247772e-05,0.0011074614436652475
2021-04-28,-0.0009917501623623037,0.001743397747468789,-0.0015670016051683167,0.001332656883561878,0.0024822911455668617,-0.0034581208013110265,-0.0029538068063001965,-3.571428571436108e-05,0.00559205282363795,0.00021310148017916752,0.0023437919703770405,-2.0833333333358794e-05,0.0015800412619755289
2021-04-29,-0.0014179248553344292,-0.0037243918090327233,-0.005057733795633679,-0.003992468511524794,-0.002813946509297116,-0.00571542728690122,-0.010866395334597434,3.9524299639825955e-06,0.005560461705770736,0.00582648877310854,0.005899075069155657,-2.0833333333358794e-05,-0.0018318716003370428
2021-04-30,-0.007242381632178607,-0.00027678061623404027,-0.00035052534064372587,0.002863207438550619,0.0016931080144533261,0.0026688314035709926,-0.007433462623491871,2.387877662357596e-05,-0.0017481060520551095,-0.009007105572473861,-0.009475220219226754,-2.0833333333358794e-05,-0.0016052330435011308
2021-05-03,0.008010229902897015,0.0012463734853531694,-0.000350648251741692,-0.0013323123778810064,0.0007886886848014196,0.01074938588372043,-0.007701860714569131,0.0007768006176223086,0.0076831703558550846,0.004419136680591684,-3.5714285714472105e-05,-2.0833333333358794e-05,0.0013123299891331097
2021-05-04,-0.013764420766734231,-0.015352689826477306,0.004911399411002382,0.0015246610771213476,-0.010245175570741782,-0.006786196991664606,-0.016167527366468315,-0.0005306201845257652,-0.006206224916954106,-0.0077351817666567735,-0.006587369398752929,-2.0833333333469817e-05,-0.0011550638672368496
2021-05-05,0.01553943069533914,0.011378314479169926,-0.002269169284281447,-0.00019028116060426647,0.015925103754463876,0.004589027240502475,-0.008896345695771468,-0.0006305626189285762,0.0042461823855324266,0.011192204013143137,0.005959561795898294,-2.0833333333358794e-05,-0.0011785327674748158
2021-05-06,-0.0018420158747961546,-0.00625038660347943,0.0008747019477126639,0.0003806347488304329,-0.0006717628651801144,0.012384542187989345,-0.009797594042714852,-0.00033355390418188247,0.00486720885031966,-0.003925654995728833,-0.001227837579712121,-2.0833333333469817e-05,0.0017556401191174409
2021-05-07,0.005961992041257913,0.010202727491817498,-0.0005243924987129445,0.0026636108928985713,0.0066107512137876245,0.002907875713986874,0.00951088886946283,0.0007585705269230747,0.007388990217501279,0.013808742014334019,0.0035442427442877733,-2.0833333333358794e-05,0.001719181880996512
2021-05-10,-0.004515269521624621,-0.002213629189394495,-0.0003497284091094066,-0.0017077465951609305,-0.008125575564345788,0.0005998556074933159,-0.019359330475710257,0.00045967630359911027,0.0008065048596694879,-0.0010859388255252123,-0.009548082702299787,-2.0833333333247772e-05,0.0006393784251617074
2021-05-11,-0.015166730525036032,-0.022601263654243864,-0.007872542658604598,-0.002471015217186623,-0.01806751941158624,-0.002697853956798557,0.007510527223713259,-0.0004319639102107198,-0.006137042450129138,-0.008938647103803099,-0.01264067359759291,-2.0833333333358794e-05,0.0039468787409400186
2021-05-12,0.005037495539155223,0.00652567687735206,-0.003526949063122231,-0.0011433006470918938,0.0006857200865904023,0.0041078416204618495,-0.02583391428669679,-3.571428571413904e-05,-0.019298929232894446,-0.014394176035180006,-0.033470369263497446,-2.0833333333358794e-05,0.0006310856683877653
2021-05-13,0.0,0.0,0.0,0.0,0.0,0.0,-0.009112382992063961,-0.000313361008139057,0.006007914262794678,0.0006818323425525907,0.028266101841289748,-2.0833333333358794e-05,-0.0010797937535679258
2021-05-14,0.008019269919732341,-0.0009866173109100984,0.00424710641585424,-0.0013353623321031849,0.008793911141490085,0.0027938413079868774,0.022162760923008618,0.0003407812208895411,0.01605519406990341,0.024345829009507103,0.012808238005411532,-2.0833333333358794e-05,0.0023086541974917107
2021-05-17,0.003279126018552736,0.0009875916859636291,-0.004405258373747389,-0.000573115438948335,0.00600014560712081,0.011741281386038471,-0.00014101607585403908,-5.534682182073425e-05,-0.004892240693793459,0.0013644015224709705,0.008418731224175469,-2.0833333333358794e-05,0.0013518482379368812
2021-05-18,-0.0005683375465440621,0.004369305234030341,0.0026549110616180815,-0.0005733529500062673,0.008327858738448546,-0.001966955177036489,0.00175638963451763,-0.00021374485588876446,-0.002581766676096331,-0.0010844708034530859,0.0017604015125138872,-2.0833333333358794e-05,0.00026162490063352806
2021-05-19,-0.005260713369789949,-0.019365956459618916,-0.0028243813445603116,0.00019122729073339784,-0.013281472129743621,0.011627895087614082,-0.005402971037407056,0.00016198440242054524,-0.0068430269724393256,-0.015326081962171223,0.002355365724919345,-2.0833333333469817e-05,0.0003465504633830552
2021-05-20,0.010863239690538595,0.00915886172054492,-0.001593076722438247,0.0007648540928446579,0.017418913892436994,-0.0037015272582680003,0.013296438618678241,-0.00025300643290915303,0.011744281973170123,0.004477059122032223,0.0011569252632792626,-2.0833333333358794e-05,0.0016939456869733416
2021-05-21,0.005231635137402213,0.014605771077373264,0.003014182981259106,0.000764178434388807,0.006670370003521331,-0.0035197258788649544,0.0007994396664869896,-0.0002939477779786426,-0.0006707214798972183,0.0026526800185653343,0.0011554073975981183,-2.0833333333358794e-05,0.0006385162797617472
2021-05-24,0.0,0.0,0.0,0.0,0.0,0.0,0.011440487279915201,-0.002138253074365326,0.003565231453312334,0.009877606764955082,0.004723201171108249,-2.0833333333358794e-05,0.0007606482494406652
2021-05-25,0.005767187416002129,0.001397518204818038,0.00406569934783052,0.000954584673736214,0.006625992850868068,0.007653049155757374,0.0015117840417426809,-0.001188618244973183,-0.011221877857769513,0.0010121437772316888,-0.011284666343447936,-2.0833333333469817e-05,0.0007894720487526818
2021-05-26,0.006574268684352624,-0.00013945280429539242,0.0007041362187916178,0.0019072576743224268,0.007460374539470793,0.006621274418816769,0.011807385700355333,0.0031083459877969677,0.00039124366903342533,6.897100973568548e-05,0.010742641312388335,-2.0833333333358794e-05,-0.0007521339041202113
2021-05-27,-0.0009731320456385362,0.0036293985325484,-0.002990926022633733,-0.0005710608578767262,0.0011979833127833128,-0.005417002700471962,0.002712418496777058,-3.571428571436108e-05,-0.0030228571997626963,0.00764046496335502,0.007073007824132782,-2.0833333333358794e-05,0.0019369359416949727
2021-05-28,0.00834482966480432,0.005285039594909113,-0.002117481907924268,0.0015237899053666126,0.012181883533239901,0.002917720426441228,-0.0016597608841660838,0.0008570486037287051,0.005314245396305983,-0.00041662681703547033,0.005258506275746644,-2.0833333333358794e-05,0.0016320424627744856
2021-05-31,-0.005103709066991979,-0.001106814594697303,-0.0003536245990434228,-0.001521471502449856,-0.004405729736688069,0.005042740000402501,0.0,0.0,0.0,0.0,0.0,-2.0833333333358794e-05,0.0022148206220438116
2021-06-01,0.005684490910093043,-0.0027697585069147435,0.002299524767410688,-0.000761940365745839,0.003237845746177692,-0.008105002138350637,0.005803821725784308,0.00067865928593136,0.005498520600962564,-0.010185018040325455,0.010496678116857394,-2.0833333333358794e-05,-0.0016168680538664049
2021-06-02,0.0038598702001677587,0.0041663495272572515,-0.0008823452593152981,0.0005719137450088674,0.0007531670326643702,0.0062257046829401474,0.00289732012099031,-0.0008289806991741422,0.004198047025113727,0.008327885341318675,0.004017531026554666,-2.0833333333469817e-05,0.0005268514849297024
2021-06-03,0.002197122477054947,0.0015217925711195068,-0.003709425904681707,-0.0013335815175775645,0.004300225745377695,-0.009474138241321373,-0.014961086079689268,-3.571428571425006e-05,-0.006570359189908781,-0.004234839312882599,0.004001168550124001,-2.0833333333358794e-05,0.002519806045735873
2021-06-04,0.00616603694881479,-0.0019336760766747174,0.002659389793744582,0.0019076214895457078,0.002675888501806334,0.005855943922474571,0.007539860270718846,0.0003415102696124883,0.00654191307761165,0.005749647314504669,0.0016875293556721793,-2.0833333333358794e-05,-0.0029763556737195662
2021-06-07,0.00313252675767961,0.0052577525533332725,0.0014148018063830925,0.0015233004686114882,0.004056964194977697,-0.00252277862170458,0.004435301201651587,0.0005786279480570755,0.005655634665212794,-0.002461341149688878,0.003978208104239878,-2.0833333333247772e-05,0.000669364552267071
2021-06-08,0.000814812172329038,-0.003991769880254736,0.0017658522219605732,0.0017109931810475043,0.0014883729226582432,-0.001556396484375111,0.005426595408086099,0.0006585897558699649,-0.002760492752834187,0.0018746194802246041,0.00396197459262293,-2.0833333333469817e-05,-0.0004226104060771618
2021-06-09,0.01112287429722425,0.0011055911635076132,0.001586488219633031,0.0015182951076273543,0.004352874917126215,-0.001753749790830872,-0.002450437702054331,-0.0012243629949328927,0.0062696410358247245,0.007799330570024576,0.002239755777641017,-2.0833333333358794e-05,0.001749024327928339
2021-06-10,0.00026833451545571485,-0.0002758639919667738,0.001935768451835962,-0.0017054812599018865,-0.004650938082411793,0.0,0.006620265144213988,0.0009558781305654129,0.00013356959472976548,-0.003406854238217405,-0.006846441261720848,-2.0833333333247772e-05,-7.25904695286772e-05
2021-06-11,0.0037550449747965065,0.00013831298170208228,0.003864358369058074,0.0013287716999144106,0.0033984614701130234,-0.003318332480890196,0.004672516701559326,0.0013513492136130179,0.002294309792387983,-0.002279006189535915,0.00910712314594897,-2.0833333333469817e-05,-0.0009748036950762984
2021-06-14,0.0017374030895764836,0.007317116378849464,0.0010499612372234512,-0.0013270084086953737,-0.00010596671120077783,-0.007638060810547187,0.004052617621769894,-0.002113190090854866,0.002922919815126601,-0.00031248148475371273,0.000530507050196416,-2.0833333333247772e-05,-0.0007049256418538707
2021-06-15,0.0056025786421074475,-0.0006851983762192759,0.0006991650057905918,0.0015185832976476465,0.006457141484649709,-0.0017762470739683955,-0.008973277972122995,-0.0006306640958090304,0.0037569426166683684,0.007472912406087495,-0.013617890133628574,-2.0833333333469817e-05,-0.0006506048460093172
2021-06-16,0.003580954666015268,0.0024687007058896704,-0.0057640625225947595,0.0005685713702128226,0.0011569209638284672,-0.0007908143656342181,-0.00023558454849925692,0.0009559827050327208,-0.00801243006577168,-0.013533012983870107,0.005701402007426415,-2.0833333333358794e-05,0.00041953457230547997
2021-06-17,0.001189413105028736,0.009029686687710425,0.002283768805579456,-0.0035990864309158876,-0.0015757245333463121,-0.02750295620171972,0.004173109787046103,-3.5714285714472105e-05,-0.005325383646271997,-0.013648024679563386,-0.012015192927665175,-2.0833333333247772e-05,-0.0006692418868865513
2021-06-18,-0.004884676058676818,0.004610203127534573,-0.0010515760219312886,0.0036120866429396603,-0.007681164192253509,0.00874870354622348,0.0012620775219245317,-0.00011499047978669186,-0.021945963749412045,-0.008118133675651507,-0.019666192530234272,-2.0833333333469817e-05,8.35217554302492e-05
2021-06-21,0.00397991664007491,-0.009177869916749848,0.0031584253289407282,-0.00037883218700629495,0.004665581447959477,0.0006051196408503046,0.002356093214432642,-0.0007491614222415732,0.013013497749186476,0.010852293282434422,0.016454166421596028,-2.0833333333358794e-05,-0.000527539663206178
2021-06-22,0.0005288956534528211,0.010216551560042975,-0.004547864370490595,-0.0018949691375120814,0.003060759503727528,-0.002418891740107898,0.0027485712756420977,0.0018882346785866755,-0.006261655562053936,0.004012265472535637,0.0005437237916854354,-2.0833333333358794e-05,-0.001762988565134016
2021-06-23,-0.008320162422642108,0.003506181416814247,0.001405776565114536,-0.000569633432014105,-0.0008416071188330765,0.002929909527003227,0.008392579960402324,-0.0011837793108548933,-0.0073807250576831684,-0.0019639795014504413,-0.0011936359217119552,-2.0833333333358794e-05,0.0008981231525218014
2021-06-24,0.009455256788858613,0.0018810052287721035,0.005439464292286811,0.002089695389462687,0.00642348066313958,-0.003324254812520855,0.008125826251688117,0.0004797338353270675,0.007363644858876972,0.008569955534135865,0.006341041492729627,-2.0833333333469817e-05,-0.0013973371790191313
2021-06-25,0.00013184401278087954,0.0005368175810587239,-0.0026179190197570534,-0.0009478889764018561,-0.0042900205094169586,-0.0002021550455790777,-0.00042611374209078345,-3.571428571436108e-05,0.0023406183511529566,-0.001602913491236757,-0.006372064705008285,-2.0833333333247772e-05,0.001874821797870796
2021-06-28,0.0006593191817918509,0.0053616336864663605,0.0019248163506038196,-0.0005692187045754915,0.0009458684139955764,0.0010109179009905045,-0.0007191584376138316,-0.000372447354746952,-0.00865641216108648,-0.006802324601408727,0.0017035127026547858,-2.0833333333358794e-05,-0.0015359869505948698
2021-06-29,0.002636654454195364,0.00040011320168242825,-0.005937675902768391,0.0018985668631232855,0.002519706445957448,-0.009796013014997995,0.0023080696093593644,-0.00019462209615694892,-0.010035622911401143,0.0004909468736622458,-0.008716562103256442,-2.0833333333358794e-05,0.001007600382659568
2021-06-30,-0.005916284646416803,0.0013328094774229804,0.0061488807761906905,0.0007580418718509119,-0.008063899463258917,0.0075471947109255755,-0.006757349920150202,-0.00013497607493118124,-0.0035491315894911057,3.4605587577063446e-05,0.0017156967769096365,-2.0833333333247772e-05,0.0006914601114569319
2021-07-01,0.0007934871263040044,0.0019964430060641636,-0.0024444763014550563,-0.0003787789862986779,0.0009502623382537934,0.0036440687285868023,0.001132310666617009,0.0002622910014764557,0.007897371176275314,0.007404657132134229,0.006376863558789969,-2.0833333333469817e-05,0.0019197162020065939
2021-07-02,0.001321512834944194,0.004649122035329745,0.0024504664085183148,0.0009471707946937524,0.004640976246259365,0.00443774524867635,-0.0008199730068308986,-0.0007295524094358408,0.006085760285074571,0.007628522968112117,0.011763873258225699,-2.0833333333469817e-05,-6.871487296045142e-05
2021-07-05,-0.0005278330499054462,0.0006612275474335849,-0.0017460438011925872,-0.0015139850727585724,0.0011547431458578394,0.004116854589244046,0.0,0.0,0.0,0.0,0.0,-2.0833333333358794e-05,0.002105361920498927
2021-07-06,0.000131965878813034,-0.0023784524285996866,0.005422263211908529,0.0037907469370259683,0.0008390085760432431,0.00920001220703126,-0.0007222064695325825,0.0006586055836024229,0.006483268504540174,-0.011064264184294181,-0.0006188926976926634,-2.0833333333358794e-05,0.0012868087806874318
2021-07-07,0.008714184540790981,0.005284455011795197,0.005045341583109764,0.0007553223031129264,0.008486826382592572,0.0025762738352048675,-0.007986027166966503,6.362293331552138e-05,0.002554856346665302,-0.0027274578132733263,-0.008787280401906017,-2.0833333333247772e-05,-0.0019264382089096976
2021-07-08,-0.01177990909480775,-0.003570146624360948,0.0025964718603679326,0.0028301633859968423,-0.013714181648356472,-0.016604060086632733,-0.008346928789737196,0.0008568047662995681,-0.00800294598947715,-0.008027769324623901,-0.006510053021005935,-2.0833333333469817e-05,-4.480578280119385e-05
2021-07-09,0.004105582729568402,-0.005308676921271904,-0.0018991532164297498,-0.003951064575951624,0.005267329608434901,0.0060301507537690036,0.010938815545683322,-3.571428571413904e-05,0.0071272304379796925,0.008939444606036462,0.012997438478249412,-2.0833333333247772e-05,-0.002708459866063051
2021-07-12,0.0073867559003579775,0.005337009379795088,-0.0013837427551803838,0.00188888397500242,0.011212152730394331,-0.00059937620972772,-0.0025027621273306933,-0.0014822810944680187,0.0021195793760269144,0.006793227921579215,0.00932083310625309,-2.0833333333358794e-05,0.002232606945933746
2021-07-13,0.00026190465931774654,0.0030521690606555296,-0.0017322795212892927,-0.0007540931670060314,-0.0010361482920100418,0.0053978041254736375,-0.0048834002020146094,0.0018295170837949737,-0.009928190882568355,-0.005183635043711998,-0.006987958773009395,-2.0833333333247772e-05,-0.00028057308860518493
2021-07-14,-0.0027490019614631045,-0.004498846642648546,-0.0010411415400959356,-0.0005660866587625657,-0.0037344713559455123,0.00457351031708364,-0.012462405451919012,0.00024135464050201172,-0.0011218354694307875,0.0012580403651238914,-0.005286915539223669,-2.0833333333358794e-05,0.0035224979671937273
2021-07-15,-0.0048568575298754135,-0.0034553194885238447,0.003995152468861729,0.0035869461302733274,-0.0006249129421586064,0.0029691210684001934,-0.007383632544267105,0.0006572411173095816,-0.002644970014806458,-0.0057972073659458,-0.004727567583732828,-2.0833333333469817e-05,-0.000782299874914183
2021-07-16,0.002506070163763807,-0.0008000277199208261,-0.001038079360231925,0.0,-0.0029172249602056333,-0.004736578559784599,-0.007743076749167743,-0.0008267216530083443,-0.000253801478729887,-0.0019323447840496888,-0.005928507736467248,-2.0833333333358794e-05,0.0009943148450382022
2021-07-19,-0.010789194081171072,-0.025894182324265325,0.005888463450838266,0.0015048715248562328,-0.015778563214373986,-0.004164139672356293,-0.001466682073067438,-0.0006298432014291144,-0.021623144937961247,-0.02712913625471991,-0.013669261877459649,-2.0833333333358794e-05,0.000196967521967073
2021-07-20,0.0061334732926237034,0.0197312568260557,0.003121307050927946,0.0030053101425435713,0.009342822751358115,0.00438068824368365,0.016134540650015294,0.001053821051513859,0.001301577082978067,0.008788748687789338,0.017392108913674154,-2.0833333333469817e-05,0.0018035768826576426
2021-07-21,0.006890797495991086,0.005375018328082293,-0.006050171898624224,-0.0046816656653683175,0.01241188280352068,-0.006740669979433345,0.013409774138208208,-0.0007284902635551482,0.005973764631823197,0.01792541072589149,0.004689866634526529,-2.0833333333358794e-05,0.0013983699084201273
2021-07-22,-0.0013190185677277588,0.0042768932897596645,0.011910966376321497,0.00018813311570786695,0.001870313741219487,0.00039922596213815,-0.0016758386040244266,-0.00013453370718929936,0.0041676012444700206,0.00436626514202243,-0.002975511099053252,-2.0833333333358794e-05,0.002331634544397332
2021-07-23,0.011228536093983221,0.012776038117584099,-0.0006924797649139336,0.002633547593120289,0.005807222170799875,0.0011970781550774134,0.0022541680982437473,-0.00043198131723809485,0.005251779802359469,0.005399130951690534,-0.000625237280037827,-2.0833333333469817e-05,0.0016602042485214241
2021-07-26,-0.006531575771302589,-0.005518965007104248,-0.00034633330962441367,-0.0011257114535750956,-0.00443332789307771,-0.0061777115610781586,-0.0019227962506552787,-0.00023430660932688419,0.0058815751446525955,0.000836176697196267,0.005863748841224092,-2.0833333333247772e-05,0.0015052171264069436
2021-07-27,-0.0026302254091364885,-0.003831815138241712,-0.0027725057066236847,0.00018781509071441604,-0.004867249294731035,-0.0013034377344123271,-0.012771520819197746,0.0006583083527926803,0.00018213396350885702,-0.006481757224460649,-0.00120844282033028,-2.0833333333469817e-05,-0.0001127088632852935
2021-07-28,0.003691261610749841,0.001326164184421108,0.003301632556336642,0.0015024176764122377,0.004162724057257039,0.0004015906273135972,0.01356985542010336,-3.571428571458313e-05,0.0034493876575891758,0.004874050529100726,0.005836035263030226,-2.0833333333358794e-05,0.001289608623623817
2021-07-29,0.0,-0.003046727930451798,-0.0015588155140666693,-0.0018751600484687714,0.001450735347957588,0.00632211519615522,-0.0012293131340258556,-5.576322603251249e-05,0.0025689143105360746,0.0010112116699199092,-0.007624579226745309,-2.0833333333247772e-05,0.0007456185600591692
2021-07-30,0.004991786566127088,-0.003454619258721592,0.003122278367565956,0.002817934738792216,0.0024836106403633984,-0.002991623490744888,-0.0045150211143778485,0.00028136938826772706,-0.006747089609501322,0.0006265231657798243,-0.002388728599625467,-2.0833333333358794e-05,-0.0006645677324514931
2021-08-02,0.0037900298282478317,0.0,0.0010373494048148135,-0.00037464501848538667,0.005058600525642554,-0.006501300339429306,0.002255533831759804,-0.0004322994546828163,0.0004002686040065484,-0.001568523632865193,0.0011437093602000292,-2.0833333333469817e-05,-0.0007222762556097218
2021-08-03,-0.0009110046251988857,-0.0020001405420944085,0.002591124359943686,0.0014992310822050658,0.001026995580649448,-0.00261751295468593,-0.0012331947640562557,0.0003612182817431808,0.0036679951301692437,-0.00038478164287081285,-0.007691899540746561,-2.0833333333247772e-05,-7.799812271747086e-05
2021-08-04,0.0011731000595816,0.005744794066184777,-0.001895096465218904,0.0013098745625572672,0.007592610349170137,0.0024224925298625966,-0.001135594954173702,-0.0002342443086309487,-0.005679252312705829,-0.011344398498414177,-0.003596418307098448,-2.0833333333358794e-05,0.001709109812691345
2021-08-05,0.0015616713726509523,0.00252429303360846,0.00258933482542556,-0.0028031894890865328,-0.0005091055314770943,-0.003423586207320417,0.010570615069407374,0.0005590439559863825,0.008041085722939156,0.002964904922091449,0.012471617302343363,-2.0833333333358794e-05,0.0008018968592224951
2021-08-06,-0.0024690695919966643,0.008082424843295577,-0.0032715039569383153,-0.0009370529372353387,-0.0035656635279754934,-0.014044684492895532,-0.005481455677725733,0.000261488071584548,0.0008304910498841966,-0.008940771491262822,0.0052584501803880634,-2.0833333333358794e-05,-0.0008305550690553831
2021-08-09,0.008729636491699111,0.003811669280232799,0.0006911174641093254,-0.0026261375643488183,0.003271974330884664,-0.012297602121456253,0.0012586635119786749,-0.0005306512439021693,-0.00587746828608926,-0.014170116273324429,-0.0006209402259337304,-2.0833333333469817e-05,-0.0017526571272380442
2021-08-10,0.004132827449921939,0.004582986166047576,0.0003450645800735508,0.0022569276135713245,0.0023439693669604633,0.0009338290365861202,-0.004708304448053924,0.0006770477445547929,-0.001123770376257438,0.007024788901816903,0.00874650265311927,-2.0833333333358794e-05,-0.0011984093803532048
2021-08-11,0.002572867367492737,0.002085595191778644,-0.0013803659940169188,-0.0031901291755352945,0.004067068803069729,0.010780515442425864,0.0009631096395388283,-0.00015415445150790408,0.008025249293721393,-7.145303433320205e-05,0.0011250414638603878,-2.0833333333358794e-05,0.0003139158554850141
2021-08-12,0.0020526276046359815,0.001951015206997253,0.0003454954351929107,0.0026356205449680203,0.005063243444382026,0.002666430813446974,-0.001333191518840704,-0.00023370743625206192,-0.002196967778316017,0.0033267637847231857,0.005181630524385028,-2.0833333333358794e-05,-0.0005421657266094781
2021-08-13,0.0023051647022869215,0.0032455744089583405,0.0,-0.0003755786328258903,-0.0007052505573527101,0.006136851718407721,-0.004232175653304804,0.00016231807387456776,0.0029965175277471,0.00114087893323922,0.00515473581062964,-2.0833333333358794e-05,0.001229838379578796
2021-08-16,-0.004599128631449401,-0.015916456692400827,0.0005182833112626906,0.0018783300345530662,-0.0018149516932700616,0.002948016003781362,-0.010571257452952842,-0.0001347108609837111,0.003851124747195289,0.0068725795992961025,-0.004625460685689364,-2.0833333333247772e-05,-0.0022273176539233663
2021-08-17,0.006417098750155059,0.002761731393559952,-0.0051794182156794655,-0.001874808525390792,0.00202018314820962,-0.00010133345673180028,-0.005208176599665437,-0.00023410673730861475,-0.009930415644538115,-0.01336864468413157,-0.005223264129173066,-2.0833333333358794e-05,-0.001350923906377588
2021-08-18,0.006120965444623483,-0.00196709325955835,-0.00017364399707364697,0.0018783300345530662,0.007359051693205165,0.003243803555024183,-0.003093492189218394,-3.571428571391699e-05,0.00018180711606552435,-0.013727872742988256,-0.007567606262355975,-2.0833333333358794e-05,-0.001073908356254094
2021-08-19,-0.012167572911810809,-0.014058714283206486,0.003124519891159361,-0.000749941289314604,-0.014510288263355209,0.0006062196408380682,-0.006068622579505578,0.000657752702683867,-0.00807235756582736,0.005706063010874729,-0.028056483830495194,-2.0833333333358794e-05,-0.0015777850657497927
2021-08-20,0.0026946589784571096,0.01252697096758304,0.0008652269292515058,0.0018762155769194155,0.007006640611478376,-0.0007068688434415105,0.008090962245055344,-0.0006293638013780134,0.007190064614906566,0.005167670412952408,0.020384617702522867,-2.0833333333358794e-05,-0.0011370779649657603
2021-08-23,0.004478430201561023,0.005527680629844101,-0.001037462485202978,-0.0001872523393595671,0.0034284669568307446,0.005962029668168833,0.013025538432449135,0.0001623180738747898,0.005616315979381614,0.010352816206522508,0.003495554711067106,-2.0833333333358794e-05,-0.0005083396629016468
2021-08-24,-0.0036946661260014446,-0.0011782227642053167,-0.00017301680041448275,-0.00018737672143420703,-0.002914349486136114,0.000502260170768265,0.011950845730225534,6.337720477511688e-05,0.0023421597598414223,-0.0024549586859907713,0.0034835043936431997,-2.0833333333358794e-05,-0.0014033624502408637
2021-08-25,-0.005369996285291778,0.005635098284838547,-0.002942819398422558,-0.002247959439719005,-0.0021167163692191737,-0.008032128514056103,0.005537905648435926,0.000261056202221166,0.0027680855620015876,0.0027104573005474197,0.008146656057065327,-2.0833333333469817e-05,-0.001727260182871504
2021-08-26,0.004628220211290168,0.0018243124946060174,-0.0032984732887757495,-0.0030041814122686583,0.0026262554951246297,0.007692282981717868,-0.0053807067315720936,-0.00023353420582916673,-0.0067025363628127055,-0.00401908731749856,-0.006412376226554994,-2.0833333333358794e-05,-0.0013055925301870275
2021-08-27,0.003838603146430808,0.0006503384023321956,0.0017418341992170294,-0.0005649308087724014,0.006245230173092198,0.001506629205286103,0.01170649716012484,6.335758922282331e-05,0.011005750547981696,0.005855931039377316,0.008132239700201271,-2.0833333333247772e-05,0.0005148684389169045
2021-08-30,0.002166664002963614,0.00207968747437004,0.00017382907660445923,0.0020726736825609215,0.0018521118208743026,0.004713681999911179,0.0017350558037469987,0.0008548005029984651,-0.0013206019902048949,0.001384375935515214,-0.0069801889752764135,-2.0833333333358794e-05,0.0016841013083117584
2021-08-31,-0.00432419746351187,0.0049296221439703025,-0.0005214701149028889,0.0018804492634669767,-0.0062450704164810356,-0.0013974479895836334,0.0005534117197449895,-0.0009254367634030647,-0.002822997927825588,-0.009429410421062046,0.0005470310766777509,-2.0833333333247772e-05,-0.0018325425201427548
2021-09-01,0.0030659263819081684,0.0021941187736995715,-0.0036527837737222457,-0.003566076043712174,0.004122538385022301,0.0019992002710829126,0.007582979565453618,0.0002611872352111799,0.012004737522798292,0.023975591129378193,0.0011290043907534741,-2.0833333333469817e-05,0.0010699217699670083
2021-09-02,0.0005090683762718484,0.003735189005174,0.002967771999747626,0.001130164238919651,0.0014019927487070039,-0.0003990666443731694,0.0030824593769569475,-0.00013465208457330569,0.008462181214779374,-0.014887686126276556,0.006945306184232836,-2.0833333333358794e-05,-0.00014674904476386086
2021-09-03,-0.005982678566834543,-0.0011546675610490942,0.0006963369511203688,-0.00112888840960923,-0.004599913948541423,0.009980039920159722,0.0036550185054733397,-3.571428571436108e-05,-0.0044596888444820015,0.003476285934391976,0.0016971872452757886,-2.0833333333358794e-05,0.0031809117221592853
2021-09-06,0.006018686433158615,0.007579497413405134,-0.004696488821454681,-0.0009418185018924552,0.006379430598277169,-0.0023715656265438367,0.0,0.0,0.0,0.0,0.0,-2.0833333333358794e-05,0.0024211333423580506
2021-09-07,-0.0044552976677665335,-0.005737478218530878,-0.004718723812428105,0.0005656597766812155,-0.003643658722012,-0.012975411948018989,-0.0024550941013312677,-0.0001345670059759163,-0.0065949529747652,0.0010598501004874805,-0.011569545064500586,-2.0833333333247772e-05,0.003818568417631951
2021-09-08,-0.013297099477009744,0.0,-0.00017553838454187343,-0.0015075133971740318,-0.013525624311797158,-0.0006020828760036068,-0.008669653709550196,-0.00013476653406774286,0.004650140095828981,-0.0032488113185523693,0.002297986853118772,-2.0833333333358794e-05,0.001204493623619296
2021-09-09,-0.003887532723477194,-0.0037189025403420173,0.006322422296516361,0.002830787682105207,-0.0003048313308502415,-0.0012049524827929536,-0.0006229055307712672,0.0005584683042616501,-0.0038516883435063543,0.0032941019028809304,0.0017103000472056262,-2.0833333333469817e-05,-0.0005146589396849421
2021-09-10,-0.003902887198051763,-0.0015448786614167265,-0.0019197181146497488,0.00018816851643688182,-0.0032181474850248026,0.0,-0.005225182537562434,-0.00033281882042268673,-0.01152767708652136,-0.01489960935510315,-0.002940883186339005,-2.0833333333247772e-05,-0.0008247817299668059
2021-09-13,0.0007837825205134763,-0.0009021837205439587,-0.00034952950681199635,0.00037626623141551185,0.001874581581290613,0.0038202349917915157,-0.0018073427340701276,-0.00013465208457319466,0.011589849056560464,0.007490464372265748,-3.571428571413904e-05,-2.0833333333358794e-05,-0.0014523385861223703
2021-09-14,0.0030013529623684754,0.0016773314838449682,0.0006995993170286763,-0.0013165261609798806,0.0070684656896997655,0.0063094519709252506,-0.003388043214693215,-0.00013456700597602733,-0.011101898880809924,-0.0009960199374979828,-0.0012011116965893187,-2.0833333333247772e-05,-0.00014843247762263978
2021-09-15,-0.010278429784231102,-0.011071654189642954,-0.0017479233846751097,0.0011299514173872538,-0.007328564367460211,-0.008757949741120097,0.00441578972829948,-3.571428571413904e-05,0.004913717420811148,0.006052754143098582,0.01163269798566735,-2.0833333333358794e-05,0.001551805073945589
2021-09-16,0.004732682440101721,0.016084615157350823,-0.0029768282480725494,-0.0015048715248564548,0.008214699063941344,-0.015060240963855276,0.003214745059246793,-3.571428571413904e-05,-0.0086010322845258,0.003821662878326304,-0.008109275782025027,-2.0833333333469817e-05,-0.0006285884797490038
2021-09-17,-0.007719718562894329,0.0006437055106496281,-0.004039354238050463,-0.0007536147049820308,-0.010932216847301945,0.005810409996973576,0.0011425603923589378,-3.571428571413904e-05,-0.008675030777570925,-0.01427808277372311,-0.005849800924281889,-2.083333333313675e-05,-8.518033150117787e-05
2021-09-20,-0.01437262399164907,-0.022507803131269433,0.004937441402697917,-0.000565569875254579,-0.020438234966503876,0.0031417609684665226,-0.012783169344999123,6.314820737363114e-05,-0.007661174152765127,-0.007367073696279314,-0.015825139670715638,-2.0833333333358794e-05,1.48713053638172e-05
2021-09-21,0.0074920398719269254,0.006578444567989061,-0.0008773726310791208,0.0013204997785822847,0.008622678228549674,0.004950519776210971,0.0017519261137224351,-3.5714285714028016e-05,0.0058918709719515405,-0.0015488292432356277,0.010659661640865181,-2.0833333333358794e-05,0.0023424651959638165
2021-09-22,0.0026555735735764863,-0.004574901937621445,0.003161136880405646,0.0003767624356534327,0.003799415814549123,-0.00512721077561662,0.010473822731981386,0.00024149075133483855,0.0073846387792537715,0.008587805027720607,0.011134082726253158,-2.0833333333358794e-05,0.0005244936518795651
2021-09-23,0.007813652013988426,0.006172244803284155,-0.005426901225555891,-0.002448213104365271,0.011775811650750478,-0.012631366520192921,0.008009882458960282,-0.00021392233407924177,0.0064635936286192575,0.0012521013064668018,0.002289659698435642,-2.0833333333469817e-05,0.0005743918054870178
2021-09-24,-0.010643583560295156,-0.0005223944451199225,-0.004048820172223744,-0.00377571855498815,-0.012885859152243273,0.002149254603997175,-0.00023031038070941978,0.0003011295529695701,-0.0024035419980595885,7.14656523055357e-05,0.0017043165284535977,-2.0833333333469817e-05,0.0012449720100728978
2021-09-27,-0.013149471758061138,0.005745802085391771,-0.001237177817498103,0.0015159933822919136,-0.015475251629612385,0.0004084593279414239,-0.00149611812913375,-7.535194065189099e-05,0.0027691998505412485,-0.00492977155555796,-3.571428571425006e-05,-2.0833333333358794e-05,-0.0004336372008020284
2021-09-28,-0.017631687331805757,-0.0025968074788056406,-0.00035388516370316037,-0.005865593450702367,-0.020530289474898433,-0.004899946827885193,-0.021094553191230103,6.338377964465458e-05,-0.012299066709123174,-0.00976436688167659,-0.004088671993538129,-2.0833333333358794e-05,-0.0013616859072553833
2021-09-29,0.009728002805873492,-0.01028380125912387,0.002301255026532889,0.0038066197592270257,0.004585084704634257,0.00041036563302410123,-0.007405502853710666,-0.0001348025316199042,-0.00025351508741378037,0.007758416873539176,0.0046153129732395826,-2.0833333333469817e-05,-9.792057939295162e-05
2021-09-30,0.0001357808158657381,0.001578372738443523,-0.0045921668843562635,-0.0034129930436386235,0.00021741708729039466,0.017842456071680557,0.0006666628707507893,0.00016229218363505993,-3.571428571458313e-05,0.0038131950276227844,-0.007558702145462948,-2.0833333333247772e-05,0.001227607318352586
2021-10-01,-0.0046128744247473374,-0.01575842249631154,0.006919990735029247,0.003614926418202602,-0.005758185043126307,-0.005641724484862998,0.008993412793199651,0.0003999464461690305,0.006500118763098861,-0.002794879210119783,0.008952758743871359,-2.0833333333358794e-05,0.0009149678385829141
2021-10-04,-0.0023170620586605573,-0.00040019690871739844,-0.002819331905895228,-0.0009478889764018561,-0.007649705478001034,-0.0019250500649063973,-0.015347028861455891,-3.571428571425006e-05,0.008622303078395621,-0.006359785748600522,0.0011441265921536825,-2.0833333333469817e-05,0.00012015272855503412
2021-10-05,0.004098628615699651,0.004671381472248548,-0.002827527193035473,-0.003415583671756428,0.004184576601208745,-0.0005075626965704849,0.005921444477244631,-0.0005701258307474477,-0.00025029015893596185,0.006003159035996797,0.00644631799514106,-2.0833333333358794e-05,-0.0008575213864179254
2021-10-06,-0.0034015926335509983,-0.01022958192997614,-0.0012405414707978846,-0.0005711695820739271,-0.005592808889588685,0.00030474186021223204,0.0009679263750814737,0.00010281962911351528,-0.00025024124616923604,-0.0004312206529414331,0.004648188617129678,-2.0833333333358794e-05,-0.0006065539496588057
2021-10-07,0.014607264506335982,0.015033575993564252,-0.0008868800946364441,0.00114308284984177,0.013233501674396742,-0.0005076657402842688,0.012799163814256609,-3.571428571425006e-05,0.0023256334720402894,-0.000970461870303585,-0.004114987966780337,-2.0833333333358794e-05,-0.0028353968078694836
2021-10-08,-0.0013454742015992505,0.0026446665637469557,-0.0017759354883623013,-0.004186548492114639,-0.002938629211658106,0.0,-0.007065044058646386,0.0002616989209678344,0.0023204496928368457,0.0066586163380024654,0.008156158563628946,-2.0833333333358794e-05,-0.0018553196092384594
2021-10-11,0.00229052647503325,-0.002505822466931762,-0.004981135107477996,0.0005733345142637791,-0.0009822385987373616,-0.000609545516266019,-0.004721626123926348,-0.0004520827113962955,-0.012215403270277037,0.00336096373047301,-0.0017766248463888523,-2.0833333333358794e-05,0.0005142842705081474
2021-10-12,0.00013433275392893407,-0.00092550549763315,-0.0008941518792501268,-0.001145920911330811,0.002403733370622163,0.0058954948820240105,0.007176734441370014,-0.0002137852199574075,0.0077515121248763474,-0.004418535440510851,0.0034521789457959695,-2.0833333333247772e-05,0.0001930117931294717
2021-10-13,0.00577974563082595,-0.0010589023252576268,0.004652600647111038,0.002294471105081408,0.007521200914217818,0.01253034025866917,0.008616818152998862,-3.571428571458313e-05,0.009837654029726917,0.0027558454873701788,0.006337772880071535,-2.0833333333358794e-05,-0.0015401450437138031
2021-10-14,0.007349859304836892,0.0025171098928644664,0.005165719502591148,0.0015261153845838038,0.007248715943861672,-0.0013972299541541444,0.006274480469662835,-0.00013510277150130534,0.011228976996012552,0.008101333655936571,-3.571428571436108e-05,-2.0833333333358794e-05,0.0004386115282590808
2021-10-15,0.005571849400189732,0.01493369575448944,-0.003012625810531744,-0.0009524027506507826,0.004833497113952978,-0.01219263588801378,0.0015323991964666384,-3.571428571458313e-05,0.003116722555124074,0.00817713378557805,0.0011156887581762476,-2.0833333333358794e-05,0.0006091448971898838
2021-10-18,0.0005276443939712383,0.001432254950580747,-0.002132972017680146,-0.0019065304600313082,0.0018172018466540152,-0.0008094382925570853,0.0021162619994374854,0.0002619117341982058,-0.006949354911739647,-0.0063558691821309354,0.0022644433935126163,-2.0833333333469817e-05,-0.0005944888957604144
2021-10-19,-0.004351248668399199,0.008450919368889087,-0.002137380659774535,-0.00114613979152689,0.002454213285115303,-0.001417540920933713,0.004259516530255247,-0.00023388296063242553,0.011145516830492364,0.007667411252850753,0.0039800991608267555,-2.0833333333247772e-05,0.00026346329207260766
2021-10-20,0.007813652013988426,0.001547554900330983,0.0021419588411757395,0.00191236409822082,0.0030863848331608157,0.004562968915331256,0.0008388115881876601,0.0005590044112040449,0.009353183054710446,0.0034358311927853435,0.0022501651208819418,-2.0833333333358794e-05,0.0002658293673789558
2021-10-21,0.00013119127207938952,-0.00373335234205463,-0.0030281128642444255,-0.0026722541291833712,-0.004562733311437639,-0.0043403530231008736,0.003945954232530191,-3.571428571413904e-05,-0.008923734991872379,0.0035984793835945883,0.0016746064257990856,-2.0833333333358794e-05,0.0008465506007726553
2021-10-22,0.002890685412141103,0.005426958721589381,-0.001071898496418311,0.0017225457464800087,0.0029849744952794577,0.007400636265499916,-0.00970875023608464,-7.542709481089815e-05,0.002675420077927315,-0.001428377469120834,0.0016718647656972507,-2.0833333333469817e-05,-0.000170005210376023
2021-10-25,-0.0032752929777700723,0.0,0.001609837769740885,-0.00038218032096593024,-0.0020192945365852255,0.009358949057787891,0.004164323445203122,0.00010266997192021066,-0.004195313627274988,0.0037647298098877346,-0.001172159749521673,-2.0833333333358794e-05,-0.002615853850449157
2021-10-26,0.007623147611964365,0.009638869951223317,0.002857015129780649,0.0009556793886131842,0.003088252468730568,-0.009172494722862745,-0.005871644236580487,-0.00013437050461462263,0.0007995511205844963,0.00045040803172002875,-0.0011734527272123652,-2.0833333333358794e-05,0.00046091356436228637
2021-10-27,-0.0033911840809148774,-0.007128110430600021,0.0028489511477354235,0.002673274583814722,-0.0023357071793722595,0.0004025200432444809,-0.009134618616966184,0.00045932151836836077,-0.004000814021660637,-0.005694466506796947,-0.002882853587330425,-2.0833333333358794e-05,0.001158158685883759
2021-10-28,0.004842855208696539,-0.0015387191840123826,-0.001775320181217288,-0.0011426475041873552,0.004469557550985215,-0.00020117904302507927,0.01112132025838175,0.0002411905004375825,0.006668708597756812,-0.000419988986494535,0.006817199203542179,-2.0833333333247772e-05,-0.0003561154796759558
2021-10-29,-0.002605192651711552,0.0024397522651415926,-0.007826459584804768,-0.0007625758189282461,-0.00529727868614116,-0.013279690349126017,0.00011081022066128376,-0.00021376316922461225,-0.005862900516450109,0.015333009359286054,-0.0034388941218647107,-2.0833333333469817e-05,0.0009318771310680152
2021-11-01,0.009011360508493382,0.0024337091286663615,0.003226951462222516,-0.0003816698743918101,0.005112290368408212,0.004384163791278928,0.010651895000652445,-9.520078085900607e-05,0.00959357930613658,0.001512255969379206,-0.001743114794774403,-2.0833333333247772e-05,-0.0008274970442074814
2021-11-02,0.0072485181302572865,0.0030665849526543276,0.007684179431880933,0.001336127064591519,0.006040245553234236,0.0020302507862821617,-0.004868366848118422,0.0003410243531574153,-0.00501149040220894,-0.003676288126266858,-0.005166676420254368,-2.0833333333358794e-05,-0.00045575996336710833
2021-11-03,0.005139961726528863,-0.0031846807124727983,0.0007090513650156449,-0.00038121523308443095,0.005582519751655468,-0.016310379884652226,-0.00023035580553598667,2.3563957172401118e-05,-0.0014945162002730772,-0.007412983739812584,-0.0011819285069678553,-2.0833333333358794e-05,0.0016197960359340957
2021-11-04,0.005369546912779466,0.008051287349255087,-0.00106323561602506,0.0022883455414497433,0.009531630041572647,0.017610685464405362,0.0015185295486541683,-0.0002935498888625432,0.0003816160392704493,-0.008197006198839119,0.0011118152502129774,-2.0833333333469817e-05,0.0013074602351028641
2021-11-05,-0.006867171349108414,0.009381261473618174,0.007628215635651525,0.002853855853470977,-0.009130208746799706,0.012043340459558127,0.006171785595006751,6.354439965750025e-05,0.009559617403789522,0.014495276406155,0.007987156067677414,-2.0833333333358794e-05,0.00041068785533582286
2021-11-08,0.0024328167468938844,-0.0015072052707919559,0.0005281547661724062,0.0005692011860225499,0.004502531785623987,0.006400024414062511,0.005651871540333087,0.0006577964126088798,-0.002102037558534886,-0.002209887521405718,0.007354845340386884,-2.0833333333358794e-05,0.0010608192170269426
2021-11-09,0.0020439894251558233,-0.0008806593888087688,0.002287561734662713,0.0024649243516046138,0.004586792114390503,0.0003974198819589603,0.00015552029392340572,-0.000332875890806994,-0.003141067373978901,0.0071585100371294175,-0.0079365174663234,-2.0833333333358794e-05,0.0009171443434810023
2021-11-10,0.001657260614399414,-0.0030213114628624416,-0.003511264890580623,-0.0028372125617681654,-0.005499790649536651,0.019666257482156668,-0.015080964482826253,-0.00023356535800578282,-0.00502012399235674,-0.0029547880445592867,-0.0011734527272123652,-2.0833333333247772e-05,-0.00018891729239056687
2021-11-11,0.0007634957579667478,0.004293343771367919,-0.005990146183080247,-0.00284519479368317,0.00563419690018141,0.007987603192282533,0.003661696058412822,6.332551114640594e-05,-0.0065062384742690105,-0.00020785796166156167,0.00452024452897537,-2.0833333333469817e-05,0.00035923106707325125
2021-11-12,0.0062307360530660105,0.0026404652408644758,0.0012407612790739098,0.000951134576743895,0.004254168640839939,0.0003864537349054231,0.004132315902788397,0.00016244036712786958,0.0020651512407665606,0.0016866528482928356,-0.001169227124516392,-2.0833333333247772e-05,0.0026523304610535092
2021-11-15,0.00037992231753336547,0.0020066861376799583,-0.0035403290058818593,-0.0011402588114738377,-0.00010318806541387282,0.0,-0.0010010321844755588,-0.0004316611078694077,0.0026896295475482557,0.003746761229910689,-0.0057112233296577886,-2.0833333333469817e-05,0.0003818503396781914
2021-11-16,0.0022731127673618623,0.007759680733048002,-0.002487177965407761,-0.0001902449605725165,-0.0008267859059483129,0.005409677280133751,0.0019935664890295968,-3.5714285714472105e-05,-0.009025755086213172,0.0049318358572685295,0.0005348344249378467,-2.0833333333469817e-05,-0.002508907115071235
2021-11-17,0.0016384344430455666,0.0,0.002671418801212244,-0.003044770788783846,-0.000620466491544347,0.005188222608011772,-0.011029109018642402,-3.571428571425006e-05,-0.0017236286860612404,-0.01404612657366977,-0.00288799431128961,-2.0833333333247772e-05,-0.0019585371036541233
2021-11-18,-0.003648745974634937,-0.0026080002481380093,0.00337471158830982,0.002099667251570958,-0.00031037140348955106,-0.004587963087205105,-0.008810826896542556,6.314591488298937e-05,-0.0013038606153829013,0.006049068893093423,0.0005364990970260219,-2.0833333333469817e-05,-0.0002922880903771796
2021-11-19,-0.0011370378804251846,0.000497982954211329,0.004248724188734787,0.002666655040922894,-0.0018632423270615872,-0.002880737401257605,-0.005642712744916345,8.33039022909432e-05,-0.014212462564877182,-0.014125115607003691,-0.008040326681518772,-2.0833333333247772e-05,0.0016060640865804832
2021-11-22,-0.0045514359465719245,0.007467457807800004,0.0001761445425867425,-0.0034194768415118926,-0.0011406159806507388,-0.01829738015532234,-0.013885171649469896,-5.569029935037495e-05,-0.0017527846584395324,0.008887309456107273,0.0022698369279789965,-2.0833333333358794e-05,0.001321952685521266
2021-11-23,-0.013845389574465794,-0.01210635544080152,-0.0035248044305185022,-0.0030499036554395564,-0.01837635386339065,-0.014714537611102863,-0.007658946399322297,-3.571428571469415e-05,0.005554434328297164,0.010984744780937694,0.0022644433935130603,-2.0833333333358794e-05,0.0017974942578258268
2021-11-24,0.0006440905371114525,0.00425167368686985,-0.0033606109353135905,-0.0007648540928448799,-0.0016922383550505016,0.005376307494672217,0.009061647980942666,0.0003604056700876601,0.004454378637942957,-0.0027692650501038862,0.0011118152502129774,-2.0833333333358794e-05,-0.0005077984583586881
2021-11-25,0.005277311786658467,0.004482562668566725,0.001952082571621716,0.0028703298516130626,0.005932818330658174,0.0009902951199134424,0.0,0.0,0.0,0.0,0.0,-2.0833333333358794e-05,0.0009975008006850583
2021-11-26,-0.020485906818919486,-0.03966767740196975,0.008501664411200593,0.0041976407615784694,-0.017904190727386915,-0.010684594304903094,-0.018967577048164985,-0.0009857796849267464,-0.024727161836789358,-0.041324157903423364,-0.012070154643385012,-2.0833333333469817e-05,0.0003955010242768786
2021-11-29,0.0036598961706426625,0.009293780628472748,-0.0029854934088766605,-0.001900100486431966,0.00032188035914715307,-0.004400024414062509,0.005477187076604828,0.0007171794958262812,0.0019286331416161762,-0.003430708611885658,0.0017042772149389318,-2.0833333333358794e-05,0.0007332067905447825
2021-11-30,-0.007293222215695727,-0.007161946269904962,0.00299443326966653,0.005330355211472737,-0.0038594034019205914,-0.005022097350953936,-0.013337620667190575,-0.00033284005065459255,-0.012233619273294694,0.017715658441159743,-0.006984045151416152,-2.0833333333358794e-05,-0.0017441744398065673
2021-12-01,0.00852756895999529,-0.0018036405536879796,0.0017562861795843432,-0.004165936798536385,0.0036590448834985523,-0.0002018485532030434,-0.02467983453005096,0.00028176223328513217,-0.007973951239248267,-0.030162689680612642,-0.008782242220048975,-2.0833333333469817e-05,-0.0012546135120662383
2021-12-02,-0.008325891567924626,-0.008000908379707239,0.003330930285109668,0.0011409093291256944,-0.0031096715570227973,-0.008683397020493477,0.005244741600607616,-0.0005314186857370284,0.009521923273430266,-0.00010831101632047258,0.014670214199420606,-2.0833333333247772e-05,0.00026106059508457236
2021-12-03,-0.00013066070312151012,0.0016914059456560882,-0.0008736933116278989,0.0013295289002721589,-0.0006453599401391452,0.0022407946978861837,-0.01534672468882503,0.00026183692088799226,0.0006248346644599501,0.004760221072138471,-0.004673275210360539,-2.0833333333358794e-05,0.0015593190694371817
2021-12-06,0.01744913540906201,0.005324384353055267,0.0027982042563381437,0.0020865244204941735,0.014637756199529894,0.010162601626016343,0.004731102476149607,-0.0006503316707706652,0.01866628430566819,0.000687410839365743,0.008118081105159325,-2.0833333333469817e-05,0.0023774656718136278
2021-12-07,0.012636804809383229,0.022865516179351397,-0.001046287934574952,-0.0018929072300355454,0.017821447921054112,0.004024144869215318,0.02097409447394427,-0.0004128394513873701,0.010331331720148773,0.01495995209381773,0.0051633322582431695,-2.0833333333358794e-05,-0.0008062075948014336
2021-12-08,0.0057303422060661635,0.00037881731594602286,-0.0010475314536286806,-0.002844655254767514,0.004481195868898169,-0.005711435077185745,0.012686976157479046,0.0011353215820801843,0.001674476719978335,0.0029902085163757697,-0.0011849521370245197,-2.0833333333247772e-05,-0.00131814571751665
2021-12-09,0.0013927324151836729,-0.0008442632931536798,0.003145815874951996,0.001521471502449634,-0.0009336261680017444,0.0014108882709717996,-0.016640282994902833,-0.0009077814711409005,-0.008571692841435663,-0.004827236056268447,-0.0034880263709723414,-2.0833333333358794e-05,0.0009409731967346957
2021-12-10,-0.0024020678794759442,-0.00481719749679288,0.0008709582714327979,0.0009495090460522881,-0.004050149896860922,-0.002113350704735728,-0.004257110344095816,0.000658626209238955,0.002977495038864353,0.00014272544961713152,0.0028512392814150633,-2.0833333333358794e-05,0.0003808895280439373
2021-12-13,-0.0027886442469078343,0.006369356991491326,-0.0003480212584455744,0.0007589047599403376,0.0010426640664995546,0.002924591050285974,-0.00974161795304107,0.00016262573611158793,-0.006236197461209292,0.00014250611282418113,-0.00924711923491417,-2.0833333333358794e-05,0.0012438109798442731
2021-12-14,-0.01207429320702913,-0.018607680570775886,-0.000696432107184286,-0.0005687695441084495,-0.010521023629712523,-0.005429888802476079,-0.009272636724424244,0.0001623970966124766,-0.004616735254370452,0.0017468282702983728,-0.009913584067861358,-2.0833333333358794e-05,0.000635299302989667
2021-12-15,0.010292130484432116,0.005675009143445653,-0.0047048928867039486,-0.0003793351865944983,0.005053310710691816,-0.0016176075476999063,0.006672781277290207,-0.00023378642769544822,0.012017765321880924,0.005302397970058159,0.004658999096800676,-2.0833333333358794e-05,0.00038958557354140666
2021-12-16,0.017318515830168524,0.013851536372911255,0.00227609581161059,-0.0013282674587772325,0.018435020221849507,0.013063315862341884,-0.0142002152727142,0.00014270900892809912,-0.001335035577399668,0.00031813995667895334,-0.00762917003552499,-2.0833333333358794e-05,-0.0014407890397382106
2021-12-17,-0.007010009932984951,-0.021758281893520914,0.0020960129956348883,0.0024700762712948077,-0.012342012166985605,0.002798868177366076,0.00813175309337888,-0.00021410575116354025,-0.00892543879997132,-0.006298821543496369,-0.007098647843123196,-2.0833333333358794e-05,0.0021968590589351855
2021-12-20,-0.00768909952696073,-0.015129755545919998,-0.0006971604972850765,0.0015162806991031452,-0.010100844049438451,-0.007476076464054349,-0.008935867773561257,-5.568633620234298e-05,0.0004018460800352397,-0.002884505613809041,-0.005963451785013563,-2.0833333333358794e-05,0.00350801940738088
2021-12-21,0.008002923985297006,0.011554400724722136,-0.005930662251137808,-0.003027970145517367,0.009572962633040305,0.0018077611438196417,0.02345026729881594,0.0001823735027608464,0.011553941473191331,0.0064635482436115055,0.014275839607879037,-2.0833333333247772e-05,-0.00021371644296308556
2021-12-22,0.004788747839898688,0.016744523784825383,-0.003158289182731644,-0.00284744551334537,0.004793129861819789,-0.0005012531328320025,0.003901380388034781,-0.00043204784071571023,0.008611069209471856,-0.008515339025471858,0.010546042108619202,-2.0833333333358794e-05,-0.002614017376381672
2021-12-23,0.004139011838355522,0.007787810289359598,-0.007393086679752248,-0.0015229197285956397,0.011303568760502758,0.00441326420668231,0.004446123681010494,0.0002619377565868941,0.004036241750225544,0.007693297351786921,0.011599065742742942,-2.0833333333358794e-05,-0.0005527029557717
2021-12-24,0.0,0.0,0.0,0.0,0.0,0.0,0.0,0.0,0.0,0.0,0.0,-2.0833333333247772e-05,-0.0021429429785483345
2021-12-27,0.006995127030866577,0.0020266095976944065,0.003901169863509635,0.002669197191669914,0.004614315547869952,0.0007988693563663052,0.002083484042938899,-0.00035286924577260237,0.0063677044604995015,0.00916113028576393,0.005139505199765582,-2.0833333333469817e-05,0.004123090734166279
2021-12-28,0.008186171273355969,0.01137814988607988,-0.0022964517348099678,-0.0013310457721977809,0.00704302969624826,-0.001596524248258735,-0.007048224727105423,0.0003810446100807052,0.0037819655417088427,0.015058961516928093,0.0028247245123089737,-2.0833333333247772e-05,-3.892139085015511e-05
2021-12-29,-0.0025834682894866345,-0.00850004288557027,-0.00478032452388244,-0.0003807797213827291,-0.0012163870796927378,-0.007595418520260355,-0.0027258928855700137,-0.00013517615065339328,0.0027109408307635086,-0.020832980966597803,-0.0005598580961736488,-2.0833333333358794e-05,0.0005991097189703698
2021-12-30,-0.003947218076873815,0.005925278867165984,0.004447511918875824,-0.0015237899053662796,-0.0008115919120630366,0.006142976420883572,0.007270426638261496,-3.571428571425006e-05,0.00017504493562436885,0.010404940346495195,-3.5714285714028016e-05,-2.0833333333469817e-05,-0.0016474766583739475
2021-12-31,0.0,0.0,0.0,0.0,0.0,0.0,-0.004945251255188299,-0.00023390064392436738,0.002492125393895872,-0.0016997532396629822,0.0028779516103487612,-2.0833333333247772e-05,0.0008218534161170687
2022-01-03,0.0029716817707268195,-0.0036344462918612708,-0.0077488520191489885,-0.0015261153845840258,0.0013202955572249042,-0.0031027681530264584,0.0011976557302262325,-5.578297553832101e-05,0.005007309375113511,0.00899640603996077,0.005775044982485822,-2.0833333333469817e-05,0.001578762514151233
2022-01-04,-0.0018515959747572586,0.002641433489042555,0.0016066805300891662,-0.0015667115565315415,-0.00010141085990755805,0.005622465447728597,-0.01336321514770289,0.0003415278555556345,0.00038245187027730054,-0.00764241135381083,0.008629714847070868,-2.0833333333358794e-05,0.0012748992167057605
2022-01-05,-0.0009896120824807175,0.0003762801537747773,-0.003341599156415742,-0.0030234603551669847,-0.000811475920004634,0.005990415481480049,-0.017061991115073893,-0.00019459777481456442,-0.00881307535346565,-0.0020487321946448533,-0.01034484297337157,-2.0833333333247772e-05,0.00021423826105149146
2022-01-06,-0.0091633850638827,-0.012917070521935359,-0.00527510677701748,-0.004030692570730632,-0.011776651243118663,-0.013695899292716751,-0.004307920204735249,8.334896100370415e-05,-0.0008790997164572767,0.004231096946849089,0.003436368104055454,-2.0833333333358794e-05,-0.0014318198888418898
2022-01-07,-0.000499409034591225,0.0008896620376570574,0.00035978731727293045,0.0007708055469328734,-0.00041117687514447,0.0008049786705526252,-0.004094618332502131,-0.00025403400742318727,0.005661619248339411,0.006144346910910814,0.009191460542817165,-2.0833333333358794e-05,-0.0010246378559308766
2022-01-10,-0.02138026263252335,0.0,-0.005480812785857991,-0.0030810310995537105,-0.023741035674720967,0.007842397968620185,0.00031329466521934357,0.00018265310990384087,-0.0017142533364884471,-0.01496862991647685,-0.0023213954648791946,-2.0833333333358794e-05,0.0021375367634743903
2022-01-11,0.011498871140773081,-0.0008888712426560197,0.0019876828457712215,0.0019315727170672314,0.009159111813889176,0.009177923930371756,0.012303330202283469,0.00024222460577205673,0.003116872633171619,-0.0001916293807163738,0.019437348297386414,-2.0833333333358794e-05,0.0010218855848165287
2022-01-12,-0.0012636399425097755,0.0027952781749112088,0.005409644861466667,0.0023134922674146186,0.00771943892879956,-0.005140323544257752,7.916395528684284e-05,0.0005596495020898651,0.009601799016377255,-0.004751745005313723,0.006705847305568335,-2.0833333333358794e-05,-0.001202991742236481
2022-01-13,-0.005311707043978986,-0.0036743572727615526,0.0034525245637793134,-0.003462136845021835,-0.011283676441204538,-0.009340246607739577,-0.015211936170990481,0.00016218098976983342,-0.0004507565742249975,-0.007358677584216489,-0.01398661934146428,-2.0833333333358794e-05,-0.0013796213316469297
2022-01-14,-0.008899921624537233,-0.010808520120073828,-0.0033065572190634773,0.0015440835058619928,-0.010888934826167485,0.00441326420668231,-0.003304406422015238,-0.00023357040640714644,0.001209838658422946,0.013968895109105928,-0.003997130168048368,-2.0833333333247772e-05,-0.0006439468213265132
2022-01-17,0.010006503513073417,0.0021853030919918304,-0.0021517740077621195,-0.004047004802923526,0.006986241745955413,0.0017974712892803169,0.0,0.0,0.0,0.0,0.0,-2.0833333333358794e-05,0.0005342391557616732
2022-01-18,-0.010542657124911314,-0.010390035967690392,-0.0009036358613476736,0.0015092153759308502,-0.010511703197719102,-0.0021929945975491805,-0.014793066139023425,-3.571428571425006e-05,-0.012061232519853804,0.015370259485295357,0.0033732396474090987,-2.0833333333469817e-05,-0.00018610812451258507
2022-01-19,-0.0015403211552794671,-0.002333020346480419,-0.001673124239078394,-0.0003477839803603944,-0.00053119100828114,0.014585390195741788,-0.005741924010666533,-3.571428571425006e-05,0.0008036853096677898,-0.002717468861581085,-0.0045655732107279245,-2.0833333333247772e-05,-0.0010863246755431488
2022-01-20,0.00527114344445323,-0.007535314105461821,0.008242336409360895,0.00038661228474112797,-0.0004252010308190002,0.002363159188417452,-0.0032640950422097026,0.00095527490795555,-0.005277906119722786,0.0026532514362818116,-0.01084342370703939,-2.0833333333358794e-05,-7.074273475726756e-05
2022-01-21,-0.016626219256078656,-0.023432611171720463,0.002664703179952266,-0.0003864628734466802,-0.018502825807173662,-0.007858546168958647,-0.01478904347499399,-0.00043186866010269664,-0.005727227669028334,-0.01306239550043753,-0.017862099823902078,-2.0833333333358794e-05,-0.0002623770157100802
2022-01-24,-0.0394069795989519,-0.029088227727058436,0.00288305945738232,0.0021260450051718838,-0.031419466537014884,0.001980198019801982,-0.0005229554723261698,0.00034075317196213817,-0.010635585734338204,-0.004655275862544439,-0.012916178612017992,-2.0833333333469817e-05,-0.001716746146659509
2022-01-25,0.005145138655054282,0.004279941331827297,-0.0008533150394933742,0.0006943337674376604,0.005257331292510825,0.012845849802371578,-0.01197211444918489,-0.0005110333975097969,-0.0013213937439890966,0.010065178613613668,0.018350866779303754,-2.0833333333247772e-05,0.002164059349485381
2022-01-26,0.015355396860736281,0.025845662219603716,-0.0027422072451559476,-0.003199346988769558,0.018471361672123487,-0.006439000571646258,-0.0023781616640876635,0.00045967674432478844,-0.004755565161240205,0.006141869184122184,0.005205865411974875,-2.0833333333469817e-05,0.0010207298625843908
2022-01-27,0.006632831906608461,0.005494372851865936,-0.0005860637214941677,-0.00232020187212989,0.0029497510924738624,-0.010212121135843688,-0.00880860189764443,0.0003602511738560743,-0.0021913522125557305,-0.00041930574108672847,0.003440659252976541,-2.0833333333247772e-05,0.00255524831709919
2022-01-28,-0.007643488819952027,-0.020125364323627548,-0.004555713758928603,-0.0011239865361881707,-0.008714315210533785,-0.005158742268880134,0.00881481805171802,-0.0002335242321843678,0.005148652499295414,0.007641799789499526,-3.571428571425006e-05,-2.0833333333469817e-05,0.0008099584662661918
2022-01-31,0.012085063468437518,0.028427629527331133,-0.0019482464114343179,0.0015133487480640806,0.017142483092000838,0.005185492890237953,0.02220595558098859,-0.0004317902064981949,0.01522351491068652,-0.01336913345352686,0.01555337263501344,-2.0833333333358794e-05,0.0009948661801517655
2022-02-01,0.0076109421850534265,0.004364500675001937,-0.0019066989169722603,-0.003487044800428829,0.0021610320195677435,-0.0023809766012525824,0.014104438423437449,0.00022182762507449993,0.005679709859553572,0.0003504306289034975,0.01019722210879248,-2.0833333333358794e-05,0.0013896870104732617
2022-02-02,0.0007811711316143555,0.007110904184315814,-0.0012736116479981074,0.0019439642186740436,0.0066836641033607425,-0.0033810296951579666,-0.009219585326260216,0.00036126661924940073,0.007120714936697414,0.0012379250903464811,0.0005270669428085739,-2.0833333333358794e-05,-0.0009721874823989118
2022-02-03,-0.011711342776815181,-0.010199033285558157,-0.00824346136825771,-0.006596802711440142,-0.012636390347249504,-0.002195182778122806,-0.018213349168102577,-0.0002934653706766488,-0.00463343626480206,0.0010049286798952117,-0.00397296707341388,-2.0833333333247772e-05,-0.0005660634537200115
2022-02-04,-0.00539821307542121,-0.0026417422973521454,-0.011388642446895636,0.0005859881770458042,-0.00921904690590336,0.007200012207031259,0.014064647869691749,0.00034071820707715084,-0.003394814852586192,0.011131205252545406,0.0039171017378933914,-2.0833333333469817e-05,0.002869653291786012
2022-02-07,0.0009264474774139941,0.006754974615567955,0.002647775789834217,-0.0037087747156242523,0.00328413846147102,0.00416998824079462,0.004679660933992302,-0.0009469876233464403,-0.00045705165129017455,-0.011460071413545214,0.007838186488948962,-2.0833333333247772e-05,0.0014236990952429807
2022-02-08,-0.004628630460974503,-0.004341640330599361,-0.005883584591237834,-0.003252376898660092,-0.007637676140116456,0.008305282950504811,0.007545343157449036,0.0003605735348983785,0.006919051906847162,-0.003502436157839517,0.0016383257408845164,-2.0833333333358794e-05,-0.002026978384307654
2022-02-09,0.019798060245501015,0.012420863666628756,0.007689295925838113,0.0011007539470941907,0.0203405595253634,-0.001372782306004905,0.019311744958365296,0.0003612666192491787,0.014405425060547206,0.008468312000377676,-0.006720769067937837,-2.0833333333469817e-05,0.00027497598893821973
2022-02-10,-0.0057334032702307525,0.00430686104412592,-0.005873399682372105,-0.004319622275308133,-0.0019396265025357629,0.0049096620975404015,-0.0021440896202801207,-0.0008285113041859304,-0.010557745415219366,0.002264008705722853,-0.005083442269635197,-2.0833333333469817e-05,-0.0021300414421350222
2022-02-11,-0.004717370087940154,-0.006497656446856737,0.005210259482364643,-0.0003155719723192396,-0.008421382514367859,0.0007816364458954617,-0.018235011750016406,0.0003605735348983785,-0.005665426734079326,0.021761481008636174,-0.005672784048576518,-2.0833333333358794e-05,0.0014975753449502083
2022-02-14,-0.01698457355096117,-0.021059626098616113,0.0005089941661973185,-0.002051489083839342,-0.01992594707063955,0.015231496192126048,-0.002308096897143952,-0.0006304772546781301,-0.011987838202184853,0.0025842593141303105,-0.007972194575926128,-2.0833333333358794e-05,0.0010745903265283463
2022-02-15,0.012858453307319051,0.012159399877921473,-0.005920538700524669,-0.001581319821910343,0.016331450002560643,-0.006155053003965016,0.016984894352294777,-0.00023361405316790762,0.008665347932020007,-0.015340095238501439,0.002821606644534569,-2.0833333333247772e-05,5.996759388371409e-05
2022-02-16,0.0,-0.0043565422827706035,0.006281638850612836,0.003167648709514026,0.0021860842998835395,0.0038707179267465364,-0.0030999814427835615,-0.00013525091576138681,0.0029099244937782487,-0.001172980361225262,0.010790381576278651,-2.0833333333358794e-05,1.5473697310586232e-05
2022-02-17,-0.009918316507494307,-0.0029693271222466233,0.0008785665507777818,0.0021709407130574565,-0.014070646069866521,0.014844827503026847,-0.018122572765781553,-0.00013459907142010508,0.0008032412532250621,-0.010282310955046614,-0.009054835397461769,-2.0833333333247772e-05,-0.005210215892442749
2022-02-18,-0.004274088016469446,-0.016666755594359373,0.0027257652145202815,-0.002756978884509209,-0.005199633052005659,0.0001899232167565934,-0.012316526124213079,-0.0004325216363602058,-0.0077908329991090985,0.000731062749267819,-3.571428571413904e-05,-2.0833333333469817e-05,0.0009472337636464712
2022-02-21,-0.011401558856490634,-0.013424053245736256,9.23593314570148e-05,0.0028436028775200572,-0.010231360512170884,-0.006077895929783916,0.0,0.0,0.0,0.0,0.0,-2.0833333333358794e-05,-0.0016149234864648587
2022-02-22,0.006105566251706884,0.005635181672173584,-0.0035936641799528823,-0.0010633626089029402,0.0019101039092745964,0.008026012430737639,-0.015150248002455347,-0.00023433859483246167,-0.007217842040554534,0.007244089434070844,-0.009705871264106603,-2.0833333333247772e-05,0.00023746133554958249
2022-02-23,-0.002022964364898794,0.0017765674800982456,-0.0022193842835223077,-0.0037453289133074774,-0.001570090316486139,-0.000189527177132498,-0.012288007918821231,0.0003612348442518787,-0.007907984568888637,0.006050317626006052,-0.009800031596158831,-2.0833333333358794e-05,0.0013975957440417464
2022-02-24,-0.022972855928104607,-0.03219625709542251,0.004448719350359065,0.0003561654743848841,-0.021790403120389046,0.01725440873091988,0.019197212653246698,-0.00023392096913787963,-0.004324894579772365,0.014708985845033107,-0.0011960573559076648,-2.0833333333469817e-05,0.000566301950189807
2022-02-25,0.030290322075506637,0.026359842221543417,-0.005351563510158086,-0.003125123493543769,0.02767270045411996,-0.017893710318615863,0.01330286714788631,-0.0010284574992890372,0.030547996812946066,-0.0015260217008579158,0.018547327755064957,-2.0833333333469817e-05,0.0004120750953267027
2022-02-28,-0.000268807293872686,0.004395351466597974,0.005333868735466929,0.0059126861959237775,-0.004580839541502013,-0.0007592036354665543,0.007607366699290186,-0.00023425194273107852,0.0064426485060797845,-0.0035804549807477715,0.002244929633602011,-2.083333333313675e-05,0.002630406865743673
2022-03-01,-0.014905100274803518,-0.0017776509143879737,0.015224939565744222,0.00867887286295388,-0.003928690319216499,0.014814791629570445,-0.006771026670559843,-0.0025609670500977844,-0.0201768529358326,0.020746988402342792,-0.005155224577164996,-2.0833333333358794e-05,-0.0034992395337164472
2022-03-02,0.007770086557004063,-0.009178175185454052,-0.0036809463274409815,-0.004458517834444398,-0.0030427287783724166,-0.0026201823149745174,0.007605957931261953,-0.0002349839656599073,0.013950458051777526,0.00884170157218489,0.018260452493129797,-2.0833333333358794e-05,0.0034353004192411163
2022-03-03,-0.020019251397675686,0.01520839477557634,-0.006157652574405703,-0.0038499144062795754,-0.004069175205254849,0.00394065582610259,-0.011712436673146698,0.00036290450681675246,-0.005887318838973643,-0.002290147839163037,0.0010873202744232646,-2.0833333333358794e-05,-0.0007237890163284133
2022-03-04,-0.03243630512067708,-0.036089086611983956,0.003396284575564623,0.003864793530570232,-0.03699927466923392,0.01626170505987168,-0.017209948984127088,0.0017581148622862752,0.0001744655243560711,-0.0058664228518561234,-0.005644329653787472,-2.0833333333358794e-05,-0.0008722719515192878
2022-03-07,-0.011697282575834245,0.0022607053797705223,0.00022845373253232992,-0.003260681934259768,-0.013553232998643194,0.017656750727240933,-0.023334701476184105,-7.569737533086318e-05,-0.01537828554889642,0.030425986240130598,-0.029928420708642656,-2.0833333333247772e-05,-0.001598888141480792
2022-03-08,-0.009721274571612315,-0.01762073559721289,-0.005670173771880727,-0.005990816580822789,-0.009199406564530888,0.04608711469833171,-0.00028941912880398046,-0.0013885611576223145,0.00039110551509735636,0.011312042075559692,-3.571428571425006e-05,-2.0833333333469817e-05,0.0026850669966775875
2022-03-09,0.05611747587420424,0.018367461017705144,-0.008002318433020128,-0.001586116892220435,0.03388383027595698,-0.0350725435748106,0.02445980491391153,-3.5714285714472105e-05,0.020873270698712698,-0.021843584216566958,0.0075222698850592185,-2.0833333333358794e-05,-0.0007229454894721599
2022-03-10,-0.022059096044599547,0.0022543070037026602,-0.006954079724185602,-0.004765625909870286,-0.008280869801264856,0.0007162478318036847,-0.006601914014403243,0.0005621170505150097,-0.004424394819590005,0.008054977460513646,-0.005228812457554688,-2.0833333333247772e-05,-0.0016795906952896678
2022-03-11,0.012200337081478052,0.010825039249694246,0.0024276347750535887,0.00019950668475821054,0.013642248702918192,-0.0028628315462523313,-0.017618705549443336,-0.003421243084471004,-0.005703333813808831,0.005849784846211126,-0.00293621553574297,-2.0833333333358794e-05,-0.0022586534119797275
2022-03-14,0.01205328296635022,-0.006953846838857025,-0.005029758207840018,-0.004887271720037223,0.012066390239092506,-0.010586692101450468,-0.017044516385013475,-0.00023504144475783306,-0.006579815271073763,-0.004645668055355601,-0.004107745793869189,-2.0833333333247772e-05,-0.001108356380089881
2022-03-15,0.0013848120420256738,-0.008263367206611583,-0.0050084266129653,0.0004209663816669984,-0.000802444227502086,-0.009793297379340316,0.006291031467327013,-0.0008350851427845196,0.008888992631254533,-0.01036703226983382,0.00288484887294449,-2.0833333333469817e-05,0.0005945675794032379
2022-03-16,0.023786201525151318,0.0379890799070266,0.0020228378057665086,0.0013825659296198278,0.0255851538115226,-0.009157509157509014,0.0274251231787892,-0.0010356319989341944,0.010916290205882806,-0.012994714392895679,0.00462359690173253,-2.0833333333358794e-05,-0.0017036909665788524
2022-03-17,0.013832949193016253,0.010884327588293274,0.001361547501016025,-0.0014006942596439531,0.009956242687197747,0.010720864682012277,0.012439332731434494,0.00035051637505501,0.010158863480640434,0.00771842468794115,0.01618231170404516,-2.0833333333358794e-05,0.0009327587124996484
2022-03-18,0.009496638710280836,0.007267598747737969,0.001828435239290327,0.0003005970759912824,0.012406054348501616,-0.009509898176881526,0.017342625382609445,0.0007511735301992672,0.009024291972901999,0.00020379801719205837,-0.0034722571708107886,-2.0833333333358794e-05,-0.0004857658396959508
2022-03-21,0.0,0.006279970191721107,-0.00608397377910197,-0.00040070749947740403,0.0012036174617455764,0.0018463811762883253,-0.00647498722716322,-0.0010497969478637792,-4.960317460322994e-05,0.030268945278465242,0.00910864439670278,-2.0833333333358794e-05,-0.0035908465061760264
2022-03-22,0.005167786916905559,0.0038508060449520265,-0.005979715074431624,-0.007013997799095395,0.003059767183976936,-0.005713187846331902,0.014348678758534072,0.0002505456797845529,0.0038335330855745475,0.022494000590988827,0.00618997708448954,-2.0833333333358794e-05,-0.002261986874769306
2022-03-23,-0.011204775704654946,0.0013226810195490213,0.0027473154585835324,-0.0001008527445994778,-0.006972714413490788,0.004633920296570837,-0.008590432586963681,5.063875911326399e-05,-0.0020855240041640632,0.009565744503314377,-0.0062504924871529255,-2.0833333333358794e-05,-0.0013353446960695514
2022-03-24,0.0015998296217918373,-0.0014529840762956825,0.00014180313835465697,-0.00018170723960908575,-0.0017553609054583585,0.016974192263895294,0.010627894400224935,0.0001500983782862786,0.013006246705949742,-0.011954360260582497,0.000517734372416534,-2.0833333333358794e-05,-0.0008401876376387118
2022-03-25,0.0,0.0015873406879112206,-0.007273848949382988,-0.004663254929608507,-0.0029674887869034494,-0.004898425521110306,-0.0054519148072640355,0.001150748367126031,0.01223398574494472,0.011895269768562367,0.010721520974611876,-2.0833333333469817e-05,-0.0015901433781460028
2022-03-28,0.005989439083757153,0.009510244623115227,-0.004044152506082477,0.004745934432545784,0.007606114961442145,-0.0060163861312101385,0.00514051826789208,-4.960317460334096e-05,-0.0020387752415153004,-0.005866529729732006,-4.960317460322994e-05,-2.0833333333358794e-05,0.0011742800140042142
2022-03-29,0.014686851708346493,0.01229886388844137,-0.007595581241057414,-0.0017965015384902028,0.015315689653326414,-0.01669118932014657,0.014599512714224439,0.0003502880184571566,0.009916429787530046,-0.005695097439364805,0.004997952493685176,-2.0833333333247772e-05,-0.0028725303030687765
2022-03-30,-0.009388938027205862,-0.00529941454690086,-0.006883696594123467,0.002831130127168402,-0.003124862152608876,0.004103734950979598,-0.00602529234219451,-4.960317460334096e-05,0.005476421457589531,-0.0049015989973807406,-0.0017237289263158928,-2.0833333333358794e-05,0.0003469030727265565
2022-03-31,-0.006844585451201146,-0.00857549167330185,0.009791307476333388,0.0021576424186788845,-0.005512410773111709,0.0016719755423968419,-0.008085919286619836,0.0026466574970254175,-0.0018160761518475343,-0.01135661019571399,0.0010684953726332047,-2.0833333333358794e-05,-0.0036689474715999593
2022-04-01,0.00490396971230056,-0.0010487363786291226,0.003983923908836395,-0.0020524425899445253,0.0,-0.002781899046812364,0.005872561467147763,-0.0016642424697048686,0.008798219239673832,0.008938613728278977,0.011736545949418753,-2.083333333313675e-05,-0.002940455848834511
2022-04-04,0.009759709450205545,-0.002886356335679685,0.00736263694945527,0.0011090466381273867,0.004347670924890856,0.0026036141847198824,0.010339649209653912,0.0011484904021006326,-0.004142340709959669,0.011631415825388292,-0.008490616201285883,-2.0833333333469817e-05,0.0016917769013362616
2022-04-05,0.0024816495145996154,0.006841762075303626,-0.010441246250151415,-0.0028600624642252104,-0.0021644252537008635,-0.00018544906411632756,-0.015887529450084203,-0.0003485071932018968,-0.004159160047627175,0.01135954717436638,-0.0011848121362391106,-2.0833333333358794e-05,0.0016461447943694196
2022-04-06,-0.006774964625703039,-0.018295435079707212,-0.0030696517217295716,-0.009049003234263497,-0.007808261876774636,0.004638218923933346,-0.014220272917160326,0.0013464586553313396,0.006042021448241508,-0.0010658192548440582,-0.0074359059721048615,-2.0833333333358794e-05,-0.0014611199182480439
2022-04-07,0.004722190176737584,-0.0015973805264171137,-0.0018762003975545394,0.001223000773280969,0.004590597436802346,0.00572479332583109,-0.0032165416930381996,0.0023409997964896068,0.0007314247662846274,0.004053455112262627,0.0005223575071313658,-2.0833333333358794e-05,-0.0025426462577405884
2022-04-08,0.011798593705540483,0.011333054064080805,0.00019283595475161341,-0.004377058192478689,0.008268874631274015,0.005692318692740228,-0.0050599393598378395,-0.00014851309461572093,0.006585961853968314,0.008021703657553614,0.007960077282745281,-2.0833333333358794e-05,-0.0011249331141179875
2022-04-11,0.003775435102878033,-0.010679006603235619,-0.014167928137259866,-0.0022901443645073627,0.0,0.00018253712563320867,-0.00047976642089408994,-0.0005471333500780551,-0.011100335949081663,0.006315572221943677,-0.005725135009913229,-2.083333333358084e-05,0.001301892340023647
2022-04-12,-0.006770651748311707,-0.007462572861000827,-0.0008799404735564398,0.0029101988793891476,-0.007877052565016363,0.009857657054390678,-0.0020770357195074585,0.0002488175232659984,-4.960317460289687e-05,0.005542982659894946,-0.003474325196460182,-2.083333333313675e-05,0.002064899075698623
2022-04-13,0.003160738961039966,-0.0004027493095529744,0.0013697835026555971,0.00040877325829713484,-0.005438552631398363,0.00795365741470655,0.014602173065835222,-0.0018388364849137862,0.009556309381937966,0.007961623478786928,0.014268649372718434,-2.0833333333469817e-05,0.0023350283488803303
2022-04-14,0.00814091110039894,0.01208844441246204,0.0035179610917477344,-0.005515258788491906,0.011592282308484858,0.0,-0.006965963276968079,0.0005480348900237519,0.002086286230256418,0.008160584765211087,-4.960317460322994e-05,-2.0833333333358794e-05,0.0017656388353590735
2022-04-15,0.0,0.0,0.0,0.0,0.0,0.0,0.0,0.0,0.0,0.0,0.0,-2.0833333333358794e-05,0.0027623014268320922
2022-04-18,0.0,0.0,0.0,0.0,0.0,0.0,-0.007991839394954736,-0.0006468842813055486,-0.006637341549897813,0.010373809188934047,0.004467648224310672,-2.0833333333358794e-05,0.002397658978284367
2022-04-19,-0.013024294636530875,-0.0046446349713387125,-0.013194477936642968,-0.00503242659024461,-0.00594606636438566,0.003586800730933204,0.007956217161999346,0.00014957792763925504,0.007166941953532735,0.010008400663776618,0.004447588462207275,-2.0833333333358794e-05,-1.1525871789097586e-05
2022-04-20,0.0060704597010732275,0.0182665829367068,0.008190377971466933,0.002993423112073179,0.0020665198489489,-0.004646132414882986,-0.00725944508009202,0.0001492540453444935,0.0061470791562106,-0.017029151479512228,0.007784509745638601,-2.0833333333358794e-05,3.8317271894960925e-05
2022-04-21,0.0007868084818050125,0.0077252839783208405,0.0004892696011433717,-0.0049398307765431415,0.005860559595548542,-0.00017948938229339628,-0.01851088904302234,-0.0009448984321240861,-0.014676045887632161,0.013586709881260983,-0.00782281983775246,-2.0833333333358794e-05,0.0005197843096163002
2022-04-22,-0.004849325344223776,-0.018581027842890063,-0.0037662292593845237,-0.0025855434252246567,-0.0141344666161346,0.0017956544373509686,-0.01584885572129202,0.0002487483832671611,-0.014502768570249791,-0.0026119775230795117,-0.020754887457930637,-2.0833333333358794e-05,-0.002597244640224816
2022-04-25,-0.011589334044960098,-0.029127355749138717,0.0002946096135076903,0.0038573179027432403,-0.013133562233559104,-0.019896103486913508,0.009123740270401415,-4.960317460322994e-05,-0.007183935654701545,-0.011289009695172547,-4.9603174603118916e-05,-2.0833333333358794e-05,0.0022329574843888977
2022-04-26,-0.015590107571942458,0.010909339165011689,0.010013283916572302,0.005102707252168326,-0.014084511973930014,0.007681075897575829,-0.01860808464593433,0.00014980720000590253,-0.010229388204606726,0.0005998785348184654,-0.040620883045942024,-2.0833333333469817e-05,-0.0026199485869162764
2022-04-27,0.010287337465845425,-0.011331438205240296,0.0023324982614414402,-0.0035558194359964768,0.006749174599066654,-0.0009074410163339985,-0.004037297108914983,-0.0010450348963256806,0.00216872856998096,0.0093628506072847,0.0154355876889809,-2.0833333333358794e-05,0.00031308240379468444
2022-04-28,0.001473932631696595,0.013098689295332644,-0.008048528714542647,-0.0009281997145076382,0.00011182817547927826,0.003996389113589904,0.008344876368413967,-4.960317460322994e-05,0.01182157654943583,0.019725299681616182,0.005229001274907663,-2.0833333333247772e-05,-0.0005585277471312766
2022-04-29,0.007357536964113454,0.0016163177367194415,0.0006355596048750467,-0.003716346727500097,0.01731649678562297,0.01049391652771714,-0.01285698038687566,0.002940900685649339,-0.028683575217096857,-0.0030450012603372434,-0.021636388137399765,-2.0833333333247772e-05,0.0018195346639096055
2022-05-02,-0.014608626443068817,-0.01667342385773074,-0.003516937886392957,-0.004724892480656995,-0.019327819376638633,-0.0161145926589078,0.004664078045961917,-0.0047865897721180994,0.0003597419064382823,0.021772059483967432,-0.018535132861931425,-2.0833333333358794e-05,0.0015059797837559952
2022-05-03,0.002165133383537521,0.006153544458135762,0.00504881903042409,0.0041227197162190254,-0.0007839609971155292,0.0036396724294813776,-0.0008244338662867223,-0.0022489271480613526,0.009363273588474108,-0.018000707468656896,0.022429255313242358,-2.0833333333247772e-05,0.0015113460277575985
2022-05-04,-0.010394643079435495,0.009105493508269502,-0.0018045727376979626,-0.0038776821038302156,-0.0005604788791930826,0.0030825244007819386,0.010298263842638544,-0.001652974740179336,0.020222134937775582,-0.010891142066588144,0.01955816273949873,-2.0833333333469817e-05,0.0009319129386524683
2022-05-05,0.004519017648677348,0.015218904637033459,-0.0015144870447751924,-0.0029767828014632958,-0.0001122294456076256,0.009761321872287398,-0.027466768595314717,-0.00047119336853584937,-0.02113067579594896,0.016944515722166376,-0.026875835784258117,-2.0833333333358794e-05,0.0014814609627651354
2022-05-06,-0.012132141711106215,-0.03157328620594235,-0.01639361712580678,-0.003486849768675082,-0.020073916873142084,0.0017901898383563264,-0.0236313579109263,0.000935140692809977,0.003178111955137286,0.0146550724122394,0.005918481740097015,-2.0833333333247772e-05,-0.0013443757690926317
2022-05-09,-0.029529504488683855,-0.008219411639143415,0.006716520415867899,0.0016133017266866112,-0.02723729128650587,-0.003573981571221241,-0.04388210346332577,0.003139847488543124,-0.025155560214126904,-0.013036579027055795,-0.037569436598451356,-2.0833333333469817e-05,-0.0015628504886642247
2022-05-10,0.011090725221694964,-0.005524681769892514,0.007017607981773422,0.0013597414975010658,0.004941226666825171,-0.0069941957490370354,-0.003734576591102212,-0.003868613649956165,-0.007124799834968609,-0.009140451631180269,0.014772857322038924,-2.0833333333358794e-05,0.0023047669840841056
2022-05-11,0.0019687145659508243,-0.013888830599392055,0.0009323356996462362,0.00229782309451676,0.005970471062145988,-0.0021672605753574326,-0.014503014495261035,-0.0006713047746951251,0.0005575883669168835,0.005517689588021346,-0.011647755110478553,-2.0833333333358794e-05,-0.004081300576694424
2022-05-12,-0.004631722655523474,-0.011408372243680187,0.018533031770056052,0.0032305271197414775,-0.01140466562742204,0.0,-0.004950975243441569,0.00013078747336314756,-0.006126292600389105,-0.004432612759116328,-0.024730513789202102,-2.0833333333358794e-05,-0.001281401709330221
2022-05-13,0.014100643111516042,0.037326799559067814,-0.0051025845013364934,-0.000727118478012323,0.02683922740270872,-0.009773799844457032,0.030084793891058892,-0.0062938073897568225,0.023044575043541737,0.01291991522284408,0.020158152323032752,-2.0833333333358794e-05,0.0004424620373255639
2022-05-16,0.002363622008557442,-0.0015102080372139115,0.00266136611720591,-0.0018710654118480052,0.001146478164462339,0.0016450821682063577,-0.005951630981731237,-0.004918832094631953,0.009583575361151064,0.006155392530636794,0.01170255696006417,-2.0833333333358794e-05,6.871546651043836e-05
2022-05-17,0.004300501956219005,0.012654428330965306,-0.009168819843679454,-0.0005207367546092856,0.0011449844895030648,-0.006934284293738435,0.025712432040459587,0.0009455868960954739,0.016407249177373462,-0.01336991732691628,0.009116186215971878,-2.0833333333247772e-05,-0.0033326999899551124
2022-05-18,-0.01560815186943132,-0.010866811203978588,0.006672264576881526,0.00020838335063744218,-0.008349333066905107,-0.006798993245196172,-0.008172724024984923,-0.001083446541077171,-0.014477852822849635,-6.944444444434428e-05,-0.027375147326937577,-2.0833333333469817e-05,0.00043028627575902867
2022-05-19,-0.02188813260838507,-0.052457939744203874,0.006773186019438215,0.0014584789038678547,-0.021338193534078842,0.00018496870663708975,-0.003946491227131754,0.0021640104482190115,0.006021661512912946,-0.008846841166854524,-0.015041559972915008,-2.0833333333358794e-05,0.0027106421328719765
2022-05-20,0.001290518898329207,0.018550661992713824,-0.0061509426103658615,0.00033293779608856156,0.005657206525744751,0.0007399638034186751,0.00298845754827215,-0.0022979221327117383,0.004370624000276546,-0.0016507538014105538,-0.02286845021915962,-2.0833333333358794e-05,0.0010947443745856766
2022-05-23,0.008739786925269444,0.001280919035876904,0.0048833785925013196,0.00018714079900483682,0.011367626583133061,-0.00517557817554315,0.00048509306966249,0.0007423876562497878,0.01359339403574622,-0.004187073985950529,0.012244233632042079,-2.0833333333247772e-05,-0.0017727992192660968
2022-05-24,0.004260439724277587,-0.01946878355093551,-0.001732195282776905,0.0038885678465203632,-0.003360402036057919,0.0035302180152596563,-0.013920383356676336,0.0011479907547038426,0.0029037979366597355,-0.008975488911606377,-0.00775195062013434,-2.0833333333469817e-05,0.0005754422941852688
2022-05-25,-0.0032525035697233973,0.011014688579183085,0.000578427213500321,-0.0006628527201704149,-0.0019766889099487317,-0.007406036254048121,0.00512762108129583,-0.0010826117680363678,0.003883213328215618,0.0024980928073408126,0.020575457507821637,-2.0833333333469817e-05,-0.0008189193980461251
2022-05-26,0.0,0.0,0.0,0.0,0.0,0.0,0.02102899283814752,0.0007421427849898521,0.0024894221161213537,0.0008907448415254038,0.01573360656385958,-2.0833333333247772e-05,0.0019459554908132226
2022-05-27,0.01830298679332798,0.019495496887683927,-0.001252346386258929,0.003772395136844242,0.01677557873463109,-0.004663309296493723,0.01758284620758932,0.0009437353683905414,0.010926183943696266,-0.0045466383242478425,0.0192211158230422,-2.0833333333469817e-05,-0.0018378113367879534
2022-05-30,0.009892451253962653,0.030371028058203242,-0.013505047101573409,-0.004997204574533121,0.011686472905802825,0.003560765556587686,0.0,0.0,0.0,0.0,0.0,-2.0833333333358794e-05,-4.926861061149701e-05
2022-05-31,-0.009657700621073517,-0.01446514224361184,-0.0011247245762382452,-0.0009546639047682826,-0.01302362928862788,-0.008029855822537235,-0.009616918909491567,-0.0007381205388986567,-0.007255496318437138,0.00571273777637149,-0.011058478678034223,-2.0833333333358794e-05,0.0012626958548076495
2022-06-01,-0.012399003252705598,0.007062126608049946,-0.00288787044452965,-0.003095246585600675,-0.013195905022282628,0.007718327356399879,-0.002392788693622361,0.0011690598690436982,-0.0014387895669621953,0.017177529982282502,0.004251500790571461,-2.0833333333469817e-05,0.0023388432369784162
2022-06-02,0.002257024095458915,-0.012650218324822271,-0.007756010569366256,-0.0006459509279993503,0.004418560069392008,0.008780146299665281,0.016819377960802573,-0.00047522982859349305,0.011487980357273164,-0.0035231579430785587,0.004847612054762251,-2.0833333333358794e-05,0.00012540972343710877
2022-06-03,0.0009853158352439717,0.004038835507952365,-0.004996852650048789,-0.0016471906039243756,0.00544125853166455,-0.0037037037037036535,-0.010115148526574136,0.0015530092527127337,-0.005685198407627046,0.012532902759594622,-0.008632235883495487,-2.0833333333358794e-05,0.0006149052993551507
2022-06-06,0.0,0.0,0.0,0.0,0.0,0.0,0.0038542651070567757,0.00033517581372888294,0.0005149352700062337,0.0073980064435397175,0.007333348019200825,-2.0833333333247772e-05,-9.81522927911982e-06
2022-06-07,-0.000703058839922388,0.011927763985159823,0.002983366725897385,-0.0014619818977161803,-0.0063327040153557945,0.008364312267657992,0.005860325862499849,-0.00027162474684117033,0.0026551305572279915,-0.0031578322723329055,0.0017677923867853718,-2.0833333333358794e-05,-0.0018108628448130215
2022-06-08,-0.006191016169134644,0.006177621649805065,-0.008328397135880072,-0.0040159641206228835,-0.003244610207449039,0.006635899697580383,-0.003552462418855984,0.001954111731324426,-0.0082215550660234,0.012941732777914217,-0.009238229874571124,-2.0833333333358794e-05,-0.0011446659886870103
2022-06-09,-0.010619044869721317,-0.0015049695813250663,-0.0025993931626490108,-0.004410077969457693,-0.01185759338355652,-0.005310315891874251,-0.013782804694145945,-0.0004730700604119731,-0.024972582623462913,0.0036003392225396613,-0.016108797138279174,-2.0833333333247772e-05,-0.0009940508856292052
2022-06-10,-0.021465262217559622,-0.026441953624579573,0.002806519478075309,-0.0009070447139448712,-0.027764931925650882,0.016936693667681135,-0.016018242526706028,0.0005363343148758748,-0.010041148479585926,0.002063429443395215,-0.005712089634605122,-2.0833333333358794e-05,-0.001974183109180183
2022-06-13,-0.018280039663644332,-0.03321113953347865,-0.014394328841837556,-0.016256659512179472,-0.02214404264741776,-0.006517082661088525,-0.045089501779921104,-0.005925529031587495,-0.03624619650896033,0.013308430183770037,-0.05114143226230261,-2.0833333333358794e-05,-0.0016832165654191433
2022-06-14,-0.015045427891753782,-0.012372701066971858,-0.006490845809044576,-0.0057732140225631445,-0.007424843499520883,-0.003097689950519067,-0.0009399461972644518,-0.0033194164723072683,-0.016704056994920613,-0.0006694307480181738,-0.00405623109440445,-2.0833333333358794e-05,-0.0003326149103343168
2022-06-15,0.007410997332566005,0.010464252824373688,0.0028584312576704907,0.004058252239310667,0.009849109087569197,0.005300721154221755,0.023449777939780647,0.004617834686658329,0.006653551451788253,-0.01808219748474349,0.006601964280513961,-2.0833333333358794e-05,-0.001912346617603089
2022-06-16,-0.03272794033805526,-0.051925268568749905,-0.013456773816528322,-0.003181853083433883,-0.04012336054582977,-0.0240000221946024,-0.03440526981700409,-0.0019049565223936415,-0.023129902123206314,-0.0025248728731344094,-0.043154392005936626,-6.944444444489939e-06,0.0004932626105620397
2022-06-17,0.00046542544327143887,-0.009230807919173634,-0.0014032755469136626,0.007570198654724081,-0.001929231680522392,0.004098383489307578,0.0025647642010824256,-0.002517906705558959,-0.0016227824793912937,0.0005334924260131935,0.014463429028279018,-6.944444444489939e-06,-8.33637002082277e-05
2022-06-20,0.0035681447260542676,0.012267217875929326,-0.001384587176995633,-0.002804149933680389,0.001159640863273026,-0.007606633740143809,0.0,0.0,0.0,0.0,0.0,-6.944444444600961e-06,-0.0002943931634121766
2022-06-21,0.0035555981084611776,0.010124037911391826,0.00455269765059918,-0.0022108966086483717,0.007208186341990164,-0.0022434327019255074,0.01969788356692126,-0.000894489237445395,0.019355252099214848,0.009721515533198666,0.01357260084383105,-6.944444444489939e-06,0.002880866349365352
2022-06-22,0.0020023172924641397,0.002277775204927446,0.007745432971021593,0.005098586486601775,0.0007667617844904218,-0.004309514222151756,-0.0018038483699953645,0.0007364240481406714,-0.005061952409378678,-0.016761240904628383,-0.003446364689214887,-6.944444444489939e-06,0.0011947798714004865
2022-06-23,-0.005380642959728954,-0.007424019683041294,0.014329522320182697,0.009011120144798435,-0.00919415893218345,-0.0024464598577285113,0.008555447016417306,-0.0006905632268277007,0.005363647613067624,-0.010875165631661354,-0.002106328765324128,-6.944444444378917e-06,-0.0019972361221906043
2022-06-24,0.033075924127929035,0.015264723141152015,-0.00159204458230644,-0.0019516124725172945,0.035184761435576695,-0.007734344038415775,0.01804016762444216,-0.0013022188380473754,0.01659439239228422,-0.0022621191329823542,0.02497134309094573,-6.9444444447119835e-06,-0.001922919617726837
2022-06-27,0.00807910906459064,0.014283612965797055,-0.010536492609273362,-0.005292346423239724,0.0065988578655424845,-0.004942919364900211,-0.003653054814348189,0.00022679527953006762,0.0016246915117985594,0.00679575759771045,0.012470178484046412,-6.944444444378917e-06,-0.0008885205876609792
2022-06-28,-0.008459811149988838,-0.001482155308177302,-0.007037800443301601,-0.0023290643160632785,-0.007297572151252041,0.0007641638522160044,-0.013088186774172117,0.0006958682625797241,-0.000717253307499055,0.008920961869478328,-0.009864089930225806,-6.944444444378917e-06,0.0013361080008154058
2022-06-29,-0.0004487778787694019,-0.021080803862632003,0.016229942999126168,0.003084107415461057,-0.00348871927660499,-0.005154662600142079,-0.002359137700740699,0.0008788428561092854,-0.004121780019336607,0.004534766161535586,-0.010619517760787067,-6.944444444489939e-06,-0.0003778827418978725
2022-06-30,-0.004492298568573694,-0.015317243068907138,0.018447226184464816,0.00907441459798819,-0.010002440277513847,-0.0017270455211483293,-0.0095050628929354,-0.001281123819509955,-0.0013613218469554766,-0.008040143240164999,0.005246699943078914,-6.9444444447119835e-06,-0.0016402764233771627
2022-07-01,0.0009023508657610702,0.004928518909960822,0.02123981603175551,0.005184166503550358,0.006819869100036291,0.006920368130450383,0.004180968544326147,0.0009013285013437233,0.012113193741243089,-0.007486891110533023,0.02966296938182933,-6.944444444378917e-06,-0.0003844488669756396
2022-07-04,0.00916763417680655,0.011647397457124953,-0.012731468871033713,-0.003178613124127927,0.00852988201336502,-0.002863688497436234,0.0,0.0,0.0,0.0,0.0,-6.944444444378917e-06,-0.00018769609928392939
2022-07-05,-0.012509423102467943,-0.007725775709866989,0.013880070896793661,0.0008234941325286904,-0.013432832597253141,-0.015316868058536381,0.007254192652499825,-0.0006917342997319054,-0.02712934591213556,-0.0025668440555757233,0.0025642578475992828,-6.944444444600961e-06,0.0003336704871930163
2022-07-06,0.010858153422585115,0.015877716090526794,0.0077673137925400315,0.000907331820644286,0.015380662490377173,-0.014194026766936929,-0.0005079222631080293,-0.0017129634356319867,-0.0033372954319456083,0.0008557563807007895,-0.00864899335743785,-6.944444444489939e-06,-0.002266359422708586
2022-07-07,0.010741452900227433,0.019086255654484185,-0.005732485205917737,-0.002866994034006809,0.007946418776870523,0.004930966469428144,0.011917126697322589,0.0019661678620266354,0.008201305249947666,0.0030349919985441787,0.01122397448210899,-6.944444444600961e-06,0.0008344780139148966
2022-07-08,0.007232294917374649,0.0013274143656731852,-0.009302246020795879,-0.0016913101418424281,0.00431136435896895,0.004710488511254773,0.00034406039309131664,0.0005325490925671694,0.003162463677961469,0.0030252489985949094,0.010439990581309067,-6.944444444600961e-06,-0.0033333067581573506
2022-07-11,-0.0016118752741115516,-0.0016201647543772069,0.005477376934135192,0.0009529674175421388,0.0002454554437698597,0.00039066554373423656,-0.009812514951634155,0.00012477140398825526,-0.0082655840694692,0.00672972020311291,-0.015043579161050036,-6.944444444489939e-06,0.0012540561431013675
2022-07-12,0.004109784477524414,-0.0013278059369967732,0.009922046873443335,0.006347134825617218,-0.00012272986846229017,-0.0035149148189456136,-0.0034981447744861782,-0.0006909734093314412,-0.006160978912975068,-0.01022384471182547,0.0071862567967364566,-6.944444444489939e-06,-0.0020005423684711365
2022-07-13,-0.013886759454775688,-0.012112270669663139,4.818966420350179e-05,-0.0006306701795461,-0.016065775795731763,0.0041152981997438776,-0.0036531451324512965,-0.00048770787545882044,0.0012319130831957015,0.005821344232756598,-0.0053253908865672495,-6.944444444267894e-06,-0.0008330280197699214
2022-07-14,-0.009635636494842448,-0.009270028850209111,-0.0030339491912020344,-0.006163924046315605,-0.0074784542127424025,-0.01502734551161733,-0.0013701233661032042,-0.001100397377826745,-0.002043565134432157,0.0073303736233130135,-0.011285645969107527,-6.944444444600961e-06,-0.0007340748179167633
2022-07-15,0.015267312459297466,0.017355434940760084,0.0021736552786248975,0.008043712934771241,0.013688215339896725,-0.004953437565946461,0.007102626905882703,-0.0001196286742807251,0.005606189622293645,-0.007741178024488371,0.009920505927869083,-6.944444444378917e-06,-0.0006580556423606554
2022-07-18,0.0036858656805522916,0.010236027545233117,-0.00795272897959054,-0.004514743432424528,0.011769187136894343,0.00019907523597662014,0.003057777246905369,0.0007580739831984928,0.004486826955765633,0.0064060582460925275,0.005861443372158215,-6.944444444600961e-06,0.00047501638226621345
2022-07-19,0.010617954964900367,-0.016152458120475943,-0.0007331389623522755,0.0009070638730683811,0.00489779386972633,-0.006470237067454643,0.01200504833734839,-0.0023046712886561904,0.012691178710872109,-0.008670925278419395,0.015012398657446635,-6.944444444489939e-06,0.0005230118799097738
2022-07-20,-0.0032103869929718254,0.026268666426582987,-0.006112265249645699,-0.0029715648278471063,0.00024358391379264432,0.0006011788756346004,0.011439296409443633,0.0023761603860257274,-0.010765582730247303,0.004563179674271112,0.005092057075940515,-6.944444444378917e-06,0.0001595291693734513
2022-07-21,0.007789784327721261,0.005235233041493537,0.013063028624013429,0.0060031753531955,0.007187340926163799,0.001301679961028368,5.936975525466792e-05,-0.0006918877697775772,0.00035300307960306476,-0.014558705745135625,-0.0013656162468418387,-6.944444444489939e-06,0.0008824981508739338
2022-07-22,-0.00014612731862650996,0.00014483245790652965,0.012894424670908622,0.007417010120052359,-0.0015723460574241788,0.0004000244140627274,-0.005633147521043935,0.0033934984337899987,0.007046310332148975,-0.010082675931146867,-0.0026549917864092665,-6.944444444600961e-06,-0.0008511285586034756
2022-07-25,0.0016043644155061543,-0.00607549466179691,0.00260379480756745,0.0005005467426419941,-0.002059476072805766,-0.003298729255887367,-0.0028720528831526204,-0.0008936700831563282,0.009783530239318106,0.00465714908219228,-0.008472146095346633,-6.944444444489939e-06,0.00036073917569678926
2022-07-26,-0.0004367639935605183,-0.007713638237432541,0.007887770633639324,0.0017928361702013174,-0.0031560805732187003,-0.0015043626885242745,-0.011560930737740893,0.0005321026274303087,-0.0030517830760700138,0.009034327682458487,0.0070822886523624895,-6.944444444378917e-06,-0.0003065597153877331
2022-07-27,-0.0029136857039444575,0.008360321607349563,0.004819644242174181,-0.004390719893503481,-0.004018450101270221,0.00030137488497672393,0.01620933729755558,0.0005313432323430511,0.011419646035293995,-0.010668001248765324,0.015434522375070259,-6.944444444600961e-06,0.0011104766355480855
2022-07-28,0.004967477990603708,0.008872507387053252,0.012442277597528806,0.00852755639325542,0.005012913482849601,0.013756351878729367,0.003933367422489953,0.0015188200437954436,0.012311999824460962,-0.011125805993267845,0.015804285658747252,-6.944444444378917e-06,0.000182559800466775
2022-07-29,0.0018902043384838585,0.013552838859663074,-0.0027674943878390756,0.001471334037196792,0.015206799217948763,0.0005943310574521021,0.0062758617881901735,0.0011098488587142352,0.00612915210584597,-0.005837789354909417,-0.001988710219034573,-6.944444444600961e-06,-0.001998698547029387
2022-08-01,0.0,0.0,0.0,0.0,0.0,0.0,0.0013143978455627536,-7.357013091735531e-06,-0.0009358003841385409,-0.011952909070909179,0.00805147021192032,-6.944444444489939e-06,-3.988728705284217e-05
2022-08-02,-0.001451069902073887,-0.003840903780171878,0.0027751746681583533,0.0037248833833929407,-0.004194212851415191,0.009701037096166765,0.006791295144895626,-0.0060057075055302,-0.010863879308869895,0.011876611578338414,-0.008826598701014654,-6.944444444489939e-06,-0.0006995826015175899
2022-08-03,0.007847646605536607,0.016992752727002847,-0.009850352459003231,-0.011607323850725604,0.00673891673279714,0.00019609039905033043,0.014693454254447014,0.0031633058790447866,0.009508199934464834,0.005652542043204756,0.007428741905735503,-6.944444444600961e-06,-0.001946118126079699
2022-08-04,0.004326042720262269,-0.0021061446670749273,0.013406549691029834,0.006549760114327174,0.0032272379182214372,0.0086257475864282,0.0004313134525704143,-0.0031670200024792594,-0.00010912698412723909,-0.015385812475904315,-0.0013559937105782627,-6.944444444489939e-06,0.0008316158162167131
2022-08-05,-0.010050470009774104,-0.0007033773900614326,-0.019820471518048333,0.0019687134349499757,-0.0045275366051582555,-0.00038875064534749093,-0.0003793124766455769,0.0058216030477737934,-0.006321569255637871,0.011526173841474918,0.012375289455277105,-6.944444444378917e-06,0.00029620168727606533
2022-08-08,0.003190840105813164,0.005350438491828147,0.013067576140805448,-0.006308156134335108,0.0027528858411138835,-0.004277682790684523,0.007587621824883151,9.396651218307461e-05,0.008017534383443436,0.005322124249168114,0.010371534991231224,-6.944444444489939e-06,0.00038907768282037125
2022-08-09,-0.007083995220793282,-0.009103580679470147,-0.0032953528849972713,-0.0007284805216316581,-0.009548760337534379,0.0031244614281868976,-0.007747088323296514,-0.000109126984126795,0.00361140430302731,-0.00010912698412668398,-0.008650812282926745,-6.944444444600961e-06,-0.002662530408667485
2022-08-10,0.005241906675553576,-0.006872711615310223,0.00982411944468975,0.0003123625964611687,0.006266519147038796,-0.010512019244193094,0.020144795853229258,0.0019232205660342228,0.008746011835412126,-0.015997214945483118,0.009121614213784657,-6.944444444378917e-06,-0.0005378024171854845
2022-08-11,0.00579367335105796,0.012875512637437359,-0.006781769625193168,-0.00010405525572376728,0.008742616201808273,-0.006492205139128959,-0.002094355115782154,0.0009053212587870618,0.006422733622846621,0.0066717180681110655,0.005378697132357058,-6.944444444489939e-06,-0.0010716971620109428
2022-08-12,-0.0053285730544219145,0.0021188687300088827,-0.001977956793770219,0.00012491902109545983,-0.005223984610989496,0.0087128592009591,0.010897347020254466,0.0011063452215107628,0.006988913973035693,-0.005240677888806666,0.007774693467795801,-6.944444444378917e-06,-0.0026984232563580512
2022-08-15,-0.00028948974931586324,0.008738515134304237,0.008210320466264465,0.0018531973785771427,0.001551579564015304,-0.008048696805341593,0.0039570195279268194,-0.00010912698412701705,-0.005344824246370283,0.004081739918406102,-0.0037194527539594624,-6.944444444378917e-06,-0.00043288522728734957
2022-08-16,-0.0026066818486020216,0.00726543362059795,-0.004025004175130853,-0.0040735559088710405,-0.011916226366539773,0.004947556026904998,-0.002983225329959649,0.0011053478573637143,0.00798806590915091,0.0008539893654471165,0.006533476869847066,-6.944444444489939e-06,-0.0002475523632690102
2022-08-17,-0.00319441565345735,-0.0018032008498430896,-0.006061749982139597,-0.001752950416758492,-0.0053061989125888775,-0.004135438433278682,-0.01255529821924406,-0.001322128665592781,-0.0029203031743820773,0.002777212960949349,-0.018705431148385188,-6.944444444378917e-06,-0.0013859608971723558
2022-08-18,0.003787108881291301,0.0005560581614800775,0.00023635595739013304,-0.0003136050253361722,0.0008487205265319542,-0.0009887284712885025,0.002279186197540639,0.0009028716217807098,-0.00111608550409803,0.00852535247795827,0.00783698076167516,-6.944444444378917e-06,-0.0006168989852147755
2022-08-19,-0.0002902269979969674,0.0030554965960083447,-0.011438191883505922,-0.0055834419645214295,-0.0016960016216748253,-0.002573274503434031,-0.008446997893479247,9.314455294262558e-05,-0.007567242933815055,0.009085624947736903,-0.015269814160993822,-6.944444444489939e-06,0.001506360435593157
2022-08-22,-0.007838273648729466,-0.01813901187557776,-0.006359164664761607,-0.0025024599935803415,-0.011163485778799553,-0.0017860565734979517,-0.012120426328444345,0.0004969917486581377,-0.013309842095225677,0.0020899355448016355,-0.013040085990614347,-6.944444444489939e-06,-0.002116201644693505
2022-08-23,-0.01111963748769107,-0.0015515175356621835,-0.006447863800330356,-0.0007168540932006584,-0.00748570535970805,0.006958250497017815,0.0051593215739789144,0.0006992100669331869,0.005653323763625595,0.0008314202956090089,0.010496034573680646,-6.944444444600961e-06,-0.0009321338990236905
2022-08-24,0.0062141271256297426,0.00155392848295266,-0.007070985308560651,-0.005358583572254938,0.0013599759273266177,0.006120446403782065,0.0016378926577196307,-0.00010912698412723909,0.0017326633987402307,-0.0010487904659310932,0.01161902583972041,-6.944444444378917e-06,-0.0003657836176415019
2022-08-25,0.0038228793462689037,0.0019743371538079035,0.007121340200495707,0.0022058749905053965,0.004691889326690957,-0.0003924886276210904,0.0102195297798362,-0.000109126984126795,0.009082101215585503,-0.008573007946624855,0.000501082828597843,-6.944444444489939e-06,0.00032795414434638737
2022-08-26,-0.009374656111613033,0.004503732063866783,-0.004261868261135726,-0.0022644971870642294,-0.012289532317319551,-0.01001179066474811,-0.013651667498955411,-0.001925772470587006,-0.0197409346558729,0.004633225846833344,-0.013523768433443717,-6.944444444378917e-06,0.001630326140986016
2022-08-29,-0.0075409597749158674,-0.033207414565580184,-0.00758749248568924,-0.004306129789359625,-0.0053502195511681006,0.004957366766834559,-0.006838663582241278,-0.00031124827333772753,0.00030387221929828456,0.004296067640547019,-0.005053439597750398,-6.944444444600961e-06,-0.001155882560364585
2022-08-30,0.0,0.007101640017001198,0.013869610113984132,0.0019387383075084585,0.00025020587184010346,-0.0023677618752099283,-0.004445036055648721,-0.001525026717053235,-0.01558592542265036,0.004276896140658515,-0.017500481208863272,-6.944444444378917e-06,0.0009311920697363529
2022-08-31,-0.0028303186702934857,-0.0020146822076028137,0.0006285627050073295,-0.0010844443074581323,-0.0017508055620653051,-0.0037578992752137497,-0.002694885798028901,-0.0007168562590654792,-0.008073913652263842,0.0008265035921284358,0.00494779102462406,-6.944444444489939e-06,0.0008031385705136174
2022-09-01,-0.019274190040992623,-0.016005806718719873,-0.007729501647901538,-0.006726266237127465,-0.024555388347059948,-0.005161814652581254,-0.005520939811002434,0.0007649492424843807,-0.0024332557552241285,0.015783727417114424,-0.018977086301250945,-6.944444444600961e-06,-0.0001984282332458953
2022-09-02,0.01919551337109815,0.015386959117053234,-0.000681628010876123,-0.0009428631279920774,0.01708200489665801,0.007782865394096117,-0.005467638682994158,0.0010081125433194504,-0.003073900021760001,-0.0010293324519025093,0.0005318904652287237,-6.944444444489939e-06,0.0011558102531685766
2022-09-05,-0.006576964293184773,-0.014143481347849818,-0.007746264326128016,-0.0011798190494085592,-0.0015153203579542085,0.0003960637762994157,0.0,0.0,0.0,0.0,0.0,-6.944444444489939e-06,-0.002562200341852283
2022-09-06,0.00255797229186161,0.0019031009092342899,0.0006383572020769446,-0.00032205581590827315,-0.0012647277324830952,0.0005938000509109198,-0.006463694147430754,9.371126011603614e-05,-0.007543283095442277,0.012786199987139035,-0.00907762231310616,-6.944444444489939e-06,-0.002099649828838923
2022-09-07,-0.005402982424218772,-0.003214432925590205,0.0010302660541134934,0.0010526269423942747,-0.0055717422789328674,-0.0013847917053041447,0.011429969362477976,0.0006009496047529872,0.017866592070051812,-0.007080874143616356,0.010233527820743715,-6.944444444489939e-06,0.00040514308861405723
2022-09-08,0.0010563622169124098,0.007622327234364734,-0.0012744245789761965,0.001437807386202028,0.006366988420105857,-0.011291564634091977,0.006488011334829347,-0.0039608749874389115,-0.0013706026309917574,0.0038591480302636594,0.007568316838974853,-6.944444444489939e-06,-0.0016318533743810981
2022-09-09,0.01100403810654993,-0.0024730664317216267,-0.0054968592391567705,-0.0035357638069314357,0.01271413758325779,-0.007112839645629254,0.01395396382239289,0.003045197946045519,0.01651894792839048,-0.0034537041890582154,0.011954303211052064,-6.944444444378917e-06,0.0014058706021990997
2022-09-12,0.004621963323619305,0.010500221455955527,0.0037999990855968058,0.0007741002404952901,0.01088898027910834,-0.0019170249477435952,0.005007511412472798,0.0010066393920744598,0.00941461611293648,-0.009565968333043129,0.004909813359011084,-6.944444444600961e-06,-0.0005318005305186002
2022-09-13,-0.008311279510889946,-0.018617297955812573,-0.008947888274292382,0.00017193475578092254,-0.010138131595842315,-0.004448063444970396,-0.02006888850695132,-7.650515832846594e-06,-0.02225834598269627,0.01528964231647012,-0.021332598331191832,-6.944444444489939e-06,-0.0003001777178011089
2022-09-14,-0.0134689152313765,-0.009559061212898401,-0.009802416980810857,-0.004834039770134857,-0.014722805584455378,-0.001421571279711098,0.004128133513773502,-0.001020986193752571,0.005134201730661481,-0.001322490820961253,-0.003935608231171894,-6.944444444378917e-06,0.00018528394681216476
2022-09-15,-0.003488963646887555,-0.0022271072848768503,0.0024347909976798476,-0.0004317476370205853,-0.0005197004690042917,-0.02226970090539815,-0.004328508861871305,-0.00031195792315408255,-0.013879154583294917,0.0023203319381555065,0.003091762046402158,-6.944444444600961e-06,0.0007201536697760691
2022-09-16,-0.015223076073798913,-0.015476108496789931,0.006846941712321586,-0.0022678086315558454,-0.013780591314707769,0.008944332382670117,-0.009130525492634711,0.00029661719139939535,-0.01237907796645421,-0.0031385005516371134,-0.010957837079746291,-6.944444444489939e-06,0.0002453571631524376
2022-09-19,-0.00015461451170195595,0.007708581985681251,-0.00895472725478097,-0.0035502406430194533,-0.008963761754400057,0.0,2.9092353620807643e-05,0.00029645262983346576,0.008029659477050144,0.0023217358615317263,0.0018264265631930954,-6.944444444378917e-06,-0.0008764547687580837
2022-09-20,-0.008039533624391138,-0.007799719762699997,-0.015406523378663328,-0.004236227650361468,-0.008114016344223152,-0.0056695187490114485,-0.007970541875417902,-0.00031193005871354984,-0.014555761267200262,0.006862764467167937,-0.018782609383775184,-6.944444444489939e-06,-0.00031345995457954245
2022-09-21,-0.001870211266832733,0.0015116313982228569,0.007610211737752337,0.002050765950107003,-0.003084277028409632,0.0033174500186852196,-0.012202657483963764,-0.002541920513740359,-0.018216500565399474,0.005309203043083688,-0.003390116644180985,-6.944444444489939e-06,-0.002553677421054945
2022-09-22,-0.01467826694517349,-0.00950908702470199,-0.010622185577260135,-0.003592422472952217,-0.01304812544780043,0.017462311042803824,-0.012350469808869224,0.0005010811644396984,-0.001865463563564984,0.0019867803740887258,-0.03368380228029111,1.3888888889201922e-05,0.0013221931562821254
2022-09-23,-0.013946362756833919,-0.02605945417673372,0.0035922774392329604,-0.002949795032433311,-0.02289774371125053,-0.015029945779930776,-0.02033672903950956,0.0005000393086080912,-0.03441733071136088,0.010945612668743498,-0.021226320744377802,1.3888888888979878e-05,-0.0005300348610332017
2022-09-26,-0.001607091328331478,0.007041391928431784,0.001505065264215677,-0.007100620159980142,-0.004045145206495238,0.005567546389297684,-0.0021450886424253524,0.0002966728943818442,-0.01992249948597591,0.014075003309927059,-0.03838322540364514,1.3888888888979878e-05,-0.010253913630066336
2022-09-27,0.00032180568149819955,0.004195043041206992,-0.008285366190021626,-0.011389215245780182,-0.0018207505905936117,-0.004408887364696246,0.0058645673295245615,-0.002340885607054366,-0.012190931794912596,0.006884131705902075,0.007126775463506707,1.3888888888979878e-05,-0.011082416112656479
2022-09-28,0.0077246050541237565,-0.01702007250352977,-0.0029487375468598698,0.005693194951551961,-0.00294659963280941,0.0027806510886008162,0.010752510841572915,-0.0009226910990239867,0.02199809980027334,-0.02152135544192657,0.02000566031250428,1.3888888888757833e-05,-0.00834749615717234
2022-09-29,-0.010060631238159479,-0.0064536660169576265,0.007947967488514118,-0.0012209656765101995,-0.010695096787809222,0.0004107665337289568,-0.006986382135880431,-0.0008207722931256045,-0.022658544985281304,0.0010736710909107217,-0.04870046720836163,1.3888888888979878e-05,-0.010514194625400153
2022-09-30,0.015808998907386407,0.0019013551152533559,0.008883819162453399,0.006201320666147536,0.02233280674154292,0.014680268131126217,-0.006167891966213812,-0.0002112056374560245,-0.015410420025082194,0.002253674448962295,0.004331752893815599,1.3888888889201922e-05,-0.013772221636467963
2022-10-03,0.0020646056461472995,0.015812659274266005,0.02334693012944089,0.010139465578747453,0.0029219288629542817,0.023472228448828902,0.013134925939066733,-0.005012089112054863,0.022362661314510257,-0.011894724784736188,0.01812794424794162,1.3888888888979878e-05,-0.00982525483995167
2022-10-04,0.026148897062090226,0.027864213968691764,0.009226421109802097,-0.0009622666949049563,0.03315763263458926,0.00909451604296696,0.023132958917040813,0.0027647047172305594,0.02467467479635399,-0.018594517689486723,0.05884623488614338,1.3888888888979878e-05,-0.013422509113287129
2022-10-05,-0.005868798101680284,-0.003786130289122114,-0.01696399275246696,-0.012236252964184291,-0.010071112951985484,-0.005289932840400358,-0.001230789795401921,0.0007098346210148154,-0.013570207802345302,0.009611442696825678,-0.017727192849763207,1.3888888888979878e-05,-0.009298199473748658
2022-10-06,-0.0105641717709678,0.0015200725335149379,-0.010463579122929167,0.002193926536747215,-0.010038163078883389,0.0057120225069087205,0.0015751988923440319,0.003572608170339109,-0.020923207535171073,0.011322766836796117,-0.01302147269259879,1.3888888888979878e-05,-0.01360798076845171
2022-10-07,-0.008949430947543635,-0.015330726297940078,-0.021188687637964554,-0.006722050239557409,-0.010824703988045803,-0.0029377202939084857,-0.012721250544445839,-0.0011279042045212462,-0.01522476470866041,0.010301480898244009,-0.010283459697741137,1.3888888888979878e-05,-0.010686431129520502
2022-10-10,-0.006653981790710861,-0.008940958148653366,0.0018485985630147805,-0.0007346816331821326,-0.004155690850100258,-0.012571191946092686,-0.007205231342909291,-0.00459731464026969,-0.007063674161759015,0.00783899665543819,-0.0177304650088852,1.3888888888979878e-05,0.000500081601104263
2022-10-11,-0.0006379438835431017,-0.008399474095371562,-0.00861005564898465,-0.00316344019633108,-0.00792885490792361,0.0017903200211453196,-0.007399422385976018,-0.0007236406122298478,-0.007112170007826268,0.0022271736572399004,-0.0016040801493090173,1.3888888888979878e-05,0.0014899456475152562
2022-10-12,-0.005266432494834827,0.0,0.0014474578364298551,-0.002145527348626608,-0.0023837354188253057,-0.0033757191946532927,-0.00255679572010592,-0.0009294317122140461,-0.013484841008155612,-0.0024399820473147704,0.008872850964141143,1.3888888888979878e-05,-0.0016738160767250099
2022-10-13,0.004973521230867917,-0.016156848910016897,0.010633878057589197,0.0022620636094723423,-0.005902850813221727,-0.004981071987252617,0.0003239859907779863,0.0005066548419334627,0.025525945176558817,-0.0009853961267951572,0.02214629260774137,1.3888888888979878e-05,-0.0008017590537496844
2022-10-14,0.004789018402667766,0.04033795004917673,0.004903687229389497,-0.0035753730385077453,0.021772909667447937,-0.0027032561474069627,-0.011218530201167254,-0.0005192671358941192,-0.016932110994844485,0.010122005070013484,-0.005914535021495748,1.3888888888979878e-05,0.0025336912083651075
2022-10-17,0.01668278011369506,-0.010114936115605655,0.0027444436745780454,0.0029154543892275786,0.02117061286485189,0.001104343588048673,0.013605846222116913,0.0006705361331824644,0.022379208717925758,-0.012551173337953303,0.013759487972286877,1.3888888888979878e-05,-0.0007464485824791867
2022-10-18,0.011564321020286261,0.015327596820023492,-0.001317648676774752,0.0018559542372822424,0.01504067952434962,-0.007220228759420078,0.005359717778424811,-0.0002731995265293774,0.01064866048622548,-0.003918321506468647,0.012129922408663951,1.3888888888979878e-05,-0.0008459918468374239
2022-10-19,-0.011895603942547739,0.002439693410237087,-0.0027409632307210385,-0.006539681796363661,-0.013883359310078558,-0.0026262379655933588,-0.0072660592047371075,0.0003007364724052497,-0.005312580930168176,0.01753779512815834,-0.012200193220045286,1.3888888888979878e-05,-0.0010181090999596965
2022-10-20,0.0021888176962330252,0.00410692059654072,0.0026056958370668237,0.0001122725944311398,0.002978161285376535,0.0030382822825836264,-0.0034249599890233684,0.00030104986842149906,-0.009381559657124727,0.005382285658559027,-0.0037088233131590265,1.3888888888979878e-05,0.00034368936988826704
2022-10-21,-0.006864326946309007,-0.0059078053416532494,-0.007695659779564656,-0.005391478866842547,-0.010257776856622325,0.0010096930284220207,0.0049537096278495785,0.0019392805974058902,0.014289769536831365,-0.01045695790759571,-0.00010912698412712807,1.3888888888979878e-05,0.0003578583668328861
2022-10-24,0.015708655098503277,0.017981991809482567,0.010129160635288681,0.002597483721300975,0.016091735849365518,0.0013112646368322878,-0.0003972346969252083,-0.0018260875682625244,-0.0010555912152789837,0.005409330388971512,0.01434167683747023,1.3888888888979878e-05,-0.0014952467630431343
2022-10-25,0.01871314930065182,0.0043412569098686404,0.004051385468934576,0.003649485275840414,0.022949880181652782,-0.0005036768347451703,0.011552250666958752,-0.0006420308649082163,0.014809224376813201,-0.01252961264557595,0.03265450746129761,1.3888888888979878e-05,-0.0022954466507419946
2022-10-26,0.0030361457202867648,0.0038754768301025866,0.0051249888810323,0.00320970302353607,0.004854355857170978,-0.0017133765229953024,0.0025946132248968468,9.606378409809935e-05,0.010390335103858561,-0.01385574958716107,0.0019595549014996827,1.3888888888979878e-05,-0.002884575110771226
2022-10-27,-0.00787019276755263,0.003415346289326715,0.005509884069030635,0.00022372245357282772,-0.01240380339613445,-0.0014134522100580638,-0.0013861226658439252,-0.00010912698412701705,0.00497037840432113,0.002559725340200991,0.0033322107066364737,1.3888888888757833e-05,-0.00029184664873005417
2022-10-28,0.003813828669881003,-0.008878586177988201,0.0025451185549181243,0.008164629722426264,-0.0015863774013549214,-0.005459471754316159,0.006001535894979426,-0.00010912698412701705,0.01413410159611228,0.006102065382904032,0.012236518324780121,1.3888888888979878e-05,0.00047956510934854535
2022-10-31,0.0018235980250911332,0.02582873133377417,0.0,-0.001064975120251388,0.003575292323590773,0.003761321704906617,-0.0033580988894071906,0.0005052605773203656,-0.001921156973257565,0.007239569169580573,-0.003496742684002796,1.3888888888979878e-05,-0.0010182143942272237
2022-11-01,-0.0016687531183660065,0.0021829659890602038,-0.0021902158171712705,-0.004353408111463564,-0.005277841921392135,0.0030382822825836264,0.0014377799120981472,0.0005484458547106996,0.006017465744756256,-0.006236947094353074,0.008048631951467877,1.3888888888979878e-05,-0.0008883383778417464
2022-11-02,-0.00030383007870071754,-0.010891407603671799,0.0007981978276079271,0.0043724431409000175,0.001857001617030507,0.0,-0.016973888598458275,-0.0003147837760003602,-0.013415377342096968,0.008698895565685483,-0.010898252661970198,1.3888888888979878e-05,0.0011591740074163859
2022-11-03,-0.013527888222542694,-0.013507812035084554,-0.0057028389666093915,-0.008307104218921002,-0.014166568534511592,0.001918379777938961,-0.003165777079733867,-0.0038354169765235646,-0.0015104108102869107,0.005972672511179278,0.008723007659493742,1.3888888888979878e-05,0.0024428334836275045
2022-11-04,0.01371340158635359,-0.0008929400840935742,-0.007279603044449523,0.001164645526970931,0.011549850958770147,0.011790801522686634,0.0054998975003848205,0.005014757162775441,0.019545404780475284,-0.011709504280473904,0.01405037344101534,1.3888888888979878e-05,-0.0003864112046754187
2022-11-07,-0.003496130443120693,-0.0019365531487066656,0.004504880482140372,-0.0035793724289328033,-0.0006638896369165481,-0.0035856330537226144,0.001442559785538089,6.61308898566304e-05,-0.0037304095031954754,0.0010317242495199164,0.017182858351682873,1.3888888888979878e-05,-0.003184136483281974
2022-11-08,0.00991507453511975,0.01447770728670661,-8.043108399402588e-05,-0.00040414465059690485,0.014614115789366666,0.014794069803863774,0.000722689212830474,-0.0003438666431404558,0.0077456740114583145,-0.015046720273076075,-0.017820708302081156,1.3888888888979878e-05,0.0010575735940838715
2022-11-09,0.0061921046144379766,-0.008677432996693657,0.009201490498719656,0.006356472248937983,0.002880737365541286,-0.002955082706784018,-0.017207537976724585,0.0012967294775427796,-0.015337790001474616,0.003421857765437908,-0.008805632318654721,1.3888888888979878e-05,0.0018870743099368426
2022-11-10,0.02251598469562599,0.012669986849023429,0.014647926051686966,0.014618854888472033,0.03747228119871204,0.004939735170619075,0.033277348251498085,0.0006800145932144286,0.04548074089126475,-0.03916883260411197,0.019363536139986426,1.3888888888979878e-05,-0.0010964489585224557
2022-11-11,0.0016145295411960081,-0.0019137597559835129,-0.01792279172840483,-0.005565337861573205,0.0032720620197816963,-0.011403889581091509,0.004803021089843762,0.0014984398701007873,0.008326457079557814,-0.015216008660072,0.010415287167576892,1.3888888888979878e-05,-0.000999638362181532
2022-11-14,-0.012457742051837806,-0.005751218632551458,-0.006600218090998089,-0.0009290556130705507,-0.007275375017422592,-0.0015910656571019866,-0.0030893382312507933,-0.000752038866826843,-0.01025501705749976,0.0036099255256887286,-0.013193940853925223,1.3888888888979878e-05,0.0014758629291884429
2022-11-15,0.004155506623735539,0.010085872394806739,0.010821542265657014,0.0054024652370243675,0.0005054495358831623,0.0005975852449577879,0.013671504932737166,0.0014964793014295985,0.00790636920961707,-0.010098465079657837,0.010443115723779872,1.3888888888979878e-05,0.00018213537430278315
2022-11-16,-0.012119539594716566,-0.009838428784902153,0.005228335419752428,0.0052631755805285785,-0.012755861506789201,0.0041807807177991485,-0.009869061874681284,0.002106142671450595,0.0022336815252224085,-0.007369255380643924,-0.0007930945746175144,1.3888888888979878e-05,-0.0007466651866834262
2022-11-17,-0.0008975784238681728,-0.006376936873396022,-0.0005945216002276599,-0.0015991720114291175,-0.00038375839910564924,0.0007930093206276467,-0.005332525073062699,-0.0009533140296764664,-0.010252933405332398,0.007460904514785316,-0.004068182091820471,1.3888888888979878e-05,0.00013642993562679173
2022-11-18,0.00928433939199036,0.008656940653235523,0.003122541681036317,-0.0006143692514049004,0.005118983845877612,-0.004556235833175215,0.0019772971165596953,0.0029178378126186733,0.0092088702084141,0.004889301228952148,-0.00013888888888868856,1.3888888888979878e-05,-0.0008176019758068254
2022-11-21,0.0044509357945274886,0.00414303988847009,0.0037552162365672714,0.002261435371273768,0.0005092455879158742,-0.0061691663751555215,-0.007460563150763488,0.001080303956382922,-0.00035414203971029234,0.00517695093096826,-0.000796385617994666,1.3888888888757833e-05,-0.0006977632420336333
2022-11-22,-0.00014740896121934188,0.001621034513458186,-0.0011814469826479934,-0.002212461713319347,0.0012726945685868074,-0.0007008532394739975,0.005392955770017638,-0.0011537407125452592,0.010632133585531278,-0.006670709257647234,0.014334714351022182,1.3888888888979878e-05,-0.0035678590286327694
2022-11-23,0.0025111588469979296,0.0016181739877170198,0.004534073999851174,0.001383119783072706,0.0017792858434417802,-0.010620154138080928,0.004798489015607421,-0.0013577390951359236,0.009665149999198208,-0.011723177053953093,0.0024553735697891987,1.3888888888979878e-05,-0.002370289180173235
2022-11-24,0.006484052761003278,0.005434617987685186,0.002747431795295574,0.008287256430119294,0.009895956948960283,0.008810138943829093,0.0,0.0,0.0,0.0,0.0,1.3888888888979878e-05,-0.002754314120749335
2022-11-25,0.0007321460034015459,0.0046751446985942025,-0.018543139304750045,-0.004479200298772246,-0.0037688360400611742,-0.0012045896329320183,-0.0011216740338461095,0.0006746377935391568,0.004504463659417368,-0.0010891168900815096,0.00503565876575629,1.3888888888979878e-05,-0.0003484273722441644
2022-11-28,-0.0001465320592852759,-0.009887998643117846,0.006979299777373882,0.0019002039347395527,-0.0037830291804279437,-0.002613040789886889,-0.005899449099797671,-0.00034184369787138014,-0.01127323941096825,0.003665864672214303,-0.02137442743070128,1.3888888888979878e-05,0.001112076242739679
2022-11-29,-0.012291332674356559,-0.005140307320578352,0.0007920333776019195,-0.0027904812613425145,-0.012658307616527309,0.009270406031385292,-0.0005628071989728367,0.0029094757185759157,-0.005875003923898614,0.002072056833558822,0.0018335078376281455,1.3888888888979878e-05,-0.0013038541924725866
2022-11-30,0.004148118674986323,0.0016237874214328762,-0.004946638772538425,-0.003126132987358865,0.0023077662555788248,0.0007987708143231131,0.01414051013466544,0.0004691967149974552,0.023578965708504596,-0.015581591498740277,0.012984413647858295,1.3888888888979878e-05,0.0015375934472015018
2022-12-01,0.012540448256010084,0.016064809159009208,0.0066116663529220965,0.008442945753602826,0.010872266752341098,0.01097366294102975,0.005780849837443203,-0.0004440738101000319,0.0038267446907152003,-0.010702342407019283,-0.007263247481635204,1.3888888888979878e-05,-4.8642639428164713e-05
2022-12-02,-0.001894335227930033,-0.00435143762427237,0.0019259046719262152,0.004023122533312495,0.0045553132376121575,-0.0035524339198383936,0.00013848748289380097,-0.0005457051228572318,-0.005544214209144971,-0.0033740755225438734,-0.0007911461775905737,1.3888888888979878e-05,-0.0003729489664795471
2022-12-05,-0.003941548505986825,-0.003933421585057273,-0.011632371905816563,-0.003032258750818806,-0.005416375459340372,-0.007328147621669001,-0.010961519705276257,0.0006751695580982098,-0.0156069970090994,0.009922702300393604,-0.017763000264780726,1.3888888888979878e-05,0.000293773669867603
2022-12-06,-0.005569401508405125,-0.012578698974016422,0.011121138801709174,0.004497062163174803,-0.014310949665265027,-0.0011971390440983498,-0.006450926722068817,-0.0005456344204687325,-0.0012004863946069033,-0.0007815600022715863,-0.022065724879571147,1.3888888888979878e-05,-0.001707472318237313
2022-12-07,-0.01193785835389638,-0.007406273422210674,-0.0064119662403037125,-0.0009083594438547005,0.0002568466446166706,0.002397086845430607,0.0008491461672279765,-0.00034196518186491165,0.0004987281674495581,-0.008498909625548445,0.0005404946268237065,1.3888888888979878e-05,0.0013521539268670502
2022-12-08,-0.0007458395759818437,0.00014900110954441104,0.006601984578260556,0.0009091853109179926,-0.005137987153186363,0.002391415377088979,0.0025405703376555344,0.0008781212095234636,0.005595916212320029,-0.0011116863688918066,0.005292199728947677,1.3888888888979878e-05,-0.0006504077266284991
2022-12-09,0.004776721863478439,-0.0020888297727533756,-0.017654513089915724,-0.0009083594438547005,0.011362134831832904,0.001789252279293052,-0.00421775181862083,0.00026816495542059116,-0.007108056951520614,0.00732622992148757,0.003912256558424421,1.3888888888757833e-05,0.0006989953154492579
2022-12-12,-0.0019316177465213968,-0.005681841107302743,0.004719091437659584,-0.0005845500017856997,-0.002936290861972335,-0.005755098098056632,0.006075224160216441,0.0029093165229043816,0.012621495508976066,-0.0014276204203544918,0.0018787978475121037,1.3888888889201922e-05,-0.0011617677920081615
2022-12-13,0.010122297040977557,0.01939859727246973,-0.0017989881229090177,0.0032923537184117446,0.011523727799770844,0.005389245922218011,0.009544877100287508,-0.0025701558467022823,0.0100092564375589,-0.008203413067144338,0.0025456249257955754,1.3888888888979878e-05,-0.00031661511129177367
2022-12-14,0.002947176536799878,-0.005310579450446662,0.004254916385588947,-0.0031519430496659284,-0.0026582153647537465,-0.0031765059851893707,-0.0030577861539020645,0.0014857798818601609,-0.003081277475247668,-0.0020900236748555567,-0.008170963522909136,1.3888888888979878e-05,-0.0008038123654948715
2022-12-15,-0.024683799773630666,-0.02565635811863487,-0.006928285732685335,-0.0010396152587057728,-0.020814837874088665,-0.011750634982601427,-0.013184086185342392,0.0002666194870037941,-0.018056219796600104,-0.0004647654499186915,-0.004187588387216112,2.777777777773771e-05,-0.004737263904485145
2022-12-16,-0.008285942378139177,-0.01095866561265002,-0.006183663430954001,-0.00424921198227346,-0.017109541605927592,0.009875037839458756,-0.002975383648884722,0.0002666440001211079,-0.019241640623721024,0.007031879158994725,-0.013688966447509499,2.777777777773771e-05,-0.002281718910939423
2022-12-19,-0.004405355677385092,-0.002770146115724237,-0.0035955279602739587,-0.005660793219090965,0.0002637562916230074,-0.0030932314740915734,-0.006255390151354567,0.0016844197242664727,-0.004953013336889689,-0.00046255077575341197,-0.016622490130861034,2.777777777773771e-05,-0.0010890683387889677
2022-12-20,-0.005950599614288565,-0.006944540698710422,-0.008738302867683956,-0.003853746408451264,-0.006328211165918862,0.010909843539601782,-0.0012833898348992845,-0.0017568464271618955,0.0007407857977372867,0.006335751211548057,0.008939205415128049,2.777777777773771e-05,-0.003086122207467845
2022-12-21,0.015809687829506203,0.009479424954234261,-0.006503839055804539,0.0012969585410336215,0.013533123019798587,0.0011881308980508098,0.00559157464874116,0.001481690678311498,0.014799434090017494,-0.0043203966891104395,0.007473772508671983,2.777777777773771e-05,0.0007808472263630684
2022-12-22,-0.006648585770084203,-0.007543055677234678,-0.011796269018893302,0.0013610160494588186,-0.004319974684420247,-0.007318062029994743,-0.007261270586565671,0.005320893275791105,-0.008147474383999431,0.006644070256220935,-0.0070069909842720435,2.777777777773771e-05,0.0028956662303720737
2022-12-23,0.006541281417353106,0.004808325751668674,0.0009997971800619343,-0.0018853962180641615,0.006179226516712433,0.005180327027562992,-0.001573443282039233,-0.004967154080777969,0.013825713722430466,-0.0011013110528819148,0.015767008786275793,2.777777777773771e-05,-0.0016636332289102773
2022-12-26,0.0,0.0,0.0,0.0,0.0,0.0,0.0,0.0,0.0,0.0,0.0,2.777777777773771e-05,0.000535503161949169
2022-12-27,0.003929182129965403,0.001852486836898093,-0.009261093903076612,-0.00722613229846325,0.00026154501615560655,0.006541105635220479,-0.002581556667793805,-0.0005447816990958865,0.002013124386686105,0.0014668716403876125,-0.002181201779932973,2.777777777773771e-05,-0.0022719392209206157
2022-12-28,-0.007526816380627577,-0.005238810990481291,0.010671079617558643,0.0024336629311958458,-0.0006532222535918786,-0.011421795849537175,-0.008636284681544315,6.432834996283887e-05,-0.014740586144127654,0.008395030949053695,-0.011166385195166328,2.777777777773771e-05,0.000877535374487648
2022-12-29,0.004853793320299449,-0.005576273347755456,-0.0008311563009668621,-0.0011035343829993716,0.0009150955067200872,0.002191247218158665,0.007124553792705823,0.002703502148235337,0.009231286279411721,-0.005620200614460336,0.013355514458562201,2.777777777773771e-05,0.0018111325182084137
2022-12-30,-0.00754719842467344,0.0032710612523472182,-0.0016850314388358045,-0.0002209296322791543,0.0024813012611677454,0.0017888966121362149,0.0017354072063826553,-0.0027709992641355985,-0.010501523933646117,0.0026169862804574784,-0.0085483645489971,2.777777777773771e-05,-0.0005266966903823
2023-01-02,0.0,0.0,0.0,0.0,0.0,0.0,0.0,0.0,0.0,0.0,0.0,2.777777777773771e-05,0.00012047236894630053
2023-01-03,0.021596936989014548,0.02189086601916057,0.01214794704141764,0.0033591464688813577,0.0161542294781023,0.02202376108320947,-0.00229819664271258,0.001282112645498712,-0.00035705713117895055,-0.0025436429499603452,0.009755111421557494,2.777777777773771e-05,0.0011581705730221437
2023-01-04,0.015334173305278531,-0.009115654034470122,0.008666825600899042,0.0011453039387741004,0.013846202739828284,0.00679479744882272,0.009382460420445327,-0.00013888888888879958,0.014480268057804446,-0.007714612470540949,0.017355965310032584,2.777777777773771e-05,6.324688320313854e-05
2023-01-05,-0.007624589458842035,0.0018399274255651576,-0.006653503497305757,-0.002948052404458501,-0.0005057681780109569,-0.007520176557085034,-0.008141506478240967,-0.0003416413570901389,-0.0037947400192279712,0.0015960548662561358,-0.010455203066771057,2.777777777773771e-05,0.003826661109941343
2023-01-06,0.008421758450387395,0.0067340310170413975,0.004027152239713061,0.004854332668405625,0.003922027743081813,0.010297236579114077,0.010088680701340946,-0.00034168247398969065,0.021013721312172384,-0.012955038127418161,0.004030593504710911,2.777777777773771e-05,0.0025979447586370608
2023-01-09,0.0077654890010536715,0.00562476193310224,0.002312433243111034,0.007026804028719358,0.014618727698918033,-0.005769230769230749,0.004994516395138593,0.0006718855107354926,0.006202251344275211,-0.00119158972447031,0.006089509408741645,2.777777777773771e-05,-0.0006361998420364445
2023-01-10,-0.005524605718347342,-0.0034768773106904627,-0.005124642582166716,-0.0028347168646783993,-0.00372623705517805,0.0036750955784572437,0.005110239370140546,0.0029010730887903957,-0.0032893909314526404,0.004427389169757712,0.006738748842839648,2.777777777773771e-05,0.0017569100938208404
2023-01-11,0.008040783387369022,0.01805193907750846,0.01354459762960003,0.0021867983778569577,0.008477761472722278,0.005974128811109702,-0.004654727408248127,-0.0029668316057814836,0.010185463451485521,-0.00643270038097199,0.021718899087314503,2.777777777773771e-05,0.00042927404447490325
2023-01-12,0.005076253740871506,0.009536628896330113,0.009901206500972926,-0.0001091429541720812,0.0013599466832885376,0.010536398467432928,0.011060312277918039,0.0010763222843623854,0.008203116214388295,-0.002249828753330907,0.015235381100209056,2.777777777773771e-05,0.00018268721700587243
2023-01-13,-0.0005771225937316604,0.0019191276904169108,0.005774185761862061,0.006961250230093974,-0.002469151290942495,0.008151635626481246,0.008693008967149307,0.000873027316188546,0.0019295357649657952,0.0012714073091366629,-0.01001375580121422,2.777777777773771e-05,0.0018167240196851342
2023-01-16,0.012127997685255076,-0.0005896709911183962,-0.006319220561309624,-0.0027955694982111368,0.011509919377526323,0.0009402031054477344,0.0,0.0,0.0,0.0,0.0,2.7777777777959756e-05,-4.3644573433754275e-05
2023-01-17,-0.0014264369557605017,-0.002653007137222052,0.008520334371662441,0.0003260088424459351,-0.00024490438744340093,-0.0075145596312802265,0.0036135103281318415,0.0006693568493238988,-0.0007583117684037965,0.0026779645440544453,0.005180158980614413,2.777777777773771e-05,0.001176486357305384
2023-01-18,-0.00385708641675353,-0.009754600942136316,0.005455604917292245,0.007256149805800138,0.0033045066787966704,-0.0077606959694730415,-0.005123045347305455,0.001476953014403204,-0.010878177678890988,-0.0068101335946426644,-0.005429794179876324,2.777777777773771e-05,0.002111256986110366
2023-01-19,-0.00917849819970984,-0.014925600133117056,-0.004839505195020188,-0.0017039594637012767,-0.012564035015449448,0.007058397788762161,-0.0036171027960941737,0.0002644900646830983,0.0009049502129099274,0.006577160223952383,-0.010776984627895447,2.7777777777959756e-05,0.0012310148913976526
2023-01-20,0.0027503306615970224,0.014242657561878369,-0.0015707223407052107,-0.004450651861174215,0.0034589090969956438,0.007008810382196362,0.011728838804741404,0.0014737893089660226,0.011539936074404622,-0.0008412598659307546,0.0126298222578487,2.777777777773771e-05,0.0005423807924616053
2023-01-23,0.010537129462192096,0.009262110005614277,-0.00683701744470866,-0.0025174194727420884,0.009233053133540725,0.0011287371118338108,0.0064847215717931395,-0.0003397989967400816,0.00047967988703767617,-0.00013888888888879958,0.011141814779606962,2.777777777773771e-05,0.0020023026430195934
2023-01-24,-0.0008572567834183031,0.009472984883286406,0.0017466212641872314,0.0008267335052714042,0.004635174765477146,0.007140149766645232,0.00013508328510702938,6.206159194488414e-05,0.002333240577506057,-0.0004901272018336122,-0.002763691809000157,2.777777777773771e-05,0.001742271286065522
2023-01-25,-0.0011436477631575626,-0.00894459052416019,-0.0013381624274416692,0.0020869464624064804,-0.008013482117368853,-0.004664179104477584,-0.001098031728311799,0.0006663386576792885,-0.002810534503539741,-0.0008419228655522915,-0.001454653386026017,2.777777777773771e-05,-0.00024492632828887473
2023-01-26,-0.005438546656716503,0.009469379835768788,0.002029866412229575,-0.0007809880005070768,0.005385540661017263,-0.002061809908036505,0.003564900985688846,0.0002628878842345639,0.0015096252256823206,0.0016198548775492316,0.00974266452011796,2.777777777773771e-05,-0.0009615357794791057
2023-01-27,-0.001151476323026257,0.006888162051733593,-0.003220809711180994,-0.0007815984194942116,0.0,0.00225385258611821,0.005191461320580348,0.0004638605961537756,-0.0028132825386122384,-0.002245691619736978,0.008341188283442325,2.777777777773771e-05,0.0017143490778706028
2023-01-30,0.005474783904223068,-0.003930103764682502,-0.0037394785674537134,-0.0012167247435853623,0.001460904633687532,-0.0011243920790640072,-0.005169166107291012,0.0014684688732755635,-0.011896324392227542,-0.00013888888888924367,-0.015662882150585644,2.777777777773771e-05,-0.00028976172499894925
2023-01-31,-0.00730756570131752,-0.0007307819531701121,-0.0047938440492247825,-0.0037851134361880368,-0.007050728207554591,-0.00506568894377335,0.006965597542986979,0.0006635933071712508,0.007166548739629963,-0.008935468984458073,0.006431469603229267,2.777777777773771e-05,-0.00040872318896301163
2023-02-01,-0.00649539321050463,0.0013162045716226256,0.008116997788799374,0.0046729935355480645,-0.001224328991054957,-0.0028285876570405266,0.0075005874768681036,-0.0005213543445142799,0.008771126278337649,0.003766074804028019,0.013568646326579836,2.7777777777959756e-05,-0.0012478834079897583
2023-02-02,0.005811806879733261,0.016649460733707988,0.01362297019470926,0.013714677295705746,0.01446422555520166,-0.008320657111340335,0.013071377206730572,0.0007575916719035902,-0.0007649160324983972,-0.00580649970421887,0.005646448343964217,2.7777777777515666e-05,9.36714388437565e-05
2023-02-03,0.01169943486280367,0.0064648535930416084,-0.010771920766207033,-0.014794220332912777,0.007370853782346254,-0.013729999755580091,-0.00813725096722473,-0.0006517755179008544,-0.015767458208951757,0.0005623177008093894,-0.0027097568622086454,2.777777777773771e-05,0.0004217382854356799
2023-02-06,-0.007566772390966592,-0.005281142176345233,-0.012247907693260451,0.002067470541164962,-0.009955721840621212,0.005800463900219599,-0.0028325566333472496,0.0018634161065069765,-0.0028627555138766025,0.0034050062700328176,-0.009776310512459863,2.777777777773771e-05,0.004734439217518371
2023-02-07,-0.003164939217732199,-0.005022291693083325,-0.0013548322742289454,-0.00399602913568875,-0.004240286464635368,-0.0003844909695074339,0.004964579169520977,0.0006552065858302925,0.0029911402491566985,0.006579052132383856,0.008924250308782966,2.777777777773771e-05,0.00022938753363899167
2023-02-08,0.0012986968431949464,0.0045268465455132745,-0.00022620964875230687,-0.0010030413561427087,0.0025549808576257327,-0.00403841458834131,-0.001889422266568297,5.161585634749777e-05,-0.008704736049446438,-0.007887002424882827,-0.010424963540746846,2.777777777773771e-05,0.0007381465748041993
2023-02-09,-0.004180073912188331,0.0007201386477955207,0.005921905003697603,0.003055754403939348,-0.007888259487966676,-0.0025102312547597982,-0.005513795583578007,0.000252795077969159,-0.004568760528938065,0.005877505458017573,-0.013776378248442245,2.7777777777959756e-05,7.000646013222145e-05
2023-02-10,-0.009263069004436963,-0.01669283625786755,-0.010731483558746202,-0.008921747240092648,-0.009052151181541013,-0.0017420894723920721,-0.003384725180610837,-0.0003490216504571375,0.00513650048632508,-0.004024877454223419,0.010377669748517615,2.777777777773771e-05,0.0023929443998187416
2023-02-13,0.0077430605746122705,0.014195660525951892,-0.0014256320853442972,0.0024151233541944706,0.0033330604882373382,-0.007562583520934307,0.00512742250532594,0.002860441090870136,0.010997382283084223,0.0044496947982066715,0.004408529714848841,2.777777777773771e-05,-0.0004808904191532237
2023-02-14,0.0024640677912541875,-0.0018760036776114264,0.0001448958228604802,0.001095195417600614,0.005905447921569662,0.00019540075400725776,0.0005234398721734035,-0.002949380299590687,-0.004100707909099555,0.006893440711323473,-0.00014880952380946777,2.777777777773771e-05,-0.0003029056501576699
2023-02-15,0.00303735864214727,0.0011566961655340435,-0.004179237620487886,-0.005360440595248872,0.004158457532773996,-0.006446547826363114,0.0067099196554392115,0.000854196715471156,0.000686596788739946,-0.0018970990743527594,0.0011471629409134376,2.777777777773771e-05,-0.0007285149641557132
2023-02-16,-0.005190643585097354,-0.0005777378651854459,0.0015583205495062202,-0.0013198508483578397,-0.001705104661769874,0.000589830494236443,-0.007762069773670888,0.0004523356786259036,-0.007033888590315063,0.0023031134080635507,0.0004985614085653012,2.777777777773771e-05,0.000904038601045043
2023-02-17,0.00405813817586731,-0.004768106400492189,0.0047293477890777424,0.0012334748090288006,0.0003659499708068559,0.00451958800969221,-0.009704956556656485,-0.00034897837233804907,0.001321811443335985,-0.0029440870466670432,0.008906734150369688,2.777777777773771e-05,0.001033038788036178
2023-02-20,0.0002886122090344223,0.0,-0.002952318811991317,-0.0015399440291189448,0.0003660038910211494,-0.002738701840045099,0.0,0.0,0.0,0.0,0.0,2.777777777773771e-05,-0.0020836902920859934
2023-02-21,0.0017314325028041644,-0.005081137660916224,-0.0016980739323331218,-0.005089653076958078,-0.00182884931419236,0.0023538882616029877,-0.0070781993336165305,-0.00014880952380935675,-0.018399277458100327,0.0009023385050423993,-0.020661682225982192,2.777777777773771e-05,0.004953089901780006
2023-02-22,-0.00028764257270319504,-0.007733753662420906,0.0042107370661566,0.001439434659423755,-0.0032980480019257907,0.0015655338414259923,0.0023138244354374837,-0.0009502003282062521,-0.0018582622579480512,-0.0036490601877695594,0.00508696427948685,2.777777777773771e-05,0.001278319029418995
2023-02-23,-0.004178803328876102,0.008529183004367002,0.003139708422393639,-0.0013047117143877296,0.005637309936003199,-0.003321574306368924,0.0017623115164853154,0.0002522072495432237,0.007128553877381094,-0.005066202488648974,0.01287204417244281,2.777777777773771e-05,-0.0008433580036460997
2023-02-24,-0.0068008222251830786,-0.010352750678700007,-0.00310928354399298,-0.002767832744937526,-0.01121116746208417,0.001568295987838919,-0.010367325975024655,-0.0019519674658957653,-0.007373595531724786,0.005498895547844107,-0.0020769262243770514,2.777777777773771e-05,-0.0015156420786082148
2023-02-27,0.008449753885366285,0.011050536328402805,-0.002044715210260839,0.0005551241570169729,0.01109191394482778,-0.0015658402867996246,0.0031544756805379492,0.000854352676363801,0.0024197147067741565,0.005116232176117785,0.008222237032575297,2.777777777773771e-05,0.002168531323237577
2023-02-28,-0.01343534189471074,-0.004080592282732498,-0.0009314508932192211,-0.000732382734899728,-0.008898413661221127,0.0056851477392374505,0.00012619995301910159,0.00045291069574071585,-0.00698059889609326,-0.00922692493360977,-0.007173336878103731,2.777777777773771e-05,0.0020295685242308625
2023-03-01,-0.0024892276865694507,-0.00029248046702867736,-0.00026924082208534816,-0.004508286300536568,-0.003812281749441815,0.008382042481420493,0.001004171359858974,-0.0005512271399807922,0.000496128110638594,0.007955399005314279,-0.00465046508474698,2.777777777773771e-05,-0.002033491403609755
2023-03-02,0.01115672110060606,-0.0036592500177197174,-0.007833100529175852,-0.0007138994119877395,0.005802432667487922,0.0032863178951236804,0.003827844331474095,0.0005559594934700929,0.006081018765188739,0.003696021272756367,0.004373202578052959,2.777777777773771e-05,-0.00020683200133009283
2023-03-03,0.0015965200837055882,0.015865909265190936,0.0038013475272140607,0.002299502021179345,0.005278090694914583,0.00038537997501197907,0.0068165866058864655,-0.00035000384439187737,0.013728279739548155,-0.006068111167413237,0.0049960538338185145,2.777777777773771e-05,-0.00047878096776710066
2023-03-06,-0.0037681866642690354,0.0030367554366099725,-0.002059817802208652,0.0036305514788896875,-0.0007327494315284566,-0.0032742915390251426,-0.00394666053304249,0.0014616243251066585,-0.003517950342075471,0.006155869924109769,0.001130668213269237,2.777777777773771e-05,0.004736001782747135
2023-03-07,-0.008438819116104224,-0.00028841086193986953,-0.000875650331693345,-0.0008655432207033131,-0.010263819551633246,-0.00927533873037445,-0.0020548636507868867,-0.001957750130044067,-0.016628860892923036,-0.013375197077951761,-0.017401186469254037,2.777777777773771e-05,1.5051643145636007e-05
2023-03-08,-0.0030814654404776043,-0.00749922433199024,0.013730772232604105,-0.0008662930347667075,-0.006543260425287967,0.0003901154715606481,-0.0030137389016200444,0.000455109105399254,0.005436680353258616,0.0026728557612001325,0.0024520109800809653,2.777777777773771e-05,0.0008435069743051304
2023-03-09,0.000740052548352077,-0.0050853345509510595,0.00035015577140939946,-0.0005556969592180883,0.003479605114535378,0.0011697710223799174,-0.01122898293461938,-0.0007523636554350732,-0.010616798473652156,-0.00894229529662205,-0.04295035549330373,2.777777777773771e-05,-0.000544020595763417
2023-03-10,-0.015088810229686667,-0.03417581488315791,0.01314909902158723,0.009853990636571552,-0.020433548890640973,-0.002921129503408171,-0.015503905611690016,-0.0005512676383540027,-0.003171237059469867,-0.030666878874351378,-0.04621923296798691,2.777777777773771e-05,0.0006242631292918688
2023-03-13,-0.014568734006673023,-0.026160710572149748,0.011252236543935812,0.00696050566860551,-0.014412209179762936,0.01738286018371582,-0.010685347834641368,-0.0009546055497903216,0.002666311294837076,-0.030529542027684875,-0.006540879838641933,2.777777777773771e-05,0.0016153208779583483
2023-03-14,0.013107727195767582,0.02298136568510256,-0.005443046268927554,-0.002515559922520949,0.005772277557538175,0.0021116827306253416,-0.0025625067998046314,-0.004784946251421007,0.01043201646860803,0.0213687441756516,0.027013522659911526,2.777777777773771e-05,0.0029167549378468216
2023-03-15,-0.020911829820499217,-0.014723524269499522,0.0065228424407763885,0.011951777122963136,-0.021170661890903886,0.026819923371647292,-0.0015719918762093776,-0.00035126691323394965,-0.014037667985103086,-0.03599498957612923,-0.020329787549883016,2.7777777777515666e-05,0.00010374383998890124
2023-03-16,0.021148589404244023,0.025881761565902384,0.01422520740963873,-0.003142299490726197,0.022019411191192217,-0.003171664565356669,0.012963893731261722,0.000661277168600094,0.009601981381080371,0.012116386418718594,0.016896515218914,2.777777777773771e-05,0.0026929354440257125
2023-03-17,-0.005140002286891043,-0.008860230925938017,0.008902219763473829,-0.0012391546755077254,-0.008031514156664143,0.01759315857911803,-0.006620130787364453,-0.001565709292390638,-0.011736840200316734,-0.0194596931489599,-0.018305274901970092,2.777777777773771e-05,0.00016167295482771848
2023-03-20,0.002431381119176068,0.0022728978949291267,-0.0059312301073736196,-0.0007618102646147484,0.0007711337546041364,0.00662125345799458,0.0008421206897630817,0.0004595212052991293,0.007884117975516247,0.01220636345338777,0.006963627604021694,2.777777777773771e-05,0.002513736853307025
2023-03-21,0.011065500444529475,0.013454226239953737,-0.009813302732971652,-0.004073287177860041,0.014768048872679795,-0.02192581813931882,0.007914457044122747,-0.0019718538774763372,0.0009282621991748563,0.010530091122891383,0.02598097844227132,2.777777777773771e-05,-0.0021195727860181535
2023-03-22,0.001049697761847268,0.0037289971393452692,-0.005318854306760823,-0.0014217195401645677,-0.0007592608553355085,0.004296633374589742,-0.007024965458352295,0.0014749761129710937,-0.010045443394404052,-0.015620442848558458,-0.01873084521709778,2.777777777773771e-05,0.0027043016441254952
2023-03-23,-0.0020968617011976054,-0.009808253012601909,-0.0031240872235668293,0.007359351260820324,-0.00430605069411405,0.01264890092436044,0.0033937145301010663,0.0024945884051368328,-0.004267685969795876,-0.0051217993396509565,-0.005748880071362872,4.166666666671759e-05,0.0006694621525689115
2023-03-24,-0.009755129455709,-0.009905287233081372,0.009904300454590675,0.005609721125104494,-0.01602644886629767,0.0020205281715799384,-0.0011246962399202864,-0.0017555982242678514,0.004225055253073373,-0.010154106799724172,0.015375720495542478,4.166666666671759e-05,-3.515588036506756e-05
2023-03-27,0.011215462183109981,0.01167179092397208,-0.008653225262778341,-0.005945978937922369,0.014348662704821713,-0.01723194209727319,0.0016935881653215024,-0.00034122336714037527,0.00833380916394355,0.025152883894224543,0.01305544890065402,4.166666666671759e-05,0.003632012682436514
2023-03-28,0.0041964667075606865,0.0008991988791358096,-0.0034917158903264855,-0.0024143155491130885,0.0008919910544507026,0.008207469901959197,0.002956061002644006,0.0012782045364143624,0.005031266836065251,-0.000518420500946859,-0.0001388888888889106,4.166666666671759e-05,-0.001458018075898182
2023-03-29,0.010149255827684556,0.010928080148070674,-0.001489982739649287,-0.0034885299787551505,0.01476949432690744,-0.0012951197169867035,0.004068724571778981,0.0012761062671093892,0.013791734586463766,0.005935503233779116,0.004659063813045039,4.1666666666495544e-05,0.0006836357802311177
2023-03-30,0.007092211605858267,0.0034058317257505966,-0.0019562869742396627,0.0020128695112189288,0.011417828795289298,-0.0037050760378435355,0.0040510947402609965,0.00026471810260875195,0.007470497450660085,0.0006158777843616736,0.004636059216768906,4.166666666671759e-05,0.0007853984342915954
2023-03-31,0.00938962335874205,0.006788779847129778,0.0014548692288391951,0.001288301673125991,0.007195113060923575,0.005764292843916996,0.009875158553489083,-0.0011479632276505392,0.0004904005087769114,-0.008434644213117903,0.006649941612375088,4.166666666671759e-05,0.0029552710647700042
2023-04-03,-0.0018895666461776761,0.005863429761502781,-6.046969796702495e-05,0.0014394025262856047,-0.004310855986372264,0.006100920029618484,-0.0033091802146211213,0.001566334869367303,0.0027961869330077604,-0.005842183058997419,-0.0018754791862314324,4.166666666671759e-05,-0.0003478713029315683
2023-04-04,-0.002475754093365201,-0.005392261386348074,-0.0027038345462195856,0.00030487007093848995,0.0016081980962809883,0.010841534815441367,-0.0045634201282875875,0.0006710557288873709,0.0017423599881840612,-0.0054926317833847715,-0.009185520356130628,4.166666666671759e-05,0.0024393328606617803
2023-04-05,0.003795620116313403,-0.010402573927826286,0.012948791462928044,0.0016544748884801397,-0.0045695179539188,-0.0027267770706629335,-0.0031946182940818524,0.0002660799518581225,0.009041127402420246,-0.006290434251950527,-0.011374888353254287,4.166666666671759e-05,0.0015196816884786024
2023-04-06,0.006399163037892341,0.002220834250358017,0.0021472085676950137,0.004564106103652543,0.009305157551614984,-0.005103878814391449,-0.0001388888888889106,-0.0009482208691063976,0.003995984814508358,-0.0005258470076145993,0.009804344571143986,4.166666666671759e-05,-0.0006061531979465462
2023-04-07,0.0,0.0,0.0,0.0,0.0,0.0,0.0,0.0,0.0,0.0,0.0,4.166666666671759e-05,0.0004094867696562421
2023-04-10,0.0,0.0,0.0,0.0,0.0,0.0,0.002368597581141385,0.0012787514883270124,0.001919902639975879,0.010697312068752352,-0.009984227845186378,4.166666666671759e-05,0.0004571950374969713
2023-04-11,0.004913136027021148,0.006500035413323335,-0.01164973894086574,-0.006317491581251611,0.006023264442519549,-0.0053132345983238904,0.0026403765424183323,0.0006698594393306223,0.0025322079838625555,0.0010095626336803498,0.008383705899507543,4.166666666671759e-05,-0.0012531734655281124
2023-04-12,0.0002895437738674733,-0.004990558498412345,0.019954582578921798,0.00097985788842192,0.002810483096934435,-0.0022103741997917536,-0.0012472211949463574,0.00046732091907686346,0.0010907216670279496,0.00445015424907913,0.009720412909437703,4.1666666666495544e-05,0.00241461690971545
2023-04-13,0.0017359301942028171,-0.009588305653948637,-0.00647540679877745,0.0006524954189968124,0.00012181982560144355,0.005907351181318132,0.005964998579314651,0.0002650061379616542,0.0045683049767291095,0.0029062735947431584,0.013808144697398772,4.166666666671759e-05,0.002834170097164801
2023-04-14,0.014380837933351653,0.011766522539239821,-0.0049751316547503865,-0.004434407319104272,0.005238865020127381,-0.014865179405715412,-0.004136971565667391,-0.00034075486964857404,-0.008898256645183955,0.005553666197886553,-0.007704238503833616,4.166666666671759e-05,0.002225359597576304
2023-04-17,-0.0004295535073889356,0.003091530877006088,0.001150047421184075,-0.00371172965290012,-0.0019393451124279926,0.0014902902592410783,0.004983062385486292,6.301784997253534e-05,0.0029436305543104613,0.005521444438610024,0.01025602922130986,4.166666666671759e-05,0.003412648634918636
2023-04-18,0.004297883646649181,0.007337596744963815,0.0018977680058958057,0.0013806645310185939,0.006921679588452356,0.007068543528082172,-0.0006897523390934079,0.0014756694084816502,-0.00485099304846448,0.0009868888437680745,-0.015913717176009756,4.166666666671759e-05,0.002814632172277065
2023-04-19,0.0004280241592800049,-0.005973212444077669,-0.002642121819295462,-0.0023417646950169013,-0.00012044729644722363,-0.005356528044491937,-0.0024819367050671337,-0.0015492117698139296,0.005213113827344351,-0.0016381551499180524,0.01101069963397694,4.166666666671759e-05,-0.0005102086643353765
2023-04-20,0.0,-0.0052760787319424685,0.00019999219622279796,0.0013381691381775251,-0.00012070941480202269,-0.0012999298180709218,-0.00483531673088422,0.0006681348874146842,-0.002391153749428443,-0.0016402405115907293,-0.013233296475643863,4.166666666671759e-05,0.0015184004789825511
2023-04-21,0.00556099545514277,0.0,-0.0015990463667132637,-0.001533500402700616,0.004221810701320994,-0.012272175038572586,-4.3186389719895857e-07,0.0010712705435251824,-0.0009597191644548086,-0.00013888888888857753,0.00614604704711752,4.166666666671759e-05,0.00022383271329506904
2023-04-24,0.007715449405292674,-0.004715051686427607,-0.004204086620696601,0.0032252968396735415,0.006126292257548682,-0.0011295869866431163,-0.0008328819259608711,-0.0005418185219439042,0.0072549156521544145,0.0013647201797277742,0.00541288030570608,4.1666666666939634e-05,0.0007892250150614011
2023-04-25,0.002126761108337094,-0.0028125459187531288,0.010152845552481082,0.002646256373697531,-0.004536671741386278,0.005465557006217425,-0.011803947974542206,-0.0005417965003936542,-0.00951715769171757,-0.012150779653433363,-0.014631717567884062,4.1666666666495544e-05,-0.0005031999503829487
2023-04-26,-0.010328283943229932,-0.012767321360744543,-0.0004976601683170934,-0.00043622098659790165,-0.011033865102801466,0.003561432828608213,-0.0008411040169218342,0.001675156804803235,-0.007136180600175068,0.0017608480648003688,-0.007141565941458539,4.1666666666939634e-05,0.0019796882479770073
2023-04-27,-0.0010008299079460325,0.012782086952100924,-0.007267960175818988,-0.002727727074122055,0.0002424251024688573,-0.0013074564346486905,0.002391638727375023,0.0008671917056717326,0.011052778475026726,0.0072557771756334155,0.01608102002703804,4.166666666671759e-05,0.0001407812506242223
2023-04-28,0.0068692018978824265,0.004305391886885612,0.004462955576831185,0.00540474552078285,0.009093124866333069,-0.0020572967944273435,0.0008427844905127824,6.230898825720921e-05,0.003550348666348402,-0.0003272019868088005,0.010270643478639041,4.1666666666495544e-05,0.0030619060986605273
2023-05-01,0.0,0.0,0.0,0.0,0.0,0.0,0.0002961477955625291,0.00048702612666073897,-0.0007514726611593803,0.009650330355162273,-0.009067466891379272,4.166666666671759e-05,-0.003924895911837756
2023-05-02,-0.0028427799661333575,-0.000738827855484181,0.00708920489054532,-0.003286395793014818,-0.004085134680319569,0.011619213813162332,-0.00854946776626797,-0.0017535759782312255,-0.011581464330364222,-0.00759600700104579,-0.020235866769147126,4.166666666671759e-05,-0.0006058863173481477
2023-05-03,0.009122135297281453,-0.004290461040104554,-0.0046600783758486974,0.006638194849146517,0.009048147938546913,-0.0012967992272346907,-0.0007043270547026914,0.0010741310363100443,-0.0028259085002469986,-0.003895461148000545,0.0019826950122816545,4.1666666666495544e-05,-0.0012900431748869012
2023-05-04,-0.0060734158162822904,-0.016047793040650182,0.00458209119119557,-0.0022560292746977018,-0.005499569208082256,0.01242814414849347,-0.0014213059553893626,0.001668469932886163,0.0002657327465309667,-0.0031654326814348765,-0.024143341984204758,4.166666666671759e-05,0.00041197090816580406
2023-05-05,0.011652592298370124,0.022953854236107185,-0.005502951268642975,-0.001369678397190155,0.01094007776588879,-0.012092297056703338,0.010756024433381972,-0.0011564962329284612,0.014352830301850084,0.005146212447173504,0.030943131017710623,4.166666666671759e-05,0.0027357349482699522
2023-05-08,0.0001406163385302417,-0.0016238985515080184,-0.001644884813690406,-0.0012844591755212242,0.0015458594702171258,0.005007440923414874,0.004473886888765266,5.2784094879188004e-05,-0.0007613932960797154,0.0006037685359101541,0.009668819846891497,4.1666666666495544e-05,0.001212823546082653
2023-05-09,-0.0016852026940991083,0.0004436233770519493,0.0013980458185194333,-0.0007629560910452637,-0.0035619696861758365,0.0012916610820083996,-0.0011247151142816936,-0.00055200736313199,0.0008729347302429691,0.004362266775155055,-0.008482107185107335,4.1666666666939634e-05,-0.001612123481560812
2023-05-10,-0.004502092455007656,0.0,-0.0006981691647679478,0.00013086261661787724,-0.0028598966809347814,-0.0014743601713306242,0.004457564033065742,-0.0005524457049776998,0.003117086014099435,-0.008756582416214687,0.004052946850893413,4.166666666671759e-05,0.002167731874882284
2023-05-11,0.003250076732541185,-0.0004434266626184291,0.013921552552155658,0.004078988657942206,0.00788713465898172,0.00036916244285278843,-0.0010520558196422947,5.2906181348566506e-05,-0.010321727398097336,-0.002413797623575631,-0.002240803821309756,4.166666666671759e-05,3.419722927500146e-06
2023-05-12,0.004226267700979003,0.0029576475041790395,0.0006888229751476072,-0.0025851469035935715,-0.001896900546536684,0.0005534830128575141,-0.0013308979937398657,-0.000350484547947838,0.00252338529289986,0.0055265988338386585,-0.004341850276659898,4.166666666671759e-05,0.0018764677222347093
2023-05-15,0.0,0.0014739892399968646,-0.0065897552650853175,-0.0048352552703629925,0.0032071184702358035,0.0,0.003889197240106057,0.0002549896453130085,-0.0032239209575176675,0.006246982221214115,0.008974099515669742,4.166666666671759e-05,0.0010001445821021804
2023-05-16,-0.0068734522613635995,-0.0027970486998568633,0.0027721449801261233,0.0006566412341681982,-0.008288769175998523,-0.005531993486131759,-0.0050026194809749125,-0.0001488095238095788,-0.01474892451647214,-0.005382468520063299,-0.011275325465013197,4.166666666671759e-05,0.0037950033610250067
2023-05-17,-0.007061922702450096,0.004576387486046496,0.00029615412463757096,0.0007217062219733172,-0.007641973981634798,-0.007973276266083351,0.005564210662858393,0.0010618233119203957,0.002146785154226283,0.0032336002356445626,0.014619104675224204,4.166666666671759e-05,7.964368532098476e-05
2023-05-18,0.0,0.0,0.0,0.0,0.0,0.0,0.0019301324639806605,-0.00035029179075429795,-0.005562098832863405,0.0002254987194010294,0.005395078701359468,4.166666666671759e-05,-0.0016246880558403731
2023-05-19,0.011521734473611822,0.011755918997472081,-0.004441963924066261,-0.004108882788454227,0.019492371705792655,0.0001868702540888112,-0.000978436639417657,-0.0007537453743519107,-0.00245152282460126,0.0020976053247721005,0.008810628916830598,4.1666666666495544e-05,-0.00010200472521659787
2023-05-22,-0.0016876418685994876,0.0024692432253565766,-0.0010408964793797715,-0.002677408252068414,-0.005783048779364863,-0.005232644217377902,0.003587836985903481,-0.0009554807990640457,-0.00014880952380946777,0.002092570255953108,0.0005342018184621988,4.1666666666939634e-05,0.0030062926416318803
2023-05-23,-0.005493663663937998,-0.0017385239905722827,-0.0022330134228818466,-0.0021125257573267886,-0.005816686963811213,-0.0007513871652797821,-0.0048366412265107295,0.0012643036887158843,-0.010010343080210315,-0.0023851767552796055,-0.00014880952380968981,4.166666666671759e-05,0.0006543062236885611
2023-05-24,-0.006798592738156195,-0.00859901360244908,0.0034317088238198235,0.0024918600255618983,-0.01695539805147206,0.004512057282851423,-0.0020882044717133175,5.271334641965275e-05,-0.007989382517797905,-0.006499124304548576,-0.00492699149499487,4.166666666671759e-05,0.0037012341412416827
2023-05-25,-0.0034229994877945646,0.0,-0.0019826384950827336,-0.003277580137243219,0.0002429949596312042,-0.012165450399595823,-0.0009818835658982339,0.0002543385930107167,-0.012963908546132275,0.003986385265760228,-0.0022064597585624846,4.166666666671759e-05,0.003932385151644846
2023-05-26,0.006153562715310423,0.007058959351642802,0.003824146836855835,-0.0032000665080086366,0.010079098766293093,-0.0011367480102575378,0.0048522238081065705,5.277505762157908e-05,0.006774714680981564,0.003969521227969786,0.008098577836495924,4.166666666671759e-05,0.0016309113569226152
2023-05-29,0.0,0.0,0.0,0.0,0.0,0.0,0.0,0.0,0.0,0.0,0.0,4.166666666671759e-05,-0.00047562623944963356
2023-05-30,-0.012515741864619234,0.006717277002222133,0.007668771517007178,0.004051643302521057,-0.006732602353560213,0.007207867422196923,0.0005427084872391408,5.264269348570494e-05,-0.007024728139633951,0.0013424658686973512,0.0066680681401465325,4.166666666671759e-05,0.0023874184110959096
2023-05-31,-0.0018720311290133518,-0.0044967763130353555,0.009672430205907911,0.003307683313664045,-0.007988202253821908,0.016949152542372836,-1.136383643718375e-05,0.00025410547864290756,0.0015820946344549114,-0.005733196723776812,-0.0048882608220213175,4.166666666671759e-05,0.0001880011090267253
2023-06-01,0.002452530656790186,0.0010199501836574143,0.002091191683013749,0.0030549016657022143,0.005978372632252427,-0.002036991825810075,0.005948523847038034,0.0008225460751272173,0.0020110129071939653,-0.0016463918598295102,0.012096217173278134,4.1666666666495544e-05,-0.0003013325428122826
2023-06-02,0.012667201248714122,0.021543054282143093,-0.0015529548981285668,-0.0015337692525653202,0.01382675623769547,-0.008350342913591269,0.01015768232044012,5.314995020544444e-05,0.013213266743787644,0.0024759523781130444,0.005227330242496331,4.166666666671759e-05,0.0009104689791141762
2023-06-05,-0.004832844734438235,-0.0025648681187782074,-0.0076792142784171125,-0.002589438489691731,-0.003588999122735248,-0.005426692143665535,0.004883824964844852,0.0002551194385382871,-0.005040388710080723,-0.003888605986638094,0.002525065345546418,4.166666666671759e-05,-0.001554313615175662
2023-06-06,0.00542788703007302,0.0,0.003036580637414854,-0.0023981914788928638,0.005642898947520569,0.002634100496825109,0.005534862769947413,0.0002557801709797136,0.004980553504804419,0.0021036738953290612,0.0038511729664962857,4.166666666671759e-05,0.0010666726813974847
2023-06-07,-0.009234169630549793,0.0028572071388377474,-0.004199423823356252,0.0023818720700496954,-0.00776042373233421,-0.003002508064909648,-0.0010903891452772596,0.00025488455147648637,0.0040577316572645294,0.00322186722632134,0.007819283225323881,4.1666666666495544e-05,0.0017724185116072544
2023-06-08,-0.004301766595726564,-0.010256549249235802,-0.003040314804968358,-0.0008141377965990015,-0.006497251390885306,-0.0011292595515197679,0.0005244592172237716,0.001264189814004446,0.0022142593033289693,-0.0027618964759763553,0.0005099050170973563,4.166666666671759e-05,0.0005529284303897875
2023-06-09,-0.00331235950661668,0.00618900554903723,-0.0011802466934093259,4.410006262212107e-05,-0.004965425077308017,-0.0001884993759048159,-0.0014948775732572805,-0.000753617537451956,-0.0035778481512556137,0.004342338985710903,-0.0027822860816161255,4.166666666671759e-05,0.0002460217417972199
2023-06-12,0.005635015908106666,0.007581036875892622,0.0016248774585994052,-0.0003303159021172952,0.005964006942620115,0.004711647408651487,0.005781807426899155,0.0008596615417526543,-0.0014391009074449235,0.005812340551406336,0.0011716708625149064,4.166666666671759e-05,-0.003627755066444971
2023-06-13,0.0014364733406968533,0.014196572271400143,-0.0013766128066103889,-0.0022025885746034257,0.005081707535700142,-0.008253542638170686,0.006685362509643467,-0.0007534651622440602,0.0030812224473777405,0.0028142667486350526,0.003147022177920178,4.166666666671759e-05,-0.00046387093837785276
2023-06-14,-0.002008090560525533,-0.001260039329788576,-0.005513720296170588,-0.00044157434569891407,-0.0018059179988427765,-0.003972075983746048,0.0003833540567146354,0.0002545076710502858,0.003070642175241556,-0.003841651341675023,-0.006719259500187369,4.166666666671759e-05,0.000759152727886292
2023-06-15,0.0002874473002854039,-0.005465901338144841,0.0017821740550645337,0.002517717112556994,-0.003858893702104349,-0.005696923925341935,0.0038420199585484927,0.00045569408284928947,0.009264951747457006,0.0031870506041891122,0.007126514012726348,4.1666666666939634e-05,0.0004209334151281663
2023-06-16,0.006323462057788998,0.00803261671172728,-0.0022734312815686497,-0.0005728054293508977,0.003995191280679489,0.001909854940082889,-0.0005468861669902791,0.000455602657737586,0.004302255534941235,0.009455979449216168,-0.0014619134546133283,4.1666666666495544e-05,0.0002559920259754822
2023-06-19,-0.009282842312580253,-0.004613475183249838,-0.004457562154210115,-0.0023143965873055894,-0.011938065391016162,0.0,0.0,0.0,0.0,0.0,0.0,4.166666666671759e-05,-0.0007567080260936221
2023-06-20,-0.007351927623874488,-0.00014023928932249685,0.013184082633923788,0.003490709718647844,-0.005491654910586341,-0.006671750215182182,-0.0034620272887088133,0.0008574491993260658,-0.011754545734767419,-0.0034419487793143633,-0.0040939175554907115,4.166666666671759e-05,0.00021739022687250475
2023-06-21,-0.0034853807482819743,-0.009692242197239187,-0.0018168966010601029,-0.0025978759692169007,-0.009940029550656204,-0.007867925116149421,0.0021120518287871537,0.000756213614278467,0.006682822546305145,0.0016868471503386218,-0.0021289551737955215,4.166666666671759e-05,0.0021310654940218665
2023-06-22,0.00029157525736889234,0.0001416316877598245,-0.0041321155362963324,0.00017651278933583647,-0.0009914125921421935,-0.007156696725398981,0.00025890823156760057,0.00016251271504841291,-0.008620597434186972,0.007556095151788567,-0.012043423952819987,4.8611111111096506e-05,0.003049686509731808
2023-06-23,0.0032050613413585616,-0.0060984839165355575,0.009830028755998699,0.003376724103003381,0.006079375543517784,0.00759794371091127,-0.007433703216880194,-0.0007412374567846713,-0.016605811998853026,-0.00013888888888913264,-0.010848436199935918,4.8611111111096506e-05,-0.00042059045481857016
2023-06-26,-0.006244585201893638,-0.0035673752174424367,-0.001125125850635289,0.0007918618002931144,-0.005179469061857511,-0.004060395536597761,0.0011977585502018773,0.0006648783546137071,0.008558595226838106,0.0009520116449643901,0.011362954827800253,4.8611111111096506e-05,-0.00038487513882923263
2023-06-27,-0.0010228698744404463,0.003866586176708209,0.004309455712064425,-0.004329681214985337,0.00012387035106820043,-0.004076831072548082,0.005597885824172311,6.200527209676565e-05,0.005034514430073189,0.0031302464112259454,0.007888102410520403,4.8611111111096506e-05,0.0017411754679801383
2023-06-28,0.005705018123882244,0.00627670676689851,-0.0012189587021793624,0.002361819010080257,0.007064951805961339,-0.0015594303956505406,0.003443177803548192,0.00046349061019546056,-0.003355669642926662,0.00275767361118584,0.0071603045958912315,4.8611111111096506e-05,0.0012000409832031433
2023-06-29,-0.002181571444280772,0.0014177807843445134,-0.00927598250677586,-0.0024443549084040006,-0.003815412175625865,0.0021475508780208763,0.0027693508737021144,-0.00013888888888913264,0.00093680152244624,0.00022190645874098358,0.011718943882009558,4.8611111111096506e-05,0.00120416165895465
2023-06-30,0.011661839395544549,0.011607984872159971,0.003893044495846265,0.002472449941257171,0.01593776744691522,0.0011689784441135664,0.00631920743349923,6.129853454028833e-05,0.008887689959268474,-0.003025884464702422,-0.00013888888888879958,4.861111111087446e-05,0.0023075778438663708
2023-07-03,-0.005187358959231947,0.0030788493531910266,0.0029450786721227917,-0.00024224600160205334,-0.004012981648610303,0.00758895348050026,0.005223437645623719,-7.83538573749798e-05,0.006037819813525358,0.0013088283046613913,0.003809917522584305,4.8611111111096506e-05,0.001358489360671511
2023-07-04,0.0017379888917237185,-0.00027915795343635974,-0.002642747619800545,-0.002004396564671884,0.0003661553859937161,-0.0007724283281871358,0.0,0.0,0.0,0.0,0.0,4.8611111111096506e-05,0.001153814672727238
2023-07-05,-0.006361800349852009,-0.0004186865158066766,0.0020609079488098647,-0.0006620721183971945,-0.007079127579963651,-0.0007731434000519677,0.0015561509492998393,0.000667559792144834,-0.006277680066414382,0.00022253715075559732,-0.0014722553594147536,4.861111111131855e-05,0.0005660560532398939
2023-07-06,-0.016734618754522756,-0.018707266991473293,-0.013222302729025914,-0.009253772367372681,-0.016595080256251338,-0.008123814713793642,-0.0152395957632383,-0.00034013426721524187,-0.012918400630160032,0.0005837818186269494,-0.00013888888888868856,4.8611111111096506e-05,0.0016659491626467293
2023-07-07,-0.008435963470674879,0.0025607409691372762,0.003473901845312266,0.0019170214068631175,0.0005000801924619491,0.005070274342797942,0.005280082069700098,0.00036477999146855566,0.005039069652557737,-0.008081409764786773,0.005201697952641693,4.8611111111096506e-05,-0.00020408400662808024
2023-07-10,0.005820886553905336,-0.008088357747321195,-0.006725936717278613,-0.0014906864191371882,0.0009995322307143617,-0.008731141452106073,0.008274751807140657,0.0007674402719226592,-0.0035732599114013386,-0.002322117587078232,0.003180986760099813,4.8611111111096506e-05,-0.00028006368017929884
2023-07-11,0.002967678908896376,-0.0001430761766845201,-0.0035850979758176305,0.0007353528673768039,0.003245171973936367,-0.0017615852558940936,0.004554039863756465,0.0002633879891702495,0.012137859274214957,-0.0008683314911559492,0.007141153395069377,4.8611111111096506e-05,0.0038882417421015614
2023-07-12,0.005622163490729415,0.0032908798019022356,0.0051971251279694375,0.0052324469681630514,0.01094802727930455,-0.0021568747127758137,0.001937359894834012,-0.00025938742096465184,0.012414161696723491,-0.00926301310620714,0.0070885374258935485,4.8611111111096506e-05,0.0008064792310096269
2023-07-13,0.0010299204571506682,-0.003850708570280581,0.009644132540387762,0.003167401984703888,0.002338090442206786,-0.008449573284615486,0.006335460163009454,0.00038415045939399484,0.009106822418871952,-0.00308535065362614,0.0018179366391222196,4.8611111111096506e-05,6.010144694079678e-05
2023-07-14,0.008818432293487,0.001288493131432089,0.00029520583631015285,0.0012806905368822896,0.0038059801418082184,0.001783578845815148,-0.004127443064830483,0.0010670617606669541,-0.010757214190177278,0.007249278522825531,-0.0007899467433393204,4.861111111087446e-05,-0.0005056173014100773
2023-07-17,-0.011072064674949922,0.0,-0.00039367920185617855,-0.0023815569971709083,-0.0046477727588706275,-0.0033630310722676526,0.005673579929545092,0.0004633601532653131,-0.005189537146535361,0.0024281224999918027,0.007027243353636692,4.8611111111096506e-05,0.001102124871956267
2023-07-18,0.01036543379814936,-0.0004286402069544337,0.01054457617379212,0.004022970817651128,0.006512770722961081,0.01190948818058657,0.0023009691005173583,0.0006640185497701623,0.0007071737537669431,0.001324103542165167,0.0108571663753525,4.8611111111096506e-05,0.0005946188484262649
2023-07-19,-0.002051818768024072,0.00600753861188652,-0.0030373382904860247,0.0006164386725404647,0.002075420933311145,-0.0027461630639601387,0.0013984709153516128,0.0006632840107383409,0.0013403801222853229,-0.0012344899642592333,-0.0007786167122622034,4.8611111111096506e-05,0.003758452138487911
2023-07-20,0.010461231657455938,0.006114206034727676,0.0028157325634408092,-0.002640282447063269,0.003289359940428005,0.004917387942591223,-0.009987565470707005,0.00046230372334288283,0.004292451983342271,0.0035173355675670592,-0.0065407629533212885,4.8611111111096506e-05,-0.001932902596126329
2023-07-21,-0.00029175762065736244,0.0002824485350525485,0.001231533563767151,-0.000970610294759644,-0.006193058775848415,-0.00508907053156582,0.0012814316023757044,0.0020637683998974143,0.007214125137408489,0.0009538378364182254,0.0030826721715271344,4.8611111111096506e-05,0.002477397382881996
2023-07-24,-0.003792193344448913,-0.002401715898604828,0.004231245433940156,0.0025172780545097417,-0.00012216219816196805,0.0013771635330364074,-0.000396743718500292,6.088802388948267e-05,-0.0018073701020537847,-0.0005027335478751116,0.00885273338545356,4.861111111087446e-05,-0.0002851451454189968
2023-07-25,0.006881252517373371,0.008214183088956828,-0.0047033994013337965,-0.003105743367079694,0.009776427780493924,0.0003929512908276145,0.0005063324756509058,-0.0005385430142684777,-0.003690073106614067,-0.0023229122323065177,-0.007777442264051415,4.8611111111096506e-05,0.002752914087503555
2023-07-26,-0.004653091687030764,-0.008147260003613765,-0.0006398514501019248,-0.0004197439814570547,-0.004962005761387611,0.00019633853798262102,0.0011508261946782117,0.00046029144754555773,0.006988967801873969,0.0013203673239488012,0.013972738279212304,4.8611111111096506e-05,0.00024257281646433704
2023-07-27,0.01607039946329647,0.0031156855787652926,-9.853844718687998e-05,0.0013482981214472112,0.016419546177531386,-0.007264837577331984,-0.0037447930132061824,0.0020584106969963045,-0.011171430284365624,-0.0001388888888889106,-0.004566329274143244,4.8611111111096506e-05,0.0020078857843328635
2023-07-28,-0.0017256344272509327,0.008612262519152036,-0.0037930692465587557,-0.0024281318037268074,-0.005743748347596056,0.008306925709556268,0.008908338399640447,0.00025962987185779163,-0.0003493805744229084,0.004596984393753667,0.0024024700971974067,4.8611111111096506e-05,0.0001352986405507295
2023-07-31,-0.0017284309011493804,0.0036393427249907795,-0.0057360378996409445,0.0013497600567253798,0.0008423942601558654,0.0052962186576741566,0.006521838826010651,0.0007575109280595349,0.006387372574131467,-0.00195175596884678,-0.0001388888888889106,4.8611111111096506e-05,-0.0005550947474668444
2023-08-01,0.0,0.0,0.0,0.0,0.0,0.0,-0.004903099668398969,0.0008013892719482829,-0.016035084462180826,0.006762565482810068,-0.0014065125208096996,4.8611111111096506e-05,-0.0006252071002408321
2023-08-02,-0.009377957835586481,-0.009763120862648522,0.00581895725539705,-0.007336645440183975,-0.0165943692504823,-0.005658524676067089,-0.014602040692700435,0.00026107102548267314,-0.014378908520420008,0.0002218852425224238,-0.0033113912876193696,4.8611111111096506e-05,-0.00032666138376258314
2023-08-03,-0.011506031484295853,-0.00788712050685092,-0.006131427663743749,-0.0020703988691783692,-0.007703683714245901,-0.0045133796762153455,0.00012105362325898206,0.000859715126314553,-0.007254169360656482,0.003106907294512906,-0.0014120779175090803,4.8611111111096506e-05,-0.00019687734853790495
2023-08-04,0.0026520158856411236,-0.000567803874663042,0.001194023227176766,0.0008700228052562764,0.005915034887106874,-0.0015769521234352268,-0.004163799489906861,-0.0007375430806096928,-0.0014416975351201344,-0.010203536835800109,0.008146766720932064,4.8611111111096506e-05,0.00215234998037106
2023-08-07,0.0004411083839133134,0.004403519454271754,-0.0001987397730319751,0.0005572275807563809,0.0008574609222777863,0.0,0.0019466139868773435,-0.0003381717036252674,0.0018180564818099931,0.004944398103943204,0.004917961749619559,4.8611111111096506e-05,0.0021299323804739867
2023-08-08,-0.0051412271606761095,-0.008344115421785925,0.008598508906435987,0.0035419427308915896,-0.006242455431134553,-0.0019743336623888608,-0.0027402895216365186,-0.00013888888888913264,0.0007290237291786017,-0.00013888888888879958,-0.003283457130520584,4.8611111111096506e-05,0.0029605434566579714
2023-08-09,0.0028052074570774632,0.006845311421708855,-0.0023654138825307536,0.0006658784652724403,0.0036952180884135544,-0.003165195061356485,-0.0050952539875946945,0.00026056243215788477,0.0050649840970962146,-0.0005001843469468747,0.0004919593169931957,4.8611111111096506e-05,-0.0012460774894071935
2023-08-10,0.005300509074835702,-0.0022661817470285284,9.873605871990598e-05,0.0005545823597115085,0.008712720008162478,-0.0043659093393539905,-0.0014495304521230379,-0.0007380504924712206,0.001370921198201147,0.00347529168731886,-0.005182903718570331,4.8611111111096506e-05,0.0020874262348240524
2023-08-11,-0.006444087703763035,0.0012774735984815155,-0.008346882595022254,-0.004589286794110858,-0.010097552103472518,0.0033884425913699445,-0.001451993794778672,0.0006602631265082426,-0.00035418611014925716,0.005982670621920594,-0.002673805741253754,4.8611111111096506e-05,0.003691090706984479
2023-08-14,0.001916156464586427,-0.003544614915878208,0.0002988328777333571,-0.0024054267123332362,0.0024579242338182983,-0.002781076506672031,0.001964458604276187,0.0003601487134243797,-0.008971332077958527,-0.003717985484972708,0.0011316249785686683,4.8611111111096506e-05,0.0020526988863147633
2023-08-15,-0.008827281014319732,-0.008537018868461033,0.0005476831962878403,-0.0030363635434524916,-0.011768970322531214,-0.002788832463116342,-0.006434307672755768,0.0001606169845849159,-0.011658105001240204,-0.0008570889983361418,-0.009656726915926117,4.8611111111096506e-05,-0.0002412133084780388
2023-08-16,-0.0011876705967187595,0.0014350496066177776,0.000248803327563607,-0.00029120232603063734,-0.00037220602743281983,0.00019977247761948647,-0.006473657176223835,-0.0005383192198298303,-0.0021175940146999084,0.00022050895181813246,-0.001420067355972443,4.8611111111096506e-05,-0.0013369685389577057
2023-08-17,-0.009362512032576875,-0.009458236233762074,-0.0021890693814160533,-0.0013888212387748178,-0.01154128187818626,-0.0036948393417466363,-0.00704594981615525,0.0008594147556129084,-0.007850006273148247,-0.00013888888888879958,-0.011684621246219495,4.8611111111096506e-05,-0.0011788497329319192
2023-08-18,-0.005250294965301605,-0.007667800212490694,0.0027922738710168815,0.0010318867664989018,-0.0038919268614155955,0.0021048166385124745,-0.0014761751100150766,-0.00013888888888868856,0.002525438571998384,0.00022030047009091724,0.007648116961684881,4.8611111111096506e-05,0.0027220915132857293
2023-08-21,-0.0009050409315419783,0.002332590885727237,-0.0009447980507223397,-0.004414577015797727,0.0005041754251029484,-0.004800948041182251,0.0021382678603665273,-0.00013888888888924367,-0.005231939177807177,0.005608219310460516,0.0017929882079057435,4.8611111111096506e-05,0.0036129985102311135
2023-08-22,0.005283178070990324,0.005090733525408675,-0.0010947953831208501,0.0004051634676283111,0.002771373516740727,0.004623091041143335,0.0014639418310207208,0.00045887009604728135,-0.002364488267505238,-0.002995983291481097,-0.014277805645525499,4.8611111111096506e-05,-0.003189661804673505
2023-08-23,0.0057058008294659235,0.0030361466078294708,0.007423429678614868,0.006974679331685607,0.006030343988415288,0.009003601660478866,0.004797251581353912,0.0008576446433521401,0.009898929629561515,-0.01088386980231093,0.00833564345599136,4.861111111131855e-05,0.0020239738966141285
2023-08-24,0.0017912667449997421,0.0024659261237185426,0.002621299432472579,-0.0010054322319817954,0.003246664394894516,0.005552287087693397,-0.01062575984068359,-0.00013888888888902162,-0.0074268382598149385,0.00203343303025183,0.0005075396440215041,4.8611111111096506e-05,7.770376615545693e-05
2023-08-25,-0.0022353531720367137,-0.003183585498065633,-0.0021210491772543083,-0.0005143668648341926,-0.0043565282668066585,-0.0021692094069726275,0.00308043438788963,6.0165842146853166e-05,0.005645207123395224,0.0038352813583506506,0.0005072062478412853,4.8611111111096506e-05,0.00014579667771630334
2023-08-28,0.00985828537494049,0.010888356000334776,0.00247158973814976,-0.00040280617724353096,0.010126300940364485,0.0025691458359067276,0.0011984347414821794,0.0004577102372829156,0.005391022966324321,-0.001578429532923531,0.007607900329525963,4.8611111111096506e-05,-0.0022501647723698337
2023-08-29,0.005176776099566238,0.0028725230953960956,0.0013314730426510213,0.0006715429946568818,0.005321729893148053,0.004730976684040211,0.006405256079118571,0.0006567861210824422,0.011739583032946532,-0.005544252133039995,0.006267420958899983,4.8611111111096506e-05,-0.0005013737088510606
2023-08-30,0.0001469556243549608,0.006443952912018602,-0.005121622826003924,0.0034899787919462355,0.0011079689033262063,0.001961938348147063,0.005831365784298548,5.976031435350748e-05,-0.0012258039203085769,0.004933588448289505,0.003680429284160791,4.861111111131855e-05,0.0029698116401462027
2023-08-31,0.0005884346026725495,0.010387281719904662,0.008068238007582273,0.0020063814282687,0.009099828049703884,0.007440743493517532,0.0007842155804795858,5.998816855745659e-05,-0.011237961953174058,-0.0044648177259144495,-0.0001388888888889106,4.861111111087446e-05,-0.0010234663514844256
2023-09-01,-0.0019113671164514567,-0.0004223311987994194,-0.00024557196845576,-0.0015574177377362108,-0.004630656095402252,-0.0005830666530005635,0.002527020729238272,0.0005403835297286275,0.00030136489225696117,0.0034815943331905075,0.0017632563868055229,4.8611111111096506e-05,0.0030466374093989224
2023-09-04,-0.002946391693845807,0.00014068719646820327,-0.0026519557131727822,-0.0035430204865937176,-0.0031832553767429106,-0.0013613617083100271,0.0,0.0,0.0,0.0,0.0,4.8611111111096506e-05,0.0032215468167891004
2023-09-05,-0.009604197897990052,0.0015495813968700034,-0.005909338315805757,-0.000872162924598241,-0.007000614403052219,-0.0007790154120009829,-0.0043505590172581154,0.001257993528794188,-0.01267721931349719,0.009240601117675773,-0.01089840313214252,4.8611111111096506e-05,0.00046266861441002227
2023-09-06,-0.002685315243646902,-0.0026722357534341157,-0.0003468492472137319,-0.002842580346599677,0.0018552515311252016,-0.0021437841322862194,-0.0004032582893910286,-0.0019325403796306428,-0.011723103223024611,0.0009333762056067396,-0.008456184548972234,4.8611111111096506e-05,0.0009301529121608088
2023-09-07,0.005235630825886073,-0.004653876159600778,-0.0019822029342113634,0.001818148346434345,-0.0016050212053392299,0.0021483898162844017,-0.004500962695438204,0.000459861456886701,0.00549561886250971,-0.006921996377534656,0.005022529909251006,4.861111111087446e-05,0.001018245945622498
2023-09-08,-0.0029761424982602813,-0.005383847219226245,-0.0037736176052516335,-0.0008738239461094643,-0.0016481548059705808,0.0,-0.0005365348078856247,-0.0001388888888889106,0.0045676431630718994,0.004533918159087547,0.007563316808912424,4.8611111111096506e-05,0.0015877321599107042
2023-09-11,0.0014924165553111823,0.009828981275385784,-0.0010964583766230884,-0.0009418477453075891,0.001904895701461573,-0.0005846575857388903,0.002649710369566627,0.0006596792424931053,0.0058837646516285425,0.0027233162536450806,0.004956695557834845,4.8611111111096506e-05,-0.0007126055970962941
2023-09-12,-0.0004467747570848779,0.0016927451631769674,-0.004091358625515129,-0.0008978893552857858,-0.00291542211346707,-0.005460194734051349,-0.0006687111624632536,0.00045911462958447835,0.0038522389090809295,0.002358442125032667,-0.0020403243367700385,4.8611111111096506e-05,0.00011341644480511448
2023-09-13,-0.002684034620764719,-0.0021124397475463796,0.0024047962505127085,0.0014603680723175305,-0.0013985310015658392,0.00019609039905033043,-0.003319400623108759,-0.00013888888888857753,-0.002347285128068588,-0.0012064961838936794,0.004305749398410885,4.8611111111096506e-05,0.0005095880479546455
2023-09-14,0.009717564372105025,0.002822436592511579,0.00459816215659159,0.0027816926456405433,0.004201213999823983,0.001764347942983191,0.0042482278707800525,0.0004589350001569237,0.012034639365292144,0.006273758267593577,0.004917961749619781,4.8611111111096506e-05,-0.0022110389072670378
2023-09-15,0.007699054772676739,0.007880691907631077,-0.0029850580679415817,-0.003691274487642837,0.01077592867015209,0.012524509616560708,-0.004109552031020591,6.0621998533960664e-05,0.0005170736671038512,0.0019849098533284426,0.004263736191891132,4.861111111087446e-05,0.0019976742567189287
2023-09-18,-0.008962538625399974,-0.005026586066631977,-0.00044905897993374744,-0.0023352012802170252,-0.007776339644760988,-0.0009663702675047903,-0.0027966934868882687,0.0002590763638867788,-0.005383609385783306,-0.00013888888888879958,0.0029919773021884755,4.8611111111096506e-05,0.0022871161617343816
2023-09-19,-0.0005928430628916459,-0.0036486276308957954,-0.0019469309256593403,0.0005626830893288304,-0.005814692511460051,0.004642993355681968,-0.0014715478724466324,0.0002592731560497885,-0.0003584901414855901,0.003040174805117646,0.0011094187112878906,4.861111111131855e-05,0.0022357459053166107
2023-09-20,0.009197175432684945,0.0032395981241015726,-0.0011005686648637436,-0.0007647671659390953,0.013350230527952034,0.0017331493071810478,-0.002407184419273234,-0.00013888888888868856,0.0016188621520174529,-0.004364207922562424,-0.0013856401599785517,4.8611111111096506e-05,0.004957565614020387
2023-09-21,-0.0069085636727147515,-0.013337351616521942,0.0025037687618798543,-0.00497500582065058,-0.005646042303396381,-0.002499015306542285,-0.00923183410962014,0.0008560756781439416,-0.016589790406900118,0.00622582708011632,-0.013871899798358678,4.8611111111096506e-05,0.00048573489787373525
2023-09-22,-0.006068839248810409,0.002419124933820127,0.002197736205791001,4.52014116649746e-05,-0.008958983849739921,0.006937705562844565,-0.001623727517634066,-0.0003376485470610868,-0.0003619142947222098,-0.0033010425648858366,0.00682322738458252,4.8611111111096506e-05,0.0015249995994364163
2023-09-25,0.0,-0.006387468423228682,-0.00406689894123391,-0.0006560920280717086,-0.006493559050434139,0.0017225347637559452,-0.000544119475575866,0.0002588867948867257,-0.002146471377855508,0.006558222093041799,0.006775091449553461,4.8611111111096506e-05,-0.0004097932695162898
2023-09-26,-0.008190533693614777,0.0034287615944170735,0.00488434109309499,-0.0022411584507231463,-0.004613643962139036,-0.006496034114382709,-0.003519145776614274,0.00025810818588367646,-0.021596242128743226,0.004062836623433208,-0.0126233481020529,4.8611111111096506e-05,0.0017393022742691056
2023-09-27,-0.006606512105588047,0.0011387132743745365,-0.0019920743542519714,-0.0007940975400609895,-0.0034761906940735665,-0.004807692307692291,0.002303045564276296,-0.0005357284195288692,-0.005392286126164159,0.008577867843974074,0.005550088677938048,4.8611111111096506e-05,0.001906743053558646
2023-09-28,0.002569346120786964,-0.0034129326244858316,-0.007984041271173026,-0.00458668859857847,0.0038760080945039466,-0.013526570048309261,0.004638827667887702,5.929942528637433e-05,-0.0019759420776701564,-0.0011756377422049713,0.01117470347162608,4.8611111111096506e-05,0.0013420897906741835
2023-09-29,0.006633469928057023,0.004280832505237919,0.00446682476493554,0.005315062443608243,0.005920145165309254,-0.005484794893180656,-0.0005834389177438171,-0.00013888888888879958,-0.004279672028497217,-0.00013888888888879958,-0.003867762836034405,4.861111111087446e-05,0.0022185461639609994
2023-10-02,-0.01018426976460085,-0.004546810149862024,-0.000901401165355864,-0.0052869619109148225,-0.013433989310906003,-0.009848335394486929,-0.002703727883674123,0.00038076495288486,-0.029475903351529276,0.0022831863633452354,-0.018929477079794754,4.8611111111096506e-05,0.0016227015371486075
2023-10-03,-0.009532377424652072,-0.007850187888161386,-0.0006214822931812636,-0.004721925665919113,-0.005317033761032097,0.001591382083832471,-0.011911512882713415,-0.0003387064490791847,-0.011086158494788445,0.005384048075770087,-0.019093167424580226,4.8611111111096506e-05,0.003129548582618158
2023-10-04,-0.0016801608755854236,-0.0069057487398653805,-0.006640534076106985,-2.2950608977945208e-05,-0.0009127167759442889,-0.00774576742102151,0.00013514665731007014,-0.0005380723434522672,0.002989161375516858,-0.013183808382086437,-0.0021376033795227345,4.8611111111096506e-05,-0.0003163208293288644
2023-10-05,0.0024482355367696496,0.0005796823690753516,0.002221645484613566,0.00043552512307809543,0.0048284408037704285,-0.006405148454638354,-0.006846779557790894,-0.0009383722423798035,-0.012372095499991853,-0.001182358946529738,0.004534033620905875,4.8611111111096506e-05,-0.002783580348832748
2023-10-06,-0.001831922826544874,-0.0030405045299074507,-0.00024186108153989583,0.0004811085685283434,-0.003376687807612133,0.00412977102287071,0.007579027037020847,0.00046095947710744767,0.013702907466865089,0.007172877480338791,0.005176766425805779,4.8611111111096506e-05,0.0013447589278614558
2023-10-09,0.0027528613871456997,0.0037757939073728153,0.003265222368971754,0.0013052693507491497,-0.0007817905037562634,0.009328907177462264,0.0002714929327849447,0.0006606658424497258,0.007046666174715721,-0.009471537163824428,0.007792392003505455,4.8611111111096506e-05,0.002895981615216092
2023-10-10,0.016928167596501176,0.018952542668440486,-0.0011050203554244797,0.003544627133687417,0.017475193523124988,-0.0007950584210528744,0.004919197670345099,-0.00013888888888868856,0.01650792414193214,0.0012567992047611831,0.00182828720654582,4.8611111111096506e-05,0.0031620867070702996
2023-10-11,0.0032996174028310232,-0.0024138591617092198,0.008648519085023842,0.00387407117155103,0.003460596317567788,0.00656452697997878,0.0021736264304141883,-0.0009378048431963881,0.00945180154902392,-0.00710760320553927,0.0037878219138929303,4.8611111111096506e-05,-0.0017856119048454966
2023-10-12,0.0004484328655163239,0.0037006710160840672,-0.0029910907689836286,-0.0029283291626859276,-0.0005108962972579789,0.004940711462450675,-0.005296082420203074,0.0002608884767802966,-0.014967432300814876,0.00722955198631281,-0.006005875642645764,4.8611111111096506e-05,-0.0007264304720524528
2023-10-13,-0.013596559983270251,-0.006381353068728446,0.000800049447612805,-4.559606597143162e-05,-0.009584697848443513,0.0239921577326081,-0.00504949795669718,0.0002607287187059715,0.0029184382982987422,-0.003970327735147827,-0.0014504781917412668,4.8611111111096506e-05,0.004172811006288635
2023-10-16,0.0028780625216509037,-0.001426958902766673,-0.005395734128642138,-0.0017758306163533355,0.0034840097811132953,-0.004225104965345339,0.0039734979972509965,-0.0005383468660425939,0.00689533365176187,0.006854192088602495,0.018902675702991978,4.8611111111096506e-05,0.0036605162741822905
2023-10-17,-0.008609018032597282,-0.006145623261760602,-0.0010647898399666067,-0.005451276322131826,-0.007457882033587215,0.001542888703893519,0.0035473323478154573,0.0004604489154949043,-0.0015360241097355232,0.012361012374805469,-0.002716350393628497,4.8611111111096506e-05,0.002552916408423034
2023-10-18,-0.007617216587474163,-0.0015817779183802116,-0.0005633524026457115,-0.002385169888266425,-0.013991486363929218,0.009435826168391781,-0.00843583442008522,6.0888787602575434e-05,-0.014827615184937026,-0.004597041221818032,-0.01241275159550137,4.8611111111096506e-05,0.0016266340061641404
2023-10-19,-0.0236413821452095,-0.0161314111681079,-0.0007848126356377882,-0.0027586400428561975,-0.011430846904530667,0.0024799461325755168,-0.006173829544605214,0.0002602325128098215,-0.005817980035028536,0.002961404105917387,-0.013873595256115201,4.861111111131855e-05,0.0023698231180446783
2023-10-20,-0.010062879168156402,-0.01976272209886154,0.00040284463150741523,0.001060407619941861,-0.012493383192974328,0.014652734932504519,-0.007452436337845758,6.059219479070954e-05,-0.008944222974713867,-0.0066638156807563576,-0.007432987068757058,4.8611111111096506e-05,-0.0013535978747934996
2023-10-23,-0.0012706548245878801,0.00044787541179425183,0.0033822557356217864,-0.0024178958552303342,-0.0039030587377431036,-0.006939257543742583,-0.003196597504619314,-0.0001388888888889106,-0.0010992160248990412,-0.007397581394370523,-0.006819071766835383,4.8611111111096506e-05,0.0014763560289130506
2023-10-24,0.0041347449121840185,0.006568430587305274,0.0006420714110511039,0.003462493197632144,0.01067424172846021,-0.005665722379603388,0.002649607072217508,0.0004597004576718522,0.006590065255861699,-0.003620781272060003,0.006586218939223398,4.861111111087446e-05,-0.0004012837435012351
2023-10-25,0.0006335162929482774,-0.007860300213380467,0.00040114852256722955,-0.001610261975802163,-0.007219337505918744,0.004938225234449201,-0.009593949619268294,0.00025966665456156335,-0.0025260023361841633,0.00929499911665288,-0.00815502364377052,4.8611111111096506e-05,0.0015531162045254732
2023-10-26,-0.003798691224905837,-0.00837067292796878,-0.0028061848946683288,0.0006912881108001034,0.0024239001774535307,0.008127100787262531,-0.0009811989176321534,-0.0005372856491022704,0.0001003130431858068,-0.006715456766752448,0.0005345275961960994,4.8611111111096506e-05,8.005892721318908e-05
2023-10-27,-0.004925215581468967,0.003919222219791907,0.0012060234260224956,0.003891244107881109,0.00013441395247748567,0.004874344707414435,-0.0043535361565358865,0.0008576326152474056,-0.010425839393686909,-0.00013888888888913264,-0.012924935621569711,4.8611111111096506e-05,0.0016064043288022134
2023-10-30,0.005588199480225375,0.0009008912753218912,-0.0008031011936701082,-0.0005275831148466859,0.00631290899058734,0.00820900077250486,-0.00281942902557919,6.058803632180698e-05,0.013155768657571398,-0.00292637461554901,0.010086127504862485,4.8611111111096506e-05,-0.00035368909270327986
2023-10-31,0.002223008781635283,0.012451440206167508,0.0008037466835910667,0.002570152030489048,0.006006534666099572,0.003700962082983761,0.002548855855465826,0.0004582743164953662,0.004870682161128181,0.00580094079843696,0.0032348382527043196,4.861111111087446e-05,0.0017488543059367423
2023-11-01,0.01045639933854936,0.010075339450444698,0.0011644237363686027,0.0005265083990857455,0.007031917740807581,-0.0044248235730726115,0.0006666160396788801,0.000321008094186892,0.01125424059218405,-0.010559169153469883,0.017346050391155554,4.861111111131855e-05,-0.0005760611222674905
2023-11-02,0.011602242209181046,0.01070867126193975,-0.005975748175579998,0.005124428511571688,0.016469050502665894,-0.0018518518518519933,0.01158076947802078,6.13963808617779e-05,0.028023625344897107,-0.007860862189555284,0.021011221425153215,4.8611111111096506e-05,0.00015176085756052338
2023-11-03,0.0013948570632733581,0.00986938481703925,0.002783795924727439,0.0067143134824469985,0.0002591902908291033,-0.005009299085401153,0.011305864879637584,6.100341979142776e-05,0.010361094916034874,-0.012873214559558588,0.01086419437735442,4.8611111111096506e-05,0.0008910431501631955
2023-11-06,-0.0035597065982527765,0.004311365832605718,-0.009394728120402651,-0.004137382487308772,-0.0041466835385335354,-0.0061532498006372505,-0.007590492138715543,0.0012602540214237123,-0.003075549378502296,0.004877247690440845,-0.005900787141405739,4.861111111087446e-05,0.0020143855579213277
2023-11-07,0.0007767770022522047,0.00028648633273609114,0.007392161545582088,0.001225976410373475,0.0023422097313632317,-0.00506568894377335,0.00764653659397907,-0.00013888888888902162,-0.008974436904451322,-0.0029911263134029253,-0.0033583765826947776,4.861111111131855e-05,-0.0007179637989567222
2023-11-08,0.0003102150860323505,-0.002288959399292745,0.003064184838470485,0.004466928897183031,0.00012982953018791932,-0.00810859493107785,-0.003863385458066193,-0.00013888888888879958,-0.0019675444411154652,-0.002283869997120158,-0.001430827016413061,4.8611111111096506e-05,0.003295414751529613
2023-11-09,0.006982262016905771,0.005592110213319179,0.004682873108322827,-0.0008803925523892531,0.002336498237425877,0.005893489707105459,-0.008308194747669195,0.0006595797704675999,-0.010672246481833958,0.009176668976671465,0.005682394376875788,4.8611111111096506e-05,0.0010030886104708259
2023-11-10,-0.008628705955457727,-0.002566804252181365,-0.003820834230019776,-0.0018301022571117764,-0.007122600474183116,-0.007748961963940926,0.003769619742715058,6.052501376241359e-05,0.0065724387555714525,0.001281154929248185,0.003076702767826678,4.8611111111096506e-05,-0.0013522404621807427
2023-11-13,0.0024866682850916977,0.005146592059267707,0.001024013909001642,-0.0009054498387913723,0.004434669705632999,-0.0011428106398809756,0.001808036916943534,0.000658607689811852,-0.002207755939037659,0.0009246337259987136,0.0005019892531512582,4.8611111111096506e-05,0.0022073874782011504
2023-11-14,0.014263578195340187,0.012658233573646038,0.007021213970886064,0.0068873959271738006,0.016491396787711166,-0.001716293615867226,0.014434513338733801,6.023846734204419e-05,0.030959811113303592,-0.023155990408711302,0.011392209817374432,4.8611111111096506e-05,-0.0008391198044958026
2023-11-15,0.0,-0.0006271163501827548,-0.000597606211306223,-0.0015300889781986182,0.0030658968972916423,-0.0047755491881568135,0.004785739574432402,-0.00013888888888868856,-0.0008090669348009838,0.007472585078704519,0.001127926060008999,4.8611111111096506e-05,-0.00301010016311809
2023-11-16,-0.005502604941504896,-0.005361209252641941,0.007923057405548217,0.005250742737676006,-0.003948086997136668,0.013435700575815668,-0.004494872569982933,0.0008574286476621396,0.0005317385968408583,-0.008772073635197053,-0.0058316218185293645,4.8611111111096506e-05,0.003032214252404186
2023-11-17,0.008607152705962351,0.005673648757723138,0.002570780138580586,-0.001703799133209949,0.006265153047742222,-0.0034090677897135047,0.0032791155593725474,0.00045769196695988335,0.012148962929890983,-0.0026786485653719216,0.002405619644373136,4.8611111111096506e-05,0.003456903118272292
2023-11-20,-0.0024381629392654647,-0.0008461622325904861,0.000493091656798228,-4.486543955239952e-05,-0.002541237066520985,-0.007031569975668228,0.004902675349001351,6.0233113837959706e-05,0.002288663919119971,-0.0034129414977267514,0.004937292448608188,4.8611111111096506e-05,0.00037959928433073387
2023-11-21,0.0033610470099558754,0.0031055577722849392,0.004337354732903975,0.0031439341452879077,0.003439435902160781,0.010909114271830056,-0.004070132575556773,6.010573202663849e-05,-0.001679945775980074,0.0002261792564932641,-0.0014013847724895223,4.8611111111096506e-05,0.001415268510611245
2023-11-22,0.003045017087356605,0.004784791382717035,-0.0003436944713167689,0.0012760491111316608,0.0024121441928455223,0.00018927600080842488,0.001766038789297264,5.997841836946627e-05,0.0027276503265152297,0.008252196933103528,0.003021581040361321,4.8611111111096506e-05,0.001201303773107787
2023-11-23,0.002883981175441974,-0.0004201737531609462,-0.004859863825127264,-0.001967498271842505,-0.002786117980632108,-0.0030285361024170454,0.0,0.0,0.0,0.0,0.0,4.8611111111096506e-05,0.0023414049583736496
2023-11-24,0.0010593573254000788,0.00014004281181989597,-0.007399771739529992,-0.0018594288059459174,0.004571851393216253,0.0026579900255556677,0.0013560961010898875,0.0002585035292390625,0.007776764870303543,-0.001586082156192159,0.004902027510627738,4.861111111131855e-05,-0.0019181923046072136
2023-11-27,-0.0033263608633334885,-0.002241369821915251,0.011729080926450086,0.0018179444289265767,-0.0011377611732988901,0.0035978498426445515,0.0009461838507476283,0.00025869635281705605,-0.0025385582040956534,-0.006660656897071959,-0.002646705395293214,4.8611111111096506e-05,0.0004123989996145383
2023-11-28,-0.006674728518133777,-0.004072130045723266,0.004224593755936201,0.00029131325661180263,-0.009239286575185135,0.009433962264151052,0.002028904377006535,-0.0001388888888889106,0.004453217314432045,-0.005973946419082776,-0.0039100312342111865,4.8611111111096506e-05,-0.0026288290188570818
2023-11-29,0.00519245357437792,-0.00014079990424265,0.004206821643488734,0.007816284527708106,0.009069998272923208,-0.0018691588785046953,0.005539885469714623,0.0012510986090232823,-0.0020979644296099664,-0.005274632270891089,-0.002031597736030677,4.8611111111096506e-05,0.0009007763104160738
2023-11-30,0.002431147593333849,-0.008037333644826838,0.0007305514967175242,-0.001088908372535391,0.007849063968736969,-0.004494427741690177,-0.00013888888888902162,5.950514336272583e-05,0.004441290843193668,0.006129633902915099,0.0017574090982299673,4.8611111111096506e-05,0.0007057138544179775
2023-12-01,0.0034856611815925476,0.007817971461280271,0.007204062616855245,-8.900253301835637e-05,-0.0002512440225802548,0.007524454822615878,0.01230955028151226,0.0005789328109904179,0.010716559180254936,-0.014063669853369376,0.004908468030401902,4.8611111111096506e-05,0.0017028797526548178
2023-12-04,0.003171743485693712,0.0,0.0021265180629084224,0.0029813728382739324,-0.004271844415962511,-0.012882680532906754,-0.000804368251115184,6.0809884222523536e-05,-0.0065822125648185015,0.007293289833366412,0.0004887130024970876,4.8611111111096506e-05,-0.0009564356632543181
2023-12-05,0.0013550208581460943,-0.0009870217144776205,0.005015352005112161,0.00463625775481824,0.003154500612457589,-0.0017023347707244563,-0.0017368675149480595,0.00045877657055815035,-0.005759371592487517,-0.008253940142294414,-0.005157668546055261,4.8611111111096506e-05,-0.0009431037871153736
2023-12-06,0.0027066340892873963,0.005788548091833157,-0.000671807159708826,0.003797830064082186,0.007295780569756882,0.00265256621152421,-5.2339834967218835e-06,6.0388662280530525e-05,0.007252572704262716,0.0006048488883081404,-0.0026608563720892375,4.8611111111096506e-05,-0.0002838973744785367
2023-12-07,0.0014992887002158728,0.0008420123940577895,0.0005761996490660781,-0.00019803095555281924,-0.0028722856406907527,0.003968207742814478,0.0053285487359939765,-0.0015327677012672014,-0.0016495322230446474,-0.009057437695955906,0.00934276134239398,4.8611111111096506e-05,-0.0012139253481456835
2023-12-08,0.0050904155375184335,0.0070126809861630335,-0.008542013691788974,-0.005324290086786698,0.008265443491940472,-0.006964073578095142,0.0022481684766955112,0.001855133504830464,0.0028868777678887625,0.010734805282748505,0.008627594713969122,4.8611111111096506e-05,0.0024492735044259195
2023-12-11,0.002830730433762696,0.0015322379962372512,0.005469306308685251,-0.0007963106873122294,0.0045958071481893015,-0.011940841706772676,0.0033012145747244315,0.00045794404686128054,-0.0025090858128405946,0.004683141007024716,-0.0032427811699664577,4.8611111111096506e-05,0.0013710973847469443
2023-12-12,0.004010330834823828,0.0008342772873379811,0.0007222039761047849,0.0011511901296159532,0.002719978602084172,-0.003644664153840016,-6.85557156365757e-06,-0.000337452807626315,-0.002514807937575747,-0.005676106718408902,0.006710508915018343,4.8611111111096506e-05,0.0014593173043231378
2023-12-13,0.0007399499812201782,0.0026398409206707107,0.007119504728483328,0.0032060460241780664,0.009247936156159042,0.0003849656574439475,0.010408078570572465,5.971446530894653e-05,0.024974743123888477,-0.0071915710126033705,0.005426947924611625,4.8611111111096506e-05,0.00030737786256973543
2023-12-14,0.004730953197993992,0.009839452836423845,-0.0007642039196459338,0.012497020490199295,0.010629282329281509,0.014626707040398479,0.01627495400553891,0.0002589368885461685,0.012955161705738849,-0.01023226794036547,0.005396296810380452,4.8611111111096506e-05,0.0025486082440122626
2023-12-15,-0.005150115106771547,-0.0009606638633991027,0.01046850915702957,0.0008489814661709616,0.0022969604363691776,0.002276199126034939,-0.00013888888888913264,0.0026443480972653255,-0.013480472202113902,0.005903303869421173,-0.0031971420351030178,4.8611111111096506e-05,-0.00214781039097367
2023-12-18,0.002218490656492156,0.0013734634887168085,-0.009035521749609754,-0.002262064725480184,-0.006754588283079954,-0.0071916136497888195,0.001150727594105394,-0.0015266014451524867,0.003452811340614481,-0.0008896061534293676,0.004155768645815794,4.8611111111096506e-05,0.00352357313136209
2023-12-19,-0.001770838402365249,0.0,0.0031983141449398733,0.0025941073348809685,-0.00048558666454656674,0.00019069124237369728,0.006946205699400743,0.0012507520896090085,0.010387379311283418,-0.0001388888888889106,0.0053589467464205676,4.8611111111096506e-05,0.0021337222881245843
2023-12-20,-0.0007394028600877789,0.0035666503525639826,-0.006043205563338594,0.0024569680673984795,0.0008502655179385421,-0.0028587763771732444,-0.009732131514352038,5.9393033044141674e-05,-0.016977822260820452,-0.0012658522697560626,-0.007429306521466672,4.861111111087446e-05,0.0011120976714475983
2023-12-21,-0.0013315651500162007,-0.012165245203135666,0.0008138470348193483,0.00019526484811782652,-0.0037628528950544027,0.0017201134516604544,0.00890153117128345,0.0006540815671360889,0.010660288806087381,-0.0027714645835386076,0.002308916102414127,4.8611111111096506e-05,-0.0005617590437951847
2023-12-22,0.002518596146400709,0.0059502466146375,0.0015786769847401239,0.0013227437999745462,0.0012183826292315736,0.004960955432571579,0.0025488971003739813,-0.005090332302583933,0.0028525790409932306,0.0028778175502548464,0.004134716279348805,4.8611111111096506e-05,-0.00047449359180995465
2023-12-25,0.0,0.0,0.0,0.0,0.0,0.0,0.0,0.0,0.0,0.0,0.0,4.8611111111096506e-05,0.0012945460803273079
2023-12-26,0.0,0.0,0.0,0.0,0.0,0.0,0.0019034489396769771,0.0002591662550635032,0.005612956159195104,-0.0020187946220908692,0.00472444732460553,4.8611111111096506e-05,0.0028584862434037905
2023-12-27,-0.004876760748654618,-0.011554703896141882,0.0010506123812967783,0.0026854684916217675,-0.00012170827245894245,-0.005506026859408153,0.004447259975734585,6.0277683663789716e-05,0.001555751092433777,0.0006364178896882677,0.004717017873038021,4.8611111111096506e-05,-6.463886014684839e-05
2023-12-28,-0.001930384387414552,-0.004731413222321734,0.0001908900425555693,-0.0003023810239840552,-0.0037730501673357564,-0.005918242951854946,-0.0006462586295928885,5.9714465308724485e-05,-0.0007733692954734472,-0.0013006987354373667,0.001720012325839626,4.861111111131855e-05,-0.002678759583127799
2023-12-29,0.006844256528811821,-0.002097233266622034,-0.008013693361146434,-0.0031327948993413735,0.0021991302302648563,-0.0024966156375889614,-0.0030571116840028,0.0002589368885461685,-0.004582284761527111,-0.0013022165469185332,-0.008178470241838931,4.8611111111096506e-05,0.0005788618073740981
2024-01-01,0.0,0.0,0.0,0.0,0.0,0.0,0.0,0.0,0.0,0.0,0.0,4.861111111131855e-05,-0.002082405419570277
2024-01-02,0.0,0.0,0.0,0.0,0.0,0.0,-0.009936490267554166,0.0010540266283789457,-0.0014140591903719635,0.0021903096088797813,0.002354841835507937,4.8611111111096506e-05,0.0046688161700618735
2024-01-03,-0.0022168427880377983,0.0005603931851747568,0.0021157278584043038,-0.006458591073265185,-0.009386798597905033,-0.002117898670364271,-0.009647948696516861,-0.0005362568531046552,-0.002692749509587089,-0.0024626748279389377,-0.003248183335494925,4.8611111111096506e-05,0.0011685012840929598
2024-01-04,0.005331974968258324,0.0001399643767370229,-0.009836888261193444,-0.0017232584448712007,0.005291631692282861,0.002315285038190229,-0.0027335949332215614,-0.000535891986052861,7.458791401804277e-05,0.007625050559281865,0.024190342535175713,4.8611111111096506e-05,0.000860917645119974
2024-01-05,-0.0032411580273088436,-0.001820058501801114,-0.004894634923180541,0.0003714626260147291,-0.004529298532242487,0.0,-0.002219908100425383,0.0008546232510588947,0.0056204940886215304,-0.003605604631260806,-0.001356898686540875,4.8611111111096506e-05,-0.0007712248886393436
2024-01-08,0.003990626620235416,0.0014025550831984201,0.0031656873394463325,0.000524229222638839,0.0046728252899950196,-0.009624639076034613,0.007160544775381084,5.958148712137401e-05,0.002406042565486155,0.006045868511888708,0.004739091729905276,4.8611111111096506e-05,0.001374312061442673
2024-01-09,0.001913681526797717,0.006583608218899029,-0.0030100208512782167,-0.0008514651832564057,0.0025705158032776065,0.0034985185480442826,0.00011972385193326218,5.9803312424833166e-05,-0.006696824692117742,0.0010135478052164526,-0.004386440020460514,4.8611111111096506e-05,-0.0011072208136952977
2024-01-10,-0.0014690461587165693,0.0038965551939245113,-0.0028727560281845976,-0.0005244010595966131,-0.00012215569418438932,-0.0007746724547021966,0.003224483633612607,0.0002580683641248971,0.005184635239394275,0.009070486156407487,-0.00013888888888879958,4.8611111111096506e-05,0.0011596336515022898
2024-01-11,-0.007798936254663769,0.003188251653299723,0.003027490937096866,-2.1891913783878003e-05,-0.007692287477059412,0.000969180027792893,-0.0002675738226982638,0.00045596265188230234,-0.010941584351776057,-0.008503739785909348,-0.0025762428702582607,4.861111111131855e-05,0.0016812268984993661
2024-01-12,0.006821990487885898,0.00041454202025770215,-0.0023855105214370953,0.0048098630026169875,0.00725975470450857,0.012780742203539308,-0.002460053365172077,0.00045630473993019116,0.005214539372545346,0.0002444379253649931,0.0010826151822647123,4.861111111087446e-05,-0.002215205592518088
2024-01-15,-0.003976852172363987,0.004143921244274651,0.004148310519452192,-0.0034377716641088574,-0.0017103071888056043,0.0032505013518762116,0.0,0.0,0.0,0.0,0.0,4.861111111131855e-05,0.0014726570402698869
2024-01-16,0.0036970224872894253,0.0,0.0011748040769370416,0.0003929049732149803,0.0040381220576415355,-0.0022870443665202744,-0.0011730670025792422,0.00025709140700636013,-0.0190953003261769,0.005993717526833198,-0.009900878700608629,4.861111111087446e-05,-0.0005482815659914042
2024-01-17,-0.006777508178490543,0.0,-0.006649829708570865,-0.005019590702611598,-0.011334447960384408,-0.004011414681829084,-0.005443542779519972,0.0006532795039744244,-0.014033955226390726,0.0017658234918560556,-0.0007549852956790781,4.8611111111096506e-05,-0.0005223214103755591
2024-01-18,0.0026699205195888087,0.006464646904803528,0.004115412220740744,-0.0010967568379431913,0.001355996542381499,0.0038358264410278675,0.0027225255300931117,0.00025670816881318004,-0.004321888338704616,0.001382163722932539,0.005409776841923231,4.8611111111096506e-05,0.005026199437277334
2024-01-19,-0.0013315651500162007,0.009293407687810618,-0.0020245388930412167,-0.00199823463446136,-0.003446959107205605,0.006113777269034726,0.0033633882032169105,0.0002569856162897288,0.001629844454168472,0.0013796091897253504,0.0023135600701686965,4.8611111111096506e-05,0.0007705557581942912
2024-01-22,0.008740724305795755,0.010697218463672886,0.001880258429148851,0.0033224058805545464,0.012970791033310336,-0.0018989746417806819,0.005677109686312409,-0.0003365743298028301,-0.0027874413253764496,0.003652007249018041,0.006589034706784069,4.8611111111096506e-05,0.002752354482301822
2024-01-23,-0.010427559145904874,-0.0044210701672200425,-0.0026175895821838324,-0.0026534524213237543,-0.010487574454417059,0.003995503650380927,0.0006319770841249905,0.00045428469563457696,-0.0036793958298055873,-0.00013888888888857753,0.001076086081818417,4.8611111111096506e-05,0.0031311317735549515
2024-01-24,0.004749530773339172,0.004440702826005616,-0.003119557020852648,2.1913182278510135e-05,0.0025880711596810713,-0.01516012851040327,-0.003862504421913937,-0.00013888888888902162,-0.0016934617827155662,-0.0035377699287822972,-0.0043864400204601806,4.8611111111096506e-05,-1.5224166301508468e-05
2024-01-25,0.0007383013408064354,0.0030817827950062604,0.010331729026928693,2.2017547566033357e-05,0.005654520952553588,0.008658841436023135,0.0005055239579325743,0.0006522340252876901,0.011649512544335217,0.0006189216713208268,0.004736344624547861,4.8611111111096506e-05,0.0012453270310737174
2024-01-26,0.015941111462474344,-0.0026716146968003285,-0.0025565777203230278,0.00041779997750057696,0.011734674336417061,-0.006867677484280299,0.0005053149708336147,-0.0001388888888889106,0.0029386349612854357,0.00516209320276384,0.004712393176952823,4.8611111111096506e-05,-0.002419883505995535
2024-01-29,0.002469991989503262,-0.000535626990636473,0.0021688994003243867,0.002417511891060542,-0.0009667893028242336,0.005186347164139571,0.006683175887167936,0.0002559266810360228,0.0009568675288866846,0.0009912193032068917,-0.004966749640450296,4.8611111111096506e-05,0.0028648386310721197
2024-01-30,0.0017392021224960086,0.004823863095505088,-0.0016230953441032092,0.0,0.00024188582323292351,0.0022931630709419615,-0.0028235822006613676,-0.00013888888888868856,0.00029900628052681455,0.00023730786128473014,0.004712393176952601,4.8611111111096506e-05,-0.0003254982666318629
2024-01-31,-0.008536111192111506,-0.009468127789414416,0.0060102182497574486,0.007520352614867942,-0.004957036615477639,0.004766444232602529,-0.006548525590369003,-0.0003366084882013842,-0.007360002288356315,-0.007660559488033236,-0.017640339529773175,4.8611111111096506e-05,-0.0019654398255134486
2024-02-01,-0.004815498369946658,0.0016157443485997902,0.003721661230405182,0.0020019626352192343,-0.007654901304418038,0.002277063011444591,0.0023162659715902922,0.0008539758594057201,0.011763244351373991,0.009334312406920064,-0.009352708301206936,4.8611111111096506e-05,-0.0013708876109512769
2024-02-02,-0.0010263986128714597,0.008870981219834428,-0.005122785626767268,-0.002258620661087174,0.0012243500593145384,-0.004165111995811266,-9.818753783030765e-06,-0.00033697065434168394,-0.01124765542284445,0.005867186794432433,0.001721088164443163,4.8611111111096506e-05,-0.0003637887069312118
2024-02-05,0.005431014047329263,0.0050626497766064205,-0.0064729665782335966,-0.011101220755437402,0.002079100834339709,0.00038025134416574957,-0.004263557430364329,0.001051222025120202,-0.008288548086778813,-0.004616512423352703,-0.008183368613887354,4.8611111111096506e-05,-0.001977592470847722
2024-02-06,-0.0026278771468065676,0.005964875702711092,-0.0017770418549720723,0.002597409140272955,0.0034170916523856842,0.006841458575491455,0.004779047504078093,0.0002571414708454345,0.006523343567694129,0.00023589786517064226,-0.0032581886347258227,4.8611111111096506e-05,0.00261127641591985
2024-02-07,-0.004537495377347933,0.003294425618542318,0.002867889878635621,0.0008342477710645557,-0.0010945257094827632,0.003586305129937184,0.0010200499591421774,5.909111020541147e-05,-0.004330466199854555,0.0006104842077241379,0.0029901713337050495,4.8611111111096506e-05,0.0004497714384439355
2024-02-08,-0.004557987707825895,0.007748744905118343,-0.0028596886066246663,-0.004080107636935892,-0.004383448537125689,-0.003385344652329758,0.005649611003722521,0.0002575111284941478,-0.007227929100934283,0.003605010189997815,-0.0013866856456629106,4.8611111111096506e-05,0.0017835423531282757
2024-02-09,-0.005465061949800343,0.003518879969777844,-0.0010876845242383526,-0.0011013225112590508,-0.0036686810041069995,-0.002830722647462869,0.004465566281730338,-0.00013888888888879958,-0.004377885333440856,0.0028451068074328845,-0.00013888888888879958,4.8611111111096506e-05,0.0001397108409801895
2024-02-12,0.008019983228508387,0.007142782205467713,-0.0024751821541549868,0.0004409726464476016,0.008837611824097369,-0.0024603496745985165,0.0024074851787374563,5.905985430465499e-05,0.00546265271756452,-0.00199826777365264,0.008605600594437268,4.8611111111096506e-05,0.0010711932660782963
2024-02-13,-0.0033887858849470653,-0.002836849881335035,0.007939730628927055,-0.001256228594297637,-0.004988337302708312,0.003225217768491717,-0.011694758821826579,-0.0003367984561326587,-0.017518733549008236,-0.005727656626015931,-0.008807575136488777,4.8611111111096506e-05,6.919979653541297e-05
2024-02-14,0.007243953046259577,0.0019397650713037784,-0.005218448790516361,0.00026475752220211923,0.010026935944916548,-0.003971209596093428,0.0065415184228962975,0.0002567495022853805,0.0021288436970270386,0.005481288715510235,0.004857995224924583,4.861111111131855e-05,0.0020236418314671933
2024-02-15,0.004843771241623829,0.0028395149181605905,0.0052458238536607915,0.002735769867522553,0.00435820282307553,-0.0003797459699937944,0.0031789451185275652,0.0006525929432881217,0.017734430095691867,0.0061949039445567955,0.011669714279148424,4.861111111131855e-05,0.0007637235647190987
2024-02-16,0.0016069124786535216,0.0038608519519531814,-0.0015753748493584352,-0.003916359511500489,0.0032545288185479304,0.0032288930807811145,-0.0038274334174733804,5.882508213916893e-05,-0.0012503246482876706,-0.0023602146170852434,0.003546563197849961,4.861111111087446e-05,-0.0031173591614790386
2024-02-19,0.008021105787947125,-0.0011537603163717103,0.002958449305142885,0.001170606095683091,0.004685990128984185,0.004922331552159154,0.0,0.0,0.0,0.0,0.0,4.8611111111096506e-05,0.0009833932144878155
2024-02-20,0.002893720838705205,-0.005647584505631187,0.001966664500362869,0.0009487297720303101,0.0015544719126276973,0.004144710357245174,-0.004351508970580675,0.00025654713258127515,0.00742671364841585,-0.007560084231168385,-0.0031987086248579377,4.8611111111096506e-05,0.0015794176472501142
2024-02-21,-0.002308396721473982,-0.0026749825644625247,0.0021098759370441478,-0.0010359079366251134,-0.0010745899285942162,-0.0015009151838061285,-0.013216054824888857,0.00025639082474393504,0.006707442270448505,0.005468601993622979,-0.0007528672196439601,4.8611111111096506e-05,-0.001975017534474377
2024-02-22,-0.004337790234424155,0.019150270921872492,0.0008323789646591528,-0.00024272705264027916,0.006693676384996072,0.0,0.001549922705770923,-0.00033657991969648915,-0.000796937731481373,0.009526509850098064,0.006003455577487937,4.8611111111096506e-05,0.002789344104432878
2024-02-23,0.008132109390678988,0.0062636775298363645,0.000978482425028071,0.0006841576410339112,0.0033245250674229787,0.0054490103577413684,0.0019358175248793685,0.0004536981106402216,0.004031437649165914,0.0024384899651779257,0.0010822458660955103,4.8611111111096506e-05,-0.0015113155181221138
2024-02-26,-0.0030246465484460305,-0.0027945926895399653,-0.0019060899445290103,0.0006396249664912812,-0.0011834046132520593,-0.004485074730714134,0.003614202389105925,-0.00013888888888913264,-0.013035135497617145,-0.0008735586575472354,-0.0019680189342655696,4.861111111131855e-05,-0.0014036298175983397
2024-02-27,-0.0007225050533573585,-0.0011462686279927192,-0.0004897743614196148,-0.0008816810143462694,-0.005094645169424816,0.0020649062525457396,0.006436533006046963,0.00045351944610771966,0.007390040861072755,0.0031688063554444756,-0.0013608445327117913,4.8611111111096506e-05,0.00015716816859190352
2024-02-28,-0.0031812333877174748,-0.003316112547932626,-0.00308654426035182,-0.0006617654020084629,-0.0005953772899568444,0.0005619853874652136,-0.0015476019216782433,-0.00033629881555197194,-0.001457680557938934,-0.002336539555200523,-0.009313035589332497,4.8611111111096506e-05,0.0004156370210619542
2024-02-29,-0.0004348503575745122,0.002942942259633874,0.009730758146625718,0.003951432506124286,0.0014298641011780688,0.008051018582069025,0.00255489009996257,0.00045311338853304406,0.004262555015271063,0.0038992475960581974,0.004799313236533598,4.861111111087446e-05,0.0005657229233986261
2024-03-01,0.0030474062192615836,0.01250337927134626,0.0034555441022741107,0.0005936480289983059,0.0019038824645909447,0.01894493073802428,0.006383279271072739,0.00029725546422043614,-0.002987159099007708,0.007904980627863045,-0.0019815770931643772,4.8611111111096506e-05,5.956871651102702e-05
2024-03-04,-0.0002897904411116592,0.0015119939789922654,-0.00014545823089262555,-0.0004614755902045964,-0.002731622908942022,0.017863742734690824,0.0011343791301727801,0.00025783976849425017,0.0020584023772913795,0.0020372394025693907,0.0017072010836027829,4.8611111111096506e-05,-0.00280115595214403
2024-03-05,-0.0005786246172794218,-0.003648551483976914,0.004462964717036666,0.003913345946952251,-0.0026200058095184886,0.003939740465060959,-0.007894973945636208,5.896683997619334e-05,0.001834391842947758,-0.009186867621350014,-0.006281460389830351,4.8611111111096506e-05,0.0012664935636303998
2024-03-06,0.0076744022104457965,0.0022727602421759308,-0.001835218034055286,0.0006131852582826891,0.007880724582003618,0.00820555979562032,0.0011423936398842205,-0.0003367054786082013,0.007300895466655355,0.0038785998702242086,0.008513800432711882,4.8611111111096506e-05,0.0010346209169116438
2024-03-07,0.009248560290723518,0.004031708026974057,0.0032901246174092957,0.0017508693556327337,0.011728419366805687,-0.0007077572636640106,0.004724223594919419,0.0004551942187718261,0.006811572429362256,0.0031349590906715186,0.0023122082579172254,4.8611111111096506e-05,0.0013838692389511742
2024-03-08,0.009450048601865157,0.00025108716397603814,-0.0005785706731410434,0.0010487688451790156,0.005854781582746105,0.007082153127570878,0.001771539948931311,5.92790459752468e-05,0.0018023795645227825,-0.012104112094253328,0.0023059891462258175,4.8611111111096506e-05,0.0019247845084462423
2024-03-11,0.002424754299660936,-0.009785400523172672,0.00019281483842736868,-0.0012876549039065877,-0.0017461175601063417,0.005098495914732881,-0.0009015222458599315,-0.00013888888888913264,0.0011527529530497294,-0.004909438600820937,0.003519671699653726,4.8611111111096506e-05,7.553316531794252e-06
2024-03-12,0.0072567279926398776,0.011909241899086709,-0.004245488261115371,-0.0015079349200673997,0.008862836350459258,-0.008395990362915162,0.0018964198127808807,0.00025668110521959164,-0.0016439048983369897,0.003179545309058618,0.002898773089685003,4.8611111111096506e-05,0.0009498457685630513
2024-03-13,0.0015540682632442238,-0.00012521137423682216,0.0033431231402978323,-0.0006128094925358374,0.0032366372993231085,0.0031751414984133586,0.0030349859344838137,0.00025695411542958624,0.005890427011752797,0.012356603306575398,0.002283851288010119,4.861111111087446e-05,0.0003806678555762222
2024-03-14,0.0007081661842820441,0.002128859919500181,-0.005504856393846902,-0.004007633488143814,-0.002995736277856653,0.0003517007257571869,-0.0024170586414892226,0.0002566257841305486,-0.0072022619733883575,0.0034910144409305843,-0.015848713838574224,4.8611111111096506e-05,0.0006142395872283934
2024-03-15,0.0008497514750642754,-0.005248166607365157,-0.0026705364983632407,-0.001671027014796933,-0.0002311514663366765,0.0012303588360640383,-0.004450924336459328,5.891898791499095e-05,-0.000785500589256749,0.004562801901899727,0.0072274140774251094,4.8611111111096506e-05,0.0029458719031885128
2024-03-18,-0.0038371035611057813,0.009169590476814538,0.0035052473646870475,-0.0018279947854994427,-0.0047392377759662985,0.0014045801657593948,-0.0011582736508842784,5.8708267908436085e-05,-0.00013888888888913264,0.005980584701025693,-0.0037952201756279447,4.8611111111096506e-05,0.0012219127562504983
2024-03-19,-0.00542091034440817,0.001493746625432335,0.0012129353708194568,0.002691881942695984,-0.0005808809252234592,-0.00017537976299453195,-0.0009042584427337852,-0.00013888888888902162,0.0028808818409353787,0.007732226435344547,-0.00013888888888868856,4.8611111111096506e-05,0.0004323421800276339
2024-03-20,0.005020224612495294,0.007332811190966737,0.000920599898671437,0.0008141582742993148,0.008367173763171198,0.004383657817835562,0.008667110246981746,0.00025648469969219434,0.008678417399031302,0.007315716560780894,0.004754084799989622,4.8611111111096506e-05,-0.0005201748452007271
2024-03-21,0.007421314228384768,0.02183858870031785,0.006971511630417204,0.002440697570426531,0.009219793678936883,0.018156467590256353,0.0042786331785087395,0.0004438020987185265,-0.0024937307267250963,0.005841441061659625,0.0041117427800059225,4.166666666671759e-05,-0.0008719268477099806
2024-03-22,-0.004391777624990101,-0.004105167532827414,0.00038460351649982627,0.0006579768951897602,-0.003425751380097486,-0.006172902170337502,-0.0017864583175711823,0.00024608803635239873,-0.0012172602843304459,-0.004001734000460777,-0.0025730180980382267,4.166666666671759e-05,0.0031773589380792444
2024-03-25,-0.0008535477961187921,-0.0008488394233922003,-4.806652406919021e-05,-0.001709761370284113,-0.003552237925952939,0.006038647597356617,0.0027528266880632035,-0.00014880952380980084,0.006268310052933934,0.0009060455034295423,0.004711464612029204,4.166666666671759e-05,0.004204604688998748
2024-03-26,0.0039873285362594935,0.005824330581984283,4.80688345709801e-05,-0.0004829830911944333,0.006209768660733639,0.005659490595603112,0.000983197495857402,-0.0003463516914810061,-0.002911810215613375,-0.00272708114929765,0.005897055023647235,4.166666666671759e-05,-0.0015151371787528456
2024-03-27,0.002978904634916235,0.0013272389064205026,0.0030275787039582003,0.004437462905043432,0.0010286505080099317,0.008867583484620134,0.005756632489395175,0.0008380682914117532,0.014983350010965069,0.0012676487982967721,0.007663766830895202,4.166666666671759e-05,0.0009076563628533929
2024-03-28,0.0014138486345147694,0.00012039473546998636,-0.0002395308826961262,0.00013119461772514995,0.0006850623156409164,0.007268507446887673,-0.003021812782561528,0.0004430072947616548,-0.0003587932663321469,0.013995361165360043,0.007603056702261357,4.166666666671759e-05,0.00024907855038125426
2024-03-29,0.0,0.0,0.0,0.0,0.0,0.0,0.0,0.0,0.0,0.0,0.0,4.1666666666495544e-05,0.0010471532449569665
2024-04-01,0.0,0.0,0.0,0.0,0.0,0.0,-0.0014663717879637161,0.00024735516401519497,-0.0024587688082504666,0.00996272328257719,-0.011218078222182348,4.166666666671759e-05,0.000341494469904724
2024-04-02,-0.008190739437507255,-0.007227933069343551,-0.008913920185430246,-0.008922044957771935,-0.011979469509842078,0.021647865162601088,-0.009446208499926723,-0.00014880952380924573,0.00048264589484636744,-0.003600540038035893,0.0029263300351125565,4.1666666666495544e-05,-0.0008141965979063803
2024-04-03,-0.0009967053918329416,0.008372534885164207,-0.00043527629416917346,0.0012356248401415026,0.0038106848528369763,0.011826564309130205,0.0014363095539084991,-0.00014880952380980084,0.00153398000158389,0.0005437798585175013,0.0010774018109398487,4.166666666671759e-05,0.0010152647408647741
2024-04-04,0.006271281750666047,0.003610242297829469,0.0,0.003107212328557818,0.0044862517923069944,0.0040584415584414835,-0.004770273893459076,0.0008415947906661447,-0.0043487591552976435,-0.011917413674992217,-0.009334388295059948,4.166666666671759e-05,-0.0008683067811969813
2024-04-05,-0.014730725785749521,-0.015347842863841499,0.0013062434337267614,-0.0023726625361309983,-0.010994086853481133,0.008569099099383637,0.0008686423575503532,0.00024680645993013783,0.00048384437304016537,0.014211849581774683,0.011594201568462248,4.166666666671759e-05,-0.002913054616353161
2024-04-08,0.003737923497307616,0.00937654112264985,-0.003285509455948632,-0.001739652365646882,0.005095111097510152,0.00657267826439023,0.0030284819444403865,0.000246735403800713,0.004066274511457246,0.005376161074759134,0.0010728341595445112,4.166666666671759e-05,-0.0008274270429086128
2024-04-09,-0.0011459450736297505,-0.0065145958309776875,0.0013088395925753282,0.0028677971093764576,-0.004608417703160894,0.005892580073280973,0.002511315409110093,-0.00014880952380968981,0.0036286175706339296,-0.005986670943371353,0.0016815663790006319,4.166666666671759e-05,0.0007789002906837261
2024-04-10,-0.0028676945730916614,0.004371574570398051,-0.00024193524138360623,-0.0051473363944918304,-0.00011563376631107403,0.007758113685037316,-0.008234702707931807,-0.0005441980574910632,-0.018547175510800873,0.01884933653458476,-0.0031937651043374427,4.166666666671759e-05,0.0019295263684964148
2024-04-11,-0.001725808423404862,-0.005077924034910919,0.001210585878683057,-0.003913529336287747,-0.004630173080196642,-0.002199567029163463,0.002526087950111444,4.904833397834096e-05,-0.004195845026748413,0.005952824370053511,0.0029054461295141554,4.166666666671759e-05,0.0010580020307469074
2024-04-12,-0.004344675122668118,0.002065803959650392,0.0011122259901488185,0.004861198581237458,-0.0010467136265560617,0.02409077218749589,-0.011200892036778654,0.0012354946153401158,-0.008916824134457824,-0.013962720345591095,-0.01232899684347355,4.166666666671759e-05,-9.542060758582771e-05
2024-04-15,0.0024728481445073225,-0.0014552476750244736,-0.0009178749648103279,-0.0062735968253128105,0.0017461175601065637,-0.01845018380928065,-0.010810202077037867,-0.00034644003796113765,-0.01158377383277398,0.012491984650788934,-0.00508116587458407,4.166666666671759e-05,-0.001382451916655758
2024-04-16,-0.010940713072209118,-0.021253346472042578,-0.004883684341968619,-0.0027342480494567667,-0.015572375785476988,0.013314535831669971,-0.0040435887960574846,4.886005588256026e-05,-0.012588708515165692,-0.0025103315065084786,0.0017099923811114692,4.166666666671759e-05,-0.0005042647748615403
2024-04-17,0.001622285960517722,0.0006203659885957169,0.003887381475996099,0.0013151233444970156,-0.0020065285743897654,0.002009565224775356,-0.0014526295744436979,0.000443655723316283,0.011121894524530385,-0.015366927191232005,0.004798724803819265,4.166666666671759e-05,-0.0006617826187593767
2024-04-18,0.0027978942838615684,-0.00793632750316009,-0.0031947305562414208,-0.00046748535339946606,0.0023655700322762208,-0.0018512992663256567,-0.0015844788753019978,0.0006404775760282533,0.005533063543379235,0.003285067077255732,0.006620438630838166,4.1666666666939634e-05,0.001786534365423531
2024-04-19,0.0008809348662432992,-0.0031251973226475993,-0.0010682200776188644,0.0009577099581019599,-0.0033043602765120417,0.0020092547031973496,-0.005115449468313882,4.8548198556819244e-05,0.0096296036566752,0.001220215964082172,0.005963582257747069,4.166666666671759e-05,0.0028311060346266625
2024-04-22,0.00931672500120162,0.002507897177695728,0.005006718642958763,0.0005339922739284741,0.010182288410264029,-0.020669387060339495,0.005368023800899513,-0.00014880952380968981,0.008889235948406515,-0.0011741384154128065,0.008356594568632802,4.166666666671759e-05,0.0009717044821195842
2024-04-23,0.013040198520101187,0.01313325201589377,-0.0018862684938008023,-0.00035576950504978555,0.009376482785259377,-0.006772796759762945,0.00964880595068629,-0.0003461283037902163,0.011367500520553131,0.007719991844542751,0.004670493683884391,4.166666666671759e-05,-8.929011336866743e-05
2024-04-24,-0.006074182272660433,0.003950672833485269,-0.001938377560385507,-0.0018464166617514488,-0.006734725713686607,0.007928956856292357,-0.0010543990372562373,0.00044275279499883524,-0.0018355888961859579,0.0005299092308026498,0.0010503454983985527,4.166666666671759e-05,0.002397300323420115
2024-04-25,-0.009313414536683329,-0.010698570572820865,0.0011652389029728205,-0.005059353831903257,-0.011105833040464752,-0.0034612197236899567,-0.0024793434547388804,0.0006395590068672963,0.005975944384537968,0.00019039208176852007,-0.0067356526760514734,4.1666666666939634e-05,0.0004606016171022631
2024-04-26,0.007491080435592989,0.013921593404422561,0.00135790177027717,0.005062649702581634,0.011112449721250917,0.00299962631145112,0.003355157486595095,4.8106094022282164e-05,-0.00287767822133822,0.02426629325525287,0.00889266708235703,4.166666666671759e-05,0.0026828762928490235
2024-04-29,-0.001312190211355091,0.0033101537683914994,0.002712120746990898,0.0016270087058622984,0.0022212622008193073,-0.0017314270534756204,0.002825811911868037,-0.0001488095238095788,0.00932284784928017,-0.014051375480719663,0.002838153954108691,4.166666666671759e-05,-0.0011902367026160876
2024-04-30,0.00014635409230279173,0.0010995840290057846,-0.0032360958417910757,-0.003649279157812657,-0.0048994665160301265,-0.010564509741516903,-0.00672518727099658,-0.00014880952380980084,-0.01370168555194684,0.004550666806745873,-0.008487114632900972,4.166666666671759e-05,0.001997735490517183
2024-05-01,0.0,0.0,0.0,0.0,0.0,0.0,-0.002736735421859371,0.0003264661526591883,0.002387602443912673,-0.009503941261128634,0.008860157328246077,4.166666666671759e-05,0.0007053213770589206
2024-05-02,-0.008758025801935077,-0.009397806109361362,0.0026651787660845194,0.002925600796063188,-0.007268552683217244,-0.002549761889940161,0.0063704166783737914,0.0006424871474424165,0.015242290123774982,-0.019710348405084566,-0.00907733954486778,4.166666666671759e-05,-0.0007987459218460335
2024-05-03,0.007656969244914658,0.0017248053692238141,-0.0013532537123654986,0.005544890036612182,0.008384441348159521,-0.01134372318924326,0.00852972377319361,-0.00014880952380968981,0.006495693359549248,-0.0032449004593660957,0.002854227420945543,4.166666666671759e-05,-4.25888917359174e-05
2024-05-06,0.0032151974740923794,0.010577999024057538,0.004161834225215655,0.001417227214648431,0.006323942927183079,0.012605022538523913,0.0069143367606554484,0.0004445545618974034,0.005214278350918589,0.00606245614511991,0.01302487678067421,4.166666666671759e-05,0.0024637311277240226
2024-05-07,0.015003434980247254,0.007911317851313493,-0.0024095836249626856,0.002786365662408752,0.013150317687601998,-0.0025534242711090505,-0.0006588477548979954,4.838040097321361e-05,0.006211422763376939,0.00568119051791216,-0.0025129589531853735,4.166666666671759e-05,0.0015302110531019153
2024-05-08,0.0057407278547074725,-0.0013283310299745388,0.002367086434815757,-0.0023155195013115915,0.004939156863822625,0.005600000000000049,-0.0033382005040833995,-0.0001488095238095788,0.006375130582276789,0.003942498820142193,-0.0025184903905485223,4.166666666671759e-05,0.0011945076648622877
2024-05-09,0.0,0.0,0.0,0.0,0.0,0.0,0.0015149924630124545,0.0006414064906241634,0.011396668367649632,0.004944542013403774,0.00816466728142129,4.166666666671759e-05,0.0014238922991871572
2024-05-10,0.01484010366735844,0.010157266468166837,-0.00428916427998105,-0.0036028658081891374,0.011658454982962585,0.017979296408860312,-0.0018098478717283317,0.00044378716264992235,0.003455569434300365,-0.0008244623977355925,0.003973692146220342,4.166666666671759e-05,-8.255805754286971e-05
2024-05-13,0.0,-0.001436434229800998,0.0,0.0019299644514194636,-0.00011299026066924345,-0.013285401941505626,0.0011308660937741077,4.823861710145927e-05,-0.0017449749681502924,0.003907992926174941,-0.0030813239399725134,4.1666666666939634e-05,0.00035649677377680433
2024-05-14,0.0025309046454824458,0.000359554394015138,-0.0029044196406512457,-0.00019922322999865738,0.00508468383641536,0.008236990824616486,0.004964366485145311,4.81997967807235e-05,0.0038480249086880747,-0.0025058478682628005,0.005733469175602357,4.1666666666939634e-05,-0.00021580104824348023
2024-05-15,0.008415089941099074,0.007190011827463927,0.006796178504482109,0.0054698571262630225,0.007757087958230935,0.008483934664670123,0.00888097302855173,4.8669084226515835e-05,0.0072157300888566756,-0.009261033144953301,-0.005996689364199614,4.1666666666495544e-05,-0.0024412914134384067
2024-05-16,0.005841418540808219,0.0070195130536372385,-0.003857085198818555,-0.0006607014147369528,0.010709658671927746,0.001713624465027097,-0.0038040332286668477,0.00024539238918741546,-0.0009392061759166959,0.0025758940065641056,-0.0013253216708427606,4.166666666671759e-05,0.0005004488651585426
2024-05-17,0.003318699507877776,0.0008270844932303234,-0.0017425592795848877,-0.0020055892506133377,-0.0016557562806310822,0.014463433581600071,0.0016219464626792135,0.00044251424080421486,0.002421950295056874,0.009022439444424935,0.002206915800777809,4.166666666671759e-05,-0.0011803213977175098
2024-05-20,0.0,0.0,0.0,0.0,0.0,0.0,0.003134454616546156,0.00024508876584961037,-0.0007405343233772843,0.0062463432122055185,0.00337650907676168,4.166666666671759e-05,0.0029024074410530787
2024-05-21,-0.001516210962373532,0.0038957046097143344,0.0009696754224461923,-0.0012588028799352946,0.00044226729501972706,0.011037884932961761,-0.002540058488461616,4.827344533087086e-05,0.0002459615933265713,-0.002155502115936514,0.003363984506454587,4.166666666671759e-05,0.003100291133797839
2024-05-22,-0.0020699499375336217,0.0038361750352819968,0.0,-2.2141692068156082e-05,0.0011051794528222914,-0.013040144936978582,-0.0019150744352830484,-0.00014880952380946777,-0.007645359899570048,-0.00517566404816483,-0.007149944396918739,4.166666666671759e-05,0.0012659014561371418
2024-05-23,0.0008295596065104327,-0.003880504678523966,-0.003245501109336524,-0.004024394358593808,0.005408958934258079,-0.018128819151216558,-0.00975450048807236,0.0010322718385118446,-0.013863734225692759,-0.002506426225296954,-0.008374365122246652,4.1666666666939634e-05,0.004042452851153122
2024-05-24,-0.0020730979286347484,0.001652870232337289,-0.003790581278189431,0.000399640397747536,-0.0005490101166242267,-0.0014081730766476452,0.005210945397417621,4.749556689276346e-05,0.004486292635264011,0.0018767082968773607,0.009329984953330817,4.166666666671759e-05,0.0004393557507365031
2024-05-27,0.001938972273409334,0.001532176444352773,0.0048783303694828195,0.0019085126649154294,0.001977412127174505,0.005014121193706922,0.0,0.0,0.0,0.0,0.0,4.1666666666939634e-05,0.001458855423808414
2024-05-28,-0.008707571674227865,-0.0056485554400551585,-0.003058605935968628,-0.0006866430033075632,-0.00942896632806789,-0.0006236738366637296,0.001120812212404898,-0.0003450760863862312,-0.0031577158301234753,0.010632930253724027,0.0010246593040694751,4.166666666671759e-05,0.004424307649737891
2024-05-29,-0.005577206361150222,-0.005917088958088179,-0.009544193360283892,-0.006937840789548733,-0.005644595674146102,-0.00608428145719575,-0.00547363345133689,0.00044095007126654373,-0.013227363386958735,-0.0031487794999198737,-0.0013209029366052505,4.166666666671759e-05,-0.00020974190458677988
2024-05-30,0.0067301134071777735,-0.009523750870255365,-0.0019664295999568537,0.001763367341942823,0.0023375571602815004,-0.008475849294986904,-0.003717358343655386,0.00024399116110673802,0.0120836202867729,-0.0075042462272634225,0.0063063945241443875,4.166666666671759e-05,-9.806207128748579e-05
2024-05-31,0.008635050144484291,-0.00781252796850529,0.000541727704197914,0.003564937015975378,0.0097722100331461,-0.006490480515852881,0.0012581774309512461,0.00024408997750802186,0.015359704025088794,-0.0018329652324767798,0.00976365812743829,4.166666666671759e-05,0.0018304367512529396
2024-06-03,-0.0011045909482468863,0.005451261340652769,0.0052190198179102865,0.0036633282453479854,-0.004728835891460448,-0.003346041535417399,0.00207787836293738,0.00016720786119406306,-0.009272091073499245,-0.009257958948871936,0.0033155164586213814,4.166666666671759e-05,0.0026907529386381857
2024-06-04,0.0005528488241373086,-0.01204823600717031,-0.0025959225318493706,0.0023891434788776422,-0.002431015496797251,-0.012789768185451522,-0.0016808944166807338,-0.00014880952380946777,0.0018527663678431505,-0.016492191322620697,-0.006477871067620877,4.166666666671759e-05,-0.001368790920539098
2024-06-05,0.008565626366446644,0.011341370787156801,0.005843690202770313,0.00187571654739771,0.008750783686198194,0.015870425575657876,0.007268965129598737,-0.00014880952380980084,0.003247055871843152,0.01092783235357575,-0.0018861259719993306,4.166666666671759e-05,0.0007650039120377095
2024-06-06,0.008904250898090549,0.006270504160141188,-0.00034180428967478527,0.002026497606308686,0.008125471642632665,0.006536006218522017,-0.005480746907791656,-0.00014880952380946777,-0.001940594208302504,0.002247695292619367,-0.0018889409110991462,4.1666666666939634e-05,0.0029813366521698192
2024-06-07,-0.0009503053433650432,0.0010783812502739298,-0.0017582183387501171,-0.00470422175574936,0.002396219259732213,-0.022014608610383846,-0.004233226749599361,0.00044290370936783674,-0.013311820178548261,0.00804785323173518,0.0033377288678122508,4.166666666671759e-05,-0.002345339171076266
2024-06-10,-0.008562124742014121,-0.0013166642803512651,-0.004892412125141021,-0.004704339790053469,-0.009887970203707352,-0.0022672460146762052,0.002670921358116418,4.839582120497177e-05,0.005307938130353351,0.008658770371389402,-0.003044105582146517,4.1666666666495544e-05,0.0018241845752295927
2024-06-11,-0.005209228406871325,0.0005992130185370481,0.0033432591804949396,0.001353563993674145,-0.004060781423018023,0.006979465993381062,-0.0001488095238095788,4.8188492565826024e-05,-0.01323140820360047,-0.002835157199740035,-0.005955867760337852,4.166666666671759e-05,0.0020062697351430625
2024-06-12,0.007716842637434551,0.009223743957821329,0.005487952771906723,0.00780058072163925,0.0077135409846880165,-0.003223726501121238,0.006879784495983587,-0.00014880952380946777,0.0023367419095874364,-0.003515842895183363,0.0021875813285445744,4.166666666671759e-05,0.0005951534664923042
2024-06-13,-0.009161688162919068,0.0005936600898259758,0.0013644416720974828,-0.001913031661853748,-0.00885710495019676,-0.004366125647536356,-0.005352247990719983,4.814969199129493e-05,-0.00035553016893219436,-0.006905554587361418,-0.008890097207039704,4.1666666666939634e-05,0.0018249164242332139
2024-06-14,-0.001932167547559871,-0.01198117407453847,0.00822478984024988,0.004494392409769565,-0.008164350827418954,0.004872502745689733,-0.0057617670835676815,-0.0001488095238095788,-0.008621659174087526,-0.00014880952380968981,-0.0007367197555614435,4.166666666671759e-05,0.0006606977999847885
2024-06-17,-0.0005530017825324807,0.0027614084905478453,-0.0013998215110337942,-0.004540066128027709,-0.002224531222109083,-0.006141890606100597,0.0028020708735385647,0.0004423727177562675,-0.007860279541725412,0.009374896287674517,0.0016159586967401385,4.166666666671759e-05,-3.991321208007825e-05
2024-06-18,0.003735200711615372,0.0019157347015728021,-0.0017884694529080036,0.001696513595222049,0.007469134548658829,-0.0026021085665404176,0.00023502602055835986,4.81628401511891e-05,0.009722988246783082,-0.00014880952380968981,-0.004259277506220016,4.166666666671759e-05,0.0025569426809559648
2024-06-19,0.0005514776144035505,-0.00131446146467884,0.00232442529856991,-4.405059021495017e-05,-0.0012169794892541441,0.0003261245899432996,0.0,0.0,0.0,0.0,0.0,4.1666666666495544e-05,-0.0006034830476695507
2024-06-20,0.005235063153932185,0.009094224232968795,0.0023188809910386077,-0.00013194781830894176,0.009417185487321733,0.019396942810207873,-0.00399470053373796,-0.00015873015873013596,0.006496978842073897,0.012307517126166179,0.004558417660217806,3.472222222233867e-05,0.0005403743119223314
2024-06-21,-0.013293424047426838,-0.0033202640112732773,0.0024581397726739507,-0.0010119782049665682,-0.0062562148466299705,-0.007994882962603866,0.0015098465637441993,0.0006289200115319193,-0.005117507728826909,-0.0031535668284750074,-0.0025063009052117557,3.472222222189458e-05,0.0012817264597548839
2024-06-24,0.014861226759802282,0.005115889949707464,-0.0008654603518538639,0.000792803486487248,0.006626861638404424,0.001611863250560841,-0.0004152489097427603,0.00023465888790696887,0.010015662454753382,0.003846617523999951,0.004547177411525327,3.472222222233867e-05,0.000892757269361999
2024-06-25,-0.006569044906956201,-0.0031959787413508023,0.009287730413245487,0.0009681328277819645,-0.0076804230493532355,-0.00418415918722459,0.002917439384223952,-0.00015873015873046903,-0.002625378305286974,-0.0024859211327172837,-0.003671664546362474,3.472222222189458e-05,0.000997507461923286
2024-06-26,-0.005786008058184189,0.001306095338071911,-0.0016687135460129454,-0.0030994940850807007,-0.0005528951894465672,-0.004848093179025348,0.0023971193418614867,-0.00015873015873002494,-0.010667635180481305,0.005506070644731409,0.0004289051051322712,3.472222222211663e-05,0.0014713312160854475
2024-06-27,0.000831744524895095,0.004269391462053518,0.0010029777470683676,0.0008599030006704034,0.0021019424943353737,0.011529777138418407,0.004302022944117967,3.8055066413189564e-05,0.0012990041742633185,0.000977353240427803,0.006300335351712372,3.472222222189458e-05,-0.0005828148051054693
2024-06-28,-0.0012464650061616567,0.005904789708974789,0.00042925407966154516,-0.0027098656697083223,-0.0057406706227924875,0.001605394061335419,-0.002442528809415645,0.0002344268263339,-0.003693861337860649,0.0031790369062565382,-0.0019088040779361437,3.472222222211663e-05,-0.0012320399797028925
2024-07-01,0.0030498475133788894,0.0,-0.007821316122736288,-0.004882458303218318,0.007106363580684061,0.006250942821438121,-0.0019939238931181436,0.00017742131584341791,0.0008847179383522086,0.016142054457607413,-0.0023800539564652334,3.472222222211663e-05,0.001595866838524973
2024-07-02,-0.0015201723741686823,0.0035218742595282126,-0.0030283140241761375,0.0012433293448699256,-0.005953709363356374,-0.0006370872677334827,0.0021393534012044135,3.8796352677339385e-05,0.0017175017112140978,-0.00343189758470408,0.009468121224329273,3.472222222211663e-05,0.0019706708216500335
2024-07-03,0.0037367519285329553,0.0053813223385124065,0.0038089077639862357,0.004878012162201628,0.004880254826292729,0.01051956539546084,0.0013697456396806196,3.875734365954564e-05,0.01274177614969152,0.00016947380035992055,0.007588609420644321,3.472222222211663e-05,0.0020365822892309815
2024-07-04,0.0034476173728590354,0.0022108348418814483,-0.001921246928728193,-0.002206581804664598,0.008498775447515206,-0.002208240400729422,0.0,0.0,0.0,0.0,0.0,3.472222222211663e-05,0.0014162499932091066
2024-07-05,-0.0023362657307455237,-0.00150931562160328,0.000769947432655238,0.003914240591455398,-0.005691035799631372,0.009800841679275196,0.001240116972264227,0.0002359990317875038,0.0006629791903141058,-0.0014718100899174802,0.0033893590928006923,3.472222222233867e-05,0.002481552902417583
2024-07-08,0.0012398841997105503,0.0026745744264020654,-0.0007212608049356195,-0.0005286519815626001,0.003742389439019611,-0.009236010475345058,0.002254404917143793,3.8556561700930914e-05,-0.0011850443749704676,-0.005089706302626618,0.00043057315410321984,3.472222222189458e-05,-0.00024832392368068223
2024-07-09,-0.0005501868773634122,-0.0006958341938466672,0.0005293421228496076,-0.0010799326734072245,0.0012062555349376947,-0.004740085138687511,-0.001299137385158744,0.0006309319764083998,0.0025123114005798364,0.0041360201077469405,-0.008403705166231235,3.472222222211663e-05,0.0017059434568156284
2024-07-10,0.0075702911527371075,0.00301722949928096,0.005146310134851451,0.0031550324603593083,0.0017525991020561626,0.011747837898228086,0.001997631016411372,3.836201110463122e-05,0.009882311717568815,0.005762208424942017,0.006373370585269322,3.472222222211663e-05,0.0006026058905952425
2024-07-11,0.007377079209262671,0.00809906935883542,0.004210521502793219,0.00290316190009543,0.010496212136552163,0.01302367480299571,0.008321371076120965,3.8490735793095254e-05,0.009376597836311618,-0.013893210981623438,0.002201126583824875,3.472222222211663e-05,0.002376969750656155
2024-07-12,0.007865521747364435,-0.0049351363192082776,-0.003192382962716289,-0.000526310120578688,0.0028132436053194265,-0.0038723669370201996,0.00624185565052926,0.0004323970363122598,0.007678947693582572,-0.002148152187772534,-0.0007473397324202491,3.472222222211663e-05,0.0013537797190361633
2024-07-15,-0.007669636027705984,0.008073846959438136,0.003824126422123486,0.0016895154413634206,-0.007660817323790758,0.011662261366386595,0.002709160292492019,3.850278694050857e-05,-0.013119805783013971,0.0005059433545964165,-0.002514417668583291,3.472222222233867e-05,0.003346346356025931
2024-07-16,-0.00040955194926706184,-0.0009154785832897749,0.00158223468143448,0.0006352676093530629,0.0,0.010759299512262954,0.010162224077190807,3.804540045626581e-05,0.00610392020954631,0.005817179713705212,-0.0019296331236081654,3.472222222189458e-05,0.003148807254314434
2024-07-17,0.003957996405097752,-0.01797967800346212,-0.0018191601136517965,-0.0005472860125261825,-0.0018483533860970125,-0.011709171924792483,-0.008404749500624309,-0.0003554670049138453,4.2057185370980577e-05,-0.017650482169117798,-0.0025242380055721103,3.472222222211663e-05,-0.0007863037902646752
2024-07-18,-0.0009549734451644865,-0.0029156451046467025,0.006374833407534641,0.0010951713970390742,0.00021799072312611578,0.001230939779837792,-0.010335070969082594,-0.000158730158730358,-0.004775341234014241,0.0005131690417448098,-0.007864807692220643,3.472222222211663e-05,0.000993832480131518
2024-07-19,-0.00587275517464847,-0.0009357310367784644,-0.0037909326962273227,-0.001794112053288499,-0.009148490740520598,-0.02090062450585406,0.0009700082167178881,0.0006291253659926888,-0.00015873015873013596,-0.004186921172807279,-0.004937721751561042,3.472222222233867e-05,0.0019419226930652567
2024-07-22,0.009891604165506829,-0.0016387648123362686,0.000481448640597959,0.0001973234660450629,0.009562506471301413,-0.007377101478543535,0.0072300450664333216,-0.00015873015873046903,0.008512199654339803,0.005570912429641917,0.008844811076792247,3.472222222211663e-05,-0.0011706414972666446
2024-07-23,-0.0017684535929124445,0.009146245908656203,0.004237023439795928,-0.0001533970871689938,0.0,0.010910757609946753,-0.0007803965709592964,0.0006285051383143614,-0.00675600209521765,-0.008536810206403955,-0.006107438153971745,3.472222222189458e-05,0.0021192727345804574
2024-07-24,-0.005042164813346406,-0.024982480977720822,-0.0021094604454892085,0.00041636768108932465,-0.003810635928140016,0.0007821054427454843,-0.007622284932476298,-0.0003555304122385694,-0.0009637374068203197,-0.012324913111096403,-0.009733872582286862,3.472222222211663e-05,-0.0007712396072960814
2024-07-25,-0.008628846000092394,-0.012036861715508662,0.006822260492621579,0.0001972326833776794,-0.0025135265891813585,-0.030009397582614783,-0.005798910343823849,-0.00015873015873046903,-0.007006681790909242,-0.006316813529225862,0.001653974681887549,3.472222222189458e-05,0.001521485536643885
2024-07-26,0.010499786283112877,0.006393420333798083,0.0030539369199336086,-0.0011609157729756125,0.012928899443818809,0.01176288932533831,0.004882857227737292,0.00043145248194287333,0.008561766852344332,0.0025951139596605,0.009491418605569457,3.472222222233867e-05,1.5975285460045896e-05
2024-07-29,-0.0020506646702951326,0.0044349091470738955,0.0007137261624541313,0.0025438076681887356,-0.003137179485930175,0.0001592221405481986,0.0022870533850600783,0.0006274931243384074,-0.0027723938630324074,-0.003248305689384834,-0.0031453820658271514,3.472222222211663e-05,0.0015858120232694617
2024-07-30,0.0069874656126331924,-0.0022672924543495343,-0.0035654135322624736,0.0018592862618709294,0.008572274286273052,0.003821694926851027,-0.001597596170767046,0.0006272093369494858,0.00750088403149074,-0.004290955239388161,0.00822950558779234,3.472222222211663e-05,0.00044457419445054214
2024-07-31,0.001360413184396947,0.009926852403400854,0.002814814015435596,0.0011789231363770192,0.0032274664318505675,0.00793147177404907,0.005854733147278024,-0.0007477218686423592,0.0014416224486646367,0.0005327707253133251,-0.010259943363761237,3.472222222211663e-05,0.0027628884744643756
2024-08-01,0.0,0.0,0.0,0.0,0.0,0.0,-0.009765641585383289,0.00031511094176961407,-0.00015873015873024698,-0.018126938125876957,-0.006761336403850793,3.472222222211663e-05,-0.0005902054258386524
2024-08-02,-0.03301641303324243,-0.06501652539285241,0.013844598052438872,0.012691879750850177,-0.03882024601503886,-0.023135051372695448,-0.014016214032772756,-0.0023291257295883216,-0.002555342384275683,-0.03323411692033906,-0.032182806297268884,3.472222222211663e-05,0.0005709804155615839
2024-08-05,-0.028382745181757096,-0.02659921107215313,-0.0005631516324102748,-0.002584006126451155,-0.02699983804944528,-0.015466467588680755,-0.013444377323524215,-0.001147563836554677,-0.022581037813002358,-0.024176048585921928,-0.03261817251821553,3.472222222211663e-05,-0.0011995253024383867
2024-08-06,0.00332606849430217,0.0065063074188691505,-0.0017841462552988796,-0.0016840325445105497,0.0034400066761475223,-0.0085091660605765,0.010328214457691276,0.0020187902627932797,0.006189766819303166,0.002451225487648534,0.023067129138061526,3.472222222211663e-05,0.0012326843391508024
2024-08-07,0.02363794119689433,0.02714931897432571,-0.007525854887538763,-0.002227543099674545,0.025254133149171354,0.02096047311461402,-0.00938360435211294,0.0004334995338783898,0.0069638175904875865,0.002444431351565912,-0.008355547360347715,3.472222222189458e-05,0.00031573789185479484
2024-08-08,-0.0019713410606413406,-0.023914498874034962,-0.001658848126770196,-0.0008669202935623899,-0.003120836745760691,0.00856781286340147,0.017686817319266357,3.8785417421083324e-05,0.008529720221329473,0.012452514241466206,0.006834313666970404,3.472222222211663e-05,0.00036932539014555843
2024-08-09,0.003104073155027587,0.03133480065075145,0.004509962766577891,0.0024729907454474898,0.006037582952127529,0.004007052255444066,0.0035259254510933147,0.00023597269701292056,-0.00035899371566139315,0.0005740374943068449,-0.0020526861560965504,3.472222222167254e-05,0.0038032035246693408
2024-08-12,0.0016879019853572874,0.008626971959107,-0.0016541443468283124,-0.0006275829625568274,-0.0013336208177907594,0.015006326648373092,-0.0025638283510774906,-0.0007506759432346355,0.00184487628403196,0.005331686112170164,-0.002056132414503642,3.472222222211663e-05,0.0026686875045203173
2024-08-13,0.0028076985102991614,0.004834509669796594,0.0022721848085283103,0.0031614649645685944,-0.0013356245456799254,0.0012582381382952867,0.002886407261776469,-0.0003559119527506427,0.0128387106586485,0.004573704383912247,0.0011085353821700394,3.472222222189458e-05,0.001901542121917732
2024-08-14,0.012461705414327673,0.005428175689709658,0.0010862591555282908,0.0009065752022039408,0.014932171217143075,-0.009267929005928544,0.0018650984069950027,-0.0003562012270486026,0.0016177952174372123,0.000565919191500841,0.0030059039308685254,3.472222222189458e-05,0.0027931549969280045
2024-08-15,0.006637948687162609,0.025766772984723962,-0.007925934105186605,-0.00463664227670868,0.01065002687896377,0.011732936793534154,0.007542448284391323,3.8779912112874015e-05,0.004176293063636649,0.010340923487486053,0.011197835934439127,3.472222222211663e-05,-0.0011150904945246287
2024-08-16,0.0026105856293661134,-0.005502244214322438,0.006990599372016515,0.002903277629151768,0.000543224758346339,0.010813390813448231,0.0033492248768336452,0.0004335161222452921,0.005334569348429907,0.0034241967913126725,0.002960278519766435,3.472222222189458e-05,0.003239165851449677
2024-08-19,0.006439906262272421,0.005171979953168648,0.0023140728342090355,4.316247209512625e-05,0.008034600553647353,0.0007751937984497026,0.00570903202336881,0.0014196028540207628,0.009987817790844566,0.0030543841593495547,0.0041944935178079845,3.472222222233867e-05,0.0009255673270407438
2024-08-20,-0.0017698982308518296,0.0005982091991405536,0.0026385171549871966,0.0017282785221066632,-0.0021541938254708848,-0.004027847538245588,-0.004502708211819195,0.0004324826812234228,-0.006919518949070613,-0.005496819171970868,-0.005731534566858043,3.472222222189458e-05,0.0037451166622817222
2024-08-21,-0.001636571285042021,-0.004588965336232986,-0.0042293702403715105,0.0018545551617816791,-0.004209735763627376,-0.008399477693260327,0.003830383977150964,3.827983384652178e-05,0.004314308447021631,-0.0008742294839693132,0.00606807182863256,3.472222222211663e-05,7.057467992166444e-05
2024-08-22,0.004508369798639444,-0.003258800720653876,-0.005143916543304594,-0.0023678146361100216,0.008021644549991436,-0.012392195159313779,-3.4587098856619924e-05,0.00023479613813015554,-0.00248210718066455,0.0009153251761098158,0.00045996674917891944,3.472222222233867e-05,-0.0006317283229874127
2024-08-23,0.0042156496615450845,0.001574168148216204,0.005645003493851775,0.003301243766506534,0.003226185672755788,0.010959378465097647,0.0076622922805291704,0.0004316182233428112,0.012649326133273409,-0.0015893683891534671,0.004788795028667137,3.472222222211663e-05,-0.0006190341425899026
2024-08-26,0.0010834754900830301,-0.0019342910775094202,-0.0057548347057654325,-0.002645164353459628,-0.0026798066221151995,-0.0015710919088766095,-0.0016368972781992674,0.0002344092468904435,-0.0028413296423853707,0.0009157857576365114,-0.000158730158730358,3.472222222189458e-05,0.0010901586518601292
2024-08-27,-0.007575897446050139,-0.0035129688754926836,-0.0011386257259216048,-0.0019621709400057252,-0.002149777980011369,-0.004091228302026018,0.0026789260901733947,-0.00015873015873024698,-0.00419317977251743,-0.0023053795789025333,0.004764293911996731,3.472222222211663e-05,-0.001200784077502015
2024-08-28,0.004907373713408658,0.001701881630073565,0.004607294093965875,0.0008209642688412622,0.005493312866083899,-0.005530099328468707,-0.005571696815185767,3.8219350977808375e-05,-0.00015873015873024698,-0.0005173632642384574,-0.006282434911496937,3.472222222211663e-05,-0.001637657009722071
2024-08-29,0.005290359750485418,0.005703698541731583,-0.005720711551327917,-0.0015758354197445978,0.004392196074444632,0.014299332143144605,0.003428201453761659,-0.00035564088696693474,0.006014077422600295,0.0030693666419663312,0.006002705406289666,3.472222222211663e-05,0.0018184327806283207
2024-08-30,0.002294066511621118,-0.0021718524755861557,0.0019494703266713653,0.001708019495361368,0.0036262379342946183,-0.006892268555442005,0.0016901328124425685,0.0006276551620993942,0.003100479880219442,0.002701523521557503,0.006577373652699947,3.472222222233867e-05,0.002264114426182351
2024-09-02,0.0012114265247400446,0.008586115763394186,-0.005932302954328339,-0.00403628820396662,-0.000531390440801971,0.0014195968676065096,0.0,0.0,0.0,0.0,0.0,3.472222222211663e-05,0.001016176800978652
2024-09-03,-0.009815661457736824,-0.013668899929380918,0.00444004525311037,0.004811154164438225,-0.007549117481417733,-0.008190285095405758,-0.011830491125076281,0.0004140505195791011,-0.0024519162652874016,-0.007288819159968818,-0.00563323050862774,3.472222222189458e-05,0.0004970901150602725
2024-09-04,-0.012085911310514175,-0.011548970259182112,0.00099820956891028,0.002933322500410007,-0.008677974463612514,0.0034937464894122527,-0.0014058866527368874,3.878182103522754e-05,0.004055068581067411,-0.0023130114432101667,-0.001381958696989538,3.472222222211663e-05,-0.0014796111734273198
2024-09-05,-0.012508836038719884,-0.0029515855908968103,-0.003276486160465386,-0.0005807033596401112,-0.008645859580568516,0.002057268148033753,0.0014645879850512245,-0.0003562031352172257,0.001557898437252181,0.0009206597989752652,0.0004535974414665578,3.472222222211663e-05,0.0017403303720222585
2024-09-06,-0.00862976020420192,-0.01961265872364759,0.0034301094435242874,0.005938866671920007,-0.00892075769363787,-0.0034744348777934198,-0.006142292166550822,0.000631068795651224,-0.008155806464820614,-0.008426144845884886,-0.0130106691259817,3.472222222211663e-05,0.000717863129536811
2024-09-09,0.006458676258232154,0.006919891810370338,-0.0007122689842690155,-0.0021605057268394567,0.009225909583575609,-0.0015847860538825698,0.002098365402555924,0.0002357332893014874,0.005791389201539099,0.0041906651534286965,0.002321167112073308,3.472222222233867e-05,0.002780627933929969
2024-09-10,-0.0019533042153749847,0.0031237713609544304,0.0028506589210257616,0.0003215781164966902,-0.002340928941268472,0.007460336836557557,0.0029069146460616313,-0.00015873015873024698,-0.00015873015873024698,0.003449980729207658,-0.003869193635424928,3.472222222189458e-05,0.0019405801095622177
2024-09-11,-0.004472661704321146,-0.00921754243702222,-0.0011369330060105876,0.003814472494290344,-0.0018996665467300167,0.0026784499359311376,0.003770935290185351,-0.0003560084477735037,0.0002229229012762346,0.0009201881862452854,0.0017032661177116548,3.472222222211663e-05,0.0038796134829923723
2024-09-12,0.00716088948239757,0.03419670192876123,-0.0016600324720289494,-0.002326976013284132,0.00806073409493857,0.020898785799409847,0.003692768994365103,0.00023582136576894008,0.008996286610087445,0.0023556019677128948,0.007895960793014911,3.472222222211663e-05,0.0025701971289153747
2024-09-13,0.0040426869042091695,-0.0020667466897530407,0.005463365985970192,0.002054257791854086,0.005108857102328779,0.0033861969612063447,0.006153878676619318,0.00023541713517416518,0.00834631653852691,0.0027076720659011677,0.010289943938429857,3.472222222211663e-05,0.0033433939000244717
2024-09-16,-0.0024995679181326613,-0.0010963869128126635,0.002646071661249305,0.00025629399293514155,-0.003093899732515948,-0.002147606015693748,0.0029165446011729657,0.00023551036742297526,0.007712303378140994,0.0030566042408106675,0.0004495713180370231,3.472222222211663e-05,0.0031740902728605302
2024-09-17,0.0032018702639433627,0.009756337047373664,-0.005183796831939036,-0.0004056693952216861,0.005874512396378595,-0.003074558032282626,0.0030293944203647616,-0.00015873015872991392,0.0020727033843641607,-0.0019393102883783486,-0.008061558133433011,3.472222222211663e-05,0.0001616750552826396
2024-09-18,-0.00444011154009194,-0.0066427088925026245,-0.0005210883014373779,-0.0028405326864430203,-0.008484812536061148,0.0007710100231301809,-0.001258723038068399,3.8022592785846854e-05,-0.0059102187334175715,-0.0047967682322308525,0.004130475582071247,3.472222222233867e-05,-0.0006152996739766659
2024-09-19,0.008919598940034357,0.019939119783736636,-0.006967150077969442,0.00012848018662903193,0.010780229013653386,0.007087789808840617,0.009640872628878805,4.815289999893224e-05,-0.001081857265245123,0.009887043972057974,0.009613207796966616,3.472222222189458e-05,0.003350781121740587
2024-09-20,-0.012846800582765439,-0.0034568557065460803,0.0021000714168226686,-0.0021843931740240796,-0.010995077309675305,0.016064872081102743,-0.0005126692105730246,0.0006386366977850777,0.00694871791599283,0.003399939187590073,-0.0043784071462040774,3.472222222233867e-05,-0.0015882036410254097
2024-09-23,0.00419797922202747,0.0034688470101282842,0.002952881232528126,0.0019101937723486895,0.0036687045940955176,0.0012047114252926594,0.002033518710894411,4.8041879352256345e-05,0.011164268946075362,-0.00014880952380968981,0.0022784199706364916,3.472222222189458e-05,0.0005045293935102002
2024-09-24,0.006131556826315165,0.0007152724573324942,0.0022318984317259982,-0.0009639501834795006,0.0013291881079238177,0.0042111410590430776,0.003963955294067567,4.792044210888413e-05,-0.0008823655437030231,0.005508915299824002,-0.0007540946255245595,3.472222222189458e-05,-0.0008201923870345684
2024-09-25,0.008310248676610676,0.003216193100579412,-0.0050698135761715335,-0.000536067320976108,0.011836384228158137,0.008386963432016614,-0.005088185037615656,-0.0001488095238095788,-0.00510385434181948,-0.001555376310169665,-0.012262691549729476,3.472222222233867e-05,0.0016313448216769277
2024-09-26,0.006456056645524733,0.006768045930075406,0.004714734476576332,-0.0010297440115311085,0.006450233671708938,0.002079347154975597,0.007226415015654686,0.00023440434858290615,0.0015012263059970277,0.004418808653843476,0.006585562108768261,2.777777777773771e-05,-0.001325474300609919
2024-09-27,0.0030027088338548946,-0.006958563491175518,0.0010901722557041804,0.0014387857099187329,0.0032585600589902786,-0.012894637690271105,0.003446473855118981,0.00023466308277386716,0.004444510622110043,-0.004013195905846256,0.008367508661663248,2.7777777777515666e-05,4.612578361351538e-05
2024-09-30,-0.005987103512552605,-0.0021375466664639298,0.0027934899190045215,0.00040749633739012303,-0.0022737211894557907,-0.005255255255255387,0.0017570878755590602,-0.00035510159137064345,-0.00254149479559318,-0.0015787217004419318,-0.000158730158730358,2.7777777777959756e-05,-0.0010743130892538755
2024-10-01,-0.004654483705255341,-0.00737927851718001,-0.00075538968874167,0.003451217565106912,-0.01030917542740184,0.013735812205188713,-0.003738461620458322,0.0004932155355981127,0.0020459810167170467,0.000907852505788842,-0.007427155675196362,2.777777777773771e-05,-0.0015418294462139492
2024-10-02,-0.000687710315880885,0.006834683833780497,0.0017483957822959084,-0.0035674929698323865,0.0007674039510947583,-0.001786705204728567,0.0017636979932122987,3.870793542648521e-05,0.0007578227889950551,0.0009064926303177234,0.002970223533805383,2.7777777777515666e-05,0.0015482295274982238
2024-10-03,-0.008257637287646946,-0.0010719327550576807,-0.004905724293404634,-0.0020581773215909704,-0.006245080065252928,0.004773196681595815,-0.0036369409709389178,3.8586402089979543e-05,-0.003638561059720602,-0.011155559843867069,0.005455620694645225,2.777777777773771e-05,0.0014629541388508915
2024-10-04,0.0013877132555197846,0.009418147538917454,-0.002844098122241401,-0.007282758558519342,0.0011025815169010134,0.010095084730681547,0.005859158825247457,0.00023623782533843674,0.004252238213862558,-0.003745409445403358,0.006665100086028719,2.777777777773771e-05,0.0007561898358465768
2024-10-07,0.0005542932834692316,0.0,0.0037079403178195136,-0.0008656726583032848,-0.003854785094356661,-0.008377442684456171,-0.002432050043548406,0.00023591686651158739,-0.0065632325251573365,-0.007718042552262827,-0.0050878991692837605,2.7777777777959756e-05,-0.0016393833582282191
2024-10-08,-0.0004154042556391291,0.0036613609260596203,-0.005683495455346299,-0.0015811258868076994,0.0005528145662581085,-0.011560675339924775,8.138502107790657e-05,3.830931696158224e-05,-0.005499482342218087,-0.0005216059213761781,-0.000777919638577429,2.777777777773771e-05,-0.0017644312474320856
2024-10-09,0.00845211393414047,-0.0011768910704181845,-0.005906400230087816,0.0010629943089046634,0.0059668606991354345,0.0038985987265811595,0.001039765354929001,3.860034628155873e-05,0.0002116167843015937,-0.00015873015873024698,-0.0013978763847313225,2.7777777777959756e-05,-0.0024509006919209986
2024-10-10,-0.003572157594709635,0.004359140610020518,4.7868529535310955e-05,-0.001798640696358933,0.00010997539152790559,-0.0008961547213404142,0.0007994084182558758,0.00023544076156367666,-0.0010841043815545959,-0.003061496064189817,0.004183803222639337,2.777777777773771e-05,-0.002770593838040236
2024-10-11,0.0052400418967544216,0.006217154914452516,-0.0028268927277712574,-0.00019544711737240483,0.004063804940802607,0.013753850853771121,0.008812608824625201,-0.00015873015873013596,0.007992451745713947,0.0049359559455646185,0.001076448918415407,2.7777777777515666e-05,-0.004070390907852328
2024-10-14,0.008641977536361978,0.012706828511704238,0.0070633035323839355,0.000977115999210465,0.006781673305919833,0.0036867719952944356,0.0012638687531729698,3.840126587317805e-05,0.007007804683168084,0.00020326087397837256,0.0035427955152944612,2.7777777777959756e-05,-0.0032157439664195486
2024-10-15,-0.005032213051149537,-0.006215991980246027,0.005486901009371881,0.0030369949638224814,-0.001955603722867183,0.004848734861155446,-0.0012243033871042197,0.0002354549841976361,-0.000158730158730358,-0.0030541419768694844,0.001685067863016032,2.7777777777515666e-05,-0.0027025198144976503
2024-10-16,-0.0017768015414604266,0.0,0.0027995873366526425,0.0011246996564127087,-0.0044633068488298955,0.007018551866672551,0.002744578311127288,-0.000158730158730358,0.009146162553033799,0.0031081525233800367,0.01027069365827904,2.777777777773771e-05,-0.0015227190046119832
2024-10-17,0.0069830749734063335,0.0069499283073726215,-0.0008990009754104022,-0.002484415233777404,0.0016402014817249455,0.007986060552510388,-0.0029353606411154365,-0.00015873015872991392,-0.005039431071616529,-0.004500314143557449,-0.0007658203941709463,2.777777777773771e-05,-0.0037015179973873824
2024-10-18,0.002584073503330453,0.00034499479770455643,0.0008524945602230716,0.00021665498540368588,0.0036027266996463414,0.008643042198925421,0.004107137122083548,0.00043231457460901623,0.003837606821389228,0.004565091788194087,0.0034863685083950102,2.777777777773771e-05,-0.00026015190162753665
2024-10-21,-0.004476072786668395,-0.005634556700446214,-0.006057226440099095,-0.0040057003641554845,-0.005439145816696467,0.001713813462026037,-0.00299068525596613,3.79214302170805e-05,-0.009567132461950845,-0.008115334114976558,0.005289369086526996,2.7777777777515666e-05,-0.0010222762550060605
2024-10-22,-0.006811671230145588,-0.00034701050360930186,-0.003951480208422509,0.00015217325277272487,-0.008859091093498916,0.007841459664325923,-0.0005137531663254036,-0.00015873015873013596,-0.0030810896403312693,-0.0005232286203953329,-0.00798540612826737,2.7777777777959756e-05,-0.0008852825836880296
2024-10-23,-0.0021948917734074813,-0.0016196737149474227,0.0012904257571595412,-0.0025865516931518062,-0.001434470138137689,-0.00862927770606614,-0.005485314572630906,0.00023482488770398824,-0.0014409492527742707,-0.009640828908341503,-0.004406264675970384,2.7777777777293622e-05,0.002188209860580992
2024-10-24,0.0027492543082840992,-0.0016222109096578619,0.0040099588731203895,0.0018958974110114823,-0.00011064380417424857,0.004994292324437044,0.00317327722612859,-0.00035543026962603363,0.0014920176512627226,0.0035231843719449873,0.006544369759726276,2.777777777773771e-05,0.0005765798662253907
2024-10-25,-0.0013708583160108034,0.002785438642068483,0.002662529302759342,-0.0009787737708129018,0.00011065604758031533,0.0036916607499049015,0.0005530002617535335,3.800865071101889e-05,-0.010596459756534782,-0.0019930494758916284,-0.0025799473904528636,2.777777777773771e-05,-0.0005843443956716765
2024-10-28,0.0060407564540911896,0.00011576390087886246,0.0025134124891044163,-0.0018070602422970428,0.007625121053839612,0.0,0.006952859205436646,0.0006280702848528996,0.010389094783668007,0.00351641900518862,0.004695595003830322,2.7777777777959756e-05,0.002997775111724499
2024-10-29,-0.011326720871842277,0.0027775605825663963,-0.00638580355313878,-0.0029663603441897335,-0.010528759700514922,0.012165759356233874,-0.002747859685585885,-0.00035486461654565815,-0.014624921422883297,0.0027706079982747767,-0.011028266339841553,2.7777777777515666e-05,-9.948526944403291e-05
2024-10-30,-0.01048987235216936,-0.0015004084615329871,0.003522926954675931,0.0015750615566476611,-0.009864620330631624,0.003354331815601075,-0.003226604143320433,0.0006276881625386643,-0.0022026024252804755,-0.007460647359092798,-0.003821700846239673,2.777777777773771e-05,0.0043365942606994334
2024-10-31,-0.013251488713871828,-0.020457733317883586,0.004601536369037484,-0.0008081120745941917,-0.015448494318511585,-0.018526324524059223,-0.006431728763260924,-0.00015873015873013596,0.00021360968748740383,-0.009720960886576924,-0.004447976593323855,2.7777777777515666e-05,0.002031247877358089
2024-11-01,0.013288239208063546,0.013097480791282257,-0.00288061655697347,-0.0017488684160492651,0.01739625774980258,0.008373580213590248,-0.0006119528617387626,0.0004927488588393203,-0.013186832752609234,0.0013264114146394057,-0.010620314024127442,2.777777777773771e-05,0.000983594919217845
2024-11-04,-0.004882916444917562,-0.012112710790708858,0.004925239901807599,0.002080328258110553,-0.004023324871561318,-0.010415234924788908,0.0012736566729121268,-0.0005534680919041524,0.0013499570298614039,-0.0038664281805054213,-0.011352730266656952,2.777777777773771e-05,-0.004614868152246765
2024-11-05,-0.002383474942565522,0.007073746177018503,-0.0035344775897332426,-0.0018356162699205703,-0.0031416983027384715,0.0005689438599809638,0.009137858489270956,0.00023616365401135653,0.014339333224796524,0.00281849803510692,0.006130664162651955,2.777777777773771e-05,0.0019367478307945607
2024-11-06,-0.0008428353048978154,0.02786242034865638,0.0016552436874983645,-0.0028460738889347637,-0.000450134098318844,-0.011798134744802624,0.013539896166016474,0.00023600777444388044,-0.0064690642751565886,0.003180806587383289,0.021091218798175992,2.777777777773771e-05,-0.00021348171183011022
2024-11-07,0.003937782709417137,0.008655812172163824,0.0016997504550664289,0.0033372425040552045,0.003941383913894203,0.005322226901701255,0.0034524739630681367,0.0006301059231508255,0.007872716413644953,0.009456545543514494,0.00045332884050819366,2.7777777777959756e-05,-0.0007077488444001689
2024-11-08,-0.00840560106186683,0.002710129044534604,0.00014141168695780415,0.0014004919773262792,-0.005832931714562561,-0.00014313437916624316,0.0003156697984261214,0.0008366223699882713,0.002259853080975205,-0.0030791441117088425,-0.0019837246091231053,2.777777777773771e-05,0.0017299203522056494
2024-11-11,0.0077706238406149986,0.009797236538101828,-0.0021206533066077116,-0.0012455720144122218,0.009816098742049029,-0.01989119007114859,0.012149803344897903,-0.0003459967992910373,0.003178392415069675,-0.003087756208831949,0.001689478664231192,2.777777777773771e-05,-0.0017226249734201282
2024-11-12,-0.01668213464564494,-0.00267640698648286,0.0025502365517435788,0.0009408212186170495,-0.015530801288742069,-0.0035041967126744344,-0.0033580918999643883,4.841664216215236e-05,-0.013781838084871878,-0.001622768892186044,-0.006876646501708716,2.777777777773771e-05,0.0015371274422113501
2024-11-13,-0.0007130253067133552,0.00021382521799306886,-0.002261233894193304,-0.001770537616185397,-0.009760509784502602,-0.0017582596440020026,-0.0024483151919613144,0.0002448277253339626,-0.004071057436584757,0.0002202823167372081,0.004161566011713136,2.777777777773771e-05,0.001519403460612967
2024-11-14,0.006420281774993208,0.007178054691967306,0.0016525083834284526,0.0015765446409907735,0.008481368415680146,-0.0013209502348906499,-0.00591159298370858,0.0006387284271747173,0.00041371797891009976,-0.005313028067514991,-0.00014880952380946777,2.777777777773771e-05,0.0029385946243720706
2024-11-15,-0.013042102447521353,-0.018151475213297186,-4.709009148973209e-05,-0.0025360773606279974,-0.008978087291563575,-0.00220458545881419,-0.0028148035988725395,0.000834408669785569,0.009034075624008153,-0.0008903180148324141,-0.0007620638142424863,2.7777777777959756e-05,-6.232279624840409e-05
2024-11-18,0.00043091613668155837,0.0005673068772993339,-0.0006598846830783156,-8.768770551470517e-05,0.0028667541814968445,0.014582358260261774,0.005313928203061868,-0.001131061948949852,0.010250507628734695,0.00022218092260262168,0.007213226755551361,2.7777777777515666e-05,0.0016041233106756092
2024-11-19,-0.006460839878493552,-0.0024938711030674243,-0.002311343744642147,0.003463393234828027,-0.006289345481446107,0.0005807555475489945,0.00886757573173047,-0.00014880952380968981,0.007570329133470555,-0.0005196623873522377,0.007159492360349962,2.777777777773771e-05,0.0013428684620839793
2024-11-20,-0.0017342448306507663,-0.002727131333554844,0.0013710072042303345,-0.003320298381036868,-0.0006902747617908433,0.013203678793905604,0.003745992310598689,0.00024419954608401184,-0.0019727025671297804,0.0039327859561786305,-0.0037765514524799038,2.7777777777959756e-05,-0.00012367005919167173
2024-11-21,0.0034743963068308847,0.009115591764687014,-0.0016052663117899213,0.0014903120312077522,0.0065637740979767045,0.007589843742830116,0.003389167660056369,0.0012272860503792504,0.010996911021249778,0.0024379546812407504,-0.00014880952380935675,2.777777777773771e-05,-0.00042577967560297747
2024-11-22,0.012261851842539473,0.016147271716633327,0.005864018679405225,0.001313091911424813,0.01098264239097535,0.023166642117277814,0.0070149274854520716,0.0004400302592484362,-0.0017750974421750776,0.004274467223892797,0.011380488050631632,2.7777777777515666e-05,-0.0020427194472456556
2024-11-25,-0.001140141972339137,0.0013334123759680683,0.0013163685125829883,0.004174539871514282,-0.0010182437742488615,-0.033893629096515276,0.004367476804947978,-0.0007373027786269359,3.213446413719012e-05,-0.0045526070562847964,0.00405024402717058,2.777777777773771e-05,0.003051534982545956
2024-11-26,-0.0059921378703136075,-0.004660987548031237,0.001971993823082663,-0.0013494039924798473,-0.007702926737440552,-0.0007189072609633529,-0.003970331731557142,-0.00014880952380935675,-0.0003297207769528132,0.0031686480369672587,-0.0013436095653867053,2.777777777773771e-05,0.004566022771973266
2024-11-27,0.0015784591307594908,-0.001003534480695567,-0.0026709890852113505,0.0023755079703393633,0.0015982174149944406,-0.0033093349539118355,0.0048154583124926376,0.00024375033156265324,0.00618592111963201,-0.006394244634581048,0.004635836300259211,2.7777777777515666e-05,0.0007013021725699176
2024-11-28,0.007022357564327564,0.0016743244160433157,0.0036179683448251954,0.0018265003984876405,0.006268445544636458,0.002887252728100753,0.0,0.0,0.0,0.0,0.0,2.7777777777959756e-05,-0.0035718506151908302
2024-11-29,0.0036999835616084997,0.0015597498750752337,0.006554256851094342,0.002235368118558956,0.001812307104966493,0.006477616123402141,0.0022089266226386073,-0.0001488095238095788,0.0016498246890219725,0.005766179665262161,0.008184651529799636,2.7777777777959756e-05,-0.0019033012336376887
2024-12-02,0.0035444809807185784,0.008232319291174628,0.004511646239826028,0.00041148489979492275,0.004296124779487043,-0.001859250243525068,-0.002089582086434505,6.821391561961931e-05,-0.014870575727342739,0.0038939393634842556,-0.005461630091571079,2.7777777777515666e-05,0.002427381526537209
2024-12-03,-0.0011301999652459926,-0.0005517366361108555,0.00018510143631456089,-0.0011472455321159813,-0.0031520647296525706,-0.0004299309609238078,-0.002621939775541926,0.0014296975074734597,-0.0008776872800477786,-0.0008810487113987131,-0.00014880952380968981,2.7777777777959756e-05,0.0014019667320894769
2024-12-04,-0.001131478762504079,0.0034224838403458246,-4.617589759225993e-05,0.0013002582949719343,0.0030490743245989993,0.00014340112470589972,0.00616175747454184,-0.0003460462535268549,-0.00197222192871771,0.0031479897845410054,0.00044458953601478335,2.7777777777515666e-05,-0.0012503215303099058
2024-12-05,-0.00014156595227088342,-0.0001101172230780767,-0.00648150464456454,-0.0016449101439840463,-0.002702074025280443,-0.009602998552109887,-0.004740061625352343,-0.0005426271335139399,0.01537910229916628,-0.006720588617549983,-0.0025213344938527227,2.777777777773771e-05,-0.0001311605870383259
2024-12-06,-0.00042475798808161436,-0.002200533310149466,0.004240447957839288,0.003707068217828846,0.0013546975055822585,-0.0015918604716896878,0.0036762068508424672,4.8217633236369295e-05,-0.014180065554771693,0.004996353047322266,0.0034183401674028335,2.7777777777959756e-05,0.0005484010689558172
2024-12-09,-0.0002836417787218659,-0.003087849604246462,-0.006542524661016902,-0.0010799382974793215,-0.0011275528274885538,0.00927665335907446,-0.005527987331545914,0.0006393884608917322,-0.005622336860577337,0.000216908520770831,-0.0025184564327117576,2.7777777777515666e-05,0.00042032940604586067
2024-12-10,-0.009778688485432174,0.0011061946902655162,-0.0002803339943668881,-0.0012756553856102526,-0.00835202834579607,0.01378721354214374,-0.005895515974596588,4.8105148345634063e-05,-0.009137963263951887,-0.0008798248622502447,0.0010388955696825075,2.7777777777959756e-05,0.0002117201111213607
2024-12-11,0.004007336428577979,-0.0016575015284778782,0.0003737611593537249,0.0007793986861712732,0.002731821036537241,0.010907991083108914,0.004724139110037662,-0.00014880952380946777,-0.0038510666275292094,0.00570343791722272,-0.0013351056473536183,2.777777777773771e-05,0.0013677481750187237
2024-12-12,0.0009980698435587687,0.011621515589546272,-0.003222476389511675,-0.002055081718973728,0.0021564849073827386,-0.006726440522966004,-0.00377727086815971,-0.00036552669805201,-0.005742861607537897,-0.004532413650403688,-0.0007624696619218385,1.3888888888979878e-05,0.0020265151500102885
2024-12-13,-0.0008545852732444459,0.001094091903719896,0.004591641665160795,-0.0032949227160409267,-0.0035111025287608566,-0.0002821842698587096,-0.0008477009081706566,0.0004220932228153895,-0.0003555954955903884,-0.008568881078427681,0.00042552090498615414,1.3888888888757833e-05,0.0009795783665618174
2024-12-16,-0.002423220165354012,0.0013114924079877799,0.0031248571418527327,0.00017401756042523253,-0.0014776252627533015,-0.004798142105628567,0.0024361434311588326,0.0008150970119087386,-0.006148735448443521,-0.0005369083520292417,-0.007888363438126267,1.3888888888979878e-05,-0.0010878316975817537
2024-12-17,0.005286381181173638,-0.0014189296091402515,-0.002789690574982573,-0.0022831942696593943,0.003301084508364971,-0.003686949200350287,-0.005478105254957177,-0.0007584658084330842,-0.003053531351087657,0.00019974242831621858,-0.003759350530388117,1.3888888888979878e-05,-0.0010870083224430171
2024-12-18,-0.008243388357807357,-0.0024047364067707466,-0.0022379664810360245,0.001329403182981137,-0.006580335367139978,-0.0017078724929847633,-0.021702330384497648,-0.000955290757695515,-0.023161588375112507,-0.009008300279832904,-0.013982408511258093,1.3888888888979878e-05,0.0007675705523761955
2024-12-19,-0.01848632506557024,-0.020488551522748755,-0.0005607098517727005,-0.00361312298556693,-0.01804479981078655,-0.012118619481230941,-0.005747989590503155,-0.00015873015873024698,0.003959705882939479,-0.0027600688631792547,0.009585465113956637,1.3888888888979878e-05,-0.00047361514474830724
2024-12-20,-0.0005841743431204138,0.00011195250917150901,0.0005143886717571267,-0.001266934032141731,0.0013956628476508026,0.00808193879149166,0.008740870008273838,0.0006285290949055167,0.013122530881433558,0.0005864479317205795,0.008285170324677571,1.3888888888979878e-05,0.0012232798800941858
2024-12-23,0.007888651211019226,0.0012302090424713974,-0.002570254038580022,-0.0003281123558498411,0.005458585521477266,0.0021474588403722628,-0.003060232154868281,0.0006717793284001239,0.007744134727067253,0.0024474510886833833,0.0004392148885323799,1.3888888888979878e-05,0.0024432153109328336
2024-12-24,0.0,0.0,0.0,0.0,0.0,0.0,0.005777725497249975,3.896615468490516e-05,0.002327313557263455,0.00355447431951883,0.012393798608908213,1.3888888889201922e-05,0.0033586140626193917
2024-12-25,0.0,0.0,0.0,0.0,0.0,0.0,0.0,0.0,0.0,0.0,0.0,1.3888888888757833e-05,-0.001411985607001287
2024-12-26,0.0,0.0,0.0,0.0,0.0,0.0,0.0020397732415597947,0.00043367240442337973,0.0006043739446983665,-0.00274852046014451,0.006334583283219786,1.3888888888979878e-05,-0.0010729902512779388
2024-12-27,0.008842057193739095,0.01239938540801866,-0.002061575407752314,-0.002516110273172778,0.010050020604034593,0.003999982561383897,-0.009164698785956826,0.0006309431442093061,-0.002636794024366451,-0.0012688765716896144,0.0001425721671852731,1.3888888888979878e-05,0.002436512923651879
2024-12-30,-0.0020113235139511687,-0.006289282811876573,0.00065736789276305,0.0026102101514122733,-0.00674762775301474,-0.0019919797996904576,-0.008663993554392624,3.849179667692049e-05,-0.00015873015873024698,-0.0032251330813009016,-0.0013629113663869985,1.3888888888757833e-05,0.0037989768959603154
2024-12-31,0.0,0.0,0.0,0.0,0.0,0.0,-0.0016862054693075335,-0.00015873015873002494,-0.001305240315187639,0.005608420780253587,0.002252269507866389,1.3888888889201922e-05,-0.0002299178732044771
2025-01-01,0.0,0.0,0.0,0.0,0.0,0.0,0.0,0.0,0.0,0.0,0.0,1.3888888888757833e-05,0.0012247423583102712
2025-01-02,0.0,0.0,0.0,0.0,0.0,0.0,0.00042953170777870753,0.0006300832862806693,0.007493750083349404,0.007104217187348549,0.008861237564230295,1.3888888888757833e-05,-0.0004372850269068751
2025-01-03,0.005758626073158357,0.0075505912148670085,9.389011893445876e-05,-0.0024721798914069115,0.00829009261473379,0.020387777723439138,0.014779062828076839,-0.0003557578072490575,0.00610678753749605,-0.0005382870004715379,-0.0019465050333962175,1.3888888889201922e-05,0.0006247763224229708
2025-01-06,0.005439324388812672,0.011020326343514686,-0.007130926174439112,-0.002829168346026756,0.006851498267902212,-0.006986167269414145,0.005983325013136476,0.0004324692694608334,0.002105378206523678,-0.0035754986821149304,-0.007919893161883462,1.3888888888757833e-05,0.0006109829054905536
2025-01-07,0.010108254147580764,-0.008829140333707963,0.00259879387463946,-0.00147360479222014,0.00657831933004438,0.00830162273472368,-0.010755203637517696,-0.0003557612808096078,-0.0031707720049357624,0.002888827362737212,-0.004370761853520921,1.3888888889201922e-05,-0.0001233772767760266
2025-01-08,0.0032420319746533366,-0.0015396800513551856,-0.005561061112820842,-0.0019383325613612223,-0.0012393997904079912,0.009070611528677608,-0.003884155669103162,-0.000355637912232587,-0.004312743319634271,0.005918020484771969,-0.0031797640571865626,1.3888888888979878e-05,0.0002181160127818771
2025-01-09,0.0026691689331328483,0.004405771598482433,-0.0023695325944166346,0.0008386112664775514,0.005189546929068145,0.0020744019508291967,0.0,0.0,0.0,0.0,0.0,1.3888888888979878e-05,-0.00048781080018778233
2025-01-10,-0.00854684904491032,-0.009979172995129848,0.0018050802813391886,-0.003087086975941622,-0.00684621612742109,0.012006641595586842,-0.00810449670528579,0.0006293804353465493,-0.012672980440248893,0.010411236631983956,-0.00500723213036125,1.3888888888979878e-05,0.0010147324661000656
2025-01-13,-0.007914214400791098,-0.0038768707837514294,-0.004220154745214311,-0.0022118452216719486,-0.008588697448906446,-0.005454793490504262,-0.0035746409108106114,0.0004319683657796336,-0.002462987804531247,0.0028296296476251204,0.004104403987267524,1.3888888888757833e-05,-0.0003972105067858722
2025-01-14,0.0005695345732545931,0.0030023093889381958,-0.00480942994738931,-0.0008867627535965594,0.005015351055051243,-0.004936206836958723,0.005987202266780178,3.802610885572655e-05,0.015237774199090337,-0.007980010629993317,0.010756964386182455,1.3888888888979878e-05,8.349092289372528e-05
2025-01-15,0.005125585626542195,0.011973376250353995,0.00961761775063441,0.006856002159997265,0.007258873399404786,0.004685081055140428,0.008534011426839738,0.000628140089961704,0.011971722152086528,0.0009674688212975013,0.005240117945635836,1.3888888888979878e-05,-0.0007276141150953652
2025-01-16,0.014305937066360519,0.0024102690017306916,0.0018009627914923332,0.00024241682959136313,-0.0003378799082677242,0.011109637762069857,0.005197939463936985,3.78327339500828e-05,0.008268208797782561,-0.001283662241393757,0.015951170586906427,1.3888888889201922e-05,0.00044946184748262397
2025-01-17,0.0041895272267031824,0.009945363690332831,0.001986845960621153,0.001476104617588625,0.009236411115486565,0.0020347259565411946,0.008065821303665954,0.00062736689448184,0.00689791234715198,0.0032197904909467834,0.0016027353078869044,1.3888888888979878e-05,-0.0006789583817947697
2025-01-20,0.0031982921709754475,0.00021644362257955407,0.0004721240628715595,-0.0007039738911808202,0.0030134520683839927,-0.009882208843016715,0.0,0.0,0.0,0.0,0.0,1.3888888888979878e-05,0.0017338598529814675
2025-01-21,0.008178569828971805,0.0025965090116808476,-0.00175602719325485,0.003280177756074032,0.008567893600646581,0.012031702897492558,0.007653753702789867,0.00023417132413339203,0.011089697106956287,-0.010633868982641959,0.008047743381632833,1.3888888888979878e-05,-0.00030632873875535704
2025-01-22,0.006737069140926977,0.008740785310371812,0.0012838600545757028,-0.0003071913430631179,0.004412921332542563,0.005674158521705719,-0.0018689030047145394,3.7562615053055026e-05,-0.014199609844705918,0.0021097704770691728,-0.00015873015873013596,1.3888888889201922e-05,-0.002195506600976227
2025-01-23,0.003687676835456122,0.0007487150801366305,0.0038680748844346358,-0.004587411855515033,0.002087167376848109,-0.0010747565850158791,0.0013257504176862334,0.00023385913856999174,0.004464923807631083,0.0024818253952065827,-0.00015873015873013596,1.3888888888757833e-05,0.0008890588762968665
2025-01-24,0.002177269228704093,0.002030991237110813,-0.003996050197305423,0.0024255598428477576,0.002082712903594075,0.004437935632696455,6.955293048482858e-05,0.00023378583730604419,0.0033389888545551916,-0.007683338308924759,0.003329573750234349,1.3888888888979878e-05,0.0011034767364457299
2025-01-27,0.006788877475362831,-0.018028582317642483,-0.0014328230939306685,0.003211499892540992,0.00853182398717034,-0.01780700012502845,-0.007454724985613392,-0.00015873015873013596,-0.018137027340989098,-0.006981982761989802,-0.00015873015873013596,1.3888888888979878e-05,-0.0011696575250851327
2025-01-28,0.0037758074677474163,0.006083616653919766,0.0028698323240947676,-0.0022365039984918456,0.0011930231657097945,0.010905125771862645,0.0040900416806599615,3.712790343257666e-05,-0.005015790680518162,0.007093051370151704,0.005635049087297617,1.3888888889201922e-05,-0.00474957602933479
2025-01-29,0.00671795544751097,0.004967200922282311,0.0006200978972519255,0.0020876885788565502,0.00714982139229603,0.0020226537882703788,-0.0006158864197283176,3.741241900456771e-05,0.000216771156912543,-0.0009164622762829477,-0.00879940089169473,1.3888888888757833e-05,0.0009571317499308396
2025-01-30,0.0060054620046148255,0.004512665242409009,-0.0004767027801099166,0.0013815729414985434,0.005916027319965433,0.013995457886890605,0.006934278402873639,3.7454655919200164e-05,0.01278925220053262,0.0024957672228032024,0.009719259435136296,1.3888888888979878e-05,-0.0005361600567448388
2025-01-31,-0.001061230375009048,0.00919889478175584,0.004387238830762641,0.0009197778874243667,-0.0020317141643778625,0.007697395876534507,-0.0037939254562339153,0.00023332045234902843,-0.01479386881339495,0.000975756950324147,0.0073211666770292005,1.3888888888979878e-05,-0.0008342269074188557
2025-02-03,-0.006241706812617598,-0.016322236854219296,0.001471804087030737,-0.0008751143579788234,-0.01296467808940871,0.00869226488502628,-0.0035734053474679728,-4.081425696411678e-05,0.0024733568631485348,0.0017302973272610433,-0.0007298738567937946,1.3888888888979878e-05,-0.0012029332729395215
2025-02-04,-0.005880216302306618,0.0012929808676369614,0.0012800550837461788,0.0008978092014477745,-0.006296034861128508,-0.0028724535016360075,0.002591438512796307,-0.00015873015873013596,0.00021634871352071983,-0.004683602819093191,-0.000730073998452041,1.3888888888979878e-05,0.0010554647750735668
2025-02-05,0.009544454545916903,-0.0062412399667308716,-0.001562470817186301,0.004419501936466341,0.005571158701150658,0.005630467099957404,0.0026982350865056848,0.0002346528455916541,0.009025833115394732,-0.002810211279840713,-0.008163316659904996,1.3888888888979878e-05,0.000939411830371828
2025-02-06,0.003728373583098632,0.014293380867342442,-9.48567813577883e-05,-0.002069362006438702,0.006518254269756385,-0.0016926924387614672,0.0007527555033133293,0.00023441754364483813,-0.004059084288878911,0.0013604960964510582,-0.005922455250359948,1.3888888888979878e-05,0.0005105357152885848
2025-02-07,-0.0021225698178881647,0.0014945589569137496,0.002513648556312864,-0.0005019941334445388,-0.0009715224655988397,0.011216871591251953,-0.0003865495548148745,0.0002345047820639934,-0.005006882890597586,0.003633265824918075,-0.000158730158730358,1.3888888888979878e-05,-0.0002533380450618905
2025-02-10,0.0019942853657752835,0.0025585617938184146,9.455444980810412e-05,0.0005896160716303278,0.003997509671803456,0.014059105618060563,0.005534764266465597,3.7568377431851374e-05,0.011083704978186448,0.00890818716001962,-0.001318170607197966,1.3888888888979878e-05,-0.0007487426649743778
2025-02-11,0.0062356911259782155,0.00031883865994819516,-0.005676403703304245,-0.0022262531351080472,0.004627182972775534,0.0019079114432842825,-0.004914108989535704,3.769091877336983e-05,0.002805799182888702,0.000215711023377807,0.0010020561523389482,1.3888888888979878e-05,0.0023266783145101666
2025-02-12,0.0010552272830997023,0.0,-0.0019028871488032673,-0.004615562738796597,-0.0011784093517963612,-0.0007617577907768069,0.0026855591001511137,-0.0007476361173571755,-0.000712959526979029,0.002086847825645499,0.007377472656830308,1.3888888888757833e-05,0.0002830130711108936
2025-02-13,0.017254716038173745,-0.002338451944812525,0.0038607743636942526,0.003604153043944791,0.012332427466356988,-0.0027950085632226784,0.00505941227818596,-0.00035547007677594333,0.00501682264158787,-0.0031460498166563378,0.0044442148285834815,1.3888888888979878e-05,0.0005522489647031836
2025-02-14,-0.006733079104098372,-0.00010654994669612172,-0.0038459261107612885,0.0011823823772818542,-0.002965976184895025,-0.015033824004444196,0.002324273728109061,-0.00015873015873024698,-0.00420427162801118,-0.010271133499073604,0.007859800736017108,1.3888888888979878e-05,0.003008567367299042
2025-02-17,0.0010428306518044383,0.0058604572308431635,-0.003479560183948016,-0.0011153872547373656,0.002549813175570348,0.004915339475007663,0.0,0.0,0.0,0.0,0.0,1.3888888888979878e-05,0.0009740934868560647
2025-02-18,0.0006512775446612107,0.0025424058332816912,-0.00210459322475931,-0.0008101982239745453,0.0019077294938527611,0.01235677086402176,0.00479445036235604,-0.0007482602461990062,0.004826423540888358,0.014975667351297739,0.008932210315311773,1.3888888888979878e-05,-0.001216599210554059
2025-02-19,-0.0063770391069640775,-0.0041423995448389705,-0.003019623308579966,-0.0017968383544529898,-0.007827367670021235,0.0021614904094484633,-0.006207735609802811,3.792266349211815e-05,-0.0027307807334315815,-0.005004087399007262,0.003219519825424344,1.3888888888757833e-05,0.001557578709762586
2025-02-20,0.0013096309020343977,-0.0071277773569630165,-0.00326925776268594,0.0003512005248222927,-0.002665355604555719,-0.00038059856422578697,-0.002638023712241311,3.772277354108233e-05,-0.0005271029369612323,-0.005776841964080237,-0.005770375859395327,1.3888888888979878e-05,-0.001394356898812621
2025-02-21,0.008502327410098598,-0.0017143742330442135,-0.0036175896024599474,0.001404518191241877,0.005344643565933005,-0.003426846203030909,-0.01315159856034831,-0.00015873015873024698,-0.012135957024158261,-0.010704811710225415,-0.0024159809409880495,1.3888888888979878e-05,0.0018529107751952267
2025-02-24,-0.00012945454529944556,-0.01620676016890299,0.003582308403448975,0.001928477770100745,-0.0015946505322942395,0.0003820527105260485,-0.007942770067133842,-0.00035514450482743154,-0.0009046816423616821,-0.0020621391353504714,-0.00581493629618679,1.3888888888979878e-05,-0.0008847165097281007
2025-02-25,0.0029833857599692593,-0.00970988145530094,0.004293089084688617,0.004243245771694326,-0.0012779456146119195,-0.0204964679642744,-0.007426666204278565,0.0008242600161241231,-0.003518166912739207,-0.010455949329760794,-0.004709434792173228,1.3888888888757833e-05,-0.000909281586371824
2025-02-26,0.0016814167666803215,0.010245662102329467,0.0036983723790018352,-0.0009583685053605739,0.0066110111788257875,0.0058487130974904655,0.005535504324548857,3.7690918773591875e-05,0.001713906307705848,0.00022644228425683366,-0.011587248201637146,1.3888888889201922e-05,-0.0007070381707358075
2025-02-27,-0.005552004154396273,0.0029443935823028067,0.0011485565568423173,0.002223680812870832,-0.005825995027055053,-0.00723612410444574,-0.008016347339589225,-0.0003551126625708223,-0.0123082652432156,-0.0013142723182082428,-0.00015873015873024698,1.3888888888979878e-05,-0.0006899393619251848
2025-02-28,0.001947570900333817,-0.00967698489890767,0.004158490439985174,0.0005003616315979453,0.00021294796634174773,-0.0062475437579495585,0.004732804507434185,-0.00015873015872991392,0.011572654695619411,-0.0028583495878700127,0.014292036682006515,1.3888888889201922e-05,0.00016021773814700602
2025-03-03,0.012569562635003528,0.0074659753196686385,-0.0056170040634276885,-0.001913257834897042,0.01097272208522826,0.011394907933243159,-0.009133141205372453,-0.0003756067318001488,-0.00483434175537123,-0.006732594931991298,-0.004716962559594751,1.3888888888979878e-05,0.0050197642490106276
2025-03-04,-0.012925508403716313,-0.03814295960160774,0.0012924941077256946,0.0033981151289508293,-0.013909479119280532,-0.0024605340378485163,-0.002970117812210904,-0.0007507793966058385,-0.0014739942525837657,-0.007943862499730114,-0.02019294697975771,1.3888888888979878e-05,-0.0007824167064529597
2025-03-05,0.007519725876326877,0.008384176415881184,-0.010278717679798377,-0.008727125392244517,0.011006726065322825,0.004673551445078417,0.011119165944794895,0.000236041955882893,0.0009701667826058635,-0.0013356585979567015,-0.007168260787122516,1.3888888888979878e-05,-0.0015782185440939012
2025-03-06,-0.007592251591064358,0.00011242124956822863,-0.011882940229722139,-0.0024310225165378174,-0.008772868100777265,-0.007623755301635393,-0.014563884609129718,-0.0009480433877390171,-0.017636676320507583,-0.0052647362216933224,-0.016041131224479477,1.3888888888979878e-05,0.002320333929214824
2025-03-07,0.006094298409966559,-0.019548380536091425,0.0043019120030671765,0.001756393884047469,0.0027723729926516505,-0.0067708492279053845,-0.0012194623578299923,0.00043382318175422263,0.012848166720986542,0.0014204734579201794,0.02315292697723703,1.3888888888979878e-05,-0.0015271723798733206
2025-03-10,-0.006701839456147218,-0.011687794823373454,-0.004867592959709177,-0.00021924267227335648,-0.0070182895359776065,-0.002228647396743999,-0.018683702911256095,-0.0013430544339207984,-0.0029910221520029756,-0.019078813478938805,-0.011841173662613835,1.3888888888979878e-05,0.0009895538559161476
2025-03-11,-0.016951383702498823,-0.011826014858619338,-0.002201100656676447,-0.002608493785072441,-0.015982101991023567,0.004467250720176175,0.002486072184095356,-0.000553973012833997,-0.0005374265740958339,-0.0005605511156077103,-0.02557239343203377,1.3888888888757833e-05,-0.0015389900260287526
2025-03-12,0.012335956809013116,0.012436846131431478,-0.0074023168173631415,0.0006812857888562895,0.010246376356220166,0.009417936176626895,0.003078410428744016,-0.00015873015873002494,-0.000727103563549325,0.008281921714555995,-0.001371674429882841,1.3888888889201922e-05,0.002888693321758007
2025-03-13,0.0010534964602071373,-0.004983145626069385,0.004444890998430262,-0.002284068116964355,-0.004207852810023449,0.01710510820037392,-0.0055367419389151795,-0.0021357258226568643,-0.0005377097187609925,0.0006383436085031224,-0.01473059742357763,1.3888888888979878e-05,-0.0011657754841182255
2025-03-14,0.006708597273535899,0.010598505148618376,0.0011800488513040719,-0.0005282912397283068,0.004334156981268489,0.0020384450709272084,0.013419667467138074,0.0014259993758294343,0.02126703850378564,0.009399184712306274,0.0158609916576955,1.3888888889201922e-05,0.002323478336036633
2025-03-17,0.010453428649501939,0.001959205651965945,0.00432177133974232,0.0030394115297678326,0.011651702366984429,-0.0012714558169102386,0.008258648409557034,0.00023682537637070844,0.012835580883439945,0.0037861643036176673,0.007724938664743108,1.3888888888979878e-05,0.0006969386571429315
2025-03-18,0.0003880126614659307,-0.006901264641557048,-0.0004889815127928632,8.774088170171446e-05,-0.003092814551901024,0.008147707720003172,-0.0052142667732876236,-0.0011472683457794952,-0.006572579232198672,0.0025917254488667663,0.007061344874855768,1.3888888888757833e-05,0.00044835116261254804
2025-03-19,-0.0014221262002049873,0.008802480976033866,-0.002152601614922256,-4.386659195732001e-05,0.0,0.0032832119027415008,0.0074037705835532375,-0.0003567465371324685,0.00648098297853128,0.0002331712047698442,-0.00015873015873013596,1.3888888888979878e-05,-0.002512949894070804
2025-03-20,0.004271927692091504,0.007577471774712352,0.0027455918551579916,0.002854385108407964,0.0018186936283632882,0.0023914718867998896,-0.0021624568368934227,2.9404803003618696e-05,0.0011137667780625193,-0.0029106468304777033,0.0022208769377394244,6.944444444378917e-06,0.00032112998172939555
2025-03-21,-0.0069603577016328355,-0.007520485508043073,0.0029336021367591947,-0.0030432638320777583,-0.002455928305006738,-0.005650426747928372,-0.0006384334072626618,0.0006227683996706812,-0.007670803644172386,-0.0005613161026326585,-0.00434038883525667,6.944444444156872e-06,0.00120086555098875
2025-03-24,-0.0018172950188640735,0.01607339799202734,-0.004338774006180546,-0.0021741721087290555,-0.0008563253965380158,-0.0017679307625965146,0.00958902676843576,-0.0005640474657960803,0.0055465744679852325,0.0010099675883399328,0.014792413470938737,6.944444444378917e-06,0.003009872378098244
2025-03-25,0.003510793578442417,0.0,-9.794079478964157e-05,0.001804668461959924,0.005999624598178155,0.00189753320683117,0.0011120716216044269,2.9287258765053892e-05,0.0005645832558156538,0.0014013360166416078,0.008086080013268049,6.944444444600961e-06,0.0013240655436146387
2025-03-26,-0.0057015624312700686,-0.005762633284941088,0.004309208690146393,-0.0018234166675746843,-0.002981869856651831,0.0005050813308871138,-0.009354900248241593,2.8925118656042415e-05,-0.0030995844900080227,0.00022325056984917602,-0.006601220827382459,6.944444444378917e-06,-0.0021775206236457345
2025-03-27,-0.004192242251258249,-0.002159463957896013,0.001414110880528785,0.0007703278931112667,-0.007050035136931587,0.00959108449240298,-0.0026328545062782593,0.0010179428535244117,-0.0009035014032807709,0.002947420245413168,0.0063055650871477464,6.944444444378917e-06,0.00038430904678765643
2025-03-28,0.001973479688734958,-0.022892876880391544,0.008472003431720498,0.0036947277351022656,-0.002151354805887462,0.007874984741210955,-0.012404057454847739,2.8893863335266445e-05,0.0013022047256803226,-0.004100942367317395,-0.014203595709525008,6.944444444156872e-06,0.000990094175050471
2025-03-31,-0.012407668695022744,-0.0033803047635543315,0.0009656671185960253,0.0014023639371589791,-0.014984821037402618,0.015006866928293672,-0.004337172704212522,0.0012136468483172624,0.0035030507147471024,-0.0029322810151946044,-0.006099951491038036,6.944444444600961e-06,0.0025721393630586675
2025-04-01,0.006147952218577002,0.004912165413217373,0.008875132183895573,0.0011377859280556901,0.0035020454353686947,0.0008552677798074892,0.0030899934712966814,0.0007823343087363099,0.004404332237279318,0.001810887031364894,0.010854155708391433,6.944444444378917e-06,0.003394259785336029
2025-04-02,-0.006375971065978869,0.006983283468427137,0.0005259776063029076,0.0005682985300421439,-0.008615699273453292,-0.0012208521911926118,0.0052653104750362,2.9199092814957694e-05,0.008389205939838273,-0.0029343850635671354,-0.005014220190430518,6.944444444156872e-06,0.0025180896140633013
2025-04-03,-0.026069550822361842,-0.05755881579083011,0.003774970245644216,0.0033857729209412213,-0.02310237799216186,-0.029825160869159872,-0.027725321370034917,-0.005313901377654862,-0.005584797549007203,-0.009677352924813198,-0.021471223701551967,6.944444444378917e-06,0.0016661359344130044
2025-04-04,-0.05875071333896609,-0.049546323565292094,0.002047063156729756,0.005768966460810487,-0.05360380122509201,-0.03162408496290481,-0.023253992560679504,-0.004942925127068398,-0.05662165464715552,-0.012168673073767122,-0.07417353945795924,6.944444444378917e-06,0.004003654396087963
2025-04-07,-0.04243856411538405,-0.02387096335133254,-0.0032780242669708803,-0.0021644485481339126,-0.04212272630979974,-0.010798839522004111,-0.007920643809719241,-0.0027671083356100024,-0.020561199708459932,-0.0021929052429662255,-0.04516540007544956,6.944444444600961e-06,0.000780827227105263
2025-04-08,0.031221520529019386,0.017977555737712647,-0.004957190757947094,-0.011366618358892078,0.03527943743811357,0.006313281428429907,-0.0049571906795446985,0.0054425825515624915,-0.007434925942903292,-0.0017913390871009405,-0.018452726492894422,6.944444444378917e-06,-0.000797315244776331
2025-04-09,-0.04046671952001801,-0.05038323211807538,0.005365074658376212,-0.0058145131084184065,-0.04187651863729369,0.008626371496142315,0.03477707748732173,0.002422120325129784,0.04533085769699441,0.019741834926977786,0.0728972315707197,6.944444444378917e-06,-0.0001440583582444921
2025-04-10,0.0326302811518544,0.03459625785058895,0.0017153279297519308,0.006311981019542001,0.04132742329716299,0.010366722655763994,-0.013258847443004318,-0.010504633217150339,-0.0018716083957173169,-0.0057463186384694165,-0.032211374617020505,6.944444444378917e-06,7.083414452679904e-05
2025-04-11,0.002097211460377446,-0.01427463401042317,0.0,-0.006184650187652019,-0.004209253942378588,0.006797470450162546,0.000822889107152891,0.0008356737509656043,0.0197328524035445,0.003437133402963033,-0.0022375328142266726,6.944444444378917e-06,0.0003923337689399897
2025-04-14,0.02660683305844569,0.031777934468578906,0.000951188594246366,0.002361298941708778,0.02596626175023764,-0.010828025477707004,0.010481963777873249,0.003643415324989352,0.013025866545088416,-0.004559788051876401,0.019872846846574532,6.944444444378917e-06,0.0026118580675094094
2025-04-15,0.009318515769338287,0.010526350802562368,-0.0035639550381101337,0.0034343990415808268,0.012242406856290744,0.01133288833608348,0.0019140541209057282,0.004428495296756818,0.0018490356922269413,0.0046428894583820934,0.012026415131330292,6.944444444378917e-06,0.0006894761479405709
2025-04-16,-0.0008656283674488563,-0.011316702799401668,0.0024321634508637224,0.002676808113994733,-0.0066285767531077955,0.023812571625763335,-0.004448376862269843,-0.0005663975743069871,0.0036753734623222734,0.0034226639504781886,-0.010208909954841472,6.944444444378917e-06,0.0010725505768360843
2025-04-17,0.003321078350529527,-0.0039023094953138937,0.0055660705084852324,0.0007876681776943784,0.007024104722350488,-0.0017413238980877876,0.002778492893525497,0.0010255495947268933,0.010589905570138392,-0.0009638648727434695,0.018086991808244024,6.944444444378917e-06,-0.0014456977442022234
2025-04-18,0.0,0.0,0.0,0.0,0.0,0.0,0.0,0.0,0.0,0.0,0.0,6.944444444600961e-06,0.000831370861910985
2025-04-21,0.0,0.0,0.0,0.0,0.0,0.0,-0.007147965888418262,-0.0007650387810735904,-0.014060006652723556,-0.0009644977414412503,-0.02141694274050243,6.944444444378917e-06,-3.334686738731829e-05
2025-04-22,0.005804414977374606,-0.007965544591077456,-0.0017504055674418817,-0.0004153663011567943,0.010131426836365254,0.028033890710716713,0.011483757576940645,0.0010248369629559662,0.018126186850470738,0.006601516587075862,0.01814884224461566,6.944444444600961e-06,-0.002059336522394317
2025-04-23,0.015149462996108864,0.04501778095045195,-0.004739401722385517,0.0004593457139727697,0.011067764926610435,-0.025815038690120917,0.011715186279745993,0.0010235757087175834,0.00019072678506604213,-0.0013554177907991738,0.01582068873835385,6.944444444378917e-06,-0.0012270352072902835
2025-04-24,0.01776984707987639,0.0017634375406054836,0.0009524237034956862,-0.0003498765736364984,0.009691898852074221,0.01654638964288524,0.00826314246327553,0.001220435649181395,0.011505201560396472,0.0029997681531463982,0.012290332554494077,6.944444444378917e-06,0.0033435171658795504
2025-04-25,0.0028163032567640744,0.0081729203198051,0.0,0.0020340825634779236,0.007453583093285365,-0.012483112809495323,0.005683975293247601,0.0006240923334999149,-0.0005237538459191837,0.004568807522237428,0.004365030762118138,6.944444444156872e-06,-0.0006134230551311237
2025-04-28,0.006178090387294333,-0.0018707540079880847,0.0034728650922757343,0.0011131230705085926,0.00694981277568929,0.010781944365651164,0.0026813846228215255,2.927742888658713e-05,0.006046937265423269,-0.005276691533003475,0.005634030961913394,6.944444444378917e-06,4.4983486022998065e-05
2025-04-29,0.0040467934557806284,0.0037487144080499135,0.002986770653533366,-0.0008938747745689257,0.003228484326942116,-0.006988660302227334,0.005515220803937959,0.0004253381412941959,-0.0008745794443429933,-0.0029333724763156432,-0.009783992286271359,6.944444444156872e-06,0.0010090913425844228
2025-04-30,0.006254446996837748,-0.0017427056245873374,0.004726783306949756,0.003316996869679567,0.009764685750319302,-0.0006173601493119074,-0.0021701244937094577,-0.0001686507936510262,-0.0042308550883984886,0.00022738159324653395,-0.01440816140191048,6.944444444156872e-06,-5.504229622799173e-05
2025-05-01,0.0,0.0,0.0,0.0,0.0,0.0,0.0035187669577274594,0.0015411890338794532,0.0008953831369098442,-0.006898616012523395,-0.008047871831423414,6.944444444600961e-06,0.00048036948918461775
2025-05-02,0.011049833243140572,0.026187670080816572,-0.0028697642547003133,-0.004589260652996141,0.014175885815999933,-0.01754387420152459,0.011489561844138851,0.0008237359586886761,0.011877488400750869,-0.0013642440223331498,0.017038609935243088,6.944444444378917e-06,0.003274238353133452
2025-05-05,-0.0009563285255568266,-0.0027950197863536586,4.7186719019487455e-05,-4.375990979621491e-05,0.0,0.017479832954639507,-0.0038936295515656916,0.001021353395657787,-0.0005188512405500667,0.0022255590357684873,-0.017735398833892302,6.944444444156872e-06,-0.0028463187692603364
2025-05-06,0.0008204486283382995,-0.0003655978474716992,0.00490667434904446,-0.0008521052459384837,-0.0031423225537926536,0.028303083803060014,-0.0034400348910088585,-0.0013572405561627088,0.008236164557012371,0.010181719105157194,0.00711613205213224,6.944444444378917e-06,0.0002749787518099289
2025-05-07,-0.008881068709640672,-0.006217247382130808,0.009013948504034364,0.0015526797360541078,-0.005652190231666632,-0.00745193774883568,-0.0011063997011875326,0.0008230728162104128,0.0038251332907399682,-0.003714764465057696,-0.0034559940620911833,6.944444444600961e-06,-0.0013786326387942305
2025-05-08,-0.0008271217694733046,0.01091775703264286,-0.007584135212909127,-0.0004148221018133169,0.0014211330849334125,-0.006418004203576522,0.011916290039192923,2.9433341083517917e-05,-0.010372719728014235,-0.0037273043386384375,0.010385415124904762,6.944444444378917e-06,0.00127760446676084
2025-05-09,0.003311225864889744,0.0077659811362913445,0.0008907694182853643,-0.004478271290616509,0.0017465310016440139,0.0024375380865326868,0.0005269151623921164,-0.00016865079365069313,0.0017534925858542216,0.004196348169256403,0.0011368732338714604,6.944444444378917e-06,0.0018109001406194647
2025-05-12,0.00948851887914759,0.03130653709356346,-0.007869535271271988,-0.001601838876291506,0.007409735566868969,-0.01629182299582066,0.010141829274670222,0.0010195385545765934,-0.009062954745680751,-0.005304946092356877,0.029166428827400503,6.944444444378917e-06,-0.0011207884275886704
2025-05-13,-0.0027245050820701167,0.009923942221480297,-0.0011332099059628842,-0.0022638210356250577,-0.0005408385318440567,0.0019775511919093436,0.005105931414178144,-0.0005643505206684996,0.005110257222419978,0.0006256959517276783,0.008697725680451684,6.944444444156872e-06,-0.0006777181986488134
2025-05-14,-0.0005462604418604577,-0.0002311614824355157,-0.002694234186156552,-0.0008810710580445802,-0.0016232880233603142,-0.02022946116580826,-0.00039677718346398105,0.0006229819214174093,6.274504500636269e-06,-0.0029465375751638323,-0.0007963492975595621,6.944444444600961e-06,0.0001846640422722423
2025-05-15,0.0050566135148000235,-0.002312866805939784,0.002843643337613333,0.0032629848915715076,0.005528385686848214,0.006546660313416108,-0.002222079626512774,-0.0005641140797698618,0.016807258859942165,0.0038106642527633294,0.0017156950862806664,6.944444444378917e-06,-0.0013364719208893705
2025-05-16,0.010062667226948374,0.0038248793533197656,0.0028829937570855613,0.00017583790218478335,0.00981023919266888,-0.008880519807301313,0.0053188113809121695,0.0006225886847517348,0.005338134868895228,-0.0017540359422552054,0.007354893813561025,6.944444444600961e-06,0.00013726352411214116
2025-05-19,0.004173303697920794,-0.006812125382582246,-0.0025447881097242497,-0.002592681609771774,-0.0007472705256760248,0.009338671316142522,0.00039984947175231156,-0.0007615313041705596,0.0054791465079344626,0.0010222761456855078,0.004809524604095783,6.944444444156872e-06,-0.0026359594329108393
2025-05-20,0.0025472862872040203,0.007323931825921948,-0.0030236475505521776,0.0007269051111513658,0.005128091830443493,0.012503125972275653,-0.003918708912713842,0.0002268906719058439,0.005787709864272905,0.0018138664054359044,-0.00016865079365080415,6.944444444378917e-06,0.00198788935439409
2025-05-21,-0.0026744856806962813,-0.008176719836350932,-0.0030329649108654655,-0.0011226305096015965,-0.0025508606549726753,0.0024697456534308326,-0.010206123387045851,-0.00016865079365036006,-0.009980828080719761,-0.001355807554406785,-0.024936430366890416,6.944444444378917e-06,0.00044670295453763664
2025-05-22,-0.0069723101133694065,-0.00805713239333461,0.004990989762019282,-0.0023581245007771034,-0.00884497561789932,-0.001478211659369233,6.160971292401562e-05,0.0006223591761922442,-0.006490241730215507,-0.0021495970886976634,-0.00016865079365069313,6.944444444378917e-06,-0.00023694507922666919
2025-05-23,-0.005671234253194712,-0.01718646180138783,-0.0008985323213085428,0.0024078334060315676,-0.0054832131394081385,0.01196646002859758,-0.0018966380064916466,0.0002263418971877318,0.0098038698756433,0.005389088372759865,0.004275796384366037,6.944444444156872e-06,0.0012229446417255652
2025-05-26,0.011950017797260903,0.013654354508505273,0.007621639778473854,0.0018291473212295184,0.013081196553707208,-0.007801979122449509,0.0,0.0,0.0,0.0,0.0,6.944444444378917e-06,-0.00014287000342572131
2025-05-27,-0.0004026254650132399,0.008861984428420344,-0.0002350089326740301,0.0012097929244421213,0.0042683237830551946,-0.005283264159158363,0.006870475892353234,-0.0005634875268649697,0.0037470116929705366,-0.0029322810151944934,0.017530407051411734,6.944444444378917e-06,0.0012459847981747263
2025-05-28,-0.010068526813211132,0.00011722928273427691,0.0028195294615103172,0.00021968703868480155,-0.011369647937366834,0.0012351779028603183,-0.00429383563919028,0.0008190306264124203,-0.010004257416836748,-0.0017520733288238777,-0.00016865079365080415,6.944444444378917e-06,0.0013753027036336185
2025-05-29,0.0,0.0,0.0,0.0,0.0,0.0,-0.00039859341430137363,2.8690579953805084e-05,0.00531172819401271,0.0014172829447429702,0.0010737579711341816,6.944444444378917e-06,0.001846224228927662
2025-05-30,0.0025767561267047157,-0.004567332997043927,0.0018744256355813782,0.0021526067468593535,0.005696471332968134,-0.007278514133486791,0.001557566451312109,0.0012125460526699605,0.0047709317820718855,-0.0017520733288238777,0.001071882453361539,6.944444444156872e-06,-0.00024388260825281005
2025-06-02,-0.0014877194898077484,-0.003646989792193134,-0.0032739806754294998,-0.0010958350325658284,-0.005557353219574512,0.018143376866485372,0.002478518794503115,2.9335577397704427e-05,0.010678783682808168,0.005779060845361617,-0.008842758106502702,6.944444444378917e-06,0.0005976576159547609
2025-06-03,0.002844462290263916,0.011807760104878495,0.0042233033764857986,-0.0004389195109504307,0.0023644079398819073,0.00048825145858977237,0.005914698204736446,0.0004247128060854699,-0.0038575262506549413,-0.002927923555403833,0.006081343740538481,6.944444444378917e-06,0.000719182824446607
2025-06-04,0.0045929013898289295,0.0035009080136283455,0.0009346213531695735,0.0031391030135345943,0.005682423683643467,0.0009759519105225767,0.004509258169900887,-0.0003663213697049361,-0.004544256171389649,0.004969675033926979,-0.0038952754048967586,6.944444444600961e-06,0.0033462188024071526
2025-06-05,0.002420307047107828,-0.0018606549980172415,-0.007749773051733966,-0.0017287265263574714,-0.00042636047467858873,-0.0031687697573887785,-0.001985880298022713,-0.0009598079246551094,0.0035501548749179435,-0.002134717220412141,-0.003285888357765665,6.944444444378917e-06,0.0019887933310123174
2025-06-06,0.0036216420846040265,0.006641091887753525,0.004046208141225582,-0.0009644825410576319,0.008105656825259988,-0.003912473543846273,0.0034718958385526744,0.0010190245406656029,0.003704673715977158,-0.0029267568750577233,0.011088334084285778,6.944444444600961e-06,0.0037031428450655657
2025-06-09,0.0,0.0,0.0,0.0,0.0,0.0,0.003912020120376614,0.00022661216366781645,-0.00956309500040775,0.00022644271114780068,0.002923459177177623,6.944444444156872e-06,-0.00012439660644858463
2025-06-10,-0.0009356223347801729,0.002199003461941018,-0.0008433714598264919,-0.0009655182948871133,-0.0010578850204574497,-0.0019639580178221205,-0.0009589287646523115,0.0008197526710045366,0.0013555035494683398,0.00022628667391910717,0.003530602427816998,6.944444444378917e-06,0.004618724893945991
2025-06-11,-0.0006687316740786597,0.0024252714517050133,-0.0019698919574786533,0.003031000280363072,0.000847121615051849,0.00012303114512035584,-0.0011854760466443182,-0.00036616808475942175,0.0027059711725059277,0.005753231856238106,-0.0038542699764834154,6.944444444600961e-06,-0.00020124774510454913
2025-06-12,-0.0013387804792593938,-0.009446902987795824,0.002631609483164654,0.0027151776173470754,-0.0024337229065368726,0.0068863446899603,-0.003561372163789489,0.00022630283109803528,0.008598856756643292,0.004933296270609011,0.001681042176162384,6.944444444600961e-06,-0.00019432271879027407
2025-06-13,-0.014209082814493623,-0.0065132735725920154,-0.002812129036071198,-0.0021618659795125117,-0.013684054773882903,0.007572071689623483,-0.005956307480935008,-0.0003659701744985755,-0.007021543992837831,0.002955229475099852,-0.008168570249991514,6.944444444378917e-06,0.0009757364176092853
2025-06-16,-0.0024476236621844283,-0.0007023224233579928,-9.401414562537624e-05,-0.0015977013137569163,-0.0012906764233397983,-0.005575727982954581,0.0066798801967169474,-0.0001686507936505821,-0.0013151264070609958,-0.0025043040950941675,-0.004511218250775828,6.944444444378917e-06,-3.0423435673498922e-05
2025-06-17,-0.006406644797168015,0.001054224040219598,-0.0025852670946269196,0.0012494764668518066,-0.00872277337133942,-0.002925431914481691,-0.004249872097082719,-0.00016865079365091518,-0.008734723633220809,0.0006117492363650889,-0.005153029719918156,6.944444444600961e-06,-0.0008896007427097175
2025-06-18,-0.0027438334587183144,0.0008192995793605551,0.0021677679206795197,0.0007005832765518694,0.0007604217840073701,0.006234688980363723,0.0010836978563311117,-0.0005635264082295421,0.0003498113357207622,-0.0001686507936505821,0.009224052523174153,6.944444444378917e-06,0.0006997196702476227
2025-06-19,-0.006190882414119803,-0.007015915182890575,-0.0006112620318934336,0.0005250435223838057,-0.005427653661927101,-0.00437367961695645,0.0,0.0,0.0,0.0,0.0,0.0,-0.001526698535339266
2025-06-20,-0.0006919669091187686,0.004239200605285154,-0.008469805355095117,-0.0006997254169445188,0.0008732234369250857,-0.002318516673657678,0.0007308560770773465,0.00021646017435417164,-0.003114661580112088,0.0006012200521496869,-0.0032804053265180766,0.0,-0.0010236037242847829
2025-06-23,-0.0011082849789548765,0.0007035660457559434,0.0003796972238916396,0.0028445793146505416,-0.004253170438380471,0.0,0.0028881887069625023,0.001203334254816113,0.006923443321735778,-0.0009577553083413015,-0.010134989202543077,0.0,0.001418205487733859
2025-06-24,0.008181918857955273,0.000703161955569076,-0.0007590325462371039,-0.0010691407140456244,0.006133103471924972,-0.0322895843532609,0.009899491210234368,-0.0005727433670696946,0.004465444697046017,0.0033301361773969695,0.00799237556077026,0.0,0.001514461206916895
2025-06-25,-0.006877620407966245,0.004449596296314029,-0.003845452021980944,0.0013543125580071091,-0.005660188046502479,0.006445873998043972,-0.0010753568252451773,-0.0009676231982923555,-0.006341925137258175,0.0005984935583198681,-0.0001785714285712503,0.0,-0.00220268863642481
2025-06-26,-0.0006922410802716605,-0.00338073260829741,0.0010961116752028488,0.001156104355814147,0.0016418395736086389,-0.0076603989444282705,0.0059929818192949735,0.0010057421971942926,0.00998508154050426,0.004867919906568208,0.012913705553963428,0.0,-0.0003867443340136445
2025-06-27,0.009563150060656778,0.006784491871908882,-0.0030467521308819023,-0.002287825032760038,0.0071039001091735,-0.016451531003765618,-0.00017857142857158337,0.00041292460157116295,0.000674051452735025,-0.0009172260528914622,-0.0032554584320438895,0.0,-0.001826706923881427
2025-06-30,-0.004118576027907106,-0.0038341401457828717,0.0014325551153295812,0.001594247297641349,-0.00434079426754308,-0.00012871412702342155,0.004616784095007542,-0.00017857142857158337,0.00851120192126742,0.0009886572703239338,0.004759655390215833,0.0,-0.0011019973935058047
2025-07-01,0.0013786449569752612,-0.0027991652984995508,0.004768254055704135,-0.0003270750342981854,0.0011990077514498765,0.012096287105111347,-0.007659598538402257,0.0006724508810167507,-0.002205629011550192,0.0005987257588844219,0.004808511780632019,0.0,-0.0012156557137283919
2025-07-02,0.0035792598059032343,0.0,-0.0024677371593135877,-0.0020065640248257965,0.0029393497497023358,0.0026700261741099407,0.005757271579786893,-0.0009696630755997582,-0.001363406813241319,0.0025398557017610734,0.007359105277870981,0.0,0.0019996325877220666
2025-07-03,0.0006857021001236419,0.01181287178789514,0.0009514435744015781,0.0015735480528229484,0.0003254607959497502,-0.002409286631659624,0.004720050717636148,0.0004153162009401523,0.0004992234025200659,-0.00211496329670402,0.011043291073087769,0.0,-0.0008923534932627764
2025-07-04,-0.002330502819545388,-0.004739330141557363,-0.0002375978919552102,0.00039266492759315597,-0.0039061640042743484,-0.0012711325594040312,0.0,0.0,0.0,0.0,0.0,0.0,0.0009965444868893503
2025-07-07,0.001099517548900364,0.006504106640239149,-0.00023772818675904528,-0.004144036279896124,0.003485832575905734,0.0011454287449712552,-0.0018404388881467781,0.00021701296174803097,-0.007968531574014004,-0.00328293391205825,-0.005727236324867158,0.0,0.0014444117366108067
2025-07-08,0.0017841720889701929,-0.0032310828961661375,-0.0033760998743065374,-0.0008323605923942212,0.0008683779956975002,-0.007119216577353704,0.0008202260639060821,-0.00017857142857158337,-0.0044454582477749804,0.0005998579234047785,0.0010613306674707168,0.0,0.003317084018213512
2025-07-09,0.0019181602251332475,0.0003473479864912754,0.0029104301937257215,-0.00024103168249633988,0.003687695357029064,0.001920614596670811,0.004145089441984551,0.0006122845018059486,0.0027353072241038667,0.0017662611696958042,0.001059860063606255,0.0,0.001347980418078265
2025-07-10,0.009845383540060704,0.0068278211956105395,-0.0038058481789217113,0.0013154344200740908,0.010265727089262766,0.0056230343949679185,0.0035746234000413324,-0.00037612917145335434,0.005461525066442707,-0.0017313552207837146,0.010953137045502936,0.0,0.002288568484861919
2025-07-11,-0.012457669564058915,-0.006091772903937032,0.0,-0.002868394545832209,-0.011765775011179369,0.011691385038049118,-0.001498150164230383,1.9025351084778208e-05,-0.0027278794186634814,0.0009877496340584546,0.010218977112624206,0.0,-0.0004920160508098403
2025-07-14,-0.0006856362608297362,0.002312795825580194,-0.0028653095376055537,-0.0008344493006342546,-0.0008660513264480141,-0.004019534317307061,0.007089170061298944,0.0006115011800353898,0.005273820931742446,-0.0017319583601899113,-0.001389138835684589,0.0,-0.00024405909944158477
2025-07-15,-0.0016560449751960027,0.005076766824810397,0.0036615640791564097,-0.0004396333614964387,-0.0015165601136660767,0.0003783425195256207,0.00047744976986452414,-0.0005732167529537424,-0.012379877692570762,-0.004457031594631955,-0.0013907965071203732,0.0,0.0004592220225734245
2025-07-16,0.0022117949104663026,-0.013546174538589972,-0.003264192062072957,0.0,0.004122795970439963,0.006933938370344395,0.004082263537821262,-0.0001785714285718054,0.004110343036272113,0.004118272613563123,0.00953017322250238,0.0,0.0029284029349980756
2025-07-17,0.007192199110445552,0.02013277880360209,0.0093507513909028,0.0021988190835939836,0.006807033674823382,-0.0008764394595374148,0.007763243821596211,-0.0001785714285712503,0.0022129582102252687,-0.00017857142857147235,0.010638783090415993,0.0,0.001836535597781186
2025-07-18,0.0027465102425252574,-0.004677243484080829,-0.004032107775869043,0.0004167878898009292,0.0033269082824951557,-0.0010024909686324746,-0.00017857142857113928,1.8987437202966362e-05,0.007319703451674986,0.0025441630180702557,-0.004340266906185608,0.0,0.0010699016047899246
2025-07-21,-0.0027389875850688528,0.004011542541529467,0.004385751473639399,0.0027193909568146157,0.0019254015913621192,0.010536832978277344,3.734506678876315e-05,0.0004136715651523737,-0.00034773810249721926,0.0037003764682461693,-0.013909966338559232,0.0,0.0016174880645489775
2025-07-22,-0.013732551212627175,-0.010045650416977026,0.005182323856840698,-0.0006779779092458416,-0.011102840502728917,0.002482621723697953,0.001439909906324477,0.00041324193328207137,0.004896755394689256,0.002139881915392161,0.005269457381601672,0.0,0.00046186101287659653
2025-07-23,0.020607251804135807,0.007495385737546156,-0.0034371193950670786,-0.00017511440616546636,0.012846860386456882,-0.0035908413404821538,0.0016528157258897114,-0.0007700347545256392,-1.036286106470552e-05,0.0021344418369400042,0.00764801611847421,0.0,0.0017317226496555982
2025-07-24,0.0,0.008355211628383818,-0.002251389035291318,-0.0032614768821546125,0.0047964687410262385,-0.010314387556928817,-0.0017914004263381855,0.00041324193328207137,-0.0030394886541685873,-0.002101634412971065,-0.006749783922133656,0.0,0.001357954578675713
2025-07-25,-0.006002796769703278,0.001135046594548772,0.0013923537903275385,0.00024148159535353209,-0.007001218898935013,-0.011175319112540882,0.0003598233547590368,0.00021584284331255255,0.0016779801229638291,-0.0009492787410357861,0.0028281752517456127,0.0,0.0012230188160502475
2025-07-28,-0.001921544513278084,0.005102006390170555,0.007191489133162365,0.0005270272647095453,-0.00010680646886662704,0.002412729414682513,-0.0015241256926228353,0.00021560833225353626,-0.011297172131960354,-0.00442088574207955,-0.013967591862421691,0.0,0.002577911134835409
2025-07-29,0.0015125074217336998,0.006881020097018187,-0.0003807870612165809,0.0006582801090164736,-0.0024572280375149136,0.009247514019760983,-0.005299167510303127,0.0006096354174389695,0.007998657154030253,-0.0009530815887470734,-0.00808128438817779,0.0,0.0013012214502472474
2025-07-30,-0.002746026219844322,0.0006722814230304408,0.0015238015344409828,0.001315798692315795,-0.0037485662898774086,-0.006150400827142466,0.001771838190989472,-0.0005722066283334604,-0.0005166281676318718,-0.006767748803612972,-0.007531501280216402,0.0,0.00039445390416315007
2025-07-31,-0.007159521583652628,0.00011188509599668883,0.0012836989207269944,-0.0006789133543227965,-0.0055902119802929695,0.003031099331981757,0.0013355352384523123,0.00021521878087882307,-0.0015307905091941354,-0.0009589013573216842,-0.0014131158644777875,0.0,-0.00021969415483669152
2025-08-01,0.0,0.0,0.0,0.0,0.0,0.0,-0.012449680470297042,-0.0002773748107088858,0.0018526034628729704,-0.007207103582041463,-0.013157569753248222,0.0,0.0005582104026404799
2025-08-04,-0.0020800560346934116,-0.01097060753472634,0.00479614961415975,0.004952923970344081,-0.0017297266972764458,0.019894217514630386,0.010767264273235266,0.0006123283543002511,0.014010632432858827,0.007293023007978627,-0.0020571890922992386,0.0,0.0012086738391743346
2025-08-05,0.0013895582512530869,0.005885751337853629,0.0020793206585569823,-0.00017438795236091043,-0.00021655086653094013,0.0014814965518903378,-0.0036432942620422404,-0.00037604153992454314,-0.0013445275017479608,-0.0005689669017681087,0.005467757695332809,0.0,0.001047989363362145
2025-08-06,-0.007216153562802252,-0.0027005787650252744,-0.0025938299399665965,0.0008506665704262062,-0.005632598619606521,-0.003081853997016326,-0.0023516989325742532,1.8937684927999854e-05,0.0013222180362457703,0.000992837550038761,-0.004545496351358369,0.0,0.0020768831794775178
2025-08-07,0.011182494339429638,0.005754313336863381,0.005957720061384952,0.0013946805733602297,0.01568635284752129,0.005069834949981367,0.0024348945614025563,-0.00017857142857113928,0.005149448830198189,0.004111569316944452,-0.007070736917976661,0.0,-0.0032598297660412223
2025-08-08,-0.001105764051733904,0.0008974084404949068,-0.0003760082094285133,-0.003046776845284649,-0.005148100203517747,0.0013533915324983603,-0.002459372334512322,1.897754464708079e-05,-0.0015035334327631045,-0.00017857142857158337,0.006761425669328469,0.0,0.0010766979025509382
2025-08-11,0.0005534940597009541,0.008742363707556322,9.401937217545786e-05,0.0004147994187186921,0.0007546014282746594,-0.006389006083117876,0.0010188689280374863,1.9096219337155773e-05,0.000982226952973786,-0.0013435337710840933,-0.0014317461170022527,0.0,0.0008105638603406184
2025-08-12,0.0011063757469984559,0.0012222960960550644,-0.004889774272989311,-0.0019420378943461047,0.001292657052262891,-0.005193535481184175,0.008084162155621355,0.0006114699197112827,0.0061160085591940305,0.007597421969005591,0.0035856041847743825,0.0,-0.0006894669166451761
2025-08-13,0.005388295960716327,0.00044395988544532194,0.006378523903350697,0.0018802438145388845,0.0003229044737957931,-0.003604753777579295,0.004457911538404247,-0.0007707528380448414,0.0036074130581136288,0.00522262428750464,0.009196381523855823,0.0,-0.0017350960528235149
2025-08-14,0.0024735361491912133,0.0025512078434914987,-0.0021596716106098146,-0.0010692573021605645,-0.0022585526065254102,-0.0008731926062788276,-0.004686475691104142,0.001006493163596467,-0.00181838144630464,-0.0036321154076750517,-0.0038936713565104197,0.0,0.0020115894620422736
2025-08-15,0.0028787609627671795,0.0023234844501851537,-0.0051284535710011125,-0.0013107110078578454,0.00420400976502,-0.0012485952921922339,0.0023012532253756657,0.0006103003234434468,0.0017924197501728578,-0.0021038560275530305,-0.011987249199302163,0.0,0.0008932175954228239
2025-08-18,0.0004100405446552102,-0.0025388168432670666,-0.0001891236759254955,-0.002121814227826646,-0.0008589977765945944,-0.0010001860278863184,0.001972503402265069,-0.0007698571962672096,-0.004276881371961139,0.0013646273474505755,0.0017083170938358982,0.0,0.0014054477607605698
2025-08-19,0.01625895140992717,0.00011068289206028759,-0.001939356177010687,0.00021929075016347,0.006875899204618063,-0.0032536299153695936,-0.008120058248432427,-0.0003756521157973758,0.0029490316177662734,-0.005571522095348169,0.0004490972893653744,0.0,0.00014859459204763503
2025-08-20,-0.0005378233915344088,-0.011939771565188217,0.0028436324342533403,0.001534071701132067,0.00512162999577237,0.0018832391713747842,-0.0005031550781340322,0.0006103003234434468,0.005892952917746497,-0.0013402978462703219,-0.00017857142857158337,0.0,0.0013477529413810085
2025-08-21,-0.001883079380470054,0.003037113164513938,-0.004678689044600892,-0.0032166160527171694,-0.0033971252576942,0.0045112476014252945,-0.0006656886256737327,1.855004726269982e-05,-0.002298991324162114,-0.00017857142857158337,-0.0058246377369330915,0.0,0.0009447704319021089
2025-08-22,0.0022911360843187456,0.004934399301888659,0.0009021753924556286,0.00392948634676471,0.005539106752409095,0.0024950100560297006,0.01579074330685093,0.00021543653605182733,0.003907809185455191,0.014167969725423557,0.005499553952197145,0.0,0.0035244660113638027
2025-08-25,-0.0049752718301493415,0.0036826923250321553,0.0,-0.0005466756531539163,-0.0056144033754823575,0.001991085950353799,-0.0031622463408609303,-0.00017857142857147235,-0.012875917733174647,-0.004765617711029235,-0.007706725543605852,0.0,-0.00023681090548788308
2025-08-26,-0.0035135924748175285,-0.0037803204648088062,0.00360523043409966,-0.0010064208754663184,-0.0022371390224630305,0.0028564179807506473,0.0035623279783849604,1.835496317359464e-05,0.00015109722008288529,-0.0013307137241886924,0.006142553390307448,0.0,0.0004856248957514353
2025-08-27,0.0027123504107851026,0.005915122958189967,0.0020798590738437817,0.0015110999533616276,-0.0019218025389288185,0.0008668881820819152,-0.0014565828664775404,1.8473386509176848e-05,-0.0018268250262253316,-0.0005630361554741503,0.003590201138227389,0.0,-0.003627556035866175
2025-08-28,0.00027051191764071447,-0.0009984983677390202,-0.0035848958953498267,0.000962224653388688,-0.001069863003692717,0.004578089768802807,0.007604710720536589,-0.00017857142857147235,0.000481831481459416,0.0032829419433473284,0.0029504770642414524,0.0,0.002120699175382379
2025-08-29,-0.0008111049193538777,-0.005997405497170094,-0.0007574646444460376,-0.0024905453448429427,-0.001927460748043397,0.008252187425059176,-0.0009191852704536485,0.0004121322301686714,-0.004468324925845368,-0.005544573297666333,0.0041881574892670415,0.0,-0.004423564215985998
2025-09-01,-0.002571095132740897,0.0017878517904053037,-0.0008527664237142352,0.0006132255370840944,-0.00386268003451673,0.011238715467156046,0.0,0.0,0.0,0.0,0.0,0.0,0.0011480444600731055
2025-09-02,-0.010039428797263161,-0.011376377589449316,-0.0014224176632711139,-0.0014226421254028843,-0.0075400368444243915,0.012684223429375141,-0.0005390464143079088,0.0002758377303571091,-0.010120531389093634,0.002518904165053515,-0.004526314929138464,0.0,-0.00033581133399873675
2025-09-03,0.009866918973009176,0.00834832311250322,0.002469040807703271,0.0006355668475537257,0.002821907427758674,0.014195424773167709,-0.0017694083129018434,0.0002165206067563652,-0.002186969922729931,0.0036645982772658403,-0.004545496351358813,0.0,0.0005280555340745341
2025-09-04,0.01370619152435082,0.008950657780321558,0.002605205847023395,0.0023438679963627695,0.01374458459735406,-0.0014114469416627307,0.0018399344113864124,-0.0005735074278314656,0.0031754956983929272,0.00594703540247532,0.005460550615498105,0.0,-0.00034034870812416074
2025-09-05,-0.00013372290855484525,0.0018850444578146774,0.0038266800447741556,0.004261408338455119,0.00477634576382191,0.00047117127686990834,0.007349024218445299,-0.00037607819608276305,0.0004899338576078716,0.003246061286588331,-0.0020477600675846697,0.0,0.0010562417256199108
2025-09-08,-0.00348123725511984,-0.01117877609895701,-0.0015060162652356102,0.0020890809952878175,-0.005185714515202111,0.008123337862706137,0.0038201255330605477,0.0008093145237562105,-0.0011806594566959872,0.00816425814520394,0.0010699097287574233,0.0,-0.00010755439003862222
2025-09-09,-0.002149743366575252,0.0013432471490344433,0.0019325728172157053,-0.0010640561601301668,-0.0017376168364747757,0.004204176891760225,0.006634001557215274,0.00041363792017867773,0.001994895799510177,0.0009496641057511468,-0.007036427075117424,0.0,0.002926583876734945
2025-09-10,-0.002827281365590073,0.009166126834229793,0.0025402946652295366,0.0005869115814904902,-0.004895690923701457,0.004419104180812372,0.0023201002557395878,-0.0005731178608777698,0.00682850871509233,0.004704939469631686,-0.0033173094890103227,0.0,-0.0014589798623136918
2025-09-11,0.004185770932864985,0.0031014103038147223,0.0010792424478411888,0.0015208068232426264,0.0031703619089249457,-0.004747060973886996,0.010932475566165722,-0.0003759617203100696,0.008767722411590295,0.007298160184028735,0.004859182210139812,0.0,0.0011743729824866822
2025-09-12,-0.0049752718301493415,0.0023189084594528175,-0.0026717483400655606,-0.0027550178428625838,-0.0022885563089289906,0.004769703045069296,-0.0011030362408869232,-0.0003758438142810183,0.0029412635435843715,-0.000549626237413392,-0.007070736917976994,0.0,-0.0015867490363866699
2025-09-15,-0.0036484747111120708,0.0022034192291839894,0.0006109468608936908,0.002153551924074515,-0.0031674869084055146,0.002084042801353325,0.00742836541869929,0.0006110660795632938,0.0009672801780471474,0.007987664487060453,-0.020367858133067518,0.0,0.0010128710865697776
2025-09-16,-0.011935681803918574,-0.003517669001431134,0.002301526744517668,0.0004341940380552245,-0.012272714228786286,-0.005083794816941212,-0.00028053860773813444,-0.0005731178608775478,-0.0075363202468141655,-0.002019500674146135,-0.007905606833646828,0.0,0.001445803546867852
2025-09-17,-0.0005489042461435112,-0.008494363915476866,0.0032335509768790516,-0.0008896338772248491,-0.001553124047189769,0.00046455048821747447,0.003800680268626788,1.8897286008234815e-05,-1.383524250064827e-05,-0.0016541049922459417,0.00047034553323310746,0.0,0.0009942506413656016
2025-09-18,0.004257632440322956,0.010347172571054442,4.666422473964538e-05,-0.0031704924059053896,0.003222250894296952,-0.006268165309416762,0.008774356886239065,0.000423246354713136,-0.004944695364024088,0.0027867031071093784,0.011504551434519339,0.0,0.0007133311533644715
2025-09-19,0.0032822258889748657,0.0047352099893611665,4.6733724783143415e-05,-0.0003486189299041209,0.0007751656310939214,0.012264922671926914,0.00320572398381902,0.0002258183632335431,-0.001492516567583091,0.00019967066621329188,0.0049595240373330185,0.0,-0.0004073945733262807
2025-09-22,-0.0002727571927191308,0.002082427561823863,0.0002335143559364372,0.0009371102193542757,-0.0009958088972659151,0.014654987958480303,0.005402819682514437,0.00022558448859766322,0.006459387654431437,0.0038814673609381956,-0.02504109551346212,0.0,-0.002970755905455258
2025-09-23,0.0,0.0022968430149461483,-0.0035022558827328965,6.530167140117449e-05,0.00011062584045351542,0.011827618058049216,-0.006358159540881814,-0.0001686507936505821,0.0013128045153600887,0.0009313776940211849,-0.00605480773861089,0.0,-0.0009878884723723003
2025-09-24,-0.009953451303873928,-0.003928350223901478,0.00023435225869827825,-0.0014803513976345828,-0.010079757614885776,-0.004608336028818161,-0.001876458984493623,-0.00016865079365091518,-0.0006617387422286347,-0.001633768278433645,-0.013326639818290076,0.0,0.0013728569034181515
2025-09-25,-0.009089761189913559,-0.000766900516386837,0.0018271454940537168,-0.002572830856254593,-0.008615888084907875,0.002032575516879298,-0.005602322503765578,-0.00016865079365069313,-0.004608696280197,-0.0005355595239825428,0.0038314829840162545,0.0,-0.001981421505810488
2025-09-26,0.002362784161459297,-0.00010967745800061213,0.0021511163544691847,0.0018143932133127816,0.001467408704344031,0.009465813779363508,-0.0008768117849042856,0.00022527252996917824,0.007759981257898119,0.0020331681936980317,-0.0014967162799292,0.0,-0.003025812455140553
2025-09-29,0.006101013201268657,0.003947387183728335,-0.0004199049256193854,0.0023128109897903038,-0.0004507240450952743,0.01116320622490452,0.011778362261639419,2.8350713485281176e-05,-0.001971285139517276,0.0039169216702588106,-0.005487837881255508,0.0,-0.0005409522104431463
2025-09-30,0.006753104450299308,-0.0013105941797314502,-0.0029410707001731318,-0.0013496684530415193,0.008568916432216467,0.003643174914375269,0.0008317946810285637,-0.00016865079365091518,0.0032789978966467626,0.0009310729155720399,-0.0015055938335204466,0.0,-0.0008359411838891884
2025-10-01,0.015879559729282233,0.008858246346449938,-0.0007959392870330317,0.0011117954155070997,0.008943531830157836,0.006489962130138416,0.008838470680412547,0.000761229153002807,0.00310358565588853,0.0034929949948652173,-0.015231550978172637,0.0,-0.0004151278774128242
2025-10-02,0.006333320940046017,0.0027101071255153375,-0.00023434125479637746,0.000762108781995563,0.006205137302666808,-0.00797812873548498,0.00806387428978228,-0.00036629050021819154,-0.0014732378638588894,0.0012906931331693183,0.015194502946782373,0.0,0.00042458879255469206
2025-10-03,0.005757904271047387,0.002486486504473584,-0.004077587366340674,0.00019577712781559953,0.009470242560283504,0.010796505080065577,0.0012086248333782468,2.902798209203361e-05,0.005873130754191047,0.0038385515917214175,-0.010484953288175669,0.0,-0.00080385722032561
2025-10-06,0.0043934501701019535,0.0010783816226178633,0.000282369267362359,-0.0014792957718134936,0.006545285818243762,0.01700269818630784,0.005627518038934243,-0.0003662905002185246,0.00031827454941901756,0.019424977108916774,-0.005033231276173611,0.0,0.0013324886805994307
2025-10-07,-0.0011930477692594366,-0.0008617759747204801,0.0012232306834163431,-0.0011110375844434195,-0.0013006071059308288,0.010502678260141618,-0.006029066149836559,0.00042422914214101937,-0.0009797768046722055,0.001966684538103669,-0.012040159272943662,0.0,-0.002473602487607973
2025-10-08,0.008361206094954499,0.00787061281679069,0.00042291701113539304,0.0019628842855066164,0.0068367153077608656,0.020468753094965875,0.00459654469470383,-0.0001686507936505821,0.0040527816440261155,0.012615353293830678,-0.0072357674777507874,0.0,0.0011345983534651882
2025-10-09,-0.0022375638319321878,0.0019255133940938585,0.0006105738327268906,-0.001458432544666488,-0.0015089308045523886,-0.0017667971164662122,-0.0003153259151157384,-0.00036621243905798906,-0.007606016266264004,-0.011739447314166651,-0.02792668315865343,0.0,-0.0030418597228801803
2025-10-10,-0.008046528905962136,-0.014627419211720616,0.0026757083928066194,0.0037713098339806628,-0.002374819499117553,-0.00603850889429336,-0.018457183481257466,-0.0013541767311635589,-0.005381176916957275,-0.03599694530213826,-0.012613746125889613,0.0,0.0015345596087568136
2025-10-13,-0.0007978343308860936,0.0009752123792603484,0.001029997593295695,-0.0018676450151015045,-0.0097380992194388,0.0251387867320938,0.020054472152029934,0.001216117506322334,0.006381180043584678,0.028896772770843127,0.030965505306119523,0.0,-0.0018062138691579133
2025-10-14,-0.003859417026434775,-0.007036162739449514,0.001496578065962817,0.0023498442861142887,-0.0008741770000886273,0.007663226633753739,0.0034443385363533974,-0.0007611794311023212,0.005362490254411378,0.0012615463242633407,0.0213985763061455,0.0,0.00023774812886911967
2025-10-15,0.005076926113275704,0.00861221397201728,0.00210137989944581,0.002539757130613607,0.0007655216678197352,0.00588114755747049,0.006155523431319532,2.9027982091811566e-05,0.006788178006730039,0.006614602806926939,-0.00016865079365080415,0.0,0.001119028328094851
2025-10-16,0.012362017831901273,-0.0033506127416937925,0.0007921931149137418,-0.0009744265177816791,0.008632865164210912,0.016330657466765208,-0.01143230436479803,-0.00056393020678569,-0.006274046673568234,0.006214284892808619,-0.021984244520974583,0.0,0.0017290375652052603
2025-10-17,-0.006040003825995899,-0.01539954179664016,-0.0003724890571962236,-0.00026001784367279956,-0.007908884396964355,-0.0075382230996572375,-0.004617972014201777,0.0006220642254608499,0.0027411576637130786,-0.005806370484951584,0.004867341951926951,0.0,0.0021300229079743715
2025-10-20,0.0009247275301069724,0.014869357244457149,-4.653380681052255e-05,0.0002167723496477869,0.005897158632226285,0.019988007683378495,0.007443482891721587,-0.00016865079365080415,0.0012820005420188796,0.016840612568680413,0.005557888775627351,0.0,-0.0004685795514655089
2025-10-21,-0.0007917292098356121,0.0040156869269150075,0.0006521469667482016,0.002991058140688896,0.003908286542275929,-0.045659393200733644,-0.006845896823196473,0.00022639434777871337,-0.011435298393511206,-0.00957632179535417,0.013354403897108513,0.0,-0.0012836471019009865
2025-10-22,0.0006604175631221842,0.002702407070444446,-0.00023281396792373954,-0.0011453117798331247,-0.0007569947319515657,-0.023408611697093296,-0.014889004244311055,-0.00016865079365080415,0.0052032221866815664,-0.002982622973685567,-0.004382050001487836,0.0,-0.00016841447096815898
2025-10-23,-0.003299908498082038,-0.0038810014266205117,0.002048796995393065,-0.00099518592862613,0.004220870635547769,0.026282590074818923,0.00809846670293779,0.0002263164672662299,0.00047909106594135054,0.0008894962172367737,0.005473152993652919,0.0,0.0006749522506359629
2025-10-24,0.0,0.0,0.0,-0.00013000800597340323,0.0024948329293135174,-0.007600883853075224,0.014648976244875378,-0.0003659002799705213,0.0011258671043474777,0.004059744389543152,0.004740062814476476,0.0,0.0010362521894220489
2025-10-27,-0.0003973828833249149,0.01731597874009605,-0.0010222683504332863,0.0014295510784114729,-0.004638790610300814,-0.029604299060286277,0.007424082079969807,0.0014108279635201004,0.003386512172071976,0.002287457390717451,0.015183853676324688,0.0,0.0035365275828200815
2025-10-28,-0.013116155971464538,-0.0005319469857277825,0.0006512065952388735,0.0008867023726455425,-0.010476233694732162,-0.010105308208394503,-0.0032601089566121066,2.848244611719508e-05,-0.003872331519849448,-0.0033188569015714098,0.0025804116741265926,0.0,-4.023428605615109e-05
2025-10-29,-0.0014766729120707645,0.008089438901859536,-0.00023233580877612958,-0.0003673288546344189,-0.0034925775006267035,0.013432194635648376,0.0050643951779303364,-0.0005629175300282396,-0.007926843843403364,-0.0036798710608688667,-0.012505831437674919,0.0,-0.0020045557360652833
2025-10-30,0.0005378233915342978,-0.0003167105264975101,0.0003254313427982769,-0.0023778466206986204,0.0031762646140480744,0.006998236445710182,-0.010291051124173278,-0.0005629170469944045,-0.0029377612708615386,0.0008884480021476016,-0.014047930322457769,0.0,0.00012362204454774428
2025-10-31,-0.004165523172212637,-0.002112343343001477,-9.301127276639676e-05,-0.0011484139282615935,-0.0033846898608763665,-0.0010529640803901286,0.005869517673621649,0.0006203487795466422,-0.003762333879259727,-0.0015765572819832485,0.008276081283097758,0.0,0.003223157052644865
2025-11-03,-0.00040478434423252274,0.006562207273388632,0.0014410241550772973,-0.0014750527310662953,-0.0009859823824223124,0.00895962885066881,0.00413416346251716,0.0004646552572873386,0.004257629638195315,0.0015937311362861362,0.002622687792106726,0.0,-0.001976549663928129
2025-11-04,0.0036448508792272793,-0.0030495731220684386,0.0011605060666928235,0.0013251576603010573,-0.0006579002043024529,-0.005432524175424391,-0.02101213969977167,2.9253832681375158e-05,-0.005064988828651584,-0.013539512282223831,-0.008519356902742081,0.0,0.003181101385938856
2025-11-05,0.0029589061487658164,0.0006329965116609326,-0.002039986495903867,-0.004621257868961726,-0.004499172451645217,0.00504200398421073,0.013530224651865597,2.905887460924461e-05,0.006227953502819572,0.0051808613600607956,-0.0008704388583758993,0.0,-0.0015480131721361534
2025-11-06,-0.006705242784796672,-0.014335410731600273,0.0004645551082773647,0.004032401395485108,0.0026454461380271965,-0.003344494406205767,-0.014751766114945553,-0.0001686507936510262,-0.003754070394803244,-0.004425474361484105,-0.01632025300261475,0.0,0.0005650428614250025
2025-11-07,0.00013507133560430873,-0.011228846493617772,-0.001578939229617049,-0.001953807777156813,-0.0028583559796937497,0.005033608379840571,0.003087142632519413,2.9097677614942086e-05,0.008172841593336866,0.0026813399091170087,0.01267927615619402,0.0,-0.00038710716202550177
2025-11-10,0.011204131274139328,0.02163111666251627,0.000976826110249407,-0.00036976582984127315,0.012568904594760788,0.020659419124153144,0.008386708424072298,0.0004244773299666438,0.004697507068282647,0.011198985412516738,-0.00016865079365091518,0.0,0.0026205384185300495
2025-11-11,0.018956079042198093,-0.0037053323907345614,-0.0023233132501943032,0.002589422009796616,0.017639361926699904,-0.003169123474144442,-0.006018780684762026,2.894138341114072e-05,0.006449578731590355,0.006153891769077768,0.0047644936855257836,0.0,0.0008141972735571379
2025-11-12,0.008253650716216754,0.003081489980456098,-0.0019096205380514375,-0.0008464570922112058,0.00738301366960914,0.016408573890472677,-0.0058572455579779525,-0.0003662039357571478,0.001916066167677144,0.008906323610955003,0.0026363182005242347,0.0,0.003390285614521371
2025-11-13,-0.0055873218351812914,-0.01366523078407933,0.00018668010591560424,-0.0014119915077495104,-0.004461023434153444,-0.0024215149208205444,-0.02719564703147992,2.894138341114072e-05,-0.010250274361954359,-0.010891542775506968,-0.007161708126586008,0.0,0.00036765310467079537
2025-11-14,-0.007186653002704713,-0.007732743044828849,9.328683453579956e-05,-0.00045680775809764373,-0.01536325499466229,-0.024577715680133227,-0.005643052497838474,2.890234845565054e-05,0.005004271407246463,-0.0068120400860817165,-0.005098106088804899,0.0,0.0018857345054459351
2025-11-17,-0.005659490332111328,0.0015152902051851491,0.0015394829227284301,-0.002110951450503329,-0.006609622822526862,-0.004251385853691447,-0.004755842399669419,0.0002264552435835565,-0.005475793238031601,-0.0022805456272836366,-0.01927705279796532,0.0,-0.0008258065953409277
2025-11-18,-0.010059668988420478,-0.011996200415918312,-0.0008850303288359118,0.00104678927599422,-0.01821549906294606,0.00229096348536606,-0.0006806087129648253,-0.0005636007837596102,-0.004695673732143191,-0.0008741290348036612,-0.0016115744561354672,0.0,0.00019293537197517807
2025-11-19,0.0028080417281959313,0.0076163534262732036,0.0013986165071515622,-0.00021784439593997007,0.009332202493148811,0.009558454241071601,0.0011632162736618934,0.0006214056966331594,-0.002929729411698112,0.00583207728840085,0.0034440918824962807,0.0,0.0005658322922841297
2025-11-20,0.0033333475761816445,0.005444205063859897,-0.0031657459049013736,0.00021789186246112813,0.0049533512175310435,-0.00010295010789040937,-0.019814563174364253,-0.00016865079365124824,-0.0066834067960303,0.00018223180134113726,-0.005928245869014526,0.0,-0.00157944790632214
2025-11-21,0.004650974858955381,-0.013970061684724144,0.0019148109097351096,0.00043579267571192126,-0.006024185631705148,0.005043252920120311,0.00045752922056685463,0.00022598787255967423,0.005569060463425535,-0.001571758828002645,0.016485934444334438,0.0,4.02513324877507e-05
2025-11-24,0.001852004829087317,0.017243301356728358,-0.000978823114703431,0.0006750546087093134,0.010468350659726289,0.0054275348622312425,0.02090158509282669,-0.0003657757376098747,0.007492346779667258,0.007910153592057823,0.013364108757859317,0.0,0.0009908157864404465
2025-11-25,0.010034226564875182,0.008097658969923094,0.0027061434001822704,0.0024591066380417193,0.0068701600118672435,0.007740921486644403,0.0065736792661408305,-0.00016865079365069313,0.005492953412330692,0.0022703415620608514,0.011777941216007948,0.0,8.995144175916181e-05
2025-11-26,0.005490240633665877,0.005461976760160914,-0.0008840227175272997,0.00045587556211978963,0.006173505863318773,0.004143900833604164,0.01018138035972771,0.00022590997208782326,0.00883885540882301,0.005392714098104268,0.010248091075077737,0.0,0.0010074655673790733
2025-11-27,-0.00012996511975993386,0.004473951893045003,-0.0009781453903129345,4.335259368004607e-05,0.0035522597601178596,-0.0028183067870846124,0.0,0.0,0.0,0.0,0.0,0.0,-0.0005079088693765721
2025-11-28,0.001690274306763273,0.0026510502706982297,-0.0006526638565086396,-0.002234889689503361,0.00042896864680619373,0.012617341118380532,0.007664986732214274,0.00042307345678938013,0.005092085416124936,-0.0008600542475243333,0.006016932392860275,0.0,0.000547710114305211
2025-12-01,-0.00012976267836650734,-0.0027498511028128947,-0.000932996090765692,-0.002935682819748764,-0.004074123290055187,0.004784676768901486,-0.007780888194363289,0.00032606328886042313,-0.007939098442704462,-0.008470266840286733,-0.00563318454729167,0.0,-0.001211498207606021
2025-12-02,0.0027260801836515025,-0.0004242455950752566,0.0014475553532999896,0.0010032820124130648,-0.0023683247383926576,-0.00932542104569678,-0.004893818901039015,-0.0007621383080248512,-0.0035248954487944184,0.0026216959464622214,-0.0015422730326248857,0.0,-0.002492910624545819
2025-12-03,-0.0003883812677580867,0.0007426227958906573,-9.330183680844595e-05,0.00032685412051769447,0.005071694069417987,0.0020028039744606208,0.004780845544700485,2.9425267401350652e-05,0.0011141792116733384,0.0005270815140308027,0.016337559372027632,0.0,0.0009316885809389497
2025-12-04,0.0028495058413453567,0.003604859622123424,0.0010259150712341736,-0.0009584311143217006,0.0031136200975623307,0.0015990772138054776,0.007973043614415642,-0.0001686507936510262,-0.0019302270867969096,-0.003992136816859171,0.005920606129161232,0.0,0.002659854947362872
2025-12-05,0.002582888231712266,0.005282017474399492,-0.002189478180919746,-0.0024200003181200636,0.0012843564582523115,0.0031929875953446984,-0.003209502670757036,-0.0001686507936510262,-0.0054630839850410284,0.0005291966934095615,0.0025213895524991425,0.0,0.0012425784937406537
2025-12-08,0.0024475583267276058,0.0028373559644578883,-0.00863671431751245,-0.0019670209527592464,0.001282709002660587,-0.001591442791167852,0.0015813324786808636,-0.0005643363077415531,-0.005168710396674436,-0.0008660116292044107,0.002514035934367831,0.0,-0.0010586759190660544
2025-12-09,-0.0030839930865523835,-0.00020950840131894743,-0.001224455020319648,0.0005913215341903921,-0.002028362667066408,0.0019924287949009134,0.00043034358369453685,-0.00016865079365091518,-0.0026000566501818145,0.005762983256462961,0.0038447152307301558,0.0,0.00027965293316212225
2025-12-10,-0.00025792039790673016,-0.00565984209116166,0.000990228744576438,-0.000612782633205744,-0.0024605119490348493,-0.007556150008128482,0.0001306671052831998,0.00022719134944182429,0.00015631403004112698,0.0036468088847376734,0.0024962993102564113,0.0,-0.0006196450223540095
2025-12-11,-0.001676008111673566,-0.0069569331171430715,-0.004239329484807763,0.0018394750980119667,-0.004611273027175011,0.002404291073489162,0.005117588607273182,0.00042491629301544265,0.010065214024411295,0.002941279730145796,-0.012793299048006412,0.0,-0.002448269412811288
2025-12-12,-0.002324771015607019,-0.004988833940585913,-0.0034059023300160307,-0.00308205082184021,0.003016664672023772,0.007595479518818893,-0.012669849691877677,2.903580760449387e-05,-0.0025805715928851614,-0.0022355787238551583,-0.0015144732570203656,0.0,-0.0015139598883801009
2025-12-15,0.01126210397678018,0.0021335102037407516,0.0035598668964937907,0.0013593748088671642,0.005048269946946515,0.004364177073628905,-0.01101972456965572,0.0002268769733451137,0.003538611530786717,-0.0015492731862665199,-0.006907243584601042,0.0,-0.0014631443656374366
2025-12-16,0.0007681125532525979,-0.0034063651799226546,-0.00042560483389553205,-0.00026269374054899153,-0.00021365372370030222,-0.0015800667830468962,-0.002606409898806561,2.8918591158166862e-05,-0.008230802507207091,-0.0032796561042003347,-0.003560805538636469,0.0,0.002263518709897161
2025-12-17,-0.0019186575575671494,-0.0073702414404130945,0.0002839057737793471,0.0010950189223657425,0.0016033606176035775,0.005736882089979023,-0.010452665958833984,2.8879565207695634e-05,-0.0011557950064461364,0.0019117559627650493,-0.005614516287461346,0.0,-0.0008338582865016209
2025-12-18,0.008458281808834123,0.0061336023163625075,-0.0007095629854199093,0.00035010623157782916,0.0046958056351920074,0.009048005819709326,0.00970786291703507,0.0006215471247683624,0.002301648279771973,0.0012154536474362487,-0.002906493463479376,0.0,-0.0018127542677448538
2025-12-19,0.0021604053814456847,0.005347630880213394,-0.003929012204432425,0.00030618359460787836,0.00010638384595940131,-0.0021442614103618363,0.01502407820725904,-0.0001686507936504711,-0.0018114586159579948,0.012270864551732874,-0.009777407401896143,0.0,-0.00039802737539296196
2025-12-22,0.0011412084380442167,0.0021276906586389366,0.0017583583462985608,-0.0011151012609109667,0.00849696430732938,0.016214140280348177,0.007776651311966587,0.0003471474242280337,0.005755316409435718,0.0035856734283301606,-0.0001686507936510262,0.0,0.0003621844140704322
2025-12-23,0.00531986564653808,0.00191076629376008,0.001470770983784453,0.0007879967327881765,0.001263796027422881,0.002306828486873691,-0.003561354982784315,0.00022775175069456033,0.009973689639650285,0.0018714352042168425,-0.005712639695502064,0.0,0.0011529812082671231
2025-12-24,0.0,0.0,0.0,0.0,0.0,0.0,-0.00026867874308866835,0.00042598823183159773,0.0008029868467771539,-0.0011866508924595065,0.0019218997177472552,0.0,0.0020669446483092546
2025-12-25,0.0,0.0,0.0,0.0,0.0,0.0,0.0,0.0,0.0,0.0,0.0,0.0,0.0016419248235801653
2025-12-26,0.0,0.0,0.0,0.0,0.0,0.0,-0.0023714835120554056,0.0008217221656334761,0.00015497661713403943,0.006285185494272483,0.009567206067430556,0.0,-0.0019321451014601143
2025-12-29,-0.0003780569781793863,-0.0018012026063543018,0.0010421228134755989,0.0010497655183001608,-0.00021028272431555806,-0.027234391143324044,-0.004885127043016468,2.9196922938679037e-05,-0.0019477441567614662,-0.011980983284219038,-0.002860359303807458,0.0,-0.0007328731312353787
2025-12-30,0.0021426076882269385,0.004139622201756454,0.0015142831913623755,-0.00024023651107407673,0.0010521393854072691,0.006703457836465088,-0.003395153562673281,0.0002268891287706687,-0.00016865079365113722,0.0008272781653697603,0.005513150192343552,0.0,7.036287098172167e-05
2025-12-31,0.0,0.0,0.0,0.0,0.0,0.0,-0.0038102256311728366,2.9156784973949357e-05,-0.006001435604618188,-0.003011515700849343,0.0012437918306791307,0.0,-0.0014834966069198208
2026-01-01,0.0,0.0,0.0,0.0,0.0,0.0,0.0,0.0,0.0,0.0,0.0,0.0,-0.002115352726554498
2026-01-02,0.0,0.0,0.0,0.0,0.0,0.0,0.015364374081235477,0.0004245001959286565,0.009283670374954145,0.0030387499765351933,0.005473150982362451,0.0,0.00045395010979043526
2026-01-05,0.00012573158283002428,0.007399726336154933,0.0033074905423360335,-0.0016827890971023995,-0.004308985515194985,0.021347422182119047,0.00882864904983549,-0.0005638760894275396,-0.001944459919088981,0.007291379776509288,0.013155247969013795,0.0,-0.0006952239011921435
2026-01-06,0.006539284509152532,0.004721818224851404,-0.001601174676551076,-0.000875535819466644,0.013299422401708894,0.013614526531040338,0.012216169051316284,2.90013977650716e-05,-0.002271204301904417,0.0026522282486520776,-0.007781041902901409,0.0,0.002615184265965853
2026-01-07,0.0018741689673869022,0.00386431439308077,-0.0015094984251025068,0.001511695898185117,0.0028125148015261114,-0.0035943311892895347,-0.0056491597625312195,0.0004242657670781025,-0.006165397088404356,-0.004036465718925464,-0.025970636770640043,0.0,0.000627119340893989
2026-01-08,0.0007482847057116437,-0.002705015469032901,0.001275523981554505,0.0016844519183798479,0.0,0.0034174819655428124,-0.004301664766188984,-0.00036622394449292717,0.005538113149637702,-0.0019335503077306804,0.02989584167442505,0.0,0.00119207357892126
2026-01-09,0.006105789333174627,0.004590030212036522,0.0001415443436345587,-0.00019650827599770881,0.0018698508105179368,0.011731338140078096,0.004277988848227832,0.00022641932975364654,0.0017768926787815609,0.007610677356082229,-0.003643318260639905,0.0,0.0002232241388364642
2026-01-12,-0.0007430906413756766,-0.0022844892145020834,0.0002830486233376117,-0.0003058090597392038,0.000414647427848136,0.019824154374309844,0.009472227199379013,-0.00016865079365080415,0.0006403921595508066,0.012112087973624286,-0.0015633639448587866,0.0,0.001620023030647344
2026-01-13,-0.004834068548095538,0.009679427214650316,0.0017449967219795859,-0.0006118052150561049,-0.007669239550175289,0.0014670599869375245,0.002267283863187197,0.0002262633109897383,-0.005827498405676312,-0.001555134827711968,-0.006453625711259181,0.0,0.00166225534387765
2026-01-14,0.0062275511825249374,-0.007215816669018271,-0.0015536158575883974,0.002164522473731667,0.006266384927975155,0.0010987669802584588,-0.0016265853865595759,2.880538198368754e-05,0.005034607907350219,0.00330233857590434,0.016697214657994452,0.0,0.0018206240291631648
2026-01-15,0.0024755648265077923,0.012771339076770305,0.001508856691391891,0.00030542876747841063,0.00415147502464186,0.004389909137220593,0.0036277228534733474,2.8843456631344466e-05,0.00031661793697113083,-0.0018981424313390116,0.008815469444069413,0.0,0.00284325520804507
2026-01-16,-0.0012346292613794052,-0.0027681236867477255,0.0016007946102558623,-0.0032497016322969863,-0.004754403730389045,-0.004917048428191739,0.0037102499937153866,0.001212380374233657,0.00613697050843931,-0.0053661810279245215,-0.004963215925975706,0.0,0.001307933471581313
2026-01-19,-0.010384556144532264,-0.018093898216291482,-0.0009872031465855136,-0.0013128620204241326,-0.00830832248915736,0.009333776277566264,0.0,0.0,0.0,0.0,0.0,0.0,0.000795748701342136
2026-01-20,-0.007745212834929793,-0.009841940000337446,-0.004731863931998093,-0.0003505080172309105,-0.006178667403370364,0.007615615969231548,-0.007027213207776994,-0.00016865079365091518,-0.0020966892940085247,0.0015729555700954023,-0.013933267915661851,0.0,0.00041019325703817167
2026-01-21,-0.001510790595252276,-0.002220573206754506,0.0037559705189720294,-0.000942470820296526,0.00189674333092138,0.024833520766285977,0.007029106576909694,0.00022563814836407126,0.005465600913307611,0.014782644441298398,0.011694545656097288,0.0,0.0014501867434582039
2026-01-22,0.00668264794011475,0.012081379442117068,-0.0002367743185148763,0.0009433599094843537,0.0069415255596776415,0.0029850960615125377,0.0035010289710084574,-0.0003656791113572089,0.006074326653990436,0.010108825384576914,-0.00016865079365069313,0.0,-0.0009629692523139832
2026-01-23,-0.0050097487107776395,-0.001570723614181091,-0.003742874484807257,-0.00037257800780188255,-0.0029245581625660932,0.01873251396772191,-0.0016118559420842393,0.000619310111365623,0.002694912936396676,-0.004576850845727343,-0.007065198747072898,0.0,0.0021329793891593507
2026-01-26,-0.0015106984190796924,-0.012795000150464086,0.0035191435108421487,0.0018635843695613552,-0.0037711321626715533,0.002062126003660625,-0.0015177467972922187,-0.0007590793185577871,0.005542000772412514,-0.0022123485541337695,-0.013363081091999907,0.0,0.002428697461371865
2026-01-27,0.0057991810729771665,-0.0022308717075572027,0.0016112042982030506,0.00019702118165532134,-0.0023134894744550882,-0.008574858873858782,0.012953753856127292,-0.00016865079365113722,0.016077399367442125,0.019285355557629558,0.0012387521556260772,0.0,0.0007282458935577996
2026-01-28,-0.0142893000573725,0.0005323553091434174,0.001135529392841672,-0.0007001846918405219,-0.005164366668719111,0.04289923867059264,0.00849792691008533,0.0004221265430479626,-0.0014103399688479845,0.0065269770083211665,-0.007898731762451816,0.0,0.0031366521482651954
2026-01-29,0.007375493693220658,-0.011493066693685106,0.0017013260868030677,0.001050960737438933,-0.0031782854190350873,-0.008624999164803193,-0.008005377018006854,0.00022509632078548947,0.006668979781570217,0.003822107824930754,0.0012477930227916545,0.0,0.002931061422902559
2026-01-30,0.004165711677026396,0.0073204614964026415,0.0016040589126304905,-0.0010498573785542309,0.006801886033566129,-0.0471808794229428,-0.015014538358653629,0.00046326319044798225,-0.006033738375005981,-0.0332922536369431,-0.010069663097571735,0.0,0.0014837212833382907
2026-02-02,0.013450539931677108,0.015496462300602865,-0.0022138540459114564,-0.0004817338409044414,0.009184078945023266,-0.05302899421778973,0.0053143001634807785,0.00022599804451206573,-0.007155163463311354,-0.004279654385096365,-0.017311526542875377,0.0,0.0032991537448621155
2026-02-03,0.0035970797552722367,-0.009682200555323983,-0.0054761065575335,-0.0006571409261749706,-0.003870368785306666,0.06044879910809242,0.003004881206363663,-0.0003658206199593783,0.013902623623930799,0.01806321660740484,-0.02269771543178134,0.0,0.005186834889536973
2026-02-04,0.0023482405584460686,-0.0012751436269112792,0.00346511479510081,0.0003506847184455708,0.016591475535868927,-0.009092519645123254,-0.014644671618555982,2.855791626488191e-05,-0.0026355652611064206,0.00253405628014014,0.011727223941507825,0.0,-0.0004450760546244048
2026-02-05,-0.00024662949330200856,-0.014258454020504296,0.0009461315648342516,0.00197223655177603,-0.0022725263905970516,-0.014469758303155777,-0.014857304881014555,-0.0013522837486263928,0.0032317002427295627,-0.016341119099794743,-0.029558789897966564,0.0,0.001258392429464239
2026-02-06,0.0028367942441622773,0.012737573813762504,-0.0018904023806018966,-0.00026248202670731136,0.005694157008727219,0.01611459265890791,0.03063398218634683,0.0004238670074327988,0.012308375465832189,0.03270798212248649,0.01572839593207953,0.0,0.003170222910437337
2026-02-09,0.00344351054662817,-0.0008527417675828763,-0.000710198383767402,-0.0005249975721601796,-0.005970718484983539,0.01726870095677291,0.007110367930077244,0.0002262295542247994,0.01048084911206737,0.015083395519176479,0.011753890899799613,0.0,-0.0007531548268169264
2026-02-10,-0.0011030238026674688,0.004267102251513055,0.00227432229613056,0.0030203477929440226,0.0022784101120321143,-0.012991512486727363,-0.0048278555218354,0.00022592015573286162,0.00239043362410718,-0.0034345265909362377,0.016031649130821002,0.0,0.0002397136697083191
2026-02-11,-0.0002454190364611364,0.003717860210900703,-0.0038292325592970133,0.0011565333259524468,-0.0013432817328253854,0.014917515237098167,-0.0028434430134012256,-0.00036593519042715794,0.012594110312065476,0.0034355020004932513,-0.0030672285774927532,0.0,0.0012835429820974298
2026-02-12,-0.00012259574915074456,-0.0015875130794041903,0.0028474093585790783,0.000959078785495393,-0.0005173112163932014,-0.03752379848709231,-0.005532656060515784,0.00022607260716900335,-0.0010581782509718751,-0.015513063128821503,-0.011069843627457998,0.0,-0.0011378230031507952
2026-02-13,0.004173179764769497,-0.011765885551634048,-0.0015143257293559476,0.0023081808762386302,0.008799041029056598,0.026230753254568917,0.00840231460889962,0.0002256867040091315,0.014076804358187589,0.007125759210488969,-0.014128959586853784,0.0,5.625170432499438e-05
2026-02-16,0.0030558746885964716,-0.001287207492959852,0.004644529514403306,-0.00028249725919649027,0.0024629458072187305,-0.005602262147486603,0.0,0.0,0.0,0.0,0.0,0.0,0.0011347949881941322
2026-02-17,0.007799053407513856,0.0,-0.0003774027392544621,0.0012386969165421036,0.002763662744767581,-0.018309902137433887,0.0005951897168017251,-0.0003658185112139778,0.0037816844850993014,-0.0067518772313901465,-0.006875048189307842,0.0,-0.0002864342042087076
2026-02-18,0.0032649408019782555,0.010995987638680704,-4.716614971123079e-05,-0.002083639933606718,0.005716758500591057,0.024569606898986907,0.0025981942248507472,0.00042273889464561343,-0.009495388671185934,0.012091127865008433,0.00808341517797384,0.0,0.00035470063325249157
2026-02-19,0.0013259369758367168,-0.0017037913330363308,-0.0013686029872488348,-0.0003044921406076817,-0.006090198263718483,0.005426285116983509,0.001353725171874487,-0.0005626009035758495,-0.0007571594312755225,0.0017953771698351328,-0.01802581340109921,0.0,0.002495322991129978
2026-02-20,0.0046941400160502855,0.005439965906836486,-0.0019849405275012,0.0006745268793566517,0.008170021401780136,0.012534733401551312,-0.0021635999906827186,0.0004226222916905442,0.008957067225910054,0.01159216768925142,-0.003198907186389821,0.0,0.0014695261193438114
2026-02-23,-0.004912022121704052,-0.0068958248531130195,0.0008523910446698313,0.0024784749422317454,-0.006989436746316469,0.027854217481199983,-0.006641809114070751,-0.0007595744817198158,0.0015816008261781977,-0.0008144071713604983,-0.010806897395664983,0.0,-0.0006253346421484229
2026-02-24,0.007705439409921189,0.00010686400504700266,0.002081767790195199,-0.00019514449068935846,0.007038632825228985,-0.014051461275397803,0.004909357669305114,2.851692391314664e-05,0.002743451174865408,0.005000985875355024,0.010583984999553264,0.0,0.0015309752639045549
2026-02-25,0.0016725915372901579,0.01078826877962813,0.00037772346507081167,-0.001106344923303304,0.002532417292928635,0.010688814950816639,0.007362379814661368,-0.00016865079365113722,0.0036060556405355104,0.006581524045147447,0.018068375654070046,0.0,-0.003981956324477065
2026-02-26,-0.004651775057211371,-0.0014794846068330036,0.0015102513595215417,0.0016287371824577068,0.0032332983006040372,-0.0033573945929430415,-0.0030071800587807562,-0.0011542183702407671,0.0014223434938540613,-0.002722872287091116,-0.01807904491017953,0.0,0.0031388492675594737
2026-02-27,0.004793310495735392,-0.012805584686791716,-0.000801122391093867,0.0010840591408742828,0.0066471008737170045,0.0038739898023898434,-0.005956642723323413,-0.0024855689394683855,0.0015641614074921595,0.007193670921621598,-0.036642778992383884,0.0,-0.0016490312070520652
2026-03-02,-0.011091171079936624,0.007933122962749506,-0.0025939869590355658,-0.002902082844954079,-0.015307543004596136,0.031040268456375975,0.009004767129747071,0.0010223465831855627,-0.0056466205822298665,-0.0058883627586920895,0.017181433835285143,0.0,0.0007484440473388698
2026-03-03,-0.028702468785404167,-0.012231373553349356,-0.004161101010977775,-0.003019174570452976,-0.02702704810137946,-0.03368594338003472,-0.021946899034320233,-0.00016865079365069313,-0.017852305939049407,-0.031169004885479912,0.004482555588517956,0.0,0.0029399104458807113
2026-03-04,0.00881549559880268,-0.0016151556620898067,0.0002848886840216558,0.0012854585385602135,0.008980709641252416,0.002020903051028311,0.010575653744510749,0.00022782484526473468,0.005438535848742099,0.009396056078392112,0.0083189297760069,0.0,0.002601210017270539
2026-03-05,-0.0137845994244008,0.0031276474575283597,-0.00593373197697733,-0.0050261912861852,-0.013351211198917357,-0.014621869255514786,-0.010798742390427996,-0.0007631285560731893,-0.012641022929528734,-0.01192953183409784,-0.005524401913937438,0.0,0.001327300374371232
2026-03-06,-0.012729390495530235,0.0,0.0005730152098228913,-0.0013120869032600124,-0.015525021154565777,0.010915955223117724,-0.019818298901077003,-0.001358467249745643,-0.0031405805879596294,0.018343712188308325,-0.013245544023556044,0.0,0.0017941305393518459
2026-03-09,-0.012387652638675917,-0.017847523713173663,-0.0054407454602679595,-0.00024077307158898442,-0.009589821011132371,-0.0069175578482382205,0.018591213987041222,0.0012210963319263524,0.0004275760852623378,0.001778803128187345,0.003728501763091252,0.0,-0.0010310560505628619
2026-03-10,0.01775136208222783,0.015216140530619482,0.001967482428668399,0.003131952547718031,0.010134816455389162,0.020897127655978176,0.0029327693092027207,0.0002278248452642906,-0.0031474326481792936,0.0017749558922619535,-0.007932698229818236,0.0,0.0007490633663858048
2026-03-11,-0.0121334663606385,-0.007979232850443108,0.0,-0.005742222466535329,-0.018038203368298755,-0.005658219796842334,0.005628513906009491,-0.0005649693019322832,-0.0018119334107534746,-0.001461895701696414,-0.00642841289213969,0.0,0.0007607077640403581
2026-03-12,0.0006424931880000262,-0.00021738504673729508,-0.0013409903027035153,-0.0031183210155464325,0.0033769220836823433,-0.0023431370946649377,-0.020053449312406935,0.00022782484526451263,-0.003760001360033405,0.00015506359776629175,-0.015129264740098014,0.0,-0.00010763052471984835
2026-03-13,-0.0059066050579486,-0.002174406344463531,0.00019179592035944992,-0.0018943868063705516,0.0026054652968428016,-0.00939435634170771,0.003457789466807082,-0.0017540784386024244,-0.0015201161320272938,-0.007935591869554282,-0.0025667547444426786,0.0,0.0006817983686826512
2026-03-16,0.0014208305116449882,0.007300063829067005,0.0014863711268824353,0.0020745730776339233,-0.0020573601355547977,-0.015241320914479273,0.013112598972707445,0.0014192944235471572,0.011109577060989029,0.005049820828399998,0.004639086561879502,0.0,-0.0004931440654086794
2026-03-17,0.0076099965898104305,-0.00043265385869950546,0.005362236808346799,0.00226855770203227,0.004774371634882479,0.0006879181669174894,0.006192096065432473,-0.0001686507936504711,0.002656620694944767,0.007942962863007219,0.03252671278952102,0.0,0.0024771468768671756
2026-03-18,-0.015873034755677695,-0.004112156375411957,-0.0017143702125542726,-0.00254906213751549,-0.00853141391390655,-0.02079401291188765,-0.0019882100771385636,-0.0001686507936510262,-0.013217331390473763,-0.008536834610929911,-0.004029690700909083,0.0,-0.000593936013609575
2026-03-19,-0.023283002469366654,-0.009779388251809906,0.0008109438772392341,-0.0008372567267589393,-0.02439814547503083,-0.05721301559202974,0.005204121752661273,0.000624063028825228,0.004789226486768605,-0.018669152293800617,0.0029320766400933174,0.0,-0.002026034292051504
2026-03-20,-0.01038746894887499,-0.013168042906394617,-0.0034318456159674326,-0.008158160268306514,-0.015406958206782284,-0.002419932545473902,-0.022403640688696935,-0.0001686507936504711,-0.023938881878822316,-0.014388203432071811,-0.01871573640205848,0.0,0.0010335164151979992
2026-03-23,0.00915075033964241,0.013788531648319058,-0.00038263741321065137,-0.00044458017649418036,0.002721493658999874,-0.04721033244626027,0.006663296104983729,0.0012175187613934213,0.00963227972722791,-0.008890602459370678,0.017154189996176905,0.0,0.0027580846322274866
2026-03-24,0.00680085587470991,-0.006361810733528261,-0.0028708426005532584,0.0024686552997663647,0.00825508546769882,0.012338461095258157,0.004678229670398215,0.00022688226550982016,0.006049038616612767,0.005245909848734964,-0.017970521558255736,0.0,0.0008161104840669342
2026-03-25,0.019205261806615415,0.00916219208252711,0.006046112296197448,0.0039712450502253915,0.02388951956892993,0.0325014258066878,0.0061983800870544226,-0.00016865079365080415,0.007517858920626397,0.006563100533541366,0.00928770259714451,0.0,0.002561513821097927
2026-03-26,-0.007017414968177316,-0.0028439349564473027,-0.002527896451585576,-0.0009723671956942681,-0.008544189866142804,-0.03297739595004234,-0.02240804285983733,-0.0003663774352279381,-0.007347898114798412,-0.0018402552342927647,-0.01343957875369195,0.0,0.0011674977026361333
2026-03-27,-0.009051590763258344,-0.017112779699954617,-0.0015779745772952491,-0.0013050291878062836,-0.007070976756162417,0.03216438172128844,-0.011541154307143642,-0.0017503170125796608,-0.00016865079365069313,0.012222447254562896,-0.02073830615368677,0.0,-0.0017382099436101806
2026-03-30,0.011649498401645975,0.0016741016609722603,0.002298830079136005,6.642980761450978e-05,0.009235465198152326,0.0073211250038238695,-0.016927905631155427,2.9428246409501924e-05,0.0011872065789648723,0.0031191517780615463,0.010332175259271548,0.0,0.0025474852101254886
2026-03-31,0.008505486473001866,0.010250657183608514,-0.0008600567509132739,-0.0005315087646671213,0.013561252205150254,0.021990401351099642,0.026457701858791927,0.0010637077607675849,0.00780486332108965,-0.002154730494435042,0.023012783082869026,0.0,0.0011099587478533568
2026-04-01,0.0168679075883027,0.011359845407574287,0.004256333637828069,0.006758389503559448,0.00946374697926533,0.025528809950288167,0.01128169385316391,-0.00016865079365069313,0.003114971694613722,0.0018213812694178877,-0.017054523971997804,0.0,0.0023935006815023474
2026-04-02,-0.00255206862774493,-0.003053430909354393,-0.007714702288672992,-0.0016727188765979228,0.001400911812339034,-0.017425406121443943,0.010237861590258301,0.0008240079915213805,0.006674508993025352,0.003141524131879958,0.021301228335411038,0.0,-0.002459792610185696
2026-04-03,0.0,0.0,0.0,0.0,0.0,0.0,0.0,0.0,0.0,0.0,0.0,0.0,0.0017223275635147584
2026-04-06,0.0,0.0,0.0,0.0,0.0,0.0,0.0003126676833782316,0.0006246580952751213,-0.0006118459138175769,0.004120398048508056,0.012765855988269292,0.0,0.001889898385436739
2026-04-07,-0.014199840298867672,0.008203951553393374,-0.0017756640872379492,-0.005070718195104407,-0.007640224613456148,-0.003438225593281552,0.005507733510057067,2.9633966673658918e-05,0.0004226142883261286,-0.0004971734186962617,-0.010543759908684724,0.0,0.0011345403030993406
2026-04-08,0.02699203327056998,0.021807524889023044,0.0055769406832182344,0.0071352282558758695,0.018325772382673522,0.008897699782625335,0.027191858380878564,0.00022753417455634306,0.015490957992728482,-0.008384227444745318,-0.0009750439803550837,0.0,-0.00041118029476583384
2026-04-09,0.003158974374994905,0.003397732509893725,-0.005211303876488049,-0.003102326629565999,-0.0010648871219650635,0.008279403929495555,0.0014143541946587401,2.943969356405951e-05,0.0039040957450326985,0.0028134615879868985,-0.007432585425936167,0.0,0.00048368792360564683
2026-04-10,0.0031589531505642476,0.0033862270162747787,0.0014898714263547053,0.0008607674227261164,0.00799496373182329,-0.0032131163044379907,0.0005751822482458202,-0.0001686507936504711,-0.006252934588515169,0.0018134920882466599,0.004709354491875706,0.0,0.0010040239420470165
2026-04-13,0.0008816439555390243,-0.0039021392993181525,-0.0032633070286794963,-0.001587774765211769,0.00021141241167632607,-0.016296626474260112,0.008657019818874234,0.0008214526057677141,-0.009205252543348696,0.003458141511930357,0.011967318168415897,0.0,0.0008067636574689008
2026-04-14,0.008431920430384432,0.006246714510657725,0.003948037247314629,0.0026284180255744527,0.015753914241458222,0.01310761399424032,0.01097426561490189,0.00022698355956807248,-0.0013452674381794205,-0.004767904885004781,0.02700961830045623,0.0,0.00034666641075831173
2026-04-15,-0.002121471954750098,0.00789146912626082,-0.0009591259550371101,-0.0005067215180806217,0.0009368501552768915,-0.0014375342191711438,0.004476127622244475,2.912631681306621e-05,-0.005911698783361619,-0.001488750106715453,0.024734048453399327,0.0,0.0023300671189245836
2026-04-16,-0.006253211680765647,0.006263681227909101,0.0007679934605191452,-0.00015427950106761124,-0.001975943609173747,0.004138901821927554,0.007899431592130135,2.9087208761824357e-05,-0.002390106825333138,0.00511885238552634,-0.016113983893912054,0.0,0.00030545836530837533
2026-04-17,0.02240124748185135,0.01016705474381041,0.0032617418865403813,0.0026010828560405486,0.01594245131871941,0.007168458781361853,0.007565258182338663,0.0006219922413197576,0.002651588413347561,-0.01496157524502617,0.018349850009724333,0.0,-0.0022682148950191605
2026-04-20,-0.008551205795859218,-0.002259436334147935,-0.002581796402118086,0.00024186253653124545,-0.0070877547919564465,-0.014056982943171592,0.002419259804064655,-0.0009586692060661317,-0.0034250554416660473,0.00650471482268844,-0.0016837647617070628,0.0,0.0016232457824161273
2026-04-21,-0.007875008844886455,-0.0007205538984320636,-0.0006710736886451629,-0.0023519034024777064,-0.007035049749712252,-0.011369767317363055,-0.009336514421594333,2.88955118441514e-05,-0.01115764031948796,0.0051346255407049846,-0.022930424980943442,0.0,0.002594872192762443
2026-04-22,-0.006803517037899276,-0.0010300486436825018,0.0013910617366899025,0.0005508311109578834,-0.008960147182616729,0.001277860939448816,0.008904363003583216,0.00022666893204847938,0.0038854847347558064,0.002468999186807208,0.008371695145780844,0.0,0.0010244347469365866
2026-04-23,0.011670660816343714,0.005258783145692059,0.0003352592038956548,-0.0012112032997652067,0.0027333917849861056,0.0023700780181743486,-0.0030173654755307755,2.8930961234019392e-05,0.007009406825646991,0.0018043668401355184,-0.021723672957218665,0.0,0.0002797663587763566
2026-04-24,-0.005391863036779965,-0.0012308600593448071,-0.0005745791959953506,-0.0011243630711859076,-0.0082827083390411,-0.0005456307741527056,0.0014382778463215562,0.00022643465444205368,0.005770451950494859,0.0011441459385046482,-0.0009554508606705037,0.0,0.0009704019536804775
2026-04-27,-0.0012607618751317995,0.00041079231430063423,-0.001149892160599686,-0.0006401190903573273,-0.000740032746953001,-0.011283006746189761,-0.0023079211804579725,2.8661491412895757e-05,-0.006810622233733299,0.003436744471061015,0.0021935329403446335,0.0,-0.0001056594911025277
2026-04-28,-0.0018934818223234062,0.002771748811167596,-0.0013909885460272609,-0.0015901593160809746,-0.002539062105872958,-0.017117592493877676,-0.016693899640499832,-0.00016865079365080415,0.0033973890570171417,0.0030971386047926597,0.013971200867660238,0.0,0.00014806710113757227
2026-04-29,-0.006702884792595731,-0.001433210217720915,0.0017291925939282304,-0.0023227416874959106,-0.008061116885284436,-0.004681647940074973,0.009640669105401178,0.0006209760259558994,-0.014974696101961671,0.012852232501259442,-0.01178752146004658,0.0,0.001434565700307866
2026-04-30,0.007639404894887791,-0.002563094948135558,0.0013425978192260768,0.001108567039917574,0.009088968776446604,0.006208819930326737,0.013592796906768845,0.0002472074289978643,0.029738126632570916,-0.018163553049084236,0.03039556414779465,0.0,-0.0003628174181895538
2026-05-01,0.0,0.0,0.0,0.0,0.0,0.0,0.008731077227817297,-0.0003666759305140932,-0.005859515413775385,-0.0011502862590020424,0.010477763456085754,0.0,4.567486190998338e-05
2026-05-04,-0.007328818948661886,0.0037003284635472866,0.001532308876234012,-0.0007530119686658399,-0.006146080628072759,-0.016828721401324964,0.008899067124672033,0.0004253900420136958,-0.008827266484707996,0.005399645061917591,0.0005838118783236812,0.0,-0.0012158002981523808
2026-05-05,0.004327942919879035,0.006656430225248755,-0.0026296333206732303,0.001219044188607743,0.009169468510850542,0.006466383592616642,0.011085946888848675,0.0002270905968817516,0.006492985543289143,0.0011342484631793326,0.004342587182434743,0.0,-0.0012377928918586578
2026-05-06,0.01825091606521556,0.012004034799562247,0.004218550327303339,0.0025680232702367523,0.012678276135713595,0.022486702767215316,0.020364500148713827,-0.0001686507936510262,-0.0009039849838688996,-0.009602580863200871,-0.006905117951312323,0.0,0.0004851322646668432
2026-05-07,-0.011949193646520695,0.0011056796125021862,0.0013366373162480016,0.0008170681321106876,-0.011371956761590751,0.006468305595856094,-0.01572366326959551,2.9065582208609442e-05,-0.012677847811710885,0.0031153712626905694,-0.018254612851931307,0.0,0.0002497262310936499
2026-05-08,0.0,-0.0023094409562023355,-0.0014301477918804428,-0.00048542198046297447,-0.0027437762081802264,-0.006059471062991539,0.0024934655248747273,0.0004246091709951827,-0.001956870222207141,0.004414043166852899,-0.010145635989741497,0.0,-0.0011081514145390159
2026-05-11,0.0005052534603067205,0.0016103367209847619,-0.0014322688921118987,-0.0028034260868721184,-0.0005291126499299414,0.003325305437947401,0.01447679668065871,-0.00036628686563044965,0.006400323319023737,0.010584034705323209,-0.021874057092189148,0.0,0.002106188438760981
2026-05-12,-0.0022724442274492107,-0.003215495411631797,-0.005163519851526521,-0.0023906773610485876,-0.010058159494335639,-0.012336496912279338,-0.01291452441811991,0.00042429862583337474,-0.000910196177903555,-0.00016865079365091518,0.003793329490681563,0.0,0.002337262834411602
2026-05-13,0.008983918707318184,0.010887170071844032,-0.001730106724257996,-0.0014201318663645823,0.008556141223758917,0.01155844684878149,0.014024226718966082,2.8983158798734365e-05,-0.004324823003947653,0.00305508808429944,-0.008061340680593276,0.0,0.0024190802467032313
2026-05-14,0.0,0.0,0.0,0.0,0.0,0.0,0.004552290765083455,2.879222809015758e-05,0.0032595591256243672,0.0036873559109982246,0.004604652394368358,0.0,0.0005372630039757187
2026-05-15,-0.0023826789202617826,0.0,-0.003995772319358215,-0.0033775833447855508,0.0009543822091910847,-0.025985949539919173,-0.01686606426207682,-0.0003660548393403795,-0.019033743390637903,-0.0004887605553377528,-0.0017522182981992707,0.0,-0.00019177761285549266
2026-05-18,0.0032683154853783147,-0.0025928183716648068,-0.007685225687956376,-0.0014937375716780332,0.005403076673130558,-0.0037842951750237663,-0.015784293378747427,0.0002263871290784092,0.0087639471505363,0.002392986250174811,-0.007305780164302389,0.0,-0.0007026156495870683
2026-05-19,0.005011922542476288,0.0005999393326654445,-0.0024354602657942204,-0.00203207321724308,0.0028451451946571726,-0.0024691126172244893,-0.00641003645528726,-0.0003661676679831416,0.0013319151257746853,0.00015074329936815012,-0.008954641714549738,0.0,-0.0004233101815493967
2026-05-20,0.005859633787156149,0.007210786192660246,0.006835907595814428,0.006376855755286126,0.012503885543852844,0.003236885315153204,0.007943724586157108,0.00022630914699450777,0.006723841991819635,-0.0068736024704976195,0.007889397771964513,0.0,-0.0004784471116983102
2026-05-21,0.0002478513013233208,0.0037818196727970044,-0.005916591846552355,-0.0026234631706947287,0.0011416182654173657,-0.002846839875682572,0.020771003400568144,-0.00016865079365080415,0.004146784090347966,-0.0001686507936510262,0.0006307279992250336,0.0,-0.00012280333465986004
2026-05-22,0.004832706374184426,0.0035693100155960167,0.002146562838215127,0.0029424445015127088,0.0012439186829309445,-0.0020937125427820114,0.003136713310689432,0.0004235552196651948,-0.0015020938716113763,-0.000811545598256358,-0.01135078643294618,0.0,0.0036451491016937787
2026-05-25,0.0,0.0,0.0,0.0,0.0,0.0,0.0,0.0,0.0,0.0,0.0,0.0,0.003571567022728095
2026-05-26,0.002589798043548308,0.007113230705591667,0.005354912439493376,0.0037339809862872997,0.0035199753243322363,-0.0013351367982630258,0.012671432439529395,2.8634377323033533e-05,0.0035405202589051665,0.0024045213939793975,0.015178649580092296,0.0,0.0020574998140665546
2026-05-27,0.0055350176057891165,-0.0005886323970100138,0.005229526480301061,0.0,0.00030952846889586993,-0.016042711555718014,0.000164945747799905,0.00022584172077411147,-0.007707452135788273,-0.005301786726293556,-0.00016865079365080415,0.0,-0.0006731194423779119
2026-05-28,-0.006483165495986376,0.0,0.004479733373984329,0.0011957885436171267,-0.005672473660599642,0.006793478099906158,0.0037500083420343167,-0.00036589507424922285,-0.005381691889086659,0.0007988012032562608,0.0014224755587159965,0.0,0.0003936181635486591
2026-05-29,0.0046786166917849314,0.0,-0.0018223031939625933,0.0024107622993014832,0.01203196535157991,0.01947170878782689,0.0020736676434764956,0.0003857437918433071,-0.0030133808669002837,-0.0014573400445373474,0.0030084708400455185,0.0,0.0002774822097848517
2026-06-01,-0.015931316748438062,0.004711458283019221,0.0012010569653166936,-0.005008457723272186,-0.017115898064657742,-0.01626319172553481,0.017085552018498262,-0.00016865079365069313,-0.013231589159615309,0.009186217449166811,0.01329137096039279,0.0,0.0014402054195554737
2026-06-02,-0.00024911919926151604,0.0013677157953659869,0.0038387863492703733,0.003104474556578918,0.005213784143827116,0.005959199371767143,0.010187740798174971,2.9205088155404013e-05,0.014284258750573597,0.003666406041557435,-0.007199912609805792,0.0,-0.00013851738198256136
2026-06-03,-0.005854524512328707,0.004878048780487809,-0.001529598805438237,-0.003868583277368942,-0.010166029350414107,-0.008599274039693405,-0.009894250601678256,-0.00036646753625069195,-0.005867380759479457,0.00014972644068289576,-0.02298532750353588,0.0,-0.00042785789474497626
2026-06-04,0.00902144145756334,-0.0054368695009102685,-0.0003351556998382188,0.0034841354640333666,0.0046112582744390895,0.0034695216563633835,0.0006871571626207995,2.9205088155404013e-05,0.006166161899593403,-0.00430611611672338,0.02237561098180829,0.0,0.002865242456247641
2026-06-05,-0.00024831296870131414,0.00039048139959030337,-0.0025860509192395797,-0.0036489884636580205,0.004798615152736163,-0.020168978053838993,-0.04210677292633758,0.0002269826915493045,-0.008262222065015257,-0.020302912528446848,-0.016704087116552913,0.0,0.001481433723855341
2026-06-08,-0.004595736390069383,-0.0007806579667649638,-0.00038412555535394244,-0.0017535431509947408,-0.006644531758978611,0.0,0.004931208673746967,2.916344983838748e-05,-0.00742166492359575,0.006680696657961116,-0.003371209847776946,0.0,9.518483786474796e-05
2026-06-09,0.004367338118127062,-0.015039071216597089,-0.0007205396681603249,0.0,0.00971994288718725,-0.012742599337826732,-0.0076104880318574875,-0.00036642591440405603,0.004245428050012157,-0.0030841075523532213,0.011076356874427429,0.0,4.011276685456089e-05
2026-06-10,0.0034786779317697025,0.001982916389370537,-0.0012497332975700548,0.0020901783564437615,0.001656121891044915,-0.032863419598817445,-0.01567516568020022,2.9163449838165434e-05,0.000740557037190781,0.0004810746764243312,0.0014198721489200317,0.0,0.002305063321465406
2026-06-11,0.006438087087695443,-0.0005936825652400612,0.0008663390876304522,0.0,0.0047534904164454606,-0.009341931848898533,0.02233241718950163,2.904860921537633e-05,0.011943342448128114,-0.002116685450424094,0.0006243887903387701,0.0,0.0015532880727353593
2026-06-12,0.014515934209448078,0.016039631154277423,0.0007693229378493704,0.003439156658055831,0.010079248249978523,0.031088082901554293,0.01337344360717485,2.8933828966515307e-05,0.006562973082579804,0.0024338190925468073,0.006962898604449874,0.0,0.0032180688755805154
2026-06-15,-0.0013338257393398223,0.008575299452983964,0.006726932481836423,0.0008182244739798339,0.0016291410085294,0.025929635972833154,0.028474358017838153,0.00022666745153876455,0.004110597027150442,0.0017781196974751001,-0.01354395179945067,0.0,0.003377791420956955
2026-06-16,0.003035454081438793,0.0007729645512528638,0.002290930306181549,0.0015244882112916969,0.0018297905096364975,-0.007249180512732489,-0.0035782803431296806,-0.00036619397983694846,0.001031676726576114,-0.008264505935953625,0.006210928468663113,0.0,-0.0007907128496479343
2026-06-17,0.0050841080479631096,-0.0011585513077877474,0.002476210821242608,0.00030885171541039647,-0.001420592553540101,0.0074994823394956,0.0015419966551786235,-0.00016865079365091518,-0.011407972871731786,0.0011372883713289816,-0.022355634590028872,0.0,-0.0020255863131474205
2026-06-18,-0.002890495812332694,0.0054126963420570995,-0.0001900462859106833,-0.0003528193367291488,0.007214724321147559,-0.01645444445932298,0.010240382032164819,0.0004240958579702081,0.00559062829220025,0.007982637089561262,0.0014520545420102504,0.0,-0.0015121232831150078
2026-06-19,0.001328670239583607,0.006344969077186846,-0.00394337632032804,-0.004632979937113868,0.0003026896175826188,-0.013941445757634341,0.0,0.0,0.0,0.0,0.0,0.0,-0.0006297897647836725
2026-06-22,0.004342588705974704,0.0,0.003005031725035856,0.002105642303340094,0.0061522814457875,0.00848309763214794,-7.712016456329351e-06,2.8890004915016476e-05,0.00013268499421092983,0.0011249781869451247,-0.011495462568504422,0.0,-0.0014546207209898965
2026-06-23,0.0024020771452175627,-0.016048913835288725,-0.0003328517492676708,0.0008183180047680594,0.0012028953613916205,-0.011215653360399314,-0.019642363148340336,-0.00036615257755667763,-0.00046989580560929944,-0.012765530676765446,0.006377987664443641,0.0,-0.0011942459740441613
2026-06-24,0.016175395266356363,0.012038814211354554,0.004471657640431559,0.0032486764446613137,0.01596917535147191,-0.027040724677797612,-0.010755445473023206,-0.0001686507936505821,0.0034479535095763847,-0.00442115854845504,-0.00748573625643667,0.0,0.0018398665553691629
2026-06-25,0.006720902148716679,-0.007290814681607638,0.00222591159975849,-0.0005066053544288129,0.006651895953404097,0.0022900095545717036,0.0038127971712957898,0.00022627954712595155,0.010642178593723628,0.00245946754742965,0.003107349347877486,0.0,0.0017052133808361791
2026-06-26,-0.005153371119300476,-0.009663702817545361,0.0004253454246128108,0.0015206914932075488,-0.00978956240586959,0.013812428555147305,-0.018592339987853035,2.8736422536868034e-05,0.0013167692089401939,-0.008687662097128568,0.015341519033557516,0.0,0.0027073344452674952
2026-06-29,0.0032964300829874116,0.010928913744143731,-0.00018897805324780137,-0.0008801791586418029,0.005684615606543542,-0.015980369213297485,0.016664949417591446,2.877305191484325e-05,-0.0009102026138984032,0.003466531279037177,0.01832013567490609,0.0,-0.0018044106811074823
2026-06-30,-0.0008213998336250583,0.009266400565753674,-0.003165295860259487,-0.0007709927752904688,0.0,0.004164064232418996,0.007529390129864089,2.941419977831039e-05,-0.011598133368520003,0.007733876848302401,-0.0009579348363988327,0.0,0.0027774338375023966
