,P0_AP5_benchmark,P1_swiss_bonds->CLO,P2_swiss_bonds->diversified,P3_draft_recommended,O1_opt_max_sharpe,O2_opt_min_variance,O3_opt_min_cvar,P4_dynamic_swiss_replace,P5_dynamic_broad_replace
2019-07-01,100.0,100.0,100.0,100.0,100.0,100.0,100.0,100.0,100.0
2019-07-02,100.20564861623839,100.22223782415476,100.26373506143749,100.30253329804657,100.36717246104413,100.21398560122033,100.2307419891588,100.26373506143749,100.33516312347498
2019-07-03,100.58847996640034,100.47828628336171,100.5637151921853,100.71239796812644,100.73924961896887,100.52399838005772,100.49005001247258,100.5637151921853,100.70514567687732
2019-07-04,100.78769964292536,100.62787659416725,100.69522539483118,100.88225477966294,100.88453169458977,100.71959817666145,100.65501416345637,100.69522539483118,100.84442400820389
2019-07-05,100.31776450201917,100.21864830859799,100.25512603944344,100.3658462031414,100.3246774050648,100.2606328092841,100.22135066213973,100.25512603944344,100.33329421816246
2019-07-08,100.29345028271905,100.17694121677263,100.23218023798259,100.33030979319231,100.32874360491535,100.25812938989438,100.21780920201134,100.23218023798259,100.29376375670324
2019-07-09,100.00100187698054,99.9369251951554,99.99337426916014,100.11061338668618,100.19511715088036,100.02061382679861,99.98297729488995,99.99337426916014,100.10381460181847
2019-07-10,99.87177634114731,99.88405284374775,99.96610239992587,100.0629005151366,100.17396240065656,99.908103923307,99.91593918405484,99.96610239992587,100.10359046433723
2019-07-11,99.83493255130905,99.89874822064175,99.99159712363345,100.02788496977435,100.06321472954444,99.85008019164455,99.89750540370265,99.99159712363345,100.09326124955021
2019-07-12,99.47503200630511,99.59680011024435,99.67305063032,99.72895807912067,99.83481331594982,99.54899578387743,99.61214227288464,99.67305063032,99.82468120563013
2019-07-15,99.66639903899396,99.70639668471605,99.77663250823765,99.89217644212111,100.02163075967093,99.73331276014949,99.74837905071497,99.77663250823765,99.94664055568737
2019-07-16,99.79742286380959,99.82356318108802,99.91195278392328,99.982959503844,100.15170774517439,99.86233531747396,99.87331215331423,99.91195278392328,100.02829549597291
2019-07-17,100.19522187935523,100.15833557581864,100.2828503123608,100.36508207884225,100.53862299290594,100.21790222956903,100.2136168863411,100.2828503123608,100.39878210174376
2019-07-18,100.31495368356569,100.27721641118545,100.4125790034359,100.4952117486993,100.65935297551059,100.32541111304714,100.32802367757505,100.4125790034359,100.53270971661034
2019-07-19,99.98101786251131,99.88671017920726,100.00509188001897,100.06121653453741,100.17084633612296,99.9580105033488,99.93396549822276,100.00509188001897,100.05549691905411
2019-07-22,99.92341479397925,99.81991174931531,99.93955730352964,99.99652805894246,100.14650032309807,99.90684274391407,99.89184726048114,99.93955730352964,99.99415851751718
2019-07-23,100.32338404776739,100.20233885437275,100.34481608622248,100.39736926298039,100.62553187353329,100.30608105069786,100.29540515998825,100.34481608622248,100.39639649545957
2019-07-24,100.25084451915795,100.09467241815359,100.24206892013503,100.3376343841655,100.61887386680336,100.21374128946745,100.19320794697141,100.24206892013503,100.32484578654521
2019-07-25,100.48566542863122,100.31285124383635,100.4788805131156,100.46730684185847,100.69252823590828,100.41621997908325,100.40823376745354,100.4788805131156,100.43260964690708
2019-07-26,100.62511540113859,100.46347498884884,100.64662613207511,100.68947393458888,101.03502099678772,100.60060663358408,100.58836828241023,100.64662613207511,100.67406856348875
2019-07-29,100.86008819508298,100.60679071689876,100.77963916083735,100.83426293006896,101.07298575391646,100.77697616965806,100.72667847379783,100.77963916083735,100.76696668516702
2019-07-30,100.28622236494927,100.06079134527982,100.26176770205646,100.28380589723702,100.60011084775138,100.24716427033584,100.20491264718146,100.26176770205646,100.21806600457946
2019-07-31,100.64170094498269,100.3180677191023,100.51097146717613,100.52283919276796,100.78373161211186,100.54742531406727,100.47584142757493,100.51070359953853,100.41039665693978
2019-08-01,100.64163847362227,100.31836861246536,100.5147759065055,100.54009964513737,100.82386997538076,100.54861735693083,100.48049056558432,100.51447647312419,100.44372137828921
2019-08-02,99.8348001074059,99.40404433348401,99.62075294486526,99.56124167641487,99.65674576717805,99.6154839486079,99.52773875551225,99.62075656659553,99.39303769003173
2019-08-05,98.54458891306112,98.04823216312013,98.27373752291325,98.06097724687325,98.10824408302328,98.31660764350244,98.19700890682945,98.27450869384992,97.84552668824958
2019-08-06,98.38080608170523,97.88733006455269,98.15154749062233,98.01267255035205,98.19694702854633,98.15077823433498,98.0225612980988,98.15079136133245,97.81777465800748
2019-08-07,98.37884957908905,97.69174092959787,98.02526449947398,98.01949007367854,98.21016672386234,98.11154848858621,97.89887605276289,98.02386131173351,97.76357493972372
2019-08-08,98.84480676013126,98.244920944464,98.56983829924076,98.62116265272925,98.91003670764549,98.60564171474829,98.42298448628547,98.5715452540268,98.40879189076087
2019-08-09,99.70094694943144,99.04650721065164,99.38346911443658,99.38286152447225,99.57353963090941,99.40781839047571,99.21189304730626,99.38195012130888,99.13596321396814
2019-08-12,99.44714398318769,98.78445456769735,99.0932658471721,99.0853117749659,99.28982648224921,99.13425341623463,98.93597235867222,99.09379590977633,98.83857881837315
2019-08-13,99.57203404972532,98.85757273683865,99.19047961677417,99.24624231919721,99.4798495615382,99.23370605925423,99.01857267205465,99.19079184571325,98.98709702475783
2019-08-14,99.27776387048549,98.47995130337596,98.86681889798197,98.82920290370566,99.23497479128336,98.92717936184722,98.68722999506674,98.8622409876248,98.53835459859579
2019-08-15,98.84818744324068,97.96890336097691,98.38596329981372,98.44070633220863,98.86135371769028,98.45005825905132,98.19503365266029,98.38244582266415,98.14452731419995
2019-08-16,99.4082973945631,98.47347839169996,98.87486124690969,98.99021716986478,99.27364260556914,98.95463381313944,98.68512789848587,98.87395065509419,98.64943213101267
2019-08-19,99.8768869297835,99.06454874936142,99.45980320880318,99.58425192095814,99.86006795222609,99.4964105507568,99.27962241711413,99.45916361103613,99.30559684595792
2019-08-20,100.00540988021459,99.11896739024503,99.50757225858068,99.66645454918273,99.94882285648443,99.60812928374165,99.3544403657962,99.50503365072623,99.3456315056967
2019-08-21,100.15569108528173,99.42519071499406,99.83520586666076,99.94056488660952,100.26986506556466,99.78772153935729,99.61160752218724,99.83389730515037,99.71235726109464
2019-08-22,100.01188642996969,99.41401474933312,99.83753932732515,99.8218877825016,100.18758502310403,99.6725689202966,99.56367983014273,99.8351426269732,99.65118671268465
2019-08-23,99.84450543432712,99.22446866905076,99.6985211846091,99.63323256372145,100.11581575893685,99.52317554104,99.40724133142459,99.6945343459316,99.4646323427727
2019-08-26,99.4479688320768,98.81232318600549,99.31498470433209,99.26227891988782,99.72887148063135,99.07553833108327,98.96694581642663,99.31116657785672,99.10274795758241
2019-08-27,99.90579164921375,99.16552872795269,99.70289952736039,99.741028775493,100.26110268905704,99.51131604808792,99.35240750098914,99.6978791264662,99.55720653724201
2019-08-28,99.82641227993777,99.01850141675662,99.54374250753352,99.58146653868558,100.06090521944245,99.37541077223754,99.19588910062006,99.53914479151429,99.36031448924663
2019-08-29,99.96030181334201,99.22381636554269,99.77341898185148,99.83600829693306,100.35700400571064,99.5467314206007,99.40332373689745,99.76936436982669,99.6660009832852
2019-08-30,100.69565463394741,99.91197564849121,100.468668833322,100.54734904265699,101.05463627918394,100.25728622080985,100.10263226193989,100.46366544828382,100.35839541036408
2019-09-02,100.91643089663424,100.16056679998479,100.72017328465326,100.79477191595191,101.3246440437356,100.50078274830281,100.3641535315456,100.72256230491308,100.63158689444664
2019-09-03,100.56620438484343,99.78782086141452,100.39968661709291,100.46849917968694,101.0168244034072,100.12216463335825,99.98551390812368,100.3891410939421,100.30463818281426
2019-09-04,100.6675876707273,99.97086395661505,100.56876602518363,100.7159786840331,101.25678675238878,100.27829784630342,100.18287633780491,100.56533807288892,100.61740672417076
2019-09-05,100.97915404551073,100.40311224334242,100.94372471028024,101.03362033657501,101.49443782144027,100.65596093294845,100.60277709375937,100.95652370212515,100.97629199625015
2019-09-06,101.50055613289742,100.90685685786352,101.43347164461089,101.55672375574257,102.01313814920286,101.16915806531286,101.09565885670177,101.45553913594728,101.49854492085908
2019-09-09,101.44196654036077,100.90137933293946,101.39728681844291,101.4401640055627,101.81216492746165,101.15297048687286,101.10130045522968,101.42745645454224,101.38254420621023
2019-09-10,101.06649796558871,100.56763952518347,101.03471835809268,101.0273646835294,101.31557731872516,100.79657546332541,100.75710506617447,101.06218009732572,100.96066234388684
2019-09-11,101.47926413379807,101.08162188965997,101.56342506411413,101.56951441657259,101.98124702191808,101.26242911849918,101.26135166698604,101.60228975904944,101.57901848680868
2019-09-12,101.54368504124332,101.22491594751818,101.73078712749013,101.65503003192984,102.06574983784868,101.3264433332425,101.36031677928258,101.77048296936613,101.69896999444315
2019-09-13,101.12031963131223,100.90267969973708,101.36248721967252,101.25669868576345,101.64751882069847,101.01514006908118,101.07063977945043,101.40912537859981,101.32774654001868
2019-09-16,100.917470992188,100.67021891564963,101.17694463966612,101.03700086935055,101.58140077849926,100.78182372821855,100.83743453800376,101.21463799266921,101.09495251139163
2019-09-17,101.08530694380164,100.80118476435666,101.33753785672586,101.27861898975488,101.80031148710155,100.95207342121996,101.00697773316665,101.37644409420759,101.34795301459513
2019-09-18,101.30562307733764,100.93904739411552,101.48908954471413,101.49320050070443,102.0160816468785,101.1562081016697,101.16873576070364,101.52915264246933,101.53080943897785
2019-09-19,101.50553864270631,101.22805862417088,101.73068155547055,101.68613820430281,102.11818105736836,101.3321874457628,101.39139829663742,101.77682107461581,101.76303859315676
2019-09-20,101.52480570182347,101.23351110898491,101.76172871805407,101.7291744258257,102.2258647801226,101.34053399558407,101.401955256056,101.8041723715185,101.8031442794666
2019-09-23,101.18012495455775,100.78232953870182,101.36158482163265,101.3589346148134,101.8508763247965,100.9453391648218,100.97705962944377,101.38993572781642,101.38508797299386
2019-09-24,101.15581909741339,100.75631921947989,101.3356887263724,101.34986748935488,101.82478079437398,100.91396725831072,100.94488057109128,101.36155940245995,101.3859957082192
2019-09-25,100.66947882886946,100.23759250994826,100.81009480202661,100.77380534992449,101.21010510434094,100.39461515886275,100.41686766875077,100.82457294194205,100.76823725343654
2019-09-26,101.21580194878783,100.81550094563316,101.36528386801074,101.3998714743581,101.83169444764759,100.97559611176688,101.00675228885088,101.39471648375806,101.42870837857016
2019-09-27,101.31949750789447,100.94064270257796,101.44141134709739,101.42265079482709,101.76821938256096,101.0715974457131,101.12071641761067,101.47703604041878,101.45135995671232
2019-09-30,101.33832706716453,101.0504588306143,101.50728289010964,101.50337160354854,101.84647354869578,101.11911256500936,101.20485503447757,101.54797761820305,101.58651808425931
2019-10-01,101.14869978206498,100.86684850812888,101.35918716625088,101.33806051480121,101.78076006010947,100.9726153691284,101.04744430320338,101.39845198434998,101.44275592528594
2019-10-02,100.23244480637841,99.9673768058365,100.51720240586029,100.34099684526696,100.86432340288032,100.01479613223472,100.10882892572764,100.55103980062965,100.46293173267331
2019-10-03,100.02612189135228,99.64620382534822,100.21992599281768,100.10429182789422,100.61519244023852,99.73581863486677,99.78926837863807,100.25034925045446,100.18127538728395
2019-10-04,100.34434455041898,99.94047240118859,100.49981453167061,100.47401494260808,100.97490079954225,100.05907894502334,100.10291474343182,100.53162539253881,100.54464986705685
2019-10-07,100.70517477222909,100.33388017292792,100.87651415634882,100.81776532326876,101.29085963133984,100.42873993287802,100.48974544754104,100.91026315872153,100.88964901801374
2019-10-08,100.39136702624889,100.01648580793518,100.56623160987081,100.45336920949144,100.95981434834643,100.13403525178293,100.19021234606969,100.59988918323961,100.52122087346649
2019-10-09,100.29915083537162,99.97066387959458,100.5429803554395,100.45825456425223,100.9403378020268,100.04999262953493,100.12894495940617,100.57468744968932,100.56183824633959
2019-10-10,100.5425629976348,100.30783961540894,100.83750278489569,100.74765705771848,101.19880689454197,100.35089468633547,100.45402637002383,100.87291494813309,100.88367353352172
2019-10-11,101.23273071634755,101.13717749366045,101.63128077353325,101.50308143033217,101.91556605378385,101.06520413132158,101.23256223577788,101.67113831580036,101.70650278594044
2019-10-14,100.95061732645117,100.76892977027596,101.29437413376456,101.2081058822067,101.74035188135781,100.79873896943626,100.91700311812488,101.33150608275277,101.37647085816923
2019-10-15,101.30182298251636,101.14436367376325,101.65672651692978,101.59296338667315,102.09718647588669,101.16784762976683,101.29950404219517,101.69579025629297,101.76862203949693
2019-10-16,101.14325064439566,101.0665477872227,101.57932961019698,101.46356097752529,101.98273478768942,101.03659800545799,101.19964628471338,101.61828397250588,101.67546897516912
2019-10-17,100.9908375594221,100.9309165502102,101.42547666894505,101.35051316815733,101.84378197462655,100.92045385054149,101.08507522185441,101.46550515968802,101.57030411991286
2019-10-18,100.57133228588859,100.52361312447631,101.02114889614329,100.90950197254323,101.31484749868702,100.48018371238392,100.66877962336372,101.0595864781682,101.128487193967
2019-10-21,100.63583261215234,100.70126705090465,101.1887947561436,101.03664110267603,101.45637060301618,100.56907030024527,100.80406390469645,101.22823838791217,101.3081365051913
2019-10-22,100.74928072892544,100.71745421488703,101.20901903589792,101.12495045566622,101.51462570885397,100.67569314444444,100.86997196079908,101.24834404621565,101.35469049644637
2019-10-23,100.99724077763493,100.92934162153885,101.44913516468613,101.3548079571392,101.7560707229379,100.89863781220959,101.07806449969328,101.48767664922387,101.57069135625115
2019-10-24,101.3263314519302,101.2743187012889,101.83109642855332,101.76735185928246,102.24892438438502,101.23741472443729,101.42160258842243,101.86879944096114,102.01168331443368
2019-10-25,101.44068776549302,101.41012269488448,101.98631992596667,101.89206325604756,102.45945973013394,101.36122531502869,101.547903824398,102.02268226542748,102.14799874484993
2019-10-28,101.59180145059328,101.68281993773456,102.21310121744858,102.09083444336346,102.69433464549257,101.57803921429046,101.80249311160765,102.25293039640242,102.39012492768798
2019-10-29,101.79036517166331,101.84899245135793,102.36895903139353,102.23829052579121,102.79902969350212,101.76204206046413,101.97712140716841,102.40994324557818,102.51576435600684
2019-10-30,101.69809232258156,101.80041847670691,102.32966031626138,102.20198859531212,102.8204403882298,101.68564739515556,101.9313843121425,102.3703991021694,102.5156915273773
2019-10-31,101.56674408437034,101.53951024941969,102.10351417278802,102.0339041209095,102.59329412575246,101.48482919105206,101.68819840668371,102.14096469566203,102.29989063462699
2019-11-01,101.94017701661362,102.02959436279544,102.5941924028718,102.49785568573948,103.02502153121583,101.85062847110551,102.11552777971728,102.63176916487748,102.8236422373143
2019-11-04,102.30956245156145,102.43532457281523,103.00624422628488,102.88967579695691,103.48693792878511,102.25586880158255,102.5353947975342,103.04127698836538,103.23124721907344
2019-11-05,102.04775567104447,102.21174619616717,102.72127720150277,102.60443770882621,103.21997575095476,102.05586517272324,102.32992841673114,102.75785845303727,102.94536645916193
2019-11-06,101.97219071672362,102.18544054020815,102.70802530798262,102.6106153556666,103.36197954409168,102.05699912892263,102.33032867543277,102.74182917959733,102.9753801954115
2019-11-07,102.14894888957527,102.4106556329545,102.89099802781993,102.71577847029339,103.4004211091204,102.22041444290481,102.5358776782193,102.9280474890373,103.09558964209499
2019-11-08,102.07058852676627,102.34082590708053,102.83156202055291,102.66052872504716,103.38602899112979,102.15517828290498,102.46719749064978,102.86749752421956,103.04582252202093
2019-11-11,102.11508089799013,102.34844014434546,102.78346363910467,102.61965504129142,103.28469986701609,102.1786771902399,102.47366630607415,102.82342059225225,102.97077763662361
2019-11-12,102.16708196911742,102.46460055663329,102.88097068676771,102.71481095543031,103.40569833459561,102.25673808893845,102.57243247335535,102.9216714909381,103.09062925824767
2019-11-13,102.1611321211582,102.31886236081755,102.75390827331667,102.67536410858331,103.30936544749028,102.20914942728979,102.46694697959752,102.79446416836177,102.9935088450797
2019-11-14,102.08714055353478,102.15882432775634,102.60929239476484,102.54023026121044,103.15300707208462,102.09234522677914,102.32107261572952,102.6498573950992,102.81537729683276
2019-11-15,102.4174395867613,102.48930616524112,102.9499073391893,102.90993454597826,103.49477261560844,102.4128161428753,102.65391206231851,102.98946944909306,103.19819964879238
2019-11-18,102.59240295284809,102.6458801958459,103.11145147279323,103.03922541468455,103.56865837447702,102.53025103921702,102.77666826153826,103.1515957497275,103.31773707462433
2019-11-19,102.65338520885976,102.69780293061189,103.17167544895567,103.13712242638748,103.71819936072751,102.62074930380152,102.85263938752405,103.20974482080373,103.41025578003438
2019-11-20,102.75595836113067,102.80720448736085,103.27429118788561,103.22220176311806,103.78905869105392,102.70326216263581,102.94135054848309,103.31373721275241,103.49899169643979
2019-11-21,102.42331549589491,102.49232823594083,102.95159889820802,102.90094668040813,103.51729595905452,102.41903064535458,102.65105567257369,102.99082683261224,103.1827616008929
2019-11-22,102.84110371712707,102.85090123877596,103.32248774259831,103.27020074169711,103.86728513717229,102.78500554715512,103.00163750004178,103.36107940652927,103.52788788222762
2019-11-25,103.28558042842235,103.24280697344217,103.69458584680949,103.72189819035987,104.35555822209888,103.23304792217085,103.42447910480921,103.73247672423072,103.95172538573108
2019-11-26,103.63227466521276,103.57388779967565,104.04044747761098,104.06028966662603,104.67756867021323,103.54072307278501,103.7362711799515,104.0773534909335,104.28706849419376
2019-11-27,103.78056832868813,103.69077495877978,104.13835460849523,104.2258158538835,104.82946791458265,103.70141089740856,103.87560001604675,104.17523092463372,104.42865260162864
2019-11-28,103.78758610732943,103.73117135046381,104.190772763385,104.25899471306177,104.88681242820203,103.71848320520829,103.91171606381499,104.22699825849058,104.48266527965251
2019-11-29,103.77540287922675,103.6933409343501,104.19169522526724,104.20397646884385,104.85412825204965,103.69456374773624,103.89077247833293,104.22511609353325,104.40742113429732
2019-12-02,103.1296153730779,103.07985400665251,103.55216073253925,103.49304363746774,104.11963685708973,103.10577154702914,103.31232734428255,103.59046286136828,103.69328746890719
2019-12-03,102.08314965939229,102.00208022742201,102.51783516743016,102.4349272313763,103.06871656465202,102.01573453183008,102.23874558073022,102.58729661899702,102.6698043124141
2019-12-04,102.41308458327767,102.33685888242483,102.84481952940905,102.8272475305277,103.46125089972149,102.38151185235616,102.60010128708758,102.90547540805622,103.0635528480032
2019-12-05,102.65703719729602,102.58288086055991,103.10279256400095,103.06087393122093,103.68808953293617,102.6183929167849,102.8420647313163,103.15801188235227,103.28981660192893
2019-12-06,103.36432692367721,103.33117983045754,103.82439406280378,103.82679769589525,104.45719806852023,103.34566164097293,103.59582816943612,103.86332805230425,104.06930886797274
2019-12-09,103.19828433695872,103.15975974766143,103.63779667937816,103.62886638605488,104.23988707165952,103.1768495205347,103.41751163332675,103.68049749131605,103.85853119202844
2019-12-10,102.81745245591325,102.82083392704517,103.28812381210643,103.26914393646459,103.83006362523679,102.80324459344821,103.05963186999243,103.3408677531011,103.5217310574374
2019-12-11,102.92318974168641,102.86654675964051,103.36440227730681,103.43843918997489,104.00113987139117,102.91131309351289,103.13704522867691,103.41182151363691,103.67844136295383
2019-12-12,103.33856650961069,103.35353084935586,103.83900278808729,103.89802948413929,104.48122560080695,103.34698856478926,103.60258647360156,103.87496622040243,104.15939433532225
2019-12-13,103.17239693516791,103.15595743345854,103.64859693221835,103.78540288955523,104.40591098583607,103.17529211712979,103.41221293887509,103.68773494911972,104.05199514250194
2019-12-16,103.8803807946804,103.88180396204503,104.36577142738636,104.54258155658258,105.10586946476562,103.85828791054605,104.10177080188541,104.39280671925128,104.8086263421663
2019-12-17,103.81710561875681,103.83073701947025,104.31716581780684,104.5113146327066,105.04663572105572,103.81255574464193,104.07524475332973,104.34564923424907,104.79036755382116
2019-12-18,103.72416962933929,103.70837266290897,104.19888167144349,104.40438598005193,104.93787226117344,103.71322427348224,103.96450810711961,104.22954250432379,104.67551627340632
2019-12-19,103.51539881205132,103.56609864159103,104.04757408653434,104.26436957954107,104.87872992641758,103.55020949220264,103.81834494027554,104.0781043505859,104.57240527634872
2019-12-20,103.88754772218122,103.97279655728975,104.47996056417486,104.74394068871051,105.42389254406248,103.94987372882404,104.23729837155129,104.49950175094975,105.08384168379739
2019-12-23,104.31147407798653,104.34683984719469,104.87404487000379,105.08942154892169,105.76963674746213,104.32015844084617,104.59843669221355,104.89225601830098,105.40589512550575
2019-12-24,104.31141174053688,104.34516617727387,104.8729948352071,105.10321180056069,105.78498787513387,104.31861147250483,104.5967189613534,104.89116909600354,105.42080888891563
2019-12-25,104.31134940438595,104.34510384112295,104.85608141663951,105.09512513944941,105.76486472658215,104.31429624412492,104.5765958128017,104.87436762893405,105.40397803361184
2019-12-26,104.31128706953368,104.34791524787626,104.85534832417231,105.12584508177542,105.81958148617244,104.31626782472459,104.57659023721904,104.87370914202631,105.4436281864816
2019-12-27,104.3031875638463,104.3706853769013,104.93094271865009,105.16545348369617,105.90624319062975,104.30383377135533,104.57764938470805,104.94859200032982,105.5124320492797
2019-12-30,103.47376641799517,103.6267759307839,104.1633638097106,104.31480080884188,105.03842098341632,103.51439692838878,103.81842871730143,104.19308839377996,104.69402818315861
2019-12-31,103.47370408703875,103.62689618378651,104.16519432752192,104.33575892564635,105.0604949743942,103.51495229744232,103.82067411819914,104.19454734479199,104.7184330559513
2020-01-01,103.4736417573809,103.62683385412865,104.16661342846882,104.33640203913363,105.06219625259916,103.51526385265137,103.82237539640411,104.1959443739548,104.71983710931679
2020-01-02,103.47357942902156,103.62695606206287,104.16824980677151,104.37787628890702,105.23026217735598,103.51577172332227,103.82439025939645,104.19756109597218,104.77722789385567
2020-01-03,104.23478366544336,104.25752102691972,104.91999989395629,105.05140378499355,105.94455223519135,104.18569636746886,104.46631523518826,104.94210884290919,105.39572203407268
2020-01-06,103.81932032815031,103.7505450032435,104.46446063490768,104.6745664437051,105.62277425739519,103.78243096266118,104.03026231937658,104.49322638236778,105.00158687848744
2020-01-07,104.23893911428918,104.17034780264032,104.91801192394445,105.10419983014185,106.11364071082536,104.20563494588701,104.4562814388659,104.93576636926043,105.42863546737745
2020-01-08,104.03609180637315,104.00572675036403,104.73246904273682,104.94738336779221,105.95501821852358,104.01985758697964,104.27698761055477,104.75235008506252,105.29216780728264
2020-01-09,104.35325202629286,104.37035705594508,105.05686224038813,105.32131474860674,106.36497304616188,104.39214430754784,104.66341683845395,105.06511161461394,105.68352336757387
2020-01-10,104.28434501950976,104.35169718007575,105.07136455282675,105.2685675117949,106.29880110372302,104.28501851362182,104.58911978079819,105.08421272462513,105.66418999552644
2020-01-13,104.19926971757198,104.2556758193399,104.93416064372609,105.22245540104522,106.24016583079627,104.21448191594874,104.50551900426142,104.94844759738953,105.61576446418334
2020-01-14,104.30310510577019,104.33565289877794,104.98818026611403,105.29930189325466,106.25798501708014,104.30167799649755,104.59133005999368,105.00234140392813,105.6758456352314
2020-01-15,104.37723905550183,104.34589813049581,104.99852416840787,105.37456877021411,106.26246961850994,104.34847316527012,104.61313807105444,105.01435027749704,105.72447944889383
2020-01-16,104.55652827380983,104.49298391813198,105.14867817778565,105.58157368595533,106.46434045092539,104.51102560297613,104.76613989812327,105.16252944181073,105.92107987654676
2020-01-17,104.95269911584086,104.87542625116355,105.56981775431828,106.03741368369772,106.97884364276864,104.91290841939562,105.16246251766034,105.5746272853095,106.3819800428891
2020-01-20,105.37446574347938,105.29440977255966,106.01009540058305,106.46661893510918,107.4250106149641,105.32648693540511,105.57601391844034,106.00512948876431,106.80602152664906
2020-01-21,105.51323946509913,105.35953934376306,106.05167338564554,106.48141528090507,107.3742484850499,105.42341746269273,105.6470955601875,106.04778124927998,106.7672961334925
2020-01-22,105.78895329684694,105.61860458434431,106.32188258615385,106.77141038666191,107.67694913320184,105.69124501137894,105.90905898705678,106.31283959366134,107.04676388223189
2020-01-23,105.49586442632118,105.30886321667892,106.04051063428419,106.47744757778969,107.37906106319679,105.35985186018759,105.5874485060402,106.04191486823404,106.76675544057571
2020-01-24,105.72640575973371,105.46945853880352,106.2304440138326,106.6731105811751,107.57229445817624,105.59877665762518,105.78552659399149,106.22436525821928,106.92702310243767
2020-01-27,104.85765589129741,104.57475181472675,105.36060011333701,105.62683875582258,106.44631030639817,104.66335273780348,104.85853651105978,105.38208982437234,105.8609076212535
2020-01-28,105.03433069048288,104.79750420712868,105.56928689386085,105.91740822485203,106.7408254979385,104.869158167992,105.08671265240702,105.58454563053876,106.1857906544864
2020-01-29,105.60999111392755,105.31073885567446,106.09149932516966,106.46292871166804,107.27376598552134,105.4038768984644,105.59610657881508,106.097335073193,106.69978417953652
2020-01-30,104.87093794304955,104.57186595773587,105.35530107526054,105.73794446343068,106.57882698463152,104.67475104290769,104.86367623699975,105.3770247097807,105.9880517750654
2020-01-31,104.86311460602758,104.52584260082544,105.29335246687192,105.57511711182326,106.3017790417164,104.6364081090279,104.8172505325703,105.3188032568078,105.77959311592262
2020-02-03,104.62327513559984,104.30707633625589,105.06738539238864,105.37939963828917,106.15057979246328,104.39357321137581,104.59315763127952,105.1006932055384,105.61345501039239
2020-02-04,105.12599747277002,104.85116513502923,105.5833617417998,105.96390527374248,106.78442314304246,104.92037348958914,105.15170213205455,105.60534112685298,106.21762157200338
2020-02-05,105.84492466158947,105.66922922031728,106.42881208821751,106.81928331580157,107.68263862540712,105.70105972461062,105.96696727833717,106.42861520937758,107.11873025237009
2020-02-06,106.19957382309354,106.00072442319993,106.79418272748278,107.24069284007562,108.23423325484907,106.08935588712247,106.33984680721275,106.78127099560683,107.53696886601966
2020-02-07,106.18260420808276,105.94287108196794,106.74433348700643,107.14152035645054,108.11121629575086,106.01701721804888,106.255173892471,106.73765787855997,107.41122813791186
2020-02-10,106.29849424392108,106.05422566621594,106.88761600999965,107.31161317183442,108.40200054505422,106.1265807297971,106.36877308216337,106.87746460144618,107.60313732511248
2020-02-11,106.83029272331798,106.56848124108139,107.36716131730144,107.83418609829458,108.8261406098857,106.63077741658668,106.87600225577015,107.3495673353535,108.10802052163409
2020-02-12,106.65623704876184,106.471238653405,107.29218708305697,107.76182645116246,108.88406518617941,106.51233782351291,106.78318008334271,107.2708956577515,108.0878276497631
2020-02-13,106.72893435505624,106.46862684004041,107.32838539195562,107.79808795485854,108.91535811468644,106.54297438422348,106.80128830355223,107.30888116754014,108.09087212099126
2020-02-14,107.11684983372578,106.84257700097335,107.74833775740706,108.25209876470412,109.40348018307246,106.9269745243282,107.19517855565496,107.72026951806014,108.55979582968725
2020-02-17,107.32085746144382,107.04939012917262,107.95717239338146,108.45090349677737,109.59633667111753,107.12078733961124,107.38999527431619,107.92543372314556,108.75554799263702
2020-02-18,106.94600207936126,106.69256005342534,107.65756638213861,108.14796961553247,109.39244481236561,106.73369225161593,107.00729772740438,107.63230522667948,108.48540732986484
2020-02-19,107.43726804018794,107.16616238596973,108.15605930454788,108.68896434593789,110.05977472928473,107.24610269116641,107.51750361599449,108.11935644410762,109.03619773286879
2020-02-20,106.95661652891629,106.63060512974015,107.68259886416232,108.17766405224279,109.56495474035609,106.71525911436387,106.98720164230642,107.65752286754244,108.50803854334212
2020-02-21,106.85181023565727,106.50073479039577,107.58513050401575,108.04959350997633,109.42647234571274,106.59779698880764,106.85817558004274,107.56129107881607,108.37663030151138
2020-02-24,104.76226536225062,104.3955538508017,105.57180699545057,105.74378620587427,107.14236063945017,104.48573132305555,104.75048223322486,105.5908275971772,106.07620040148828
2020-02-25,104.26720597146158,103.83806996532815,104.92303984227536,104.86821079091601,106.09176844618516,103.92970406692854,104.16399481379526,104.96117634474882,105.14903938188912
2020-02-26,103.93233199190759,103.5194378438788,104.5767387699371,104.50865604122332,105.71845388256638,103.61828546481713,103.85696090679504,104.61938245857112,104.78183714383789
2020-02-27,102.07981062380816,101.59339342347167,102.67784010893158,102.29360163928204,103.4603173362064,101.72933358462453,101.95067539012999,102.76291654125262,102.5276978117098
2020-02-28,99.60006961040271,99.15716855882943,100.03261991056762,99.5463099264106,100.59812372512305,99.26517006588936,99.50531483469274,100.17606450383869,99.81004106235032
2020-03-02,100.25404797476985,99.71739316085355,100.5657900020249,100.34875052287211,101.28232665652914,99.8446497997726,100.0542996565609,100.72463008238097,100.59267849964925
2020-03-03,101.83660645793857,101.40785444711227,102.37269842232497,102.01728960712646,103.18283098917931,101.44280679377961,101.69638555037892,102.5737990794859,102.3755197523585
2020-03-04,102.05718463849239,101.63321868838584,102.60168326901133,102.49452168933905,103.54600597261792,101.62996025891866,101.89064003556985,102.78975346614388,102.88671612889048
2020-03-05,101.57135853926893,101.1168324924373,102.09095288988463,101.77877865885911,102.88629850695781,101.10254229421332,101.35273297521088,102.26037472530633,102.10465318004425
2020-03-06,99.45841428104893,98.99644100246428,99.93831744368438,99.48490033341164,100.50275968303598,98.9107275885439,99.1848111398495,100.03615172861755,99.74673646818776
2020-03-09,96.6661910136184,95.8284019838927,96.80179621536477,95.8315791773294,96.88228668937755,96.03240362679789,96.19091821765011,96.82586496710964,95.78268444213995
2020-03-10,96.38468569364682,95.74503140959784,96.70750603956272,95.77210933358282,96.98025306492059,95.80822089389349,96.05003304024103,96.72231818468279,95.83955668081134
2020-03-11,96.12283285792557,95.46835733249101,96.4788185690012,95.22324354817667,96.49522582727248,95.58303083593243,95.83241056169189,96.4973343238047,95.26927235144265
2020-03-12,90.88075294532393,90.0090227976319,91.01139568682326,89.10581864542202,90.32424849771688,90.26360946475285,90.50759278690451,90.93393942518675,88.90779912199037
2020-03-13,90.28943492401714,89.89411475873098,90.6622685977625,89.29312590724791,90.98680031069671,90.21395434041483,90.50413705588028,90.60814591178176,89.37369188332289
2020-03-16,89.8746469170605,89.5053754145644,90.28922543581844,87.9470095712465,89.5068607637593,89.40044151621659,89.85474903152023,90.20818302609607,87.94266606725255
2020-03-17,90.22354352010822,89.96268790190172,90.86873854065507,88.68303642028204,90.49641214139253,90.00302553492233,90.43422650012825,90.79028719401417,88.88519643374856
2020-03-18,88.77370918187457,88.32037883172654,89.27479492119001,86.78380456334278,88.59202561252908,88.4691913299808,88.90472227520844,89.17741612295971,86.95053834992609
2020-03-19,89.27622358090555,89.09357381532857,90.07672256002053,87.88464524919992,90.20674525257128,89.38441282764438,89.84865707977147,90.02786733317826,88.19385982153157
2020-03-20,90.63898729215296,90.4291699452728,91.38077674351777,88.89544780692704,91.12119050273492,90.46222278267994,90.95313267058216,91.33759086082304,89.1943576962333
2020-03-23,87.57384429421947,87.42483621500996,88.53813846645377,85.74946103444778,88.32186333651279,87.46476140355585,87.96241943847085,88.37501447161105,86.05021114171976
2020-03-24,91.2571483904641,91.22539686002004,92.50178026900747,89.91036533216995,92.63084769661569,91.0733213379736,91.60326991027544,92.38835468562459,90.3539919245035
2020-03-25,92.67325644897004,92.7131614491854,93.95105303534609,91.59162340454621,94.26887314936808,92.59084440628881,93.13754328315491,93.90458703860847,92.12243153270825
2020-03-26,93.57755967575302,93.5786983261386,94.77994682801801,92.76411126165259,95.1956749212627,93.43664807554778,93.96356663334787,94.75792796536044,93.28090287913746
2020-03-27,92.88462201925275,92.7796626951478,93.90197198008272,91.88979209120086,94.36963388970211,92.76319995526822,93.22679097732878,93.86700440314617,92.31734806574728
2020-03-30,93.4175491114696,93.29535108205204,94.41697020662339,92.3952110149148,94.85632134918737,93.26002068239845,93.72810980183726,94.37146398447177,92.84938035202215
2020-03-31,94.53167654060101,94.48370333427518,95.57964371368783,93.44625650843575,95.91951321498074,94.41519727793752,94.90006647266704,95.5757158231973,93.9666886371566
2020-04-01,93.64790787622285,93.69452329059497,94.72825397183021,92.02776195980682,94.60639949998219,93.45749700839463,94.00643002727519,94.63577856055647,92.57459497578844
2020-04-02,93.71301776752408,93.71140298787414,94.83676457892763,92.21469621496546,94.89821417012784,93.52377101896701,94.05646071496953,94.7086984618889,92.8145162693629
2020-04-03,93.90606786669272,93.94781983807546,95.11684444794052,92.25303857423542,95.04500818031288,93.70067734205996,94.2626697337093,95.00459292080585,92.8853116034829
2020-04-06,95.1211459754283,95.31667154053187,96.59034199840974,94.07639509084544,96.88324624445468,94.96719941210817,95.5966566605298,96.56526760380181,94.83594635965406
2020-04-07,96.11727655410004,96.31853621849524,97.55606952105585,95.23032592157857,97.86586224381018,96.02833173865905,96.64193508517988,97.6528118202006,95.90511754125014
2020-04-08,95.26572235391603,95.58532501836801,96.81109855331007,94.69728052997067,97.36643422319025,95.27617586680473,95.92942262774248,96.8380968807616,95.39601910825407
2020-04-09,96.44387926572831,96.56444635955513,97.84942309002858,96.13677102250975,98.44908154313083,96.3359442054165,96.91500537124259,97.95361703135498,96.70300386338502
2020-04-10,96.44381702949583,96.56438412332265,97.8530487681293,96.13820484857865,98.45340968110453,96.33681272851572,96.91933350921627,97.95676238047623,96.7060962602244
2020-04-13,96.44375479455992,96.57761167478913,97.84263561985912,96.11121476964463,98.56271341717387,96.3443269564563,96.91090405197838,97.94837013150317,96.67810590954255
2020-04-14,97.16283596336348,97.23741230032931,98.64024585591238,96.94038887133749,99.35740673098134,96.9378147350315,97.50781866844096,98.73683435572808,97.49277891461699
2020-04-15,96.2814052544697,96.31418379718856,97.68402479577408,95.74289659072932,98.39630807723643,96.05492673765077,96.60339662899376,97.74448406582307,96.29270156247154
2020-04-16,96.44576298292553,96.55096977242296,97.96035757946764,95.90554455039913,98.75098490097498,96.2341913213871,96.8127439011925,97.99896054989003,96.51904342984542
2020-04-17,97.71321966593877,97.76454835908388,99.0598671687239,97.30093751179446,99.71192366698422,97.4457867304979,98.00299327872712,99.1909804945319,97.88433095880478
2020-04-20,98.02585835710586,97.9786420714886,99.2791115880243,97.49943003183408,100.22094588628656,97.83750709119154,98.32721808392758,99.41482962255344,98.06975879710306
2020-04-21,96.89266265612859,96.9196914929709,98.1820716199956,96.09380259927059,98.85307962083887,96.64181880321603,97.17481904883101,98.23851952178723,96.67856927323446
2020-04-22,97.6275344263504,97.65252102998025,99.00933660634023,97.04990248683568,99.88420840650419,97.37535589072223,97.9161640936849,99.09386240843169,97.69556579376632
2020-04-23,97.82420841249763,97.87099013061125,99.30261049296803,97.37254010776866,100.383471255249,97.64858911884569,98.17731368196715,99.43290318401404,98.02746607638198
2020-04-24,97.85397202047247,97.86847334621204,99.27120584159309,97.44460902261433,100.34773242397932,97.63900105270902,98.16398264578102,99.39157959365183,98.04606637629513
2020-04-27,98.75476913522682,98.79498916906383,100.20259792762201,98.46636435469402,101.17607314299842,98.46759970040529,99.04301307339797,100.36869486400579,99.04869137138817
2020-04-28,99.1665761564019,99.1913512949365,100.5620892506928,98.92476809395936,101.54432552521277,98.89891137923142,99.45737257200024,100.75614694210593,99.5267472979528
2020-04-29,100.02007286348933,99.9919400529749,101.3764583222467,99.9112110329877,102.36360808226988,99.70791953315508,100.26298524359072,101.61996557750024,100.44913269250296
2020-04-30,99.76207611784915,99.64359109912303,101.00264612147849,99.47621300504214,101.84047630517206,99.42815133596312,99.9591999599131,101.27032404320599,99.95654060648548
2020-05-01,99.76201390106263,99.64063024401088,101.00405040931253,99.26749739996147,101.73929984408676,99.42623694762642,99.96002089198272,101.27143818167991,99.76853388020017
2020-05-04,97.51112028928706,97.45185115180719,98.81667131493721,96.95862805882733,99.55814517674114,97.19931606405049,97.75710083141874,98.99439686349848,97.59301381049966
2020-05-05,98.44205449731797,98.38044841918155,99.76368708263233,98.1061673875347,100.83759110130428,98.24402459511786,98.76840568772339,99.98170712896186,98.69207214533526
2020-05-06,98.75160403031052,98.68955836266737,100.03529264560453,98.3108650496189,101.06627777572177,98.55375810784687,99.07038164716792,100.26658648423097,98.84197627640103
2020-05-07,99.06097724221968,98.99849199664939,100.40294094907121,98.68085064691016,101.43385940224468,98.79457594353883,99.325165804075,100.63128753143957,99.19393395107664
2020-05-08,99.5159942895124,99.46133570467548,100.84146775294226,99.23805352392783,101.90145600197518,99.23171480097139,99.75769446589669,101.08496574772583,99.73639804412687
2020-05-11,99.84698562555099,99.79279694376261,101.14211900590122,99.60003899488046,102.24743137513963,99.58440453036785,100.1003652439725,101.40670049973535,100.08488931975997
2020-05-12,99.73207751330818,99.6352894086973,100.99273882978686,99.35304005088271,102.04240292463527,99.46506193168791,99.96827672930591,101.2418740119897,99.82247646431479
2020-05-13,99.06001982703148,98.98515542822089,100.38150253036547,98.5597485016365,101.45671901750286,98.80113052224198,99.31210629911497,100.59844467557679,99.0966717328618
2020-05-14,97.58867516599335,97.52648855141608,98.9982691795318,97.17389543607479,100.25474939599857,97.39857246430098,97.91864475201464,99.15644564926424,97.76724372932884
2020-05-15,98.44925943545115,98.39686574597998,99.91256347665245,98.02840273901123,101.04662873640984,98.17645303674082,98.72895106279393,100.09324570756021,98.58757060438462
2020-05-18,99.68798368307753,99.59018768023455,101.03683847476444,99.46052922167142,102.03870552429044,99.40824328127886,99.93942317150825,101.26150369196311,99.9475404907673
2020-05-19,99.86015960909913,99.80862360849265,101.30078993450941,99.73112808682046,102.48586914210279,99.65862767959354,100.1873832661589,101.53851316651763,100.20320094794535
2020-05-20,100.36519276737783,100.36073561710543,101.83390276440659,100.31347896695169,102.94117621910684,100.1302506291686,100.68581086264355,102.0883195562075,100.78387006782418
2020-05-21,100.36513056873542,100.36113983417509,101.84051840420886,100.31377951966599,102.95611129900261,100.13223137513194,100.69383728587343,102.0943624125171,100.76112910160302
2020-05-22,99.72850310185099,99.72596898598614,101.18884954711615,99.69772212894331,102.35118548378557,99.48565567375634,100.04375067950507,101.42806613285606,100.15327156277934
2020-05-25,100.86767481546674,100.82867790221638,102.30154446156428,100.81375761937046,103.36530331173972,100.5663485113935,101.13410112881876,102.57222532892258,101.23081907080325
2020-05-26,100.89495893911449,100.9695378013695,102.35824186740182,101.06573002804176,103.28553097718141,100.61759155112857,101.23163261734646,102.64989200471706,101.47907235904108
2020-05-27,100.50385900371653,100.55918336917496,101.91234562505598,100.82871718322643,102.95516829570117,100.28517829904678,100.86492121511654,102.22371031072261,101.21177613762188
2020-05-28,101.39069177839144,101.44168748522675,102.82807059295251,101.7344962425698,103.88939041520429,101.1863188847563,101.75829132519227,103.14788783106732,102.14336502844365
2020-05-29,100.87342427870371,100.90063492729145,102.30226954068347,101.1574219397939,103.30743913413423,100.60282100826316,101.17637210716941,102.59099864029683,101.5957041108557
2020-06-01,100.8733620891314,100.9052993093172,102.29536587142758,101.27974019981141,103.35157115737587,100.60465586442446,101.1695720166637,102.58487136554433,101.71277158581671
2020-06-02,101.7178649509709,101.81469586940845,103.18718060983676,102.27059751735462,104.24312820844037,101.47061395553911,102.04953278553295,103.51111208054277,102.73933430226843
2020-06-03,102.51365395440344,102.66632636982274,103.93732123892197,103.2309182007578,104.98022945090861,102.33419340814723,102.921483773869,104.29441280945045,103.70643908203989
2020-06-04,102.10487842568546,102.31575754911002,103.61215113360993,102.77664541147684,104.57283296751359,101.94045934001903,102.55521933586738,103.96464736690676,103.2604765899517
2020-06-05,102.56855642578171,102.83210755886756,104.05689225576876,103.36822352201315,105.08088852088258,102.43802037013899,103.07092673121619,104.43971784066923,103.89049121653755
2020-06-08,102.78883740129055,103.0369294486722,104.26496137977969,103.79766562858464,105.41061773342129,102.63490473419836,103.24986058290474,104.65899743370042,104.28562111721125
2020-06-09,102.52567867551522,102.8425554549296,104.08413003522865,103.41258863396857,105.16966272284832,102.36263393145472,102.99978547446005,104.46360667485017,103.92269585572478
2020-06-10,102.19321831115262,102.50955832872368,103.7402776442808,102.94507916400921,104.7976231363609,102.02274168576295,102.67495298008768,104.10776714164558,103.48318918238486
2020-06-11,100.91221714883594,100.99367275044844,102.26503714244181,101.09808572137257,103.06140784058935,100.65675136397951,101.21446670954381,102.59964501403505,101.50039146668108
2020-06-12,100.80158959886332,100.86957731593218,102.18659608168377,101.09871232885513,103.1217273880727,100.53680822281801,101.09989174847085,102.50073314930796,101.47369836119562
2020-06-15,100.37617992011934,100.46028169211709,101.73673056852377,100.73781772426538,102.73752183536742,100.13163287097156,100.69273923204915,102.02757382277198,101.120241225981
2020-06-16,102.09638499938211,102.24646668013493,103.53355982752535,102.57871571788297,104.60819269367785,101.86595119735567,102.45708395174063,103.88619705962626,103.00802340392056
2020-06-17,102.3900780810513,102.54333324779002,103.83105972299526,102.7893604385673,104.86413430377138,102.1444741718737,102.73799467156233,104.16026408953816,103.23373958980493
2020-06-18,102.40849191697765,102.52103313222489,103.79487119334365,102.73411448102148,104.76345327416018,102.12417740120834,102.70861816395198,104.12679574542175,103.15212201314259
2020-06-19,102.62423420062441,102.75587265574799,104.07892785992476,102.94349257735256,105.1390504584515,102.36271446307839,102.94090583462632,104.40637495431302,103.37459215405434
2020-06-22,102.14540069131888,102.25986842510298,103.62035196262636,102.51332046259003,104.79792262083211,101.86670977293379,102.44456539084103,103.92997855542532,102.96576048907579
2020-06-23,102.61840047865525,102.77631246586938,104.12817303102342,102.9894992019738,105.28693314052848,102.35097952536533,102.94567022545276,104.45487041393291,103.46508131069547
2020-06-24,101.57276954836692,101.77111855319858,103.16238229506665,101.81117820119125,104.22682286161995,101.33773525184795,101.95252093677527,103.46518398933624,102.30578290496332
2020-06-25,101.5152953906377,101.62253595818791,102.98804019754316,101.7010242205689,104.0888206461033,101.23275690590026,101.81688393908995,103.28421903588432,102.13514448758303
2020-06-26,101.31198896891036,101.4571607623123,102.83670207213524,101.45769780143989,104.0315849423965,101.04251039504287,101.63012225504815,103.1211577500533,101.91055208931236
2020-06-29,101.31881887195853,101.46064102871509,102.85919848153999,101.54539148325507,104.02697306226332,101.06750189848215,101.64722456597804,103.1314718901584,101.99912695406735
2020-06-30,101.67841775450064,101.81509144964222,103.24378262377665,101.99750458565721,104.5097276363043,101.40641249241244,101.99822544960311,103.53301377957371,102.46072016132493
2020-07-01,101.94668987906171,102.15902452574367,103.51735583963715,102.2820000936717,104.76347279884205,101.71574512616024,102.33241774088873,103.82298256114508,102.78163576471522
2020-07-02,102.49215058013168,102.64793805539192,104.044305974515,102.86803714342734,105.3220918095651,102.20873320850016,102.80440751283268,104.35864680607618,103.35512851228341
2020-07-03,102.4014506201208,102.54882532631046,103.92978495281172,102.7497609619441,105.1728197619632,102.10343918847786,102.69649691027745,104.2416201758042,103.22776472517454
2020-07-06,102.98476187316594,103.20573235097721,104.58853742480223,103.42252114100643,105.95585730261716,102.69417643099285,103.31144013809734,104.90956481728794,103.95246270507774
2020-07-07,102.71525984204763,102.93107984821094,104.3396404678999,103.13335564555828,105.82986624151623,102.4596193582344,103.0680385519468,104.65656557628083,103.67254107399411
2020-07-08,102.57558508440405,102.7272521515731,104.16394334976971,102.96798120776278,105.7323228947777,102.27357982935506,102.85475656732643,104.45899097871903,103.48735739829652
2020-07-09,102.84081693532347,102.94255011957041,104.36523699853508,103.08099297491951,105.94478235649383,102.51927838536474,103.08693822881867,104.68092537225724,103.58435104860703
2020-07-10,102.84140595030212,102.8838875690588,104.30613159423596,103.08824430360566,105.89360545122351,102.4922446795458,103.04123570664272,104.599318861581,103.55303303080478
2020-07-13,103.46965378621933,103.64534230621467,105.08300914288684,103.7634797229168,106.60304057950094,103.19539479285802,103.78697856630781,105.40135856731006,104.28117768620825
2020-07-14,103.03246840967365,103.14039164116527,104.58992207704436,103.349130748809,106.12332624218095,102.72015171999816,103.29764168826465,104.89147282120965,103.83627346042354
2020-07-15,104.24954273012865,104.36163871067896,105.83165914619357,104.72105111690213,107.45115009821475,103.92029026383909,104.49890285873815,106.14931392888474,105.22191468695073
2020-07-16,104.03527629979553,104.10565578902973,105.56008261271094,104.45109544735432,107.130505149415,103.69730535595956,104.2542376641373,105.87379005543424,104.92252018821966
2020-07-17,104.0995415550904,104.23870357097569,105.69196722362364,104.56650768626608,107.19770068105933,103.74754155184318,104.34799494983258,106.00888280275215,105.07902641585571
2020-07-20,104.39012649718072,104.47554816639733,105.94755246404782,104.85123598305661,107.6213153605388,104.0300041181002,104.6151809306891,106.26363148455607,105.34928240694596
2020-07-21,104.51953912240293,104.61584525345758,106.14055399602589,105.12018321712581,107.9194354363433,104.17214825097352,104.7636467368558,106.46303884844792,105.64858591324166
2020-07-22,104.34436453954896,104.36458039707604,105.9104096319231,104.94138841911693,107.73101105238861,103.97084981007536,104.53415699043238,106.20616688213131,105.43286035919455
2020-07-23,104.53148137873345,104.45896553051041,106.08020709034129,105.04595336165805,107.86115565994817,104.10459567098268,104.63564762483637,106.36595975419449,105.49227465956488
2020-07-24,103.49808216046065,103.39746291394627,105.03160649397137,103.95033726750695,106.78310998050992,103.0895434455974,103.61527200179741,105.30362989058828,104.40334600279316
2020-07-27,103.7650120844316,103.63539062358767,105.3585519118624,104.26690679892825,107.31809579741025,103.32970523368874,103.84381520696874,105.61196403676175,104.7417646033033
2020-07-28,103.64649818726153,103.50877001159415,105.26499502838207,104.18791234366034,107.24339549625759,103.22224124339829,103.72855174063729,105.50750111594982,104.65956821257154
2020-07-29,103.72606644814928,103.55843629020552,105.31563020378888,104.35641405614288,107.40484848407507,103.29321061309868,103.79902547519461,105.56447492089247,104.8318546736871
2020-07-30,102.87352147765836,102.67583690653044,104.37080660206028,103.38883112628847,106.39755376637088,102.43148470607959,102.91648988841385,104.6134436537223,103.82553062077602
2020-07-31,102.42161899122154,102.30135244686494,104.09706935386087,103.02369588571041,106.26607665839197,102.0183718399509,102.54901919665613,104.33659518817899,103.51728478171538
2020-08-03,103.89265557360991,103.72417628043348,105.58108040546044,104.57123138630169,107.92216720377239,103.46998222077559,103.98789503224376,105.82402092750682,105.05102779009037
2020-08-04,103.56747346333796,103.41749264832157,105.29179309926133,104.35476366743046,107.67048807142146,103.10765936589081,103.63710248448739,105.53406797544656,104.86361084665306
2020-08-05,103.50759423436348,103.39790039161119,105.3440915284666,104.40839111832688,107.90049187313517,103.09155631100253,103.63514517911065,105.58648674257263,104.93552033978204
2020-08-06,103.52523341836033,103.42652213766743,105.43791067303712,104.45694807235894,107.92618113352712,103.06673116946202,103.64908132292445,105.68052176362283,105.0129659833512
2020-08-07,103.83241652239985,103.68471355542765,105.682267866874,104.70536063599131,108.00534632029778,103.36672476123023,103.93606784535653,105.92544121978939,105.20433258957651
2020-08-10,103.76840009151793,103.6070361717537,105.62421568244042,104.72476430697031,107.9600204026512,103.31677026465675,103.87938289350409,105.86725545812837,105.20636923477073
2020-08-11,104.13233772791574,104.05710901384198,105.8915127122964,104.9627503518012,107.95833189746624,103.75750771296275,104.34481784636405,106.13516753454122,105.44162887047956
2020-08-12,104.37196915035476,104.3020137816747,106.07947553947898,105.23121860072297,108.15116686155606,103.99744928930093,104.5760331579238,106.3235628614405,105.7173792231211
2020-08-13,104.30193100132581,104.2993364058363,106.09517019450516,105.18606605224296,108.24067106310235,103.93745964823925,104.5487842787652,106.33929362963836,105.70537296017622
2020-08-14,103.78947398071618,103.80642917595915,105.5839163318609,104.6925897169,107.77628597543031,103.47586992369915,104.07466539244581,105.8268633793325,105.22126702370227
2020-08-17,104.07633211760061,104.03843198317256,105.88213901600444,105.01361044684438,108.30530714133761,103.74248294550266,104.32244025861736,106.12577226951119,105.5396855187717
2020-08-18,104.02054974707366,103.9859584215473,105.86944076395793,104.95555364701836,108.34702967959258,103.65380855337985,104.24788302681831,106.1130447989724,105.50862028015689
2020-08-19,104.8105606269681,104.71269767203883,106.5472931863215,105.6150796912464,108.89660076817529,104.42985405498833,104.98933916089943,106.79245694984725,106.11211190328109
2020-08-20,104.35548220942148,104.23808369713556,106.01728270410757,105.10301925434922,108.38991228461208,103.96153930347292,104.50505331014672,106.26122692126437,105.57508848967554
2020-08-21,104.50194756755478,104.3603628776127,106.1434084097079,105.23631094622125,108.51476387669534,104.10354982063458,104.64071522468772,106.3876428402689,105.69954553849395
2020-08-24,104.82886021586341,104.72004841901867,106.47659073961684,105.64434289058472,108.84692903502481,104.44765085828512,104.99667055035577,106.72159181784664,106.11020718455282
2020-08-25,104.61952335806122,104.58077500217729,106.30412495510586,105.45490068964394,108.71827933587406,104.2893697786491,104.85617299126062,106.54872919208755,105.95455042137097
2020-08-26,104.80095277258702,104.83316140125562,106.6146368847652,105.6724706449305,109.17634639419605,104.48326125618144,105.0798300585512,106.85995560515626,106.22838735553273
2020-08-27,104.81580669350383,104.85989786916454,106.61439543520174,105.67335431547093,109.1178548400289,104.51822850300083,105.12574549406979,106.85971360002088,106.21501135482401
2020-08-28,104.5462303004106,104.58115733939641,106.43173162666541,105.59770416975466,109.14590287511486,104.27673511367254,104.88501311905954,106.67662948473232,106.16016858714117
2020-08-31,104.48223249264075,104.53491278914633,106.36863502649929,105.47568697238641,109.13122512630767,104.20158408662599,104.8203034577866,106.61214923311964,106.04759664918018
2020-09-01,104.74642671832513,104.79823810953685,106.67868533066908,105.76365135885979,109.51472562084577,104.44349704855173,105.06262921704351,106.9205648799247,106.34749556282341
2020-09-02,105.9388333878458,105.91594336002785,107.74419695745017,106.96003753664927,110.48803013511375,105.58178965878034,106.17839912738532,107.96867597825268,107.5192029695655
2020-09-03,105.06290666705394,105.00546479727171,106.81306601690991,105.90605026179998,109.22194672861293,104.7017854572839,105.29167989560351,107.04698390255155,106.42417414570077
2020-09-04,103.75695295826442,103.71334911948338,105.47604550908112,104.6092343009612,107.87131026026051,103.43792167289443,104.02370890504761,105.74726715486558,105.1216023352084
2020-09-07,104.65809805774713,104.63162954407836,106.42540266163213,105.49905966770335,108.81187966306929,104.32085732184049,104.92374319873485,106.68451121467768,106.03038924265537
2020-09-08,104.20856406301944,104.13866091840353,105.92609096062687,104.91231122382196,108.05800728225827,103.87201444289009,104.45180889055297,106.19145682382276,105.37499122877041
2020-09-09,104.79382968646647,104.79113259226023,106.62183670401626,105.63527324618389,108.86574415727286,104.45608389079052,105.07797981380808,106.88364333813314,106.17039289951991
2020-09-10,104.72474874316732,104.70251353965476,106.53758529475587,105.50128595208075,108.83940225903825,104.42051853273726,105.03190504195364,106.798553455924,106.01036984537745
2020-09-11,104.72766693378364,104.66590872775797,106.48187877557626,105.46361469893209,108.70349094500827,104.39052073819148,105.00693763912857,106.75520222605745,105.94932696226466
2020-09-14,104.81100699044737,104.7954034863833,106.6234777012903,105.67677746529543,109.03555529748459,104.48080791558019,105.10999083337569,106.88973055907857,106.20216961145677
2020-09-15,105.3921567011348,105.32274474640491,107.14168569652243,106.22150355512387,109.57626309164911,105.02783181922244,105.63146913299657,107.4001343717033,106.71800644117407
2020-09-16,105.55083931472893,105.46189318913034,107.30664412972524,106.36490023274956,109.6901825395549,105.17894286931022,105.76786357680035,107.56430568001274,106.83999824898311
2020-09-17,105.11272577488204,105.02333879191393,106.8184820437329,105.85644288571925,109.05397705872946,104.72328785208961,105.3177770076311,107.09009353574166,106.32093130175801
2020-09-18,105.13832052333699,105.05991251231413,106.86535050394386,105.80960654975837,109.16255682224762,104.76890931756984,105.36711173513653,107.13739005464929,106.27113873522906
2020-09-21,103.73163708740867,103.64993297678551,105.33434004991422,104.22952884799761,107.4752468621592,103.38831592695057,103.98666587413655,105.62908444113314,104.64014290901554
2020-09-22,104.102960686948,104.06079942317987,105.81771471400792,104.65149443443774,107.92154446425756,103.74526303266947,104.38056039838837,106.10339594668969,105.0998628480275
2020-09-23,104.48390786734143,104.39952939132826,106.11195812402809,104.81615943869443,107.98485972662282,104.1279818030539,104.7378612006018,106.3789654031687,105.2182130664821
2020-09-24,103.67642567599171,103.56019106312704,105.26051864708361,104.01699790437824,107.10083320489028,103.32536809991485,103.9132284717567,105.545868062992,104.40416957940728
2020-09-25,103.85124970168846,103.76704552631838,105.46690612406773,104.25799531652721,107.31530870214429,103.44746749119464,104.05596229097785,105.75370198282441,104.6416706896858
2020-09-28,104.831454403016,104.7105823575053,106.43777022476371,105.36753949651671,108.60544690594993,104.46449129106581,105.03946824333765,106.69277199991956,105.74421615625478
2020-09-29,104.52184462637834,104.42713904747305,106.16428968799792,105.06402979517028,108.32477625633568,104.15414469161968,104.73817198647026,106.42749796255544,105.47489115001996
2020-09-30,104.60904598021392,104.47195163682146,106.21891049738367,105.12141244801678,108.38684253675102,104.2479766693357,104.80654926025498,106.4743874838804,105.50044867978805
2020-10-01,104.79810764305051,104.66075501251444,106.43493591992306,105.42037117174195,108.81129666469317,104.4393972577119,104.99769483369693,106.69091444118996,105.80672712222423
2020-10-02,104.65206273522473,104.55621007042426,106.31781337437624,105.29536824048739,108.56677392039977,104.27778389492246,104.8510646767518,106.57909214178589,105.69282358266241
2020-10-05,104.78114070692877,104.70272359495654,106.44841108286805,105.57062785908423,108.93624537880933,104.50466815202412,105.05118260594844,106.70002502760086,105.9972839447034
2020-10-06,104.79848817367865,104.67017765515814,106.42324247824597,105.46962118502618,108.7228871927953,104.46671810164571,105.0125086937935,106.67411888575784,105.86135239262245
2020-10-07,104.70644000452536,104.63391201140246,106.34562210984684,105.44480715425657,108.68433096222296,104.38382446354333,104.95365873952483,106.59211580311398,105.8634816657756
2020-10-08,105.28968688856423,105.16816625335281,106.90788199878818,106.0807353317818,109.24607008560893,104.93496840101638,105.49820446955765,107.14593617805343,106.49053462822171
2020-10-09,105.43704370781073,105.33417543661514,107.12939468901061,106.31429624789321,109.65610596134603,105.08389882467226,105.65238396310454,107.37022262000153,106.76823919913454
2020-10-12,105.94452645975893,105.86782378907425,107.63611954890916,106.83657945591627,110.20843723258584,105.58745737252168,106.15314829175226,107.86475715703925,107.32212006873263
2020-10-13,105.89572748625105,105.78234656129891,107.51296758558072,106.67137401179441,110.0621213591574,105.54795500349282,106.09665952195499,107.73754584084571,107.11621413579273
2020-10-14,105.79538787271427,105.6712062633504,107.43688354084757,106.58939520101742,109.93875512857115,105.43107491185646,105.97737985003648,107.66483376106663,107.02918153382181
2020-10-15,104.67712202867285,104.49358109420648,106.23653865131621,105.3669569683189,108.57438119784064,104.26418784503548,104.80012483361656,106.48703393363388,105.75351285539998
2020-10-16,105.48506417214298,105.28198779234647,107.05288232191461,106.19335636972697,109.50737190654414,105.09772267555249,105.63331416438575,107.28736877061962,106.59616874992221
2020-10-19,105.15362023908288,105.0076653420338,106.77237056300508,105.82627253597316,109.08739877997573,104.76676884828014,105.3392724533709,107.01257333858622,106.2600295614556
2020-10-20,104.80232196554746,104.62209144177625,106.35459760145125,105.5242747601726,108.66265065953169,104.39706565010837,104.95931004177575,106.60554669981263,105.95160238792933
2020-10-21,104.09362447875492,103.92708168174963,105.70053537333402,104.8758591611763,108.17513796515945,103.74679556387827,104.31667059937404,105.95854994914835,105.33305908897654
2020-10-22,104.01914659689379,103.8743595122571,105.62479240560565,104.88006076507514,108.10554347022601,103.68339467189027,104.2713455816753,105.87980459370957,105.36213517217683
2020-10-23,104.08943826341665,103.97045743551827,105.71416000978337,105.01099863924198,108.29178858579793,103.77392487146666,104.36858958060536,105.96383504851532,105.5094081899774
2020-10-26,103.37154736011307,103.23434288796606,104.99166219260378,104.15087966578966,107.36314407401602,103.03068362679053,103.64682070376708,105.26314951178321,104.63163494500508
2020-10-27,103.4969553515617,103.29937651079118,105.0919341632358,104.1951979148934,107.44410900301614,103.1153789035289,103.7219330589332,105.3585970900438,104.6355217462111
2020-10-28,102.2824973986771,102.10375364999986,103.867499911791,102.75913729595968,106.00314106595958,101.88985050847003,102.52411095281965,104.14769252312036,103.18960613939112
2020-10-29,101.70774277332295,101.46458487358927,103.22365455741851,102.19325632523753,105.4700400631046,101.31891418708747,101.93667011143037,103.51802331924004,102.59634298883664
2020-10-30,101.56091577202379,101.37211758509861,103.16527280614079,102.03762447194538,105.30884063805932,101.2080594854876,101.85412106387872,103.46094939630777,102.46897690792478
2020-11-02,102.82197988993369,102.6082793131543,104.45648387273789,103.38754960596009,106.63501307109784,102.43462045372289,103.07050180806385,104.76109988892095,103.83532416796588
2020-11-03,103.48936915376119,103.35798219424754,105.19489569723204,104.22852529485516,107.49835047986961,103.11796745691724,103.7920663334588,105.51084169411997,104.75240863922626
2020-11-04,105.14966464230476,104.95199243181754,106.801508870429,105.87234365603557,109.23016482127717,104.77115692142635,105.40769163073762,107.12288288547856,106.39852922281345
2020-11-05,105.61552119360218,105.50425970956351,107.42686095629239,106.5872120239635,110.14492793591242,105.23079598638606,105.91424140273642,107.74837943365989,107.18401887492686
2020-11-06,105.31553313914368,105.21705223400188,107.0924963301324,106.26122000075348,109.88362062258955,104.95912790392492,105.63611609043258,107.41904383857192,106.85576777365992
2020-11-09,106.7250872917394,106.73767864381136,108.54785702520435,107.90573630899678,111.12044208545697,106.44987806137105,107.17845414647802,108.85540918277621,108.5902408023302
2020-11-10,105.88748122139168,105.96780276702191,107.79500406957551,107.28467964390502,110.256555499999,105.65318680647975,106.38902947486505,108.10516195265735,107.97490934068425
2020-11-11,107.09287104364032,107.14585096345479,108.95873402467373,108.48292146644299,111.51011969495788,106.84604626540978,107.55941560118663,109.27487014277078,109.17771550328838
2020-11-12,106.63160611555101,106.6387842308431,108.43991259078945,107.88740282357286,111.08110215762098,106.40643708521011,107.07471715481948,108.75643900487792,108.53576627338293
2020-11-13,106.8376948867648,106.86691590013729,108.7027310354602,108.208163079699,111.37484247556473,106.56893025759243,107.27351742332667,109.02092735309996,108.88856623577014
2020-11-16,107.54850964145082,107.54265647072518,109.39176940840511,109.00056485529603,112.13668518936197,107.29159330430258,107.97575632728295,109.70910121851716,109.66946027752951
2020-11-17,107.27685024553473,107.32061802579442,109.14250215048618,108.77154841735374,111.93896224890617,107.02892642919065,107.73070609362503,109.46012085103914,109.46098041968277
2020-11-18,107.29092706159517,107.31793933708904,109.1001938857332,108.65819261880331,111.84731842824216,107.0298422657975,107.70786583675968,109.41651957882841,109.30823353561172
2020-11-19,106.99617273607545,106.98378036779603,108.72228278648892,108.34871279462956,111.49466546040543,106.68751216530393,107.35413166478307,109.03374888769667,108.93718049364539
2020-11-20,107.13528019518242,107.14387890611343,108.92446198465717,108.52361339660408,111.73310854929959,106.81202371300387,107.49713935176362,109.2386967053379,109.14601347302192
2020-11-23,107.06312205921344,107.04785143751752,108.7441872425934,108.46758276021498,111.6128726434895,106.77899049251691,107.43742343964011,109.049504330113,109.03243571610307
2020-11-24,107.36370505610293,107.41568492834499,109.04754922220175,108.85114036702974,111.83391284672646,107.06422043955355,107.75387857077381,109.34924460307644,109.44829981507394
2020-11-25,107.35537904827193,107.33529704901889,108.97789298213918,108.81478871920349,111.81841667673444,107.03007748932582,107.6953951541449,109.27995374564925,109.36144440256463
2020-11-26,107.63626069072667,107.58761732803772,109.22546180001562,109.07132971084472,112.06661173317627,107.30711533312711,107.965353694211,109.52899880656565,109.6087284899437
2020-11-27,107.47415003223719,107.46732743225313,109.0355905644997,108.89971828527287,111.99246935887454,107.1878113111513,107.84618496458447,109.33320811981797,109.44355020227879
2020-11-30,107.30649532824313,107.30271382014338,108.8484777602638,108.51116448340426,111.5507643507178,106.98760527776771,107.65578654636843,109.1435777067846,109.01435781716361
2020-12-01,107.39626857073841,107.39456218209452,108.99414269962048,108.83215271713797,111.94745519990057,107.14183252942979,107.79517541250499,109.27806943039029,109.36586949429699
2020-12-02,107.05271340622946,107.01252088673823,108.6188559009955,108.5007833094336,111.55254337782124,106.74965147677821,107.39644718513813,108.9324845731601,109.02926000825863
2020-12-03,106.91881649092308,106.81943878312141,108.40777610173065,108.36030055120378,111.40417001045594,106.58153827203594,107.20810100622944,108.72069641303086,108.8414303054956
2020-12-04,107.32228508522785,107.21713144449696,108.84790472566546,108.78173786444478,111.84057687184298,106.92814467763809,107.57920733732831,109.14919189529542,109.25773542629446
2020-12-07,107.07181379604359,107.03688545976524,108.69580984605977,108.63508958619788,111.97019281168753,106.81351616692945,107.45348448099588,109.0082716799989,109.1826641994675
2020-12-08,107.12286549447208,107.06224781066153,108.73530767174077,108.66281065239247,112.01960287723689,106.81467182264666,107.45344112554133,109.05116033636763,109.1991346711429
2020-12-09,107.33579206056704,107.25073971620338,108.89676182802748,108.77665127395015,111.9840424024219,107.00865387729964,107.64516543951792,109.200661015961,109.28228208236483
2020-12-10,107.18344239406538,107.10840306299983,108.69429564276419,108.66531747410187,111.93087784932898,106.87430907561637,107.50414575249792,109.00150175214385,109.18855521097512
2020-12-11,107.02561408650595,106.91402603050616,108.51402585600304,108.43670189761015,111.63041092871522,106.66910057346644,107.28755356248682,108.84815495640498,108.93442901117297
2020-12-14,107.18547549129318,107.14331245143023,108.69963999900072,108.5629014284908,111.86578606276323,106.87333134680318,107.51121102113869,109.0002509150261,109.06594914106489
2020-12-15,107.09656304711572,107.01381128333252,108.6001321678583,108.6383024832315,111.91134418151596,106.77170191461691,107.38430030446567,108.916021678382,109.15906243141056
2020-12-16,107.47640183406885,107.42918971816471,109.03700553789551,109.07275670230581,112.50564425720889,107.19359248028326,107.80759923939642,109.33550471639705,109.61994992932406
2020-12-17,107.95367022852642,107.92125844601111,109.59644330225365,109.69778083040586,113.29873789603518,107.6664747207987,108.29426685463785,109.89515895427257,110.29916991363717
2020-12-18,107.88390052936461,107.81912652580725,109.4832309297041,109.50039723680338,113.13669226985867,107.57778962112647,108.19584266210806,109.78882650851318,110.07325998814875
2020-12-21,106.80181909688604,106.81245323317918,108.45776598263753,108.36059172163482,112.00751314134953,106.52863866651188,107.17532530404472,108.79312438315311,108.9580346555296
2020-12-22,107.41059378783922,107.38598755166893,109.05269155699268,108.8746309344419,112.51765650432566,107.0913902431321,107.75442346328197,109.36485072205538,109.45141766902069
2020-12-23,107.62795913004292,107.65228263536477,109.34654232127528,109.23020470342762,112.91431499111006,107.34110029545494,108.02402266537885,109.64285722591119,109.84572733059808
2020-12-24,107.62789713192846,107.65496575895722,109.34196656954029,109.22908810545965,112.88401343051962,107.34188792113117,108.01885800023507,109.63821069541989,109.8393600952259
2020-12-25,107.62783513510563,107.65490376213435,109.34748445136427,109.2316958240733,112.89073183311326,107.3433297789831,108.02588965753857,109.64384780638481,109.84499053216685
2020-12-28,108.42495352914196,108.4280837636695,110.15467369652359,110.04389025089681,113.68909747368046,108.13583681444207,108.81940308110293,110.43535837949825,110.6669447908828
2020-12-29,108.74384695696308,108.70117016311625,110.40288037751591,110.38187732396858,114.03776892282886,108.46730599270084,109.12154774943717,110.6762441776716,110.98264586461622
2020-12-30,108.59223221880157,108.59292118357209,110.28092333660923,110.31815714075563,114.09541756366892,108.33354021817239,109.00768374956978,110.56513192746078,110.96567278005642
2020-12-31,108.59217022714498,108.57885711440444,110.28607167528837,110.29639820301264,114.03000244477239,108.32435099800904,109.0110379521145,110.5696577612567,110.923349675851
2021-01-01,108.59210823677986,108.57879512403935,110.28332703417145,110.2950491165209,114.02655552836671,108.3235671619205,109.0075710290916,110.56683915836724,110.92052205677146
2021-01-04,108.68161364576534,108.60821743659805,110.40597891107058,110.34232433286584,114.23699838192869,108.35803397206618,109.0224127278528,110.71919030040173,110.98034189204311
2021-01-05,108.33462203702595,108.28465589895202,110.07872951703821,110.19654310840741,114.29955139915997,108.05032076256845,108.7132489885488,110.40718345806167,110.8926425967023
2021-01-06,108.8019397816274,108.75304662632948,110.5231926662062,110.77101217105938,114.67410709251948,108.58208740680469,109.2433843622128,110.78846666886687,111.42899818207066
2021-01-07,109.30711187652504,109.30429591048791,111.10891490444644,111.3182597503168,115.35427588090366,109.0755482520744,109.76200591973702,111.35255405718974,111.98508733483905
2021-01-08,109.52437095179724,109.541441709147,111.21831801308093,111.5251150677362,115.50444132410335,109.29282168500993,109.97578122363862,111.42893443676888,112.15827098840873
2021-01-11,109.52573782409094,109.52841386806801,111.19886963738763,111.39808097927532,115.32679274163766,109.31274284247235,109.97078630620203,111.41392821488378,112.0063984789833
2021-01-12,109.5107955185252,109.57334437990833,111.2284995253182,111.4836862429843,115.54493987251479,109.33769563954637,110.0115692160816,111.43210625267479,112.1294178888101
2021-01-13,109.54475143182263,109.62355913724264,111.28844792756085,111.52941874160767,115.56438170713376,109.37338302655542,110.05266338716837,111.49734298739193,112.17951276382027
2021-01-14,109.83792788380566,109.93008112828181,111.58227495284929,111.8729160317617,115.8570101953875,109.63492902210842,110.32485407598496,111.77979477332886,112.51638687982583
2021-01-15,109.56229341072086,109.61978054935837,111.23514630821259,111.41260700310337,115.15314849879404,109.3083058477741,110.0033488647956,111.45821016099467,111.99564177993129
2021-01-18,109.51817091026427,109.6156466947857,111.23943223307846,111.45546954463224,115.3134503996509,109.34569167395767,110.03657559105193,111.45208315276476,112.06652301391532
2021-01-19,109.41252383987761,109.52471495361051,111.1510322596307,111.40588956136706,115.40563216266288,109.24920631778025,109.94187565648626,111.36435368612119,112.03862223992871
2021-01-20,109.93361486340201,109.99099110176034,111.6781758485175,112.00537945649074,116.11763699246393,109.72804335448316,110.40767523795316,111.88820068342385,112.64410850401639
2021-01-21,110.1123380205394,110.11422973593696,111.777052759003,112.13570646965978,116.26933350503603,109.93503939221074,110.56476348360209,111.96687821476044,112.71517668867016
2021-01-22,109.91079375862019,109.87793389293464,111.5079425187621,111.83349445840621,115.9453764077347,109.733742715892,110.3471403435349,111.70314108247335,112.37092779491
2021-01-25,110.0845050653081,110.03889702667979,111.70621784186356,111.99065599532139,116.1183469991529,109.86626382404859,110.4965829447581,111.89540226979742,112.54022313120953
2021-01-26,110.1779045604748,110.09777712414774,111.76620543971522,112.05482191137759,116.07632359378093,109.95862278843138,110.57898022589556,111.95293215320987,112.57443537870107
2021-01-27,109.58705323615901,109.44663938686017,111.0902377628225,111.18364004266361,115.13854435965956,109.32857265035601,109.92527075343503,111.3179665340517,111.64581423933714
2021-01-28,109.66517040809698,109.57558290163432,111.24205828304771,111.41565420920212,115.47410473301814,109.4495643114524,110.06647823315186,111.45733477289642,111.93494952558352
2021-01-29,108.36301287877193,108.36385363871544,110.02721686018523,110.00561441916281,114.00074456299603,108.16687689309083,108.82588946891578,110.288518641833,110.56992680578222
2021-02-01,108.98585489537864,108.9566480835023,110.66943469176522,110.80703286971116,114.98467250895057,108.8076273664957,109.4568994487195,110.91899082954471,111.38114873015554
2021-02-02,109.7842472886226,109.83812135969188,111.52755738364846,111.75284738682569,115.9026332589707,109.60676798347637,110.29555975712371,111.73197221687144,112.33721875194664
2021-02-03,109.968570146427,109.99283576904155,111.69256055879148,111.99941153518687,116.19093777746184,109.81291211684288,110.48322169371416,111.86795050527205,112.56531111901819
2021-02-04,110.08444005408646,110.14870725307273,111.760847181874,112.10067383604279,116.23802998509439,109.95381675734241,110.63962682112177,111.91599363004583,112.64613718791759
2021-02-05,110.12340448034708,110.26214828206926,111.93978697322831,112.40629516531268,116.76347370699848,110.09704995126049,110.79419999125386,112.05382545373163,113.00129524092574
2021-02-08,110.42848092703395,110.53504690922597,112.27439882513912,112.74575918330399,117.18393161321754,110.33766245371146,111.03573553751738,112.38729428429879,113.34171821464811
2021-02-09,110.36806221626567,110.48619090888867,112.20476509971944,112.62569296829604,117.15062512561659,110.27097648132967,110.98759536821679,112.33644847094888,113.25556166600404
2021-02-10,110.48080721071587,110.57590948469702,112.27734112857739,112.74385611594562,117.1966399247794,110.38590824425603,111.09410555538648,112.39757467183207,113.32395244360023
2021-02-11,110.48650363620338,110.59126114315454,112.3140799279956,112.77135505956734,117.31373338283207,110.3774799025399,111.11289377269375,112.44098561366206,113.37904450866243
2021-02-12,110.68389210822286,110.8293346828779,112.51792428183371,113.02867181722019,117.68008783682484,110.61784106342935,111.34322828247629,112.62620431508334,113.64996839304122
2021-02-15,110.91932529561109,111.15178192953809,112.82993567428801,113.30903433334807,117.98902863593817,110.89795221398664,111.65853903368559,112.91062959342054,113.96497581697957
2021-02-16,110.80598164723105,111.06305013103454,112.71564292886163,113.21759661728635,117.99490817877243,110.85083820244476,111.60943445419522,112.78439466693497,113.87811343394493
2021-02-17,110.45675609285857,110.65409459695597,112.27781407070565,112.78221023980173,117.39005753386544,110.46456686531741,111.20684482595158,112.35488564372108,113.3922904095721
2021-02-18,110.08824460225289,110.31733408167679,111.93726619090678,112.33863177080016,116.8957420806157,110.08810479755707,110.8536981221805,112.03118536439906,112.94852625347652
2021-02-19,110.23138757982152,110.48508892563007,112.13693415246406,112.55399066945108,117.27900212228826,110.25199912366435,111.03167932136779,112.21475992379607,113.19002370731319
2021-02-22,109.9559361433197,110.17333090261789,111.87381019548911,112.3261720638105,117.01518889266018,110.0037829734394,110.76387101975158,111.97902584267561,112.97125851329115
2021-02-23,109.28719050394324,109.5802890863593,111.28477305203776,111.85351508294706,116.51951812361396,109.40555905276533,110.17903977982635,111.39676470678508,112.57733025420026
2021-02-24,110.14690929819481,110.44030130520508,112.18552291350339,112.82687302446024,117.58529491414993,110.29482233268313,111.06035658505957,112.24850801102014,113.5328698787688
2021-02-25,109.58080381258782,109.98056900453466,111.65647043662746,112.08881599841041,116.7570580113112,109.77219214319041,110.58625301923672,111.72267568759628,112.82435338953725
2021-02-26,108.62910311502654,108.97560922385556,110.53389830315483,110.88629496181935,115.2948496695458,108.81302377602759,109.60811278624627,110.64078039228835,111.50450808233437
2021-03-01,110.18679979933876,110.4161234719613,112.08504845855617,112.55596443861835,117.08785655794476,110.30124423874629,111.07713908730801,112.11428884671531,113.17426827804582
2021-03-02,110.4903693253351,110.73416471138057,112.35945904273854,112.79600713387332,117.22361058207218,110.63463838039773,111.3842510202922,112.3680104652527,113.37192123167416
2021-03-03,110.0611343483847,110.35215500379807,111.98380428750356,112.3838213404452,116.80649513645258,110.22765377178345,111.0077842808711,112.01341960301936,112.99053734339306
2021-03-04,110.23484481908363,110.47563906443452,112.12092525558847,112.47021073241837,116.76252241739655,110.36399225525749,111.12273678092146,112.15770842796036,113.05432247871303
2021-03-05,109.2695373337261,109.54897613987318,111.15872544000278,111.63940600981464,115.93752585137432,109.41783541104404,110.19150195843828,111.24580522020351,112.27353235394133
2021-03-08,110.75300353572806,111.02281632576958,112.63718714410345,113.02629444096533,117.11338664297024,110.91901686909074,111.68761592297251,112.64138868370812,113.62308307714149
2021-03-09,111.30028196053463,111.54628159505864,113.23248898352941,113.67144048011926,118.00478673963579,111.44947028176071,112.21289434626507,113.20620195080622,114.29087824095664
2021-03-10,111.56492604043294,111.79369904559388,113.50561263939743,114.02905710938268,118.37559740399671,111.74057035702243,112.49522166245521,113.46183455098453,114.65978580861464
2021-03-11,111.65084147645234,111.87231351306745,113.58398871274223,114.22475975755601,118.72916352099307,111.80617846376775,112.58190837283462,113.53747513582226,114.88501748835482
2021-03-12,111.4355964249396,111.75764132462768,113.47413068307365,114.14423653222494,118.72027802377505,111.66532692225498,112.47726014489574,113.40030746411935,114.87373539049639
2021-03-15,111.82021301435923,112.0642413659857,113.82590589533221,114.5609746747017,119.1205123819703,112.0239133697668,112.80939646222986,113.74377295424563,115.24547378233603
2021-03-16,112.21109569906007,112.43041742922955,114.19586664463573,114.87355468130364,119.40922513913053,112.40128897396626,113.18500222137757,114.09984658521918,115.54883871533102
2021-03-17,111.8696926477172,112.13985373992695,113.89607925480576,114.61855631671922,119.24343643502502,112.09418464992562,112.88984852517427,113.81452760786618,115.32971043258978
2021-03-18,112.31490878978096,112.63220676114885,114.39342240935551,114.85180662962442,119.37906647811434,112.5730673828337,113.37385076018447,114.28642438108147,115.56597194723687
2021-03-19,112.13021939496102,112.38354943080215,114.16864252913852,114.71247857395983,119.31130773992183,112.36977392326747,113.15563267667612,114.0978611736166,115.3989213887857
2021-03-22,112.51055588558742,112.7597239046797,114.4986681317234,115.01328552785293,119.54028873005271,112.72395368647645,113.5126549041915,114.43475135639073,115.68087195843066
2021-03-23,112.95424382075387,113.22344849460586,114.98568705420892,115.31604575785433,119.68109729489218,113.15399646230568,113.9570490504513,114.89804798318208,115.97187295792912
2021-03-24,112.7555249575881,113.0091826333746,114.81341219580001,115.11904054641724,119.41287727061625,112.96962450650415,113.77271962375657,114.73987642135538,115.78232314603466
2021-03-25,112.54639897174627,112.73641014080174,114.5295763138246,114.93624610141026,119.1575884644547,112.72185592263233,113.50376354900706,114.49895819896685,115.55902148968032
2021-03-26,113.26893921731676,113.42844781330321,115.25439657049203,115.71894423320627,120.02240523521866,113.43750999989943,114.20411406386096,115.15229428050846,116.34401320486216
2021-03-29,113.35422438584312,113.54469973269279,115.31461200517919,115.80061772983454,120.05661944081763,113.55923269870642,114.32072857948654,115.1760296321832,116.43810346026919
2021-03-30,113.3703099301714,113.58326447319145,115.32631169245452,115.77033946771678,120.02720181297994,113.59748557764284,114.38440162492418,115.17781488156783,116.4023460844243
2021-03-31,113.38274347138177,113.6349304400155,115.4299209393486,115.8943541085386,120.29203389076403,113.59920243897632,114.41191679558659,115.2767783772838,116.58385327548342
2021-04-01,114.10921054170629,114.31550793192041,116.18707223125237,116.6730088160773,121.15226596495205,114.2851730861351,115.09697543891417,116.00447510488753,117.34432143905067
2021-04-02,114.10914863523054,114.31544602544463,116.1838763510494,116.6714280521759,121.14825060942368,114.28426775875671,115.09293513195426,116.00114899069906,117.34095761145254
2021-04-05,114.1090867300445,114.31143022615295,116.18608204466983,116.78115281307664,121.2546897519918,114.28184358318443,115.09485236138181,116.00331942595068,117.4677299953506
2021-04-06,114.43582308000289,114.65206658996934,116.5138940428856,117.0948686239955,121.64753561780117,114.629043504927,115.42734711080183,116.29060455005316,117.75510238983445
2021-04-07,114.09718250438465,114.32721011332137,116.14905028666871,116.76842120905846,121.18987866276841,114.29578500402151,115.09502579181532,115.9497790693719,117.42278769135872
2021-04-08,114.43281769002036,114.67085263394088,116.4906001632472,117.13519008717131,121.62178738666908,114.63742634894459,115.42453656843306,116.27497702147514,117.78591461337571
2021-04-09,114.60693098197135,114.85435398058837,116.65893953322811,117.28557127641295,121.73589774151465,114.77846412322566,115.58447959135663,116.42958543734858,117.9319914955415
2021-04-12,114.36533662074244,114.6939494886916,116.47541180209441,117.02599724842749,121.49379224580048,114.57670981478012,115.42631359337214,116.2423325811648,117.70888207715247
2021-04-13,114.47448640396306,114.82157669835269,116.63681209888222,117.21559896885853,121.76374458946113,114.70273206034081,115.55759074744981,116.38958103466157,117.93348819388716
2021-04-14,114.69528175938484,114.98142447463286,116.77382123429207,117.3963862004677,121.88075683063902,114.90073334276293,115.73100428595812,116.52405302655868,118.08379972968292
2021-04-15,115.05543600856302,115.34646685640959,117.22934385067887,117.86529525404923,122.45330835887096,115.26085328558848,116.10549898270047,116.96697454009485,118.57963741281972
2021-04-16,115.39190504564843,115.68477360274984,117.57775294562643,118.2133839480978,122.78275273867906,115.58041636448513,116.4333033727362,117.30537189757813,118.93146898827058
2021-04-19,115.23043080323754,115.55505526219851,117.40957171778743,118.0870991088456,122.66209519109361,115.42964308636827,116.28605690024662,117.14457978261524,118.82872032626666
2021-04-20,114.52245576128163,114.84010102352724,116.6739934301061,117.27142003876232,121.67148893428887,114.74962092222376,115.58458346325583,116.44883581287881,117.9743811125032
2021-04-21,115.3205075927873,115.55833450576026,117.43515682156183,118.07773503680762,122.51171130418864,115.46440434819996,116.27691546827141,117.20519654750778,118.73641838679605
2021-04-22,115.49264135768786,115.78141499458128,117.64555500850203,118.19931839814477,122.64604969572648,115.65970364824997,116.49596110554161,117.39439316282183,118.87544893667119
2021-04-23,115.28842065975368,115.5419946342892,117.41051813373313,118.10373479547607,122.68933668018983,115.48138644235881,116.32098680665281,117.15349652452409,118.79658040736385
2021-04-26,115.50690867667568,115.7686990841631,117.65155789617327,118.31862466335636,122.91450686120895,115.6672041873686,116.52440435633476,117.38069789712873,119.01656527615509
2021-04-27,115.0532480720708,115.2998086738022,117.18757940546338,117.88590245416779,122.5704093950644,115.2506869668515,116.09947226972628,116.92922942502622,118.58035134254435
2021-04-28,115.10311336780666,115.375171996289,117.25979543039841,117.95402723556576,122.56802263885041,115.28941679814228,116.16153945367775,116.99463868100946,118.66441079887183
2021-04-29,114.73416500839124,115.09040569455263,116.93822375597276,117.69578996245147,122.29617020689112,114.98605124121188,115.87256925275504,116.67330973262074,118.4516609967275
2021-04-30,114.57929444446826,114.94173886482628,116.78760575616329,117.46163546391506,121.95036026091333,114.79325300664584,115.6845096872896,116.54841512321595,118.21605622470301
2021-05-03,114.83114774125731,115.21252295338837,117.08997597756748,117.82064057458079,122.3539276390258,115.07698061817288,115.97236581717445,116.85016606550933,118.60536482544448
2021-05-04,113.9617492114126,114.25293663101516,116.17640753569445,116.82265468966678,121.13283736810396,114.1631644981419,115.02294269199025,115.93846868702902,117.55470396741639
2021-05-05,114.86124425317226,115.17947598746949,117.0520353865896,117.77350492722813,122.14942843823728,115.06112348079698,115.93115833648737,116.8123031799858,118.51218147280207
2021-05-06,114.62377367085341,114.92186781848888,116.88955451067675,117.5880365879998,121.90886228656682,114.81316939870487,115.68640221394165,116.6501550782856,118.34102310656431
2021-05-07,115.23696018620522,115.55656905913719,117.50774238196324,118.27526679019273,122.70218776130666,115.40673068708655,116.30091034579333,117.26707684990976,119.05925243892726
2021-05-10,114.91969095532168,115.25287040312553,117.22155587033927,117.9648838868135,122.3290256330016,115.12068110797999,116.01454447918395,116.98147647182635,118.76984001171272
2021-05-11,113.4082353669573,113.8646268039835,115.93841335074654,116.51693466509958,120.92260598807054,113.66421097356745,114.6250470571758,115.70096193376847,117.43047952671
2021-05-12,113.68387649471232,114.19767646897331,116.26420018826302,116.6000925657927,121.02351571646311,113.9657871263891,114.95097989640553,116.02608153301621,117.53399114525888
2021-05-13,113.68381462562746,114.1923175215213,116.25571580270733,116.65762736122343,120.96894207016891,113.95962416163181,114.93971886374348,116.01761452418073,117.55829674661744
2021-05-14,113.99377453906622,114.43842497413121,116.50146252298555,117.17319995899528,121.66281446176338,114.28219134748387,115.2382962379181,116.26285793494091,118.08402785487955
2021-05-17,114.07995292120268,114.59617780104627,116.70955768037574,117.31883297725234,121.94399734245083,114.39014407839554,115.38228394804139,116.4705268963141,118.27136815152176
2021-05-18,114.28566997969864,114.75477477186442,116.83910933166024,117.4746650095614,122.10772714781592,114.59238069215797,115.564853598568,116.59981321514941,118.38971316031457
2021-05-19,113.37665751545698,113.89490692585451,116.1158431161917,116.57851970244828,121.15261695771078,113.6923559640214,114.68733950892258,115.87802830844431,117.52228775523461
2021-05-20,114.10770043804834,114.64777507936554,116.80365191714355,117.37038637015662,121.97193832101001,114.41661477633363,115.43359303506524,116.56442842033725,118.32990413196545
2021-05-21,114.84299706470371,115.32879730660007,117.4192029280718,118.03778975396145,122.65136638848392,115.129208597365,116.13033073236446,117.1787187321103,118.95085556059423
2021-05-24,114.84293520464088,115.2926129044992,117.40194635627192,118.09932800013883,122.78943385283934,115.09786599188887,116.10259926424517,117.16149750319038,119.01755040188537
2021-05-25,115.20521273334631,115.56814476172512,117.71309115459674,118.3587131194252,123.15164327035484,115.41846839802257,116.40113476262108,117.47200505134839,119.24032880049815
2021-05-26,115.52042095666717,115.92408899634083,118.06752461061743,118.70940909129844,123.57643865715613,115.75240696606318,116.73293878881009,117.82571259846688,119.59423891380061
2021-05-27,115.54950023998367,116.00187345915218,118.11482636612654,118.76206384105812,123.71251911678713,115.80001779071691,116.8092880790546,117.87291747608583,119.6710158673997
2021-05-28,116.07289835395545,116.57455069504492,118.66997159417787,119.31825727312402,124.25624023222477,116.32496160231535,117.3623628239765,118.42692572099914,120.24457430890216
2021-05-31,115.790663688658,116.29839523646295,118.44784871139211,119.09167317983585,124.08586442698113,116.06664965335011,117.11236356884555,118.20420921561788,120.04009837183354
2021-06-01,115.91621105625481,116.39282443673085,118.49248676236337,119.20603123548645,124.06111421508793,116.20547438767122,117.22224943518245,118.24518236995883,120.09554005109047
2021-06-02,116.15262643681244,116.63134777131374,118.77910127584776,119.53965967860296,124.47220442863815,116.42326068309248,117.45426852538876,118.52911996040302,120.44634816183353
2021-06-03,116.17470670338807,116.72540498318591,118.84071163488765,119.53459774408958,124.40189563776384,116.48131815440111,117.55103002268686,118.59062487652885,120.441360640656
2021-06-04,116.42190465052214,116.92851807561375,119.06365885196752,119.82818215882874,124.70973765490103,116.69317631052354,117.73583785951467,118.80762002157392,120.71767496950136
2021-06-07,116.762237033654,117.25399748357968,119.37941380640191,120.18171875787615,125.00427423365399,117.0172039198915,118.0597678971109,119.12355048480367,121.05288757845204
2021-06-08,116.76315868743391,117.23323774472804,119.34318068336532,120.13574379410741,124.96056516473992,116.99693102916208,118.02898498709442,119.08614606809138,120.9872583031534
2021-06-09,117.22529451711475,117.6423382376931,119.77858702936976,120.64926609890172,125.43754239001052,117.41232104490977,118.44856061658562,119.51417361048226,121.47651338135547
2021-06-10,117.18557247715896,117.58310587816582,119.7084711631672,120.60373762055872,125.4302242114197,117.4078025444791,118.42020086829241,119.4441174131968,121.42726274808415
2021-06-11,117.43648428642818,117.78551381094438,119.88137824280915,120.8247935034193,125.58340624992867,117.64757752709663,118.62955225601243,119.61528163740826,121.5969978007223
2021-06-14,117.68220115398779,117.97017886348671,120.04674675858034,121.0734146785912,125.79812420856969,117.87234077435313,118.83871234224772,119.7831458499898,121.81132833461068
2021-06-15,117.92699797734872,118.18989800385144,120.26897186939875,121.31744969169816,126.00226346567815,118.08048025703432,119.04569497316832,120.00088143413335,122.05899223162389
2021-06-16,118.01742781634712,118.41345075603131,120.48632057295139,121.38809189440272,126.05574507253064,118.20076294853395,119.22129766888887,120.21685471714669,122.14650467294635
2021-06-17,118.24784240635577,118.59924901214744,120.53122756505917,121.4705959150794,126.01967395417807,118.47637724486451,119.46227360129546,120.2695673246442,122.16294670503747
2021-06-18,118.27493010849403,118.64494216363337,120.61441528369782,121.29143141228371,125.95448940571998,118.45106416710331,119.46053999991884,120.35876120498979,121.99982733557495
2021-06-21,118.20094622297741,118.49377699681507,120.47591516081133,121.32468784710196,125.93929364938616,118.35743834752755,119.33483747026878,120.21282221199792,122.00297368623723
2021-06-22,118.39071281591526,118.8111229740797,120.75660564479381,121.58133581513168,126.34871037291795,118.62359219457257,119.6271649451108,120.49639827777858,122.30160934939272
2021-06-23,118.24791139388493,118.6168770579354,120.58295220905583,121.37577374937966,126.23053415484438,118.46438766659287,119.45625755556695,120.32907360045002,122.08736392493451
2021-06-24,118.79483243945168,119.06843215884102,121.01997858094798,121.94610137679231,126.77682220267835,118.96796773630535,119.9192337125474,120.76054239464804,122.60077490992607
2021-06-25,118.70978842763353,119.03416272658936,120.99327173231825,121.90364186942652,126.74967706863691,118.90828767444903,119.88660245125371,120.73437020330447,122.59712687004627
2021-06-28,118.91694725638307,119.19692647919686,121.15869450491121,122.03248891184231,126.88623762110218,119.1091301146019,120.06324512608863,120.90069065252153,122.67781143120875
2021-06-29,118.96275763480885,119.35664225985816,121.28079002355182,122.02264534002066,126.91682426780717,119.14597419093933,120.16414756464744,121.02347152791965,122.70961053756871
2021-06-30,118.91673929976388,119.18681753166763,121.14357304397032,121.88419994365604,126.75955811058847,119.06454203700352,120.03510123398526,120.88979119991879,122.52509200882164
2021-07-01,118.94721473421257,119.2709381294468,121.25423774320822,122.04964504268807,126.97999846670464,119.11667881670785,120.11626186770039,120.99915170231542,122.7374133774223
2021-07-02,119.23105730774459,119.49337858517299,121.50913802302135,122.39428506608343,127.32420617228,119.36515128852253,120.34919631226035,121.2516127099642,123.05770052818103
2021-07-05,119.1629845542312,119.45956834211403,121.50605827806783,122.38490519096557,127.37964823650456,119.32879250337965,120.33134680628291,121.24831976299366,123.0767324542551
2021-07-06,119.31758481409271,119.52057101776636,121.61379099779144,122.46714362739193,127.31217858443225,119.41975596577099,120.39714405739863,121.36083682197456,123.12353734265591
2021-07-07,119.91500008067115,120.02161635028554,122.1313851937426,123.02855471213658,127.7985680730464,119.9873570890214,120.91998651067651,121.86401418851685,123.61532036202298
2021-07-08,119.49759916433638,119.56729057662845,121.56553954650381,122.35257222427451,126.92278278943792,119.53130800091796,120.44818455221211,121.3196229720859,122.913805609208
2021-07-09,119.33763356363114,119.4439431076197,121.46454102293909,122.39004428289131,127.09990223545253,119.43415117040178,120.33849777511388,121.20938832132057,122.97441881881524
2021-07-12,119.81818193537572,119.92524786651255,121.9814912265244,122.93158048665535,127.64005031379504,119.86922410399809,120.80743876635597,121.71380867128032,123.49929953581511
2021-07-13,119.85579355305262,120.03332717964838,122.09780752893656,122.93879639768961,127.72997338309904,119.95626305335807,120.90611712858535,121.83002552089705,123.52350925869213
2021-07-14,119.57479496068328,119.77655760339212,121.87432461241019,122.6637921579524,127.45873193128293,119.69555665955576,120.66614602794851,121.61247181217789,123.29085815082517
2021-07-15,119.50261212563875,119.63742989417166,121.73375127116796,122.44486276327626,127.11833234287366,119.56461723530458,120.50985251052202,121.48341928005244,123.04623573017903
2021-07-16,119.51650285044855,119.65592558914662,121.7432907765432,122.43091374315016,127.03748535794675,119.56916868940752,120.52814273158153,121.48918665551423,123.02928932817257
2021-07-19,118.47377127669576,118.47878248102984,120.53141617094039,120.97715894828474,125.38603834023479,118.46859659833706,119.37303850369132,120.30087966659791,121.50610871712391
2021-07-20,119.44453237516113,119.41175570301421,121.49801595493457,122.01977424579427,126.56009740743825,119.40488103136846,120.31068250285315,121.25751473982638,122.5038596834083
2021-07-21,119.62810176983926,119.70369552754651,121.782060438911,122.45485561462155,127.22441344312475,119.67199011086333,120.6212897734375,121.52316829837577,122.99507294290639
2021-07-22,119.970644374063,119.80671377525019,121.89962177188795,122.71247710676003,127.43371501956587,119.96898551287987,120.82794759287962,121.64203452367765,123.16164518964452
2021-07-23,120.79848687309062,120.64376024489387,122.77252619848322,123.61778139468906,128.36520691280387,120.75584151252097,121.64633243922137,122.49774314052134,124.05519088686674
2021-07-26,120.36058709048451,120.20636798833655,122.30372567467982,123.19495381976691,127.86776818614656,120.33316010412405,121.2254147150059,122.03873441161338,123.65337361118706
2021-07-27,120.08349748200229,119.99702675911523,122.075770488439,122.89249461851135,127.45850428038155,120.07423832042888,120.98899938340108,121.81643877567174,123.37762957635721
2021-07-28,120.37234343212893,120.21982705025948,122.31350088560305,123.20224903292734,127.80956539634221,120.32954435724264,121.22943321167459,122.04919483286434,123.6589181895648
2021-07-29,120.20146613422851,120.07866402807485,122.20815160688791,123.10249642119648,127.77323397648803,120.19267756941261,121.10112514301154,121.9431625304099,123.60137131658888
2021-07-30,120.41120475902292,120.23172186850368,122.34674467954068,123.19299231679275,127.80719150667268,120.3523884163715,121.24278645004989,122.07623182325908,123.6397496070173
2021-08-02,120.56850877564065,120.36022567413664,122.44927790416777,123.33210807068431,127.90332662905217,120.5034693678846,121.38111495059138,122.16970541909207,123.73956783766727
2021-08-03,120.58292546704297,120.32918312736061,122.40034930229113,123.29554665677026,127.79190959200702,120.49149946526461,121.35163107557665,122.12305210805663,123.69381485036273
2021-08-04,120.83894088805442,120.62029900724791,122.71899478626236,123.50227704772483,127.9777700935461,120.73325419340159,121.62574776966567,122.43948470661093,123.89283022709607
2021-08-05,120.92958066210193,120.66968427030815,122.7517376827337,123.69007969266028,128.19793097215867,120.86808383991172,121.7311629667908,122.46740399345923,124.05653430345482
2021-08-06,120.98238796489471,120.79445441199033,122.79672430920958,123.71988280429301,128.10052720994693,120.95116190875035,121.83655612288284,122.51603057824134,124.07855431305246
2021-08-09,121.3253373880375,121.11449291016018,123.06475599021418,123.99341244214814,128.29428987086328,121.32097451615729,122.18478652472547,122.76471765361534,124.26242786949098
2021-08-10,121.68318050472297,121.48014449507336,123.4289191961128,124.36095318210288,128.66425742967988,121.65433114348822,122.52151965430278,123.12376290260609,124.61038260266892
2021-08-11,121.73073992843784,121.55293793703419,123.56140091863561,124.56735903971956,128.94716449408594,121.75355731921525,122.6225916819753,123.24916902384993,124.84476388280783
2021-08-12,121.97157584247525,121.78324525469391,123.80890827041637,124.78825337327812,129.16504768887026,121.94883765044551,122.82458078202181,123.4942945744951,125.04866830765415
2021-08-13,122.12921612660979,121.94475366193993,124.00824746392982,125.01034346816844,129.4033582115738,122.11694151517294,122.99842953816777,123.69055151094209,125.27370244461795
2021-08-16,121.54379117508147,121.34360605932551,123.40351508384893,124.38968675138833,128.69443104265454,121.49442320163783,122.36282168934932,123.09471644094394,124.686499701627
2021-08-17,121.68207328516696,121.58308394841792,123.64676184746577,124.5114767100608,128.82848986248996,121.67533375763433,122.57767039399026,123.32471094326485,124.80084286665073
2021-08-18,121.91290028616146,121.81773194299026,123.90230158040376,124.68897993057351,128.8940440564218,121.87677286517773,122.78500421992217,123.56925599393043,124.94936207797855
2021-08-19,121.04510389259254,120.89589488609708,122.9474088878807,123.66617808552714,127.9186861967153,121.01621397584042,121.87865048796142,122.63818743080381,123.97736434498667
2021-08-20,121.62415428803013,121.44763178939131,123.5032571982519,124.32242191960418,128.56373341542104,121.55238713456606,122.41422375877316,123.18967620061059,124.59502575437149
2021-08-23,121.92896869635399,121.77799624665835,123.86645401253706,124.76852148346715,129.159186101036,121.86687914663395,122.7376682433756,123.54510884588818,125.06707710633822
2021-08-24,121.74854711763443,121.60152861577025,123.679105854752,124.60084815345391,129.01036867863226,121.6889100180822,122.55237432693167,123.36475672672532,124.91056692027709
2021-08-25,121.61300390433823,121.53010162686435,123.54936493655467,124.53081502930459,128.9712948536628,121.60083086443134,122.4726100592929,123.24263281917342,124.86647732313789
2021-08-26,121.67545192889374,121.65485912665004,123.71453481506146,124.64222263781627,129.18553268676277,121.71585941163185,122.59980337858767,123.39727504477156,124.98956964557904
2021-08-27,121.8734402711859,121.81989805633921,123.89580394166583,124.9601848816957,129.5378745038541,121.91816957031614,122.78866839177414,123.56992889456882,125.30077346886712
2021-08-30,122.08247810665233,122.0430796174787,124.14646115915326,125.16285729919035,129.78871209151242,122.11254889890029,122.9993303107874,123.81920213328725,125.52103325063808
2021-08-31,122.10430085777533,122.05738376708236,124.14701534213309,125.09343360859624,129.63388669596034,122.0893210520926,122.97957194456879,123.82952695694907,125.43458862439978
2021-09-01,122.11612759862011,122.14799599317641,124.25550592553579,125.37932039879615,130.1437081303846,122.17504650414864,123.08898562991854,123.92521063902242,125.80995347809296
2021-09-02,122.35030759057625,122.32096998825388,124.42870903795125,125.58606695856662,130.1750306814094,122.37906632177267,123.27254046782883,124.09643897747178,125.95807134742
2021-09-03,122.07637146234458,122.03110872512897,124.19611457395845,125.33164342357304,130.06094543475746,122.12236007919432,123.01754152936527,123.87892932519966,125.74186148898964
2021-09-06,122.42089094274628,122.47179619050057,124.64729188379489,125.76743974214597,130.5559886223861,122.50249620468334,123.45008734516536,124.31090009190781,126.19486538590559
2021-09-07,121.99821754590934,122.13929412824234,124.26212634184044,125.27103945440462,130.05084946762307,122.09009762655818,123.0955111575204,123.93792073539014,125.7623716955057
2021-09-08,121.4464705889008,121.58599492613718,123.69221085250715,124.70782578671266,129.405151067185,121.559735612535,122.56149445792653,123.39747346483311,125.24413216468237
2021-09-09,121.41587714196417,121.43998729756089,123.5270158023958,124.54158334320434,129.1865897352006,121.47190402874719,122.42640230022496,123.24571654508547,125.03369194533256
2021-09-10,121.19389483642371,121.24907888942825,123.32920415098545,124.18967862158132,128.7776083811482,121.24682130780971,122.21311640195287,123.05736647368902,124.66799199011504
2021-09-13,121.20549158916975,121.26509885427623,123.35972281358603,124.30321394247225,128.87134612899507,121.24986040948762,122.21399245473927,123.08694458909177,124.81269347172321
2021-09-14,121.36894712103177,121.41261565649862,123.54533030179118,124.43739556738484,129.10861962830876,121.42862470759002,122.38224599014286,123.2626019280487,124.91504766516364
2021-09-15,120.6575475827919,120.73245548542913,122.81293298154085,123.72193147007606,128.32630061806708,120.70613227130598,121.68037554853646,122.55864139563278,124.26034313902422
2021-09-16,121.24620135706678,121.38259273916485,123.39504260379957,124.30177093859905,129.00708999391097,121.32869962564766,122.32573970144134,123.1161273504349,124.81170600536315
2021-09-17,120.85821810377678,121.07284333933104,123.10104559465427,123.85387475667488,128.58744322645452,120.96541265008113,121.99114587264626,122.84073631906531,124.40717161950603
2021-09-20,119.66752592153608,119.78000213718826,121.796644121055,122.44467612054488,127.06487354913733,119.76345451268244,120.73309550063387,121.58213571083706,123.02739996507965
2021-09-21,120.16843858032135,120.29994198676219,122.36586832630874,123.03794451707427,127.6494272214522,120.2510468156764,121.24896612390346,122.13403249066303,123.60268292440738
2021-09-22,120.20454902117909,120.27783304782945,122.3222519927108,123.12049047817139,127.72584067637085,120.27472323983336,121.24912636906386,122.08601343138122,123.6629140126042
2021-09-23,120.52333907230678,120.70250893397869,122.70265838260106,123.5780570356519,128.20970145199175,120.64855456013707,121.66689094543285,122.43874987160588,124.12808299420223
2021-09-24,119.90985719887423,120.17286764828488,122.16959414177381,123.02183227987,127.75467279103327,120.11257062501923,121.15220130124544,121.92688341054048,123.65093645634238
2021-09-27,119.61449707806662,119.89927803610878,121.8769151947485,122.68022951456288,127.34276161637541,119.79628129033155,120.84783130176038,121.66415300813725,123.35454363576257
2021-09-28,118.7034906904898,118.9925284292865,120.91054679739503,121.63849410499601,126.25247465306624,118.97255637741935,119.99001534880938,120.73058680753897,122.32896047775448
2021-09-29,118.8539338617705,119.09541800651118,121.0280867841294,121.74774330662255,126.28363345050076,119.05520557868714,120.06803456875024,120.83839795855486,122.40400701571103
2021-09-30,118.71685563854236,119.05206885470186,121.07682676784408,121.77668810443325,126.53450152461596,118.99053506532888,120.03494150612556,120.88361910588705,122.51888649207483
2021-10-01,118.30277028157892,118.50726574289776,120.4959090746369,121.23913335490101,125.8137204753068,118.50392215592845,119.50255875088425,120.32328420756365,121.94464163153818
2021-10-04,118.09369307871043,118.35266437693768,120.3276695825938,121.071395635024,125.49154503747981,118.31855170618198,119.33692200930312,120.15718388669576,121.80132771870258
2021-10-05,118.22436127637586,118.52883857798709,120.50878061445687,121.32387317141075,125.875755702643,118.50041079750841,119.52744453594575,120.32693102602326,122.06117736041797
2021-10-06,117.73872877967509,118.0676307304747,120.03806153330527,120.83749030290869,125.37556245438071,118.0277793648125,119.05622276605617,119.86739516453821,121.60181179464662
2021-10-07,118.71512177498676,119.06512978120122,121.04194569966967,121.88371201400912,126.486694507708,118.98840050807273,120.0244506776841,120.84676259275895,122.60829093877175
2021-10-08,118.58109973879989,118.97070083232573,120.93304419239334,121.86022887050243,126.52205260455179,118.9257793516171,119.95140777378953,120.73308520791302,122.59751286658663
2021-10-11,118.48602352102549,118.96451689557861,120.93305347323357,121.73650389044981,126.4824098068168,118.83277412423456,119.90528934533377,120.73372755657763,122.50659678620279
2021-10-12,118.42494521692385,118.91652017827006,120.91785112838751,121.76504424520256,126.5165094700301,118.78847955504818,119.8646633444018,120.71811408754797,122.55271512370001
2021-10-13,118.76745054348142,119.16868204897524,121.23401646559604,122.17216276510081,126.92056142148942,119.07807042886907,120.11874496262543,121.03272913752652,122.93288816089895
2021-10-14,119.25438374862465,119.55343780401326,121.62667632816084,122.70904736788304,127.42635274581116,119.52266612556701,120.53080906111664,121.4175934346568,123.4333634700375
2021-10-15,119.8218101901556,120.18225345186391,122.20758173569028,123.36654199754331,128.13015676619867,120.11690456405893,121.15561593154915,121.97906647716978,124.08665636258203
2021-10-18,119.79569453579406,120.20321601707653,122.22013578887127,123.3318903159203,128.14337403233898,120.13095485681822,121.17794412830263,121.9878115088201,124.0439126634571
2021-10-19,119.86458930235264,120.3099043406262,122.31975382485516,123.5380985006371,128.38735443625836,120.22121333698357,121.28417534732472,122.08250609671632,124.28649390577536
2021-10-20,120.26690238764577,120.68284814088936,122.72198890791081,124.01005133801102,128.82396217614846,120.59815705571349,121.65483453990802,122.47899733992458,124.7491978581781
2021-10-21,119.98908979398375,120.46271658949676,122.48296592931467,123.74203140881257,128.6801324384648,120.37120262897506,121.4453703944158,122.24046486179152,124.50450462922981
2021-10-22,120.29437314916693,120.78889532726222,122.8509573994045,124.07991248346268,128.97470675533035,120.65380527344271,121.74574151663317,122.60353744720382,124.84264237021367
2021-10-25,120.20165605312008,120.66622631470472,122.75611917902029,123.98219367843694,128.9886742039987,120.55930526377455,121.6228503094506,122.51227838900265,124.74687834587432
2021-10-26,120.84060367082965,121.24925555538265,123.30815967880737,124.58097832351346,129.50542454603325,121.17332569943,122.22370401322762,123.04955869478502,125.27825367043286
2021-10-27,120.62907920551645,120.98969935552944,123.04644801173457,124.23122179081476,129.0350603258394,120.92029687330854,121.95972401531385,122.7999059789746,124.9116731070324
2021-10-28,120.68828675440683,121.0889413720575,123.14748832556626,124.39932405040739,129.23079889848518,121.00706504556436,122.05647270049143,122.89633006939353,125.09298017069771
2021-10-29,120.4765884991031,121.02638605924317,123.02089649619074,124.23646043018879,129.20035534152657,120.83223847027482,121.949073179206,122.76764099249466,125.00931747551141
2021-11-01,120.91387354368473,121.40062044841093,123.42635531018836,124.76374490783964,129.75339120478012,121.26194594059805,122.34960254157868,123.15576588758867,125.50475263469816
2021-11-02,121.46197800181547,121.80705165567215,123.8485284203671,125.1940515283641,130.1352235260758,121.76884758065447,122.79808376508008,123.56478343490483,125.83663222240932
2021-11-03,121.55888427940829,121.89082685368027,123.86703178451867,125.21347204952893,130.02856262603265,121.87154045924105,122.90157703140355,123.57354480136043,125.80711978635664
2021-11-04,122.08655761405802,122.43609992994087,124.5184985462015,125.79206707045087,130.64698425742958,122.36650334278083,123.42536684474712,124.21344306320576,126.38225674124348
2021-11-05,122.34494981403957,122.54611839870925,124.67981067971692,126.08791733744411,131.0020315065498,122.55633516496056,123.56399023896323,124.38416759645735,126.66058275020531
2021-11-08,122.42761582869912,122.63150788994983,124.800547551596,126.18852279771289,131.1513216528673,122.64146079673101,123.65248056143957,124.50480676792448,126.75569910790216
2021-11-09,122.60951325029197,122.76210539828394,124.94512215683669,126.3148098861629,131.3105338998933,122.77348420317583,123.77978222906654,124.65026609987646,126.87599101825286
2021-11-10,122.37789174611544,122.59501088907281,124.87854223955725,126.1647663571437,131.2584916825695,122.59289891573798,123.61614138795245,124.58546401698516,126.77377634325804
2021-11-11,122.37179969195138,122.70932980747618,125.03815516941532,126.27130317330897,131.55233737814237,122.65331102022716,123.71976715615376,124.73547814420714,126.92519256349017
2021-11-12,122.73255450113625,123.0503052047037,125.40261239702284,126.65976410310904,131.96490057162413,123.00221771746945,124.07722251116083,125.08819416774438,127.29963910993722
2021-11-15,122.70545672117774,123.08474882016642,125.44380830190704,126.70822976129755,132.06477012095726,122.99813143340128,124.10112932012647,125.12453266771671,127.39116266882053
2021-11-16,122.9688874545972,123.39771804572817,125.77614286587027,126.99406804047872,132.5080285696741,123.27036005192483,124.38482410149172,125.44523221085406,127.679242914091
2021-11-17,122.98083237681166,123.35642902382374,125.75398356326455,126.96499686469065,132.39485818820108,123.31536008589109,124.38592869502499,125.41676320373314,127.59647131291736
2021-11-18,122.90453645900885,123.21442547777089,125.58088037510953,126.7964483402238,132.14588369028323,123.19582054589789,124.24301551224848,125.25477998174775,127.40698312503783
2021-11-19,123.03441011047205,123.26235619608958,125.6193894787913,126.68355895805587,131.93173062660327,123.27382896184722,124.30286102543772,125.29860011223684,127.22597861779515
2021-11-22,123.0280046015253,123.25132910990952,125.51469940819273,126.66307975275647,131.87876809919769,123.31897152017591,124.33948260653554,125.18305597972326,127.17761534554519
2021-11-23,121.92070326437121,122.20858852944116,124.38113047731562,125.58372730745346,130.74898767238676,122.26941274588441,123.30758404031606,124.08070162532879,126.19098920927345
2021-11-24,121.97938628534284,122.34119740474421,124.53555456250656,125.74325202874499,130.97542120268568,122.35764643290472,123.42044246767108,124.22973141384028,126.38599503616916
2021-11-25,122.44760208273904,122.77290242103562,124.98657618760873,126.18201213119684,131.3845292575707,122.77815474387646,123.84380519792752,124.67111384707141,126.79010031595683
2021-11-26,120.69084311302956,120.82085620197334,122.95600941076404,123.78464321239082,128.4839384139529,120.90642744911723,121.89982248320945,122.72552891024793,124.32631893751511
2021-11-29,120.98154554261598,121.18646011142265,123.30186542144601,124.15469474208192,128.89772768981604,121.25088336684469,122.26943275266112,123.05173191613213,124.69630907835281
2021-11-30,120.7214057352955,120.85906695581063,122.93319816688661,123.69436072146198,128.4169427522517,120.89095758452493,121.89303297601694,122.70965904960764,124.24182876148213
2021-12-01,120.86120338462247,120.96993266633369,123.0448087013148,123.71199268349456,128.2249169681726,121.09094240818641,122.05696524848267,122.80488050484965,124.15792914246215
2021-12-02,120.43372432534309,120.46356704686166,122.48964198103731,123.24485419946456,127.59541596749611,120.62401657552032,121.5623536300103,122.26930949830471,123.67650520226357
2021-12-03,120.4997843378552,120.55256926718431,122.59506431346728,123.31311931425995,127.63536785404779,120.67994475480131,121.63906045596072,122.37580314530302,123.76871962814305
2021-12-06,121.40547049369397,121.39340594075946,123.53108488849456,124.38858497095721,128.65197780097597,121.53756660261388,122.49924731304351,123.28482852114684,124.80226420317453
2021-12-07,122.54640460407114,122.55230148366746,124.73370406817654,125.79203256291184,130.2965974872331,122.70553046892059,123.67563047311361,124.44341414524311,126.1845730462519
2021-12-08,122.66305333837137,122.71269283268566,124.85604998639761,125.99334308261294,130.59613038580798,122.88741386596563,123.85087770929488,124.55209633611513,126.38907183025599
2021-12-09,122.78186827253307,122.75115578538318,124.9167147497217,125.97238589483948,130.48228920889187,122.95729535892389,123.90414853998814,124.6135466147484,126.31071664774254
2021-12-10,122.5715039737761,122.5352214004949,124.68095887792295,125.73851413935671,130.17015114044958,122.74082966457051,123.68360194369797,124.38769752380033,126.08623549748874
2021-12-13,122.70701724073933,122.68152045598077,124.8442432262603,125.82346183358885,130.28798630979978,122.87090264006022,123.82678402883995,124.55052234049168,126.17751343217294
2021-12-14,121.63287359597696,121.61986682740617,123.73619990092692,124.63699023784926,129.04361803634453,121.80900808940356,122.76220187402606,123.47784062612759,125.06200980718818
2021-12-15,122.05903109676646,122.13797871849037,124.2656143248554,125.25346117332975,129.69027299119853,122.25580717199556,123.25488714675564,123.9854717403329,125.70854365784747
2021-12-16,123.16400703933665,123.20501329096119,125.41770392485165,126.44376865853988,130.9581151615259,123.375715693787,124.35282245414585,125.0973490379778,126.82290844342215
2021-12-17,122.27843178405537,122.2692958598877,124.49399386341146,125.38143472777617,129.86510349811036,122.442059973903,123.41243174771026,124.21050508880525,125.79743020368501
2021-12-20,121.52671066588307,121.5272107450859,123.71809899059467,124.52508878600482,128.8632618336981,121.67167246215502,122.66382422405384,123.46240613500751,124.9940768546115
2021-12-21,121.98787541259519,122.11316534348336,124.32434187496142,125.27355236297177,129.79640574151892,122.20467568351813,123.24085539937187,124.04133233663595,125.78034551068218
2021-12-22,122.54709985061349,122.7294881596978,124.93835613268926,125.97689670892613,130.48291582488002,122.80900603932454,123.8546441082687,124.62756807197313,126.4474312775194
2021-12-23,122.80590081985756,123.1417923765662,125.3769302311524,126.44845056250853,131.09874343842432,123.12240146882117,124.22682971784762,125.05003603044167,126.97369531364247
2021-12-24,122.80582867348966,123.14171991384303,125.36590343346177,126.44333681006077,131.08550846120713,123.11963534688563,124.21393564561862,125.0388566698248,126.96237636598849
2021-12-27,123.27976262337326,123.53370426312533,125.79732666081212,126.95390963420665,131.5859903672447,123.5393882977031,124.63358407078782,125.46114552877492,127.44526086086705
2021-12-28,123.870409702061,124.17997070390419,126.44577774137728,127.69687366196135,132.43246775883586,124.16649646707666,125.28087775898804,126.08351643581565,128.19142270841817
2021-12-29,123.39700736082855,123.79650184842757,126.02360976777167,127.17577346108608,131.70769799682225,123.71357636993696,124.86673007533457,125.67184979945463,127.69431249281378
2021-12-30,123.49609733338704,123.80768419143962,126.05254851590675,127.30627823893903,131.97919465585687,123.81691506905335,124.91872650080313,125.70001368603553,127.80835848294491
2021-12-31,123.49602519453407,123.80303573349265,126.05438292512075,127.30936008737581,131.93575743814424,123.81379921054254,124.91946065846145,125.70028655066349,127.8121166536663
2022-01-03,123.28629756003926,123.74467666405855,125.99271989210843,127.25154713186197,131.96845335913306,123.65582780610089,124.82878735501042,125.63070183401608,127.85284958075187
2022-01-04,123.29607822624213,123.72962399809082,126.00674281916169,127.26085267943436,131.91303088721418,123.69083872105662,124.85011568307978,125.64471749599153,127.83456271966551
2022-01-05,123.11753177280542,123.61222323344955,125.9206759626535,127.07127723831766,131.80968805200953,123.56612441163452,124.74222203196939,125.55551946540271,127.68618622787658
2022-01-06,122.10777905303036,122.70309828303019,124.91645700100425,126.12008521889312,130.79386454160144,122.63283933955759,123.82329142443398,124.58121085362899,126.7722065614979
2022-01-07,122.14663747636716,122.73014063535635,124.94416026220685,126.21023222558124,130.84346220424456,122.65332230730421,123.83904903921807,124.61090033734921,126.85806167830368
2022-01-10,121.114135330243,121.80361311854078,124.03095036949682,125.24443493987847,129.82793117816388,121.68979794687425,122.9117979413781,123.7556505396344,125.94601106015999
2022-01-11,121.59813402597837,122.25590550589527,124.54960491555562,125.78041772457007,130.4254776750469,122.144708382777,123.36626402786399,124.25079255599343,126.45798461113668
2022-01-12,121.86555952851133,122.43028229419465,124.68751092687897,126.00752782931846,130.46186727745575,122.36722177490398,123.54798190108028,124.39024263014034,126.6151812773787
2022-01-13,121.47612109662498,121.97482594655476,124.16521525117668,125.52718460019732,129.8289157062182,122.0170073065223,123.144898564846,123.87888710281887,126.08979142603106
2022-01-14,120.76273615238364,121.31859477711376,123.5142973328983,124.89783267043282,129.1952484453381,121.28611348449596,122.43886290170369,123.27097158184215,125.5201560257573
2022-01-17,121.02964674689511,121.62874137782,123.85071275310293,125.23080120357533,129.67925613357076,121.62222722620453,122.78315259145872,123.56896039804002,125.88720600762151
2022-01-18,120.32848953004647,120.94143793788609,123.134088968417,124.48648294197255,128.91837987157587,120.89946774854134,122.06661652647487,122.89716037743847,125.14349739047981
2022-01-19,120.1614091374025,120.80553430557059,123.06385951431777,124.37571405232424,128.83971274138563,120.74117501322887,121.91471305357744,122.83645791280533,125.06731084701035
2022-01-20,120.25980004119789,120.76268444841543,123.02894990721435,124.36961476826089,128.83211364851292,120.82101794759774,121.9260845613469,122.79944138002321,124.99331361859714
2022-01-21,118.93976087098011,119.37612105844381,121.57573822476616,122.89419484317952,127.03224761325743,119.48603147098615,120.55338730219857,121.41706969641122,123.46253380018982
2022-01-24,116.77069568838863,117.14750949443204,119.28386247665,120.61917973287039,124.45923160932078,117.273612210196,118.29634407328807,119.26964630640316,121.14013068743775
2022-01-25,117.08278026410979,117.46778359277805,119.69362082635526,121.01407978404364,124.96263432824286,117.5730410591308,118.61876763926543,119.66599487726357,121.55199707564863
2022-01-26,118.26437490997981,118.71760792815309,120.93735739759137,122.21221429820083,126.43815277919734,118.82426887261144,119.89728647764608,120.83102143627345,122.78271880651943
2022-01-27,118.57118007697423,119.04433511209088,121.23078423104272,122.49192903211907,126.74228094044825,119.17779868590732,120.262086482008,121.09406927759387,123.05966281287526
2022-01-28,117.5527417763988,118.10634676426265,120.25868575191821,121.59151016900722,125.79874480086748,118.18701675728943,119.3011094335918,120.16179893585222,122.22035992352912
2022-01-31,118.87182288501477,119.4608489017063,121.67173874907118,123.00163741594822,127.28279653410746,119.48766847058963,120.64079468802032,121.51241370019075,123.64282758589225
2022-02-01,119.11508736154622,119.74673615808054,121.96073184078664,123.35712431516197,127.76530418086507,119.79555187563096,120.96080512886564,121.77968649791546,124.03493402040841
2022-02-02,119.4285551263659,120.09346395728065,122.28582619731132,123.6823990816527,128.00996117835282,120.09079464537761,121.27251078193186,122.10199994917159,124.3796459120785
2022-02-03,118.32539406247852,119.14008596044361,121.30124252744197,122.6749757057921,127.02440556565193,119.1061326595705,120.32101851287224,121.13360705131856,123.43985702541598
2022-02-04,117.82256300036771,118.86145652680204,121.06069920178912,122.34676092911276,126.9184868037049,118.64368858559496,119.96670249187507,120.90633616309904,123.2488445957562
2022-02-07,118.02127582907389,118.99197882570935,121.23143733568146,122.54574782811912,127.15313922091009,118.8732119350317,120.16858618725546,121.06492313194157,123.41073050256412
2022-02-08,117.49732427499605,118.58531099007585,120.84428345673359,122.18604838411025,126.84658195119643,118.42003962797001,119.73852215070697,120.684157564025,123.11748161084431
2022-02-09,118.77391544376981,119.72838485715496,122.00963211446039,123.499600677778,128.28240488531844,119.66328577848837,120.93435688113303,121.80834081330015,124.42443639409828
2022-02-10,118.48435998468901,119.53385237730359,121.82977337744782,123.25037576853697,128.23264516086272,119.43964721384171,120.73135108758865,121.62908249263305,124.23321505531437
2022-02-11,118.17656013849229,119.13252747419736,121.42758396501814,122.92862718296702,127.95376381901839,119.12554767890677,120.37678651417959,121.2393117305693,123.88006771718942
2022-02-14,116.83875555068859,117.76676543420739,120.12252130918935,121.6083602594439,126.66950041279557,117.80288947540298,119.03520544834949,119.97440765371887,122.53926703162858
2022-02-15,117.53115655305528,118.57103760037671,120.91862094652512,122.35251279596562,127.4633227520567,118.53679845636553,119.81973928452251,120.73717562486014,123.35173473578995
2022-02-16,117.61810153246056,118.53610607841377,120.90555378831758,122.39088893125805,127.35708378050215,118.55370696098184,119.79645616516719,120.7315012599413,123.30751083603968
2022-02-17,117.22034280232559,118.1171357524456,120.52208468107013,121.94703789581763,126.73318358663491,118.11143586186175,119.3263001841901,120.37299097223762,122.8322670528534
2022-02-18,116.52744884690549,117.3604686974945,119.76654050753643,121.21060886590229,125.94168198267184,117.44097160217339,118.62079015446103,119.62935428350161,122.04388352273914
2022-02-21,115.80533370480717,116.63341106155411,118.98112695149563,120.44071794978028,124.97746708177029,116.6735388189867,117.84886469888225,118.87605819442923,121.23549092062389
2022-02-22,116.06537551384051,116.95912440302183,119.36087657528066,120.71885751692378,125.43303321681161,116.95864660994835,118.1639178999803,119.2409876552744,121.58075008927116
2022-02-23,115.90075996671183,116.8433779808647,119.2447838933078,120.5665643710659,125.4184176685415,116.8639492462447,118.07931911755662,119.12136486899534,121.47134596968196
2022-02-24,114.22688972139878,115.07253290501924,117.5332277950712,118.99579299382424,123.87420069978342,115.16186068979938,116.32861595144175,117.46898206540457,119.84971169612768
2022-02-25,115.83361903094259,116.76897976845926,119.1909530991242,120.79803282047126,125.72325806472374,116.81924782621891,118.03607296232809,119.05400589052459,121.74708283419464
2022-02-28,116.19642716022938,117.02691321731118,119.46019189396839,121.08844260307721,125.85783535514045,117.07803169369532,118.28743437477478,119.33106751077534,121.97974121401349
2022-03-01,116.20924073081629,116.6973921688183,119.19750879595468,120.84800942933572,125.59947446909494,116.86188886728111,117.9575803639895,119.10188749445693,121.54711976523846
2022-03-02,115.95131463136741,116.50552553220903,119.01831950122231,120.82231693819578,125.64034119654079,116.68214795410505,117.80680691609213,118.90499762506823,121.57030424263868
2022-03-03,115.55047313922438,116.22960536524207,118.73272131710246,120.4829620579977,125.38527665498651,116.36394187908692,117.5199940774556,118.64039291356971,121.28750615886096
2022-03-04,113.49185276943172,114.13063568830681,116.64758237503672,118.41387948070667,122.93177464963428,114.26159588276658,115.38056918317241,116.61180381825753,119.10080105885721
2022-03-07,113.06487403878513,113.69588228885989,116.28491156088498,118.04655934070989,122.92426382612666,113.87696638337718,114.97042122354809,116.25566610252282,118.78973583691044
2022-03-08,111.95770092053074,112.66662476999625,115.52315122842766,117.30904042247386,122.55737429504158,112.85373988550343,113.97599311502418,115.48622070057637,118.141318330458
2022-03-09,114.01179791819717,114.88320242571697,117.60519487733212,119.3346713515407,124.53686252371578,114.96258381017985,116.1620108029436,117.49416431855548,120.29660452325889
2022-03-10,113.12118394374531,114.13253727941806,116.81628766682275,118.5611146693437,123.87862297416432,114.17074205579357,115.39527089870406,116.73018357797433,119.58868970876861
2022-03-11,113.90813627497845,114.8101741681968,117.5182677888118,119.23567551872819,124.59118801269689,114.88590945702086,116.08670532144649,117.41339822027246,120.24187938450892
2022-03-14,113.88843606435614,114.88151053259932,117.54278885092096,119.17631069549581,124.55301293172111,114.94851587266088,116.16814208151976,117.41597485602655,120.22611109699666
2022-03-15,113.60192943478454,114.67233214546842,117.290964132592,118.91244729125097,124.11648979550213,114.65912588897822,115.9221359207437,117.16647937699183,119.98457981702033
2022-03-16,115.61095309845952,116.63196898345622,119.24102543394095,120.86418801744514,126.16001373069572,116.62608747723671,117.88724523633276,119.08026653020569,121.97071789641055
2022-03-17,116.3946092847324,117.40016123310795,120.08940151823535,121.81579921003609,127.31361088963895,117.43413467326913,118.69042581604381,119.9003488650631,122.9584966528173
2022-03-18,117.01716148083317,118.00545723770722,120.64867277206784,122.44869315388492,127.97146718346582,118.05986065574652,119.30546321285517,120.44704765437912,123.6089274392818
2022-03-21,117.08932163133245,118.17274428598563,120.81883409091058,122.68581326001902,128.44456617251737,118.13652133550978,119.41487866281753,120.61539437492532,123.92757119663416
2022-03-22,117.0771425508093,118.27789111879146,120.88590170045796,122.9072111546352,129.0076450213595,118.24679428368306,119.53847710491287,120.6642162390867,124.25168957669123
2022-03-23,116.77932766635965,117.92836448897417,120.53854232743741,122.6161522724749,128.7359276637397,117.93940891332278,119.19912586137342,120.33316751707703,123.93646547107787
2022-03-24,116.77081782574912,117.92006852831915,120.61817628655314,122.72686122807896,128.80992401385453,117.93450777966324,119.18839345380337,120.40560263538846,124.05735688612876
2022-03-25,116.53802765322226,117.84502618399215,120.49574138688264,122.7249971944449,128.88205340144677,117.81040769394492,119.0981739648894,120.27728164936839,124.14704527570683
2022-03-28,117.1128262366178,118.49669361238766,121.13180578709925,123.22018342310925,129.35410799430218,118.33410386806274,119.68277068529454,120.91174123648673,124.68653898287825
2022-03-29,117.84616475146461,119.38092494788368,121.93044652581008,124.01489690025578,130.1901321340968,119.12316908110337,120.52058771998986,121.687557235247,125.57803364735258
2022-03-30,117.31958807996752,118.97777821366553,121.5386111184089,123.54938384064546,129.58722745734082,118.57823766323772,120.03851543792894,121.31489722672542,125.16070317922801
2022-03-31,117.04479922775444,118.57421122885529,121.08897004306525,123.12658108432923,128.91171369167506,118.28032971977916,119.65031486884727,120.88022161013501,124.60283243321852
2022-04-01,117.17930361964261,118.60335790639841,121.11003261833453,123.33525679914608,129.1175768894197,118.39824034783413,119.71564057442896,120.88817946067006,124.75974286791025
2022-04-04,117.58291634203401,118.89462541661587,121.425772244909,123.70065042246041,129.6431163054007,118.78385090109278,120.05685970183993,121.19073431306708,125.09867791081565
2022-04-05,117.58571617591771,119.08557556379402,121.63045574809317,123.81600552018914,129.96024234249256,118.85932053371168,120.2154822505906,121.37639281750442,125.3366734914548
2022-04-06,116.45366106120956,118.03146275825196,120.56715388052699,122.85578357997544,128.9938680578145,117.88483540363212,119.21651441854797,120.32144877521425,124.4107389896837
2022-04-07,116.57707357572413,118.23558194829393,120.77394579490593,123.03005052451049,129.22889485307266,118.0352383711053,119.37613093909401,120.52246835098337,124.62382540954657
2022-04-08,117.22273368406664,118.87762806502435,121.4609608713885,123.81059612292633,130.19194526559977,118.73936081246484,120.06361230547672,121.1611084093719,125.43187755948597
2022-04-11,116.69093356401416,118.59330080025596,121.19269605523273,123.36666947822201,129.97605226748897,118.27857227605334,119.71055375175987,120.89069945922685,125.13539576819196
2022-04-12,116.26538826871217,118.18669462526881,120.83680926424513,122.98857496148024,129.59571458931157,117.82118753601154,119.27633387751347,120.56079527965326,124.77408237262242
2022-04-13,116.3563891468412,118.21739302395646,120.94375106269727,123.22305101620839,129.89579045979931,117.87300462942272,119.33009939968238,120.66061457515677,124.99977497854114
2022-04-14,116.95997162317707,118.77050534712647,121.5149904804029,123.89460403247104,130.7584101038631,118.55524922735556,119.9783712108895,121.18838399544973,125.67896309005285
2022-04-15,116.95989959695423,118.77043300507519,121.52890095060964,123.90147786396304,130.77514355666221,118.55861572501436,119.99466476262184,121.20237073477983,125.6933805631003
2022-04-18,116.95982757223193,118.75774925405744,121.53466686208172,123.89815990251807,130.863374165661,118.55029878799155,119.9974980839666,121.20795937063546,125.69126664897692
2022-04-19,115.99304257390324,118.02975161192242,120.80593942286373,123.22909286161332,130.35899651803737,117.69829665747147,119.22464549749239,120.4956577262846,125.15347073844822
2022-04-20,116.97941160100538,118.87627268853005,121.63585039620763,124.05544608192334,130.9463037635809,118.62096930448345,120.10220968068515,121.30428933653981,125.8857145295696
2022-04-21,117.1538586541288,119.02421152522922,121.79778349180424,124.1933241880931,131.33981673181307,118.84714878819702,120.31088402956533,121.44281592521445,126.03636765798247
2022-04-22,116.19836242280164,118.1375893858323,120.8927717787531,123.15460545864252,130.3046324067077,117.93882957913976,119.40269394399785,120.56152589604724,125.02149440628354
2022-04-25,114.9718323756846,116.89939868791235,119.53334283167733,121.73995835900881,128.53375903201345,116.65707011185312,118.13153539003436,119.27299182391555,123.5379245056747
2022-04-26,115.04848597861898,116.79855732648727,119.43839932716898,121.5706994323436,128.28234479997477,116.62911780271017,118.03035132507947,119.20849309537385,123.2932557365362
2022-04-27,115.00627787482769,116.6932845631992,119.3525390933379,121.60553382339006,128.36992590116185,116.61073590848825,117.9815670205478,119.10515553477276,123.29994121365071
2022-04-28,115.27110633069022,117.10538910539702,119.78774219624839,122.1338625240468,129.14452531310386,116.91469438058797,118.34678899948427,119.5205835435235,123.9459834789542
2022-04-29,115.55796160958651,117.43919923566826,120.17430684372978,122.2678206069419,129.61764869075614,117.3048950728701,118.73039460675565,119.8762680592649,124.12569840259609
2022-05-02,114.29578507488634,116.14187919078587,118.81460120546959,121.05263253382248,128.48370778194203,116.03542656352421,117.46734901843689,118.55836794032713,122.94719680241104
2022-05-03,114.74156563062282,116.45468459576216,119.18050183932829,121.44228651091188,128.58089442916528,116.37169835689834,117.78863660347892,118.9260323348974,123.23559117263534
2022-05-04,114.55391202866659,116.2669620072249,119.01835727034104,121.44397441068166,128.49306616245434,116.21582105213079,117.63602170867394,118.7714547310738,123.24533789619194
2022-05-05,115.04333416195438,116.77687803984634,119.6016789515334,121.87017632032125,129.2171044496905,116.74616112333393,118.17938151860167,119.32037640975206,123.73662459214788
2022-05-06,113.20199407006145,115.24236428125106,118.03667136994605,120.23907500902367,127.62048251073948,115.01750372516213,116.54645376008345,117.79347272005252,122.27370430397251
2022-05-09,112.0749992996803,114.05157872553121,116.74365466201498,118.7550368122384,125.88219793950832,113.89586398528833,115.3606737053538,116.59036475071822,120.69131917246605
2022-05-10,112.4260717899111,114.2032705145519,116.9190889826103,118.92691136898492,125.86899056424568,114.14188364570894,115.56944145745037,116.74797509631713,120.72422129142394
2022-05-11,112.18847355332127,113.93481553973592,116.62666322652552,118.62540200139497,125.44576396417342,113.85242221772197,115.25905096653888,116.46533738361893,120.40681132372421
2022-05-12,112.0785344063431,113.49200689287748,116.16648872641233,118.24644461536738,124.8812152999007,113.63661815256165,114.9000280738884,116.03388722297889,119.83656095981858
2022-05-13,113.59314232742916,114.98552738618864,117.6966180326686,119.98524299646618,126.70635857007004,115.07436320772646,116.39136946484827,117.50956423021255,121.63763475628471
2022-05-16,113.62420599875063,114.8735179838202,117.64382419423562,120.07560401139033,126.71878326107733,115.03816576922534,116.32699896014005,117.44330043321123,121.68209150887097
2022-05-17,113.95226190069832,115.38943298992072,118.10259405830594,120.54956916096519,127.15421900121132,115.4172008872969,116.76580338032663,117.88750266230726,122.2440052940285
2022-05-18,113.23531596218773,114.52723079952385,117.19331558923776,119.61891431449436,126.15965870332005,114.65532448195714,115.94656763931681,117.0281809230447,121.22845638720969
2022-05-19,111.07611110704929,112.27586674367964,114.89814960217257,117.38589511722569,123.6550808007681,112.48824281216692,113.72348551907902,114.82105222642676,118.91995627035288
2022-05-20,111.5604026283815,112.83168633817344,115.49060551020823,117.91237061721797,124.23668844947598,112.95221459816436,114.24773676425306,115.40087931421962,119.53944677551189
2022-05-23,112.00750892000057,113.20545157111954,115.83351336154999,118.38407672350897,124.53948764847891,113.39169923998425,114.6442766307405,115.72435322285344,119.95714282840784
2022-05-24,111.62949174016961,112.87962435247418,115.52094921009079,117.95526014245618,123.92436194783538,112.98541448690256,114.2651218151014,115.42182859707648,119.54330318122433
2022-05-25,111.82426823591231,113.04389782671163,115.64804472069268,118.18413501037055,124.10558976818386,113.16836206552283,114.43880115934317,115.55368667567225,119.73906138050177
2022-05-26,111.82419625319262,113.05801690181796,115.66497903040658,118.25406796637341,124.26555405054154,113.18336553587203,114.4630534629376,115.57072122359533,119.81084218291471
2022-05-27,113.08530280832525,114.36574719132491,116.95784199913533,119.56968443933222,125.53236501901107,114.4134206786573,115.71939596184389,116.82226803440787,121.1379743571338
2022-05-30,113.94294958048121,115.47524016645232,118.10428918409485,120.60354287965596,126.8275095651069,115.38816789536565,116.79329913567943,117.90985790015114,122.34170711256328
2022-05-31,113.10070176196957,114.63554288124513,117.21777189121599,119.69506253570594,125.88983805901717,114.54982657211264,115.95879323909753,117.05682339399222,121.43084596471547
2022-06-01,112.72823036227702,114.33608876067056,116.94239948188287,119.47249938315305,125.90252288606882,114.25164739570002,115.68059738068075,116.79297270694815,121.27435686487024
2022-06-02,112.28866749554625,114.02548075241283,116.68642643525638,119.20993919343724,125.71098974519505,113.83781724698278,115.32271309672095,116.5312814917382,121.10028912420927
2022-06-03,112.33268328971562,114.18892434022594,116.82106150256537,119.29271711761878,125.93733467327695,113.94836436898319,115.47045528494841,116.66023066439915,121.2680129137858
2022-06-06,112.33261131749275,114.19528182670197,116.82416729035819,119.33681007779056,126.04435349534194,113.95400934469862,115.47610494873165,116.6634122187118,121.31825216001334
2022-06-07,112.64008655737021,114.4457304659918,117.11192401646629,119.6769202498332,126.44183220777987,114.2655205324786,115.75330090030171,116.941640294083,121.63872612461064
2022-06-08,112.36678925961803,114.35757504849022,117.02760466785094,119.52151707391397,126.59571396726204,114.10601453442675,115.63781713055097,116.8553027739187,121.61153624597864
2022-06-09,111.78112805001807,113.80632387172164,116.43044521172312,118.79497356364656,126.02275725683583,113.57824540573922,115.10501181413491,116.27110082621373,120.88881874024781
2022-06-10,110.24224149515918,112.22138073182084,114.88710976219672,117.21771722167904,124.46200972098531,112.04555184285547,113.52424874806701,114.77001437115857,119.25811917268665
2022-06-13,107.95851219397309,110.0689048344576,112.71472672894787,114.8455481532667,122.39090946331072,109.92037194143194,111.42595616526762,112.60515783761676,116.99593706381953
2022-06-14,106.8893294952824,109.04501211186077,111.68302265936418,113.74402243258976,121.41089098512126,108.88967167172665,110.41389485303161,111.59234006264202,115.90724612160584
2022-06-15,107.58784385206239,109.78492087684015,112.41075524748906,114.43284402031007,122.0558977887156,109.60285041781566,111.1169785754643,112.31188830451089,116.5844210706944
2022-06-16,104.70216792340581,107.08440471640968,109.54566047153342,111.34148147025304,118.76041443268686,106.7640823889006,108.34655876019401,109.52697463450096,113.52897670028597
2022-06-17,104.63128850309144,106.98922929757977,109.49580952381804,111.21478626464445,118.51483979730664,106.55404467090949,108.17127920034939,109.49527773563948,113.37417451945957
2022-06-20,104.95896354633685,107.34208703049504,109.81118303185085,111.55407025105258,118.88274724996555,106.9240274374103,108.54376514484478,109.79688807384751,113.73056644276285
2022-06-21,105.38042455466699,107.67038543324557,110.15693781972342,112.14107648920948,119.52931041596038,107.34997036444118,108.94498896794265,110.12791140268044,114.3078474780716
2022-06-22,105.7640869880434,107.93649073136807,110.40207649473304,112.3156969166204,119.47384429153456,107.65605389127879,109.21881348294676,110.38293984130236,114.37769144954697
2022-06-23,105.85340164390516,107.76460455081762,110.2054770431329,112.19253355053888,119.00444026337094,107.56494005945387,109.04027312247868,110.22186928794157,114.06873889764077
2022-06-24,107.24980947706399,109.17034802899958,111.61829116819837,113.71251501539984,120.53065201419675,108.97170952133453,110.45608854138085,111.5681170873994,115.61827721577139
2022-06-27,107.5741076091244,109.68537957778719,112.11232940928089,114.19410961626755,121.1712819173401,109.40498515849359,110.95152557625616,112.03166241873004,116.21945985921403
2022-06-28,107.07542418317682,109.32000790533164,111.73941994879719,113.78373722621483,120.85097159520646,108.97235622305446,110.5666466989938,111.66915871266873,115.90047513523145
2022-06-29,106.82425276673737,108.8044764569054,111.1830779531638,113.33905893227822,120.26155518077404,108.64206286098788,110.119628658132,111.13025529611922,115.29020569887894
2022-06-30,106.79393805705627,108.4262387621148,110.79131205008541,113.01867247315161,119.52314677398688,108.40647575109573,109.76442691707406,110.77266145344882,114.71903660242194
2022-07-01,107.49776694861444,108.77107626872457,111.16550936820761,113.62261374851903,119.84504022611621,108.98657509055947,110.20004948902988,111.15539570136804,115.09531456875375
2022-07-04,107.79084116189131,109.2975733885582,111.68925271352246,114.03690448711066,120.40402511327706,109.36623359559519,110.67272435824177,111.67771327792526,115.6830855286784
2022-07-05,107.43363632651692,108.67577623350542,110.97721719409121,113.34911721361789,119.65960182591982,108.93953199555727,110.13704087371072,110.98131137533747,114.76154489128758
2022-07-06,108.40145536704931,109.47349272218187,111.72401946809165,114.15958680122755,120.37747115162827,109.83931070180577,110.9754284373778,111.74374608650402,115.51862652721016
2022-07-07,109.08050696938474,110.29829545645005,112.57538499428594,115.02809175975636,121.44975802954076,110.61269873832948,111.79566425246992,112.59425184942877,116.52931178677035
2022-07-08,109.13019874836635,110.52845209899111,112.81706864627803,115.21697725094798,121.74994270262694,110.7217428082222,111.95881932988974,112.82490073064713,116.82838327399287
2022-07-11,109.16446735038909,110.46601085880931,112.75987720876411,115.15153958817021,121.70632705523865,110.72854037503257,111.93133441935608,112.76887325400355,116.71722801376167
2022-07-12,109.59060147248793,110.7001122983753,112.97746376123716,115.34715268063704,121.6457702494212,111.0222141195108,112.16169765486026,112.99178666923444,116.76214885058896
2022-07-13,108.76005376251486,109.85575689261158,112.13331467306887,114.54825850729196,120.84768177675649,110.18881551240204,111.31428695528811,112.14732919630998,115.92471015468678
2022-07-14,107.97901590532194,109.10618717627901,111.29885738880373,113.79269235153002,120.14247277106706,109.48056310348,110.59866086320392,111.31457301358445,115.17120871620538
2022-07-15,109.19446500562813,110.284823453233,112.47325813456939,114.91857357445285,121.08190332519291,110.57991460726254,111.71603619087058,112.50410808055963,116.29957480196876
2022-07-18,109.37599485294211,110.62773694113963,112.82023455915522,115.27624733233925,121.62635728306641,110.86385472844246,112.05265831463085,112.85211731609593,116.7910573355374
2022-07-19,109.26480672052443,110.48562319427798,112.68145316814962,115.1924925590144,121.3687951562882,110.70416829826772,111.90305614437523,112.68935886609836,116.66959190310659
2022-07-20,109.70293710344785,111.08211899252905,113.258366693678,115.70504072513282,122.17772918298009,111.24463957320148,112.48737290615732,113.29156037521277,117.30353169156925
2022-07-21,110.50383789543805,111.63679086989342,113.8424192644281,116.2968598324162,122.52011179344473,111.91179709473782,113.0822253606031,113.88009184834252,117.7602377589666
2022-07-22,110.92713149542102,111.88981902455328,114.06121600698916,116.56190619570721,122.48186131278744,112.24772089671886,113.34005020043851,114.10893253073866,117.88970272512509
2022-07-25,110.85262002869969,111.74955665834906,113.91533807116645,116.50345942816156,122.33435917778097,112.14248657235719,113.21611208418372,113.95682049882296,117.80779776642609
2022-07-26,110.80119782596974,111.56107045287409,113.71070937141671,116.37350839911116,122.12420067380828,112.04781817265086,113.06117241626077,113.7475976139395,117.56925789928114
2022-07-27,110.90146511360935,111.58138942608527,113.72921769791814,116.55523318939183,122.28767472263378,112.20240072506024,113.16665611115889,113.77042617294506,117.71146638068109
2022-07-28,111.78010197285002,112.25804370836985,114.46995278487897,117.36356584570271,122.85115429598154,112.9489706514117,113.84854186115577,114.51926084041584,118.40355927290642
2022-07-29,112.28504532836861,112.83926481612485,115.04137436018999,117.9100010046821,123.38370609469456,113.4609764984424,114.38446578137975,115.1064832151523,119.01815269039638
2022-08-01,112.28502134695562,112.83910010671462,115.04107989648631,117.87494839960075,123.26941872533077,113.46077804918286,114.38408137821415,115.10619526609884,118.95613103225135
2022-08-02,112.26307518821139,112.64939138490703,114.95136553511483,117.75656496763452,123.24766497617672,113.27432656216028,114.18309291208408,115.0232431757377,118.78882515750391
2022-08-03,112.51133082594933,113.14702815621851,115.42206247586,118.32163581104244,124.1850329354439,113.77028849816007,114.71466712565244,115.45846981295314,119.53465624871306
2022-08-04,113.02053896480426,113.34449704901898,115.70415963882562,118.61303162253525,124.214059515335,114.09119215358157,114.95469122883823,115.74502076947579,119.65162139777401
2022-08-05,112.35590525453338,113.16752260129195,115.45874187674056,118.14457812420478,123.96950695231095,113.566896293452,114.6009164182916,115.51849158335881,119.40776419318276
2022-08-08,112.69314893912765,113.26249333581013,115.53712664847188,118.51495750713643,124.3737355658945,113.94897781015369,114.85750029707211,115.5804009596695,119.66085038439005
2022-08-09,112.08875120711774,112.71609058412993,114.98265133974708,117.94854539650204,123.76392722833818,113.35961702828916,114.27543574809451,115.03490518406738,119.120556074701
2022-08-10,112.26882161205927,112.7473049116762,114.94553321934593,118.05081151798811,123.67976685124262,113.5334750032426,114.36773297082144,114.99536263078917,119.09661519133137
2022-08-11,112.72073419699484,113.34846970039673,115.51006886246469,118.61001586131536,124.27070287018347,114.02603306841712,114.91643721239168,115.55206973537204,119.75180658556567
2022-08-12,112.56438479717374,113.25027621809079,115.42475348017263,118.54848099859736,124.23233840975753,113.89013568370241,114.78389154456407,115.47237298816577,119.70971369305386
2022-08-15,113.02332772875916,113.55320580949011,115.68667589319277,118.877296486481,124.53012421179783,114.29348891652482,115.12718948629808,115.73912270671269,119.94572776633336
2022-08-16,112.91140381187228,113.53906577121475,115.68022765936374,118.9190565075011,124.641903741988,114.27024289901757,115.12163899634491,115.72474371388537,120.05032959280435
2022-08-17,112.57563553630278,113.29203962838878,115.41243421957871,118.57752091871068,124.30742317872654,113.95476568580767,114.84136601557515,115.45900961828741,119.77294606764033
2022-08-18,112.70197306974165,113.4317663955255,115.54008634677547,118.73792164115149,124.54730060972396,114.09954917473637,114.98153774246009,115.58086385393223,119.94134428843029
2022-08-19,112.41053405580872,113.35770503718439,115.45862365054187,118.54560279850794,124.5983423190834,113.92735109372968,114.88969076137585,115.4887508424927,119.90545696580286
2022-08-22,111.4024024029344,112.47388413542829,114.53616571123268,117.4949325158897,123.6143880344216,112.97882696301549,113.9662648014955,114.57540458258504,118.89504167634988
2022-08-23,110.86015781754244,112.06277587309788,114.1339929728954,117.09611385221208,123.27169072440046,112.47804299366813,113.50683904247971,114.18608256283711,118.55475765730984
2022-08-24,110.81751586478576,112.14868968541438,114.25737341344026,117.20124164619527,123.53194288533915,112.52987710786124,113.59572913977448,114.28871006004388,118.74780554263653
2022-08-25,111.19661806310927,112.3965167838502,114.5118393480161,117.54059132338412,123.7380267834593,112.85446553383305,113.8751703282806,114.5420879574107,119.01631145547088
2022-08-26,110.85684154381494,112.09710530881682,114.17416687465523,117.07905761454673,123.354489671664,112.52808902426675,113.57982174822025,114.21352291517137,118.56688889605671
2022-08-29,109.39052190556791,110.75818572299727,112.84333549853565,115.72061880890266,122.0598894218039,111.13549491917816,112.21543404024901,112.88920626638424,117.27171337005926
2022-08-30,109.89588651503385,110.98291877673292,113.07623954830773,115.97917001883447,122.31567666043368,111.54423363421766,112.5276912842288,113.12498569141043,117.3880066614511
2022-08-31,109.73283874484659,110.79377984936522,112.87486824489466,115.76423034913657,122.11432211720935,111.38199554519358,112.35870078717099,112.92578690164929,117.14072427409808
2022-09-01,108.29129222985465,109.503931373084,111.52041150181411,114.44663929859506,120.98089302040142,110.06677158426031,111.06980689280425,111.58153295857691,115.89731113647746
2022-09-02,109.29998379539876,110.54889284157217,112.62763456840916,115.47538588707924,122.13638799206761,111.11138792383227,112.1313038117215,112.65962900343263,116.99545195806367
2022-09-05,108.53274026298611,109.92077354492515,111.97929957932647,114.77457370889542,121.45673732051516,110.38126249902298,111.44125082989468,112.02297995213999,116.35222742417643
2022-09-06,108.65443540638819,110.03314691223012,112.08614059809517,114.87281660068224,121.67402272781769,110.50443439796011,111.5497090863794,112.12520114352336,116.46209393045356
2022-09-07,108.43061006545713,109.80104145366735,111.8355806183698,114.73617593229531,121.38542981041726,110.27332579252935,111.313801558491,111.88336031542758,116.30291823065811
2022-09-08,108.71932815739893,110.03836574351247,112.04914626998375,114.9811105389362,121.57598886920253,110.47818683903526,111.52834968623739,112.10145109765391,116.52114738509904
2022-09-09,108.82913202106634,110.30718691001033,112.27506757201577,115.27953236072553,121.9072449877628,110.70757129710984,111.79779152377553,112.31332657796807,116.919643971231
2022-09-12,109.3992345780777,110.83007276380596,112.78537166692546,115.85003888346421,122.36277907087157,111.27251893295053,112.33784508751737,112.81871997550343,117.46378877027482
2022-09-13,108.42412071615028,110.0136366884091,111.93132979048248,114.79160372859849,121.44468685042744,110.32242788853,111.44999358186224,111.98195954579965,116.47692367526628
2022-09-14,107.40223151999359,109.1447630279527,111.04578529982913,113.9087622025136,120.62072744941305,109.3780116215165,110.55864230789257,111.10257949685096,115.66957256106845
2022-09-15,107.27356230419427,108.96600012785993,110.75929628721161,113.6175350434782,120.25644206211807,109.24226296169401,110.40433099250329,110.82679955281105,115.30064390790378
2022-09-16,106.4207460336377,107.99235181690375,109.80509394756739,112.65603720410348,119.3112154442561,108.40015300770753,109.4939660168618,109.88558622648878,114.24111485354005
2022-09-19,106.32911492196821,108.06766678554357,109.87146222490554,112.72501620013537,119.4657856823244,108.38912196963079,109.53741144587863,109.9389705014572,114.41536306938565
2022-09-20,105.47426965398321,107.47875289129057,109.24443369084538,111.91517596010428,118.86417119516382,107.63328714576272,108.87958633527421,109.3152233993707,113.7506090001788
2022-09-21,105.63546690488008,107.45789110555155,109.24889025989486,111.88417165312343,118.8287706599964,107.69669480434467,108.88020956761623,109.3244092918518,113.60865505249048
2022-09-22,104.63875344563158,106.65493385156768,108.51228089258515,111.0102111505037,118.14452421395939,106.78981228689449,108.04144594812048,108.572431605259,112.84346182013876
2022-09-23,103.44490795480617,105.40232588707094,107.15472535778812,109.56066272223208,116.76730022248417,105.62799207598073,106.82889014021981,107.34710806054812,111.56993640866402
2022-09-26,103.41486724229031,105.35130140604308,107.07502325242042,109.48097622373282,117.03990340669996,105.67837830535782,106.79708751891673,107.3026776796708,111.52375822223068
2022-09-27,103.09317620543897,105.12965881117036,106.79945556419486,109.24802082759284,117.08628178812073,105.47747259690735,106.56981448466276,106.95299924068442,111.16032410736673
2022-09-28,102.92042086589859,104.99015097232613,106.64808662708707,109.0892971559618,116.56390063942477,105.21524622801934,106.30998979290898,106.78781509059993,110.98864193116643
2022-09-29,102.5450748829235,104.45878223050799,106.06246530036778,108.45974880205549,115.98458868942959,104.80281421297704,105.78247546246044,106.40223423333764,110.58789306608392
2022-09-30,103.42001243127037,105.17724192042708,106.81179852625571,109.14558858573027,116.65425870136701,105.55148101651903,106.43027099091584,107.3187622461292,111.54047552453483
2022-10-03,104.56642934938436,105.81881010881192,107.57699308798267,110.15482191077939,117.2909247166084,106.39629880915496,107.09322218815147,108.50869941477221,112.77722252810503
2022-10-04,106.29370001857883,107.43848357793966,109.19302030782845,111.99033184415438,118.99821963212749,108.14077984847175,108.71939483320257,110.28350344123328,114.62184392450459
2022-10-05,105.36195411427802,106.82711021562817,108.49517860356829,111.21147263474566,118.59309898644513,107.42590900080009,108.05329775057346,109.30401990334482,113.60382939192948
2022-10-06,104.93585028240508,106.65565241692327,108.24415206939415,110.77490055778183,118.40309012775887,107.05073308022261,107.7082771061423,108.86151103767618,113.14391308030353
2022-10-07,103.68494916949153,105.75555607901896,107.27775773687608,109.63772807158104,117.48848674228908,105.92279743998121,106.6691440635096,107.56599428177861,111.79743319199278
2022-10-10,103.26453349807284,105.21336399962581,106.70809399376165,109.10663229212932,116.89073024678784,105.42728961144957,106.15455900269303,107.13704442182062,111.35160927123073
2022-10-11,102.76008454620795,104.84352063252369,106.35703397027055,108.65810722386837,116.55189619075055,104.97948172546047,105.7641245285851,106.61308418787678,110.80703745147747
2022-10-12,102.5818283285305,104.62176123928259,106.1133189549909,108.39842607365237,116.30375589317985,104.80612368923872,105.5641423546879,106.42726698557874,110.61391055855422
2022-10-13,102.5021437186356,104.36672102439076,105.8272010340715,108.34439416513177,115.94926758587386,104.67091379879353,105.35107162772239,106.35565361066467,110.53948005148678
2022-10-14,103.76386560494899,105.53809528169809,107.01494509739362,109.54010924247606,117.35497572772108,105.95952569518036,106.61177054495387,107.63889624686811,111.87320297988974
2022-10-17,104.15538509238517,105.89565115476312,107.39005881549986,109.98108163976934,117.60137544833373,106.31633250234862,106.95732414097459,108.0587920279382,112.30961665174975
2022-10-18,104.96844754522301,106.73039332806637,108.2052783489735,110.82254385223345,118.34750516545311,107.10634037833388,107.76748683992989,108.89421834571822,113.17790703080932
2022-10-19,104.43114784663085,106.24483349426237,107.6827940822958,110.37568636313917,118.11928671474878,106.66456222939654,107.31673226188683,108.32684108441126,112.58821024151125
2022-10-20,104.66370439683297,106.4382385139879,107.89344922778685,110.56343068278154,118.40169934908724,106.89322523335873,107.52909729012895,108.56570237359587,112.8364678734708
2022-10-21,104.0002841617892,105.94455135302665,107.37711808806132,110.0637592491849,117.90151544060137,106.3552022486532,107.02919350714313,107.87435065335937,112.11791970895666
2022-10-24,105.22287635786185,106.96035859011475,108.43290350769004,111.20689881611628,119.02049454798558,107.48245496863554,108.09134319741058,109.13300098757412,113.42608292160583
2022-10-25,106.12419637543806,107.78176094139036,109.2743314656454,112.11053336368255,119.71843518049556,108.31296132549441,108.90077779263613,110.07132119072358,114.40131483318467
2022-10-26,106.50938932790682,108.07940948355659,109.55512348539638,112.42705876169875,119.80104649342573,108.63981908970479,109.1897332046937,110.4723803966074,114.81815093529309
2022-10-27,106.42642439709518,107.89561683317439,109.35269883582355,112.33451932750012,119.63345413317393,108.53345731344484,109.03881694084964,110.38177741727573,114.72398380936764
2022-10-28,106.5259749180214,107.94783414022243,109.38444475848141,112.4361364074471,119.53452176662435,108.51897570494742,109.03360850494667,110.49796980937028,114.84474698623725
2022-10-31,107.27723891946556,108.71197044766451,110.16361742467866,113.22627910025045,120.4642159448862,109.29321089886737,109.80708938040196,111.25651523580615,115.63313212785467
2022-11-01,107.11817456077057,108.60203877833673,110.05644135978613,113.15709045152708,120.41401360734207,109.20547955433359,109.71750644661218,111.08356028114328,115.45337345860001
2022-11-02,106.9345030354143,108.3972506566688,109.85892063562113,112.85037242932951,120.08615874531645,108.95852980981438,109.48148995517258,110.90720752705516,115.27008332703907
2022-11-03,105.80277478290144,107.29031846011561,108.78782117392996,111.84782940594926,119.20783600381509,107.8879129105286,108.42786506103559,109.73461305932324,114.0513612528104
2022-11-04,106.1082046678945,107.8219745241741,109.34704282943339,112.34658609269597,119.68724758680149,108.28725254412433,108.89025166313553,110.0522603779741,114.38150420479629
2022-11-07,105.94556089749996,107.5799379188243,109.06779656915194,112.16981137163604,119.51538000366698,108.15294707113998,108.69472751626428,109.88325916444866,114.20585480923562
2022-11-08,106.67755200219355,108.31004095691429,109.89610512625225,112.92579454185534,120.28144791613673,108.8874176002954,109.43934888400419,110.63329493286386,114.98539553928593
2022-11-09,106.94304492592244,108.43732388062408,110.01146380805696,112.95621632030681,120.19774218802162,109.06619149896466,109.57672837976453,110.92152571080443,115.28496476054255
2022-11-10,108.73850507112527,109.99011709709812,111.6151472481431,114.69037638377011,121.31689195946002,110.64006961953068,111.09414026762548,112.79752132624967,117.23475842801705
2022-11-11,108.28197816338727,109.88719076199563,111.43737092995156,114.40717465474921,121.02457406683935,110.33964540112106,110.91141516866736,112.31912176353558,116.73753954849364
2022-11-14,107.58472854512968,109.29085120435,110.82971760697858,113.6998086334844,120.40967265788825,109.66343248942985,110.28379970621958,111.600634599898,115.99078848453136
2022-11-15,108.31279217303876,109.85792355311929,111.39286157906365,114.34536221577456,120.8896963716368,110.31336181741307,110.8741785521195,112.35256081263225,116.77229402533689
2022-11-16,107.8522731205363,109.34144751562957,110.85654898327408,113.79603091915791,120.1178099029784,109.80091756588055,110.33083446471217,111.88741563841698,116.28885093641152
2022-11-17,107.59666960304635,109.07726326939363,110.6040810175773,113.51046042384026,119.93425465026206,109.55150658811372,110.07894242661773,111.62598766077252,116.0171388859594
2022-11-18,108.16332016612995,109.64564081989909,111.13066277787841,114.12987572111639,120.56588701591954,110.16584667518954,110.66863358558547,112.20518538521557,116.61912113263256
2022-11-21,108.53259026420812,109.96910346824018,111.41548071597941,114.43859285433633,120.80543947288905,110.51160400397796,110.99257339034614,112.58586758844997,117.01477864007855
2022-11-22,108.50276314142108,109.93854166767709,111.37696044138434,114.48451789867772,120.76939597298171,110.4910562573988,110.95927970263737,112.55199782125649,116.97957650151862
2022-11-23,108.74589199206304,110.07429711971672,111.4657140841696,114.65594764709637,120.6971177858517,110.67579589601976,111.1047378861139,112.80450609944819,117.24201796873189
2022-11-24,109.3945786670784,110.67564272061783,112.11000441177528,115.22867776220038,121.18776744782424,111.2055938933284,111.63475241093383,113.48334795967028,117.94756415944805
2022-11-25,109.07521951160844,110.70742663006374,112.12786105865212,115.12477774048541,121.22504056921008,111.018321592442,111.57789283767055,113.13973676294384,117.59043596046155
2022-11-28,108.94450727984545,110.44413550553698,111.85748789796631,114.82315213827007,120.90822959058178,110.83456748699108,111.34843544712152,113.01310745728665,117.4588253019641
2022-11-29,108.32469918043846,109.86291350519338,111.27097439821154,114.24438598501565,120.45952007585963,110.29547051195632,110.78332488171894,112.37079667287044,116.79124724917207
2022-11-30,108.33091999438129,109.9677773995953,111.38722289591456,114.44214323887829,120.56887554790336,110.36885948223032,110.89205515498534,112.37173265250202,116.7922200484385
2022-12-01,109.52589145853065,111.04027850907801,112.53855643281898,115.52607561858008,121.53485876149928,111.42678981800098,111.93605477543764,113.60707753007644,118.07616101269818
2022-12-02,109.50883946939439,110.97773697281737,112.46034052478721,115.39565863226304,121.30341378778404,111.34054999393524,111.84616112714394,113.60011114408752,118.0689205825103
2022-12-05,108.96755084096353,110.65850823134342,112.09215347906567,114.86000143059938,120.95877719810248,110.88897198998325,111.4739279493972,113.03668375389178,117.48332904464063
2022-12-06,108.69346198399566,110.17290709043053,111.58730469006744,114.39977469436351,120.30407980046405,110.50689740797924,111.00950475662384,112.76370042518819,117.19960707788857
2022-12-07,108.00877818555577,109.5951672723849,111.01626138012402,113.76319249980797,119.64583060685567,109.84972739893979,110.39976338634656,112.06297843768603,116.47132003785323
2022-12-08,108.10773216503307,109.59219913199733,111.01213196380661,113.85127511223206,119.66545050078193,109.92917653577344,110.42819999578168,112.16496453341547,116.57731807003762
2022-12-09,107.8995363922443,109.70905649844043,111.14635441060383,113.77980797893107,119.80103510081956,109.79710940695959,110.43533436303986,111.95129374589403,116.35524188552866
2022-12-12,107.74213447155626,109.52254532975616,110.89427941934169,113.66470210117268,119.58841034581471,109.68000387731169,110.2735298533164,111.79188031228766,116.18955743467119
2022-12-13,108.67100373758714,110.43829451508067,111.8771539271384,114.62714695292595,120.49529560421036,110.52912150304523,111.15465093650145,112.7443007707174,117.17944427839855
2022-12-14,108.58779143164585,110.30705821673527,111.71397758031681,114.49589867113608,120.37768448386142,110.497992289713,111.07560007523443,112.65711645274293,117.08883029737953
2022-12-15,106.91038350928832,108.75198772484444,110.04015552893587,112.7059159831062,118.51360782807232,108.85287118499203,109.447794558033,110.93643126981816,115.30045667552133
2022-12-16,106.07720075662641,108.03068782154371,109.34066314392679,111.87750141420145,117.96634458691528,108.09636774259232,108.7090813670068,110.0713067050386,114.40129977766074
2022-12-19,105.67442995759558,107.7223484135959,108.99033567954986,111.49961872739999,117.69652690155972,107.80657902321249,108.42075759950043,109.65164608584801,113.96513051849537
2022-12-20,105.04200075840275,107.20779991627727,108.52495733659713,111.02157057397201,117.36587315139238,107.21815910174001,107.86934295990676,108.99582690637475,113.28351267641858
2022-12-21,105.71274481434028,108.0239683940146,109.3579991486789,111.82640001598571,118.16049181473754,107.92088124121778,108.63593938794112,109.68475036306766,113.99953705418116
2022-12-22,105.1342273340649,107.75079464775995,108.99988608733085,111.29591442159703,117.73294312893543,107.45554872583413,108.27264326640046,109.09132788673817,113.38277048129677
2022-12-23,105.4430200656504,107.94756166245048,109.27258811655636,111.68988304241256,118.03526610803394,107.69906446318139,108.49773327299235,109.40640411165681,113.71024119767812
2022-12-26,105.44311606460593,107.94765808235272,109.27497997514368,111.69108886668097,118.03829988314345,107.69972509185637,108.50051662213225,109.40649468046256,113.71033532928614
2022-12-27,105.26165096894428,107.9144153920546,109.27436710103582,111.66948949483759,118.20682023387567,107.6297407571897,108.46609942931423,109.20739683045939,113.50340535357198
2022-12-28,105.15051562258786,107.62193383502101,108.91784909371725,111.34335028097992,117.811752387924,107.45523181874175,108.22187705053572,109.10235060399043,113.39422681100237
2022-12-29,105.09939945340956,107.63698963769713,108.93068645778278,111.38894252761986,117.8521378998251,107.46925537274119,108.24569948929152,109.05093912742873,113.3407929060347
2022-12-30,104.95368624854133,107.46616907233297,108.78581954684073,111.19135289535387,117.7389103373685,107.2831890365219,108.06785932220771,108.90111142934711,113.18507127506356
2023-01-02,104.95378226083079,107.46626550562759,108.78643288473701,111.19170324491445,117.7396768413339,107.28341230458444,108.0685610124653,108.90120201073255,113.18516541974614
2023-01-03,106.50583814606078,108.84082988918836,110.29562548467085,112.70237717541917,119.31932192116722,108.7802599554692,109.50324079088132,110.49754514501285,114.84430561640244
2023-01-04,106.94180229956751,109.12511852654194,110.63650559149687,113.16502961235221,119.66059832860742,109.17217610407202,109.83664543699498,110.95917634303056,115.32409649607888
2023-01-05,106.57918302625684,108.87118004898085,110.35418498824075,112.82732431777,119.36582540281681,108.86681759032552,109.58485786224573,110.58099750697853,114.93104083345567
2023-01-06,107.21283626671341,109.43076811953067,110.99320638405746,113.51739707129245,119.8855587179381,109.42290182460097,110.1420392662327,111.23649517496901,115.61232451640755
2023-01-09,107.88242847822747,110.07573392578188,111.61268232504544,114.13339664359401,120.34460517268634,110.00584867320948,110.73405764010207,111.93748354004059,116.34088841279248
2023-01-10,107.44645991729485,109.7837526860137,111.31154821794081,113.80566033912953,120.19839025729986,109.67438174163833,110.43627725954241,111.4852098626437,115.87082316056396
2023-01-11,108.50384842321144,110.55183369304685,112.15477974552238,114.80683913154839,120.99331925475528,110.61129655545238,111.28708085391735,112.57205713091301,117.00042490575808
2023-01-12,109.09380742788109,110.9898384589266,112.64578339322644,115.43837890223574,121.64415725982039,111.19039097867103,111.79483458085309,113.1757881539146,117.62790554367366
2023-01-13,109.39764497059434,111.20861806679572,112.90674857325762,115.68351234027467,121.86355379435952,111.40149632742211,111.99385002046486,113.49582499263988,117.96053201484855
2023-01-16,109.61060515680757,111.53614589133942,113.25586855794019,115.97101629531386,122.2619290174709,111.67284348023652,112.30759950565053,113.71428396864924,118.18758474595259
2023-01-17,109.653094777062,111.43950285102213,113.11569955888925,115.93948006342771,122.16619618992613,111.69578602584625,112.26978462549577,113.76220434312194,118.23739021560327
2023-01-18,109.56888629411834,111.28515466074104,112.91097914049723,115.62992749544563,121.66180671999847,111.52527870108153,112.0882406110582,113.69373930612352,118.16623189599747
2023-01-19,108.6891025515234,110.49432022307076,112.14424509490163,114.83974576959912,120.96609209855247,110.68809516891262,111.28097141772221,112.78857034027965,117.22545532750961
2023-01-20,109.03207733783195,110.89565412873013,112.57616504922956,115.37033249334368,121.63550978652545,111.12210276941556,111.7179632021926,113.12905715505686,117.57933623738242
2023-01-23,109.45676326150098,111.4387020104145,113.15272107028136,115.90022447368197,122.30766392668977,111.60002737220786,112.2535024778949,113.55904130890586,118.02623513916379
2023-01-24,109.7724029263468,111.72569887531165,113.48624074488775,116.23791241901344,122.67695333423174,111.90271347200039,112.55509544334437,113.88245670144808,118.3623730699515
2023-01-25,109.47379009767661,111.46266072185355,113.1863082856231,115.88957587153557,122.26649447551006,111.59157751046295,112.25792281882508,113.57838200002219,118.0463366557946
2023-01-26,109.62271755519195,111.58103131457288,113.28290745253018,116.06044965472941,122.44052896237723,111.74796840980763,112.3931987812922,113.72964841482616,118.2035535998312
2023-01-27,109.70531800285674,111.73072212418265,113.44703643292897,116.18389045395163,122.64798582088446,111.86159944473249,112.53737684818223,113.80908237797303,118.28611234200044
2023-01-30,109.66421486528262,111.78475138848549,113.48578711118714,116.08551602137251,122.66492706778229,111.87386083160322,112.57367023777489,113.76648160862217,118.24183574048497
2023-01-31,109.20956580523715,111.42633436396692,113.081208719779,115.72070210878618,122.26968400513776,111.49476197184353,112.21382538639256,113.2908609608335,117.74750509304452
2023-02-01,109.31301807234517,111.37631625249456,113.00839866014255,115.79676478491936,122.18089088260542,111.50025048805242,112.1673780470942,113.4046415359176,117.86576157667066
2023-02-02,110.62124680632385,112.46173703076529,114.0563114598032,116.85106593284932,122.96119849350802,112.59922422967574,113.21746708538217,114.76760334480116,119.2823396763695
2023-02-03,110.60974517680866,112.6324847159748,114.177889569398,116.90498225583224,123.32274566981798,112.81041728418322,113.46578788435653,114.73316754390181,119.24654923742861
2023-02-06,110.01458824562853,112.2902589473503,113.85645932514304,116.40382357874711,122.94070368953317,112.264534415704,113.03745873442782,114.11918234004052,118.60841103894053
2023-02-07,109.62890453533764,111.939609671804,113.49270128148324,116.12429700942519,122.7620128614108,111.94665725072308,112.71428740930864,113.7184533599263,118.19191815304708
2023-02-08,109.78038569242308,112.09675663533632,113.63411924137286,116.18359038901104,122.8310069301715,112.11410127016772,112.88451491086707,113.8715393126437,118.35102621211195
2023-02-09,109.81854100589577,112.03543460557466,113.55100801093394,116.11023802128864,122.70821300323007,112.09741302429717,112.83263314534182,113.91193054403527,118.39300635670314
2023-02-10,108.60391571555445,110.99930305153305,112.50388986678624,115.0821855850128,121.7439426577734,111.02901505180074,111.81703708674596,112.65549522199676,117.08714529054036
2023-02-13,109.28170782119717,111.76087409557975,113.20802964718403,115.8312421410261,122.4656300803433,111.7307200769919,112.5423953565263,113.34749979471393,117.80637198949356
2023-02-14,109.36130907862216,111.78062892065086,113.26041946893442,115.87903288511166,122.5411755788907,111.74402480481749,112.55724397840541,113.43457835203021,117.89687604943391
2023-02-15,109.29587856790366,111.8049054062955,113.24433276222476,115.88457469472064,122.64675219795916,111.77617763385344,112.60043723554938,113.3608652954399,117.82026326325963
2023-02-16,109.11261213206625,111.60242454915907,113.03777003393924,115.66757834248868,122.46034678024702,111.61346133547936,112.42344995268361,113.17147371034437,117.62342137820833
2023-02-17,109.20960378069773,111.61024894189498,113.08098648840952,115.72647533967395,122.41259265317241,111.67440762185454,112.45704140037552,113.27617607987432,117.73224253716963
2023-02-20,109.12947420729586,111.58168956976749,113.02947870711793,115.66939834129633,122.37308955162814,111.62146155602993,112.41265030524268,113.19131324371834,117.6440413605898
2023-02-21,108.86753491733853,111.34547401258818,112.82905428111695,115.34174941403177,122.26517882041057,111.4333046792778,112.23854105234126,112.91704988338513,117.35898900823072
2023-02-22,108.73202161540311,111.11712330519549,112.62165374974889,115.14604321915827,122.00497793365423,111.25011622240086,112.03147400431219,112.78313238739126,117.2198034560348
2023-02-23,108.90211839936616,111.23768867239896,112.71641948848973,115.34260810240828,122.11128011241247,111.43077442545868,112.18165221366638,112.95624425123701,117.3997252069772
2023-02-24,108.22679467095004,110.57618487597179,112.06292822885102,114.66391414209896,121.47541948518545,110.76420553426722,111.51752779059461,112.25855277847604,116.67458789629248
2023-02-27,108.81784405383901,111.22239066823118,112.71632426800548,115.31587965233257,122.19887643381362,111.37331184362922,112.15860995539795,112.86486977692319,117.30475623694383
2023-02-28,108.22864193120245,110.65576392818659,112.16492585528182,114.69087628621972,121.59325310517471,110.80523933395376,111.59838470392323,112.25751527096446,116.6735095752349
2023-03-01,108.01116029455258,110.43131003944228,111.97572032632468,114.56225543385278,121.6299079064199,110.63444380449977,111.40449828387429,112.02695643942266,116.43388100360106
2023-03-02,108.10392478148205,110.67255724067353,112.24152157630687,114.78597360562934,121.95106931395013,110.77136815998705,111.5996205834207,112.12288213455228,116.53358023070581
2023-03-03,108.7478316802915,111.24638397483085,112.82387012198569,115.45867480790481,122.50245900404133,111.36851511982854,112.17896387812527,112.78235206333302,117.218992435532
2023-03-06,108.77624768334813,111.33933192238428,112.90262579132443,115.47557644068054,122.52388389092583,111.38748626399362,112.24548459298187,112.81379371886334,117.25167094519544
2023-03-07,108.43227130974627,110.97091843065196,112.49255397017409,114.93870242343496,121.93046863713424,111.0226697816394,111.88119327561712,112.4547506030036,116.87850376511786
2023-03-08,108.31061875132752,110.61867864451087,112.13549389671516,114.76570026826036,121.6523038520536,110.87656873066084,111.62946646920857,112.3334238105331,116.75240421045667
2023-03-09,108.19780658255785,110.4845456967368,112.01335781816344,114.49686133285444,121.38074587124707,110.75585373893003,111.50083794068533,112.22149415962355,116.63607146279493
2023-03-10,107.1684663269555,109.20795253590975,110.70422776199888,113.0692278601149,119.40742179270947,109.54549139161011,110.2137318413974,111.1889072725875,115.56286459765934
2023-03-13,106.34448260596372,108.16063792809798,109.7403895582731,112.04728193924403,117.98873044238034,108.57713545031422,109.17884403093178,110.36191839158325,114.7033435678774
2023-03-14,107.18765135305009,109.01294207362326,110.68126660301469,113.09345052437423,119.17088769008757,109.39377679444316,110.04933013197773,111.21315853569871,115.5880698587235
2023-03-15,106.50982443286887,108.20807333550506,109.99148213928696,112.12691607844161,117.94776631143813,108.53069665802467,109.16853618674602,110.53247627694785,114.88061087174731
2023-03-16,108.07286334667836,109.5333157993736,111.33651737848527,113.73423562245084,119.66374522356813,110.10576218817533,110.6450056393333,112.1338263415347,116.54495496169888
2023-03-17,107.77436339345452,109.03983096778336,110.94435790564454,113.27319966623341,119.18042118088252,109.7658773914874,110.22673758625008,111.82928383589991,116.22843234081708
2023-03-20,107.77958526783647,109.16378194351724,111.11440439485713,113.45415410724242,119.49741241022735,109.81210074273875,110.32931777906363,111.83087539683332,116.23008651069028
2023-03-21,108.2492631914113,109.77806598854447,111.63481324838091,114.02069976438362,120.1287536524441,110.33352117423152,110.91181412526963,112.30480206589539,116.72265654154572
2023-03-22,108.24585697848879,109.90003218065792,111.77913710395234,113.96806134791018,120.13960868945183,110.39495098021766,111.02261417948225,112.29550751032005,116.71299635606682
2023-03-23,108.0218156009676,109.779818845965,111.7023164386436,113.71489295133313,119.8909083763386,110.1283074945151,110.80652908355279,112.07665248053411,116.48553199119395
2023-03-24,107.71207784476155,109.25573164881726,111.19037738193089,113.27962653711067,119.15832071566139,109.68057255846242,110.29552569420828,111.7661860860669,116.16285244710977
2023-03-27,108.1075251698038,109.80426320837408,111.68098959500017,113.88271344698266,119.94191058160375,110.18301653223412,110.8661283613631,112.16250107768676,116.57475770670827
2023-03-28,108.13145188714262,109.91616785715472,111.82307546725912,114.01908872850022,120.18851301095243,110.2708351849579,110.96802079752312,112.18253985858352,116.5955847746261
2023-03-29,108.6825678529625,110.52124955772256,112.42808033647862,114.72901130581279,120.98000186891365,110.89678722079432,111.6021789858535,112.74470277488629,117.17986209663678
2023-03-30,109.05740606461731,110.93808034568384,112.83742483815824,115.14616541456324,121.3532418178567,111.25812734724967,111.99243250145973,113.13505924163294,117.58557443447704
2023-03-31,109.61646028019342,111.45120463290696,113.419699367296,115.69664958785052,121.92696656923572,111.7802574284703,112.52454822668827,113.7103962894809,118.18354413297827
2023-04-03,109.73936333135848,111.60604279419606,113.58849707218792,115.83188982496442,122.03272508176495,111.9113772132085,112.6608507864394,113.833145943683,118.31112252200937
2023-04-04,109.4821758422261,111.40938662332844,113.45258831464304,115.61934475605706,121.84876307246333,111.672860803658,112.45277080928373,113.5726544716245,118.04038381746808
2023-04-05,109.5487665403401,111.24905289806408,113.28370291487204,115.57781092926763,121.58934417190035,111.6812139966965,112.37132985451663,113.64935245719789,118.12009895397897
2023-04-06,110.00258382261536,111.64743409024523,113.67088133346476,115.97909693819888,121.83834624813802,112.05171193771342,112.74133316577795,114.12481815765692,118.61426855876043
2023-04-07,110.00272813939166,111.64757903983751,113.67288628946453,115.98014450351326,121.84087905607663,112.05231387367655,112.74365552173134,114.1249543112016,118.61441006832317
2023-04-10,110.00287246218119,111.67250583253481,113.68755177394408,116.023448461133,121.97360787749325,112.07505184961433,112.76851394851877,114.12509047041934,118.61455158378212
2023-04-11,109.98784465575902,111.8826362049385,113.86390403835252,116.17368405921073,122.2768204677741,112.19297798223418,112.95335021677391,114.0976135747644,118.58599380000649
2023-04-12,110.25380568493566,111.7995556208401,113.77579985129901,116.30479349750662,122.27259045602399,112.39109218737893,113.00911148483823,114.38189386496114,118.88145712894496
2023-04-13,109.93555812815119,111.60397685901707,113.62373530736217,116.11532922242758,122.15165881378493,112.09322630568712,112.77489383704238,114.05882325083385,118.54567753949054
2023-04-14,110.51248171874488,112.26758179550504,114.23876971405471,116.66806841155068,122.83568749821492,112.74329712529621,113.4646337415581,114.63928682423943,119.14897543118481
2023-04-17,110.50234671668129,112.23774785061218,114.23097170045189,116.74980692859107,123.02507207515183,112.78287922981083,113.49698845474742,114.62195214400064,119.13095883803342
2023-04-18,110.94486103586856,112.67637657219865,114.71434225312058,117.16055111390824,123.54677227158493,113.23075965724799,113.95043233877158,115.07808247529748,119.60503245749364
2023-04-19,110.6804314334885,112.42876049155694,114.44984625131292,116.94341525797753,123.2540661828228,112.9777887917825,113.7060593167605,114.805887949824,119.32213032397054
2023-04-20,110.56865888869964,112.32584402487143,114.33989936360227,116.77829202460981,123.05739853412501,112.86089631347392,113.59756053895977,114.69551557373656,119.20741611132122
2023-04-21,110.69166056261004,112.49925565001607,114.44537253325562,116.89049989405103,123.14510648056134,113.02840705398962,113.77499855688322,114.8211092981216,119.33795045077508
2023-04-24,110.83278418345377,112.7067021300404,114.6663957000311,117.07760555815273,123.25723976344565,113.13336766340916,113.92879652011582,114.97369865559939,119.49654237950067
2023-04-25,111.04435918460184,112.72530576053965,114.71835358682578,117.07151704128084,123.11847245492716,113.2669696571067,113.99013247987284,115.19582194168613,119.72740356757856
2023-04-26,110.29226077002335,112.011549518177,113.99953267990368,116.30660806673727,122.42432870438891,112.55173960105822,113.27934918069616,114.42452716594389,118.92576754182404
2023-04-27,110.41325564623723,112.28248661317491,114.2557293327305,116.62494214793169,122.82006521192189,112.74849911501359,113.52720460413667,114.53694261376877,119.0426051967155
2023-04-28,111.00812214286937,112.80038763714157,114.7877823913156,117.167273588374,123.24026601115585,113.2637027846027,114.04326893621092,115.15776295592373,119.68784741466483
2023-05-01,111.00826655588693,112.81002395881654,114.77451100646611,117.17593819078367,123.31490037769532,113.26783358164678,114.03066700054548,115.15789920026582,119.68798901859677
2023-05-02,110.92321359296142,112.56150627924112,114.59756948701406,116.96912113186303,123.17218904306075,113.17084022193889,113.862278930959,115.06699162328759,119.59350531274038
2023-05-03,111.21401652267575,112.95982432772294,114.98606338667943,117.2013497543781,123.32284833655582,113.40823256153239,114.15668557060175,115.37860332361146,119.91737521680632
2023-05-04,110.57664049802058,112.26864814047772,114.33695468099468,116.56501814687637,122.75456343211528,112.81311867851069,113.51347518150006,114.72860079408582,119.24180284047607
2023-05-05,111.48466788083076,113.25884382629138,115.30425074450048,117.63580058920915,123.8237815383258,113.74294914077669,114.50276778450734,115.65064873936586,120.20012237492136
2023-05-08,111.38958470868332,113.19432449813627,115.27222721144037,117.59949956146878,123.87203052717679,113.67235914594175,114.44540329351189,115.55262099430739,120.0982384072947
2023-05-09,111.33633366600499,113.10466314410857,115.18444856377637,117.54783053751095,123.84344026186558,113.61288276220102,114.36472286143167,115.49534692558017,120.03871128708428
2023-05-10,111.17273857316734,112.94229632346844,115.02312437921611,117.38873085277788,123.61411419441042,113.44239872040833,114.20796526850852,115.32625520449149,119.86296782356727
2023-05-11,111.65945947479783,113.1789236539835,115.26765363294646,117.65578678447835,123.79170938605913,113.83087417493208,114.50293436873417,115.83950045214544,120.3964031501203
2023-05-12,111.80835594446184,113.30894198884313,115.41756630855234,117.85096930171784,124.06017048763498,114.00790110848355,114.67501950112636,115.98620155440717,120.54887519101769
2023-05-15,111.62300835330825,113.24937796158578,115.36076920303691,117.78256105274036,124.18447895315316,113.9137056604163,114.62088214276376,115.78892646479406,120.34383967957444
2023-05-16,111.35368968683343,112.92515017115447,115.01449495284699,117.34997195979251,123.72619925693458,113.62751424334216,114.32831855271124,115.51160960967503,120.05561371382949
2023-05-17,111.24710397744633,112.83332557315656,114.85945528732711,117.26157508209474,123.59374487520216,113.52873472265097,114.22909000921135,115.3973191101675,119.93682724633585
2023-05-18,111.24724846870717,112.8266432240016,114.8486023332022,117.23177397659093,123.59222366338412,113.52093401492954,114.21423665183701,115.39745542832709,119.93696892698911
2023-05-19,111.84933789848263,113.49838519718006,115.54835480266486,117.9066153562474,124.41203802134548,114.18017262204117,114.90064869947754,116.0126272791915,120.57634045288648
2023-05-22,111.74886837187314,113.39793212413292,115.43944449750194,117.8323136517403,124.38411041521562,114.10477550459039,114.83663419298027,115.90142296524535,120.4607615755464
2023-05-23,111.40427460580769,113.11726443759653,115.13686942416885,117.46050529703496,124.07544292150705,113.81705541755251,114.55982062851781,115.54260597862881,120.08782942020065
2023-05-24,110.98370457955045,112.63324541723523,114.68011255932089,116.93607517100095,123.5040795049073,113.35672412467784,114.09231893777729,115.11062372147094,119.63885381357701
2023-05-25,110.76215718093889,112.45198905312314,114.4451565497878,116.66357507988808,123.32597051481594,113.19296126191067,113.9487725779663,114.87905155250577,119.3981720417785
2023-05-26,111.19130994774305,112.81415733063784,114.81908218594397,117.15978276006709,123.87615927943149,113.65454041253619,114.37998675746141,115.31805293215204,119.85444288964172
2023-05-29,111.19145448115245,112.81430249781312,114.81698672337008,117.15885811674951,123.87346481409307,113.6541341442341,114.37750977173403,115.318189290076,119.85458461162362
2023-05-30,111.2062836768499,112.68952321748165,114.72521481313527,117.08589251304969,123.77727221683142,113.59429092315514,114.27956230912861,115.334894613355,119.87194709012536
2023-05-31,111.239590220515,112.54910545873645,114.6690221023263,117.05596110818841,123.69654348225359,113.5563238042604,114.17492143514359,115.374218444973,119.912817845493
2023-06-01,111.49066209144746,112.77827295195195,114.88262578967809,117.286725911133,123.8616884098906,113.77492157616769,114.38752925197007,115.63889276522687,120.18790394341634
2023-06-02,112.49349525482597,113.81558901545601,115.89977165216598,118.39394493552449,124.99986556315955,114.80753319689043,115.44087604225051,116.66097120604996,121.25018898031719
2023-06-05,112.04352227655967,113.5120401870199,115.54990180686148,117.9773856609212,124.64465158108374,114.4193955586415,115.09649927961357,116.19334621319912,120.76416852147031
2023-06-06,112.234598451479,113.65266729865999,115.71500407329374,118.22453802725954,124.95392818469837,114.63742069480452,115.28821896194937,116.38999478596884,120.968552870105
2023-06-07,111.97578806664936,113.47576090140383,115.51514439768195,118.01786628714284,124.6913996504381,114.36798683437827,115.06647244478825,116.12111128910215,120.68909201467297
2023-06-08,111.43501888768847,113.0135780803497,115.02906049318658,117.51716619146013,124.17331815601196,113.86955299275267,114.58786433398818,115.5663388078857,120.11249585322179
2023-06-09,111.4665798021929,113.05232945579806,115.0707520159318,117.54256225658904,124.24377282456709,113.89180120811164,114.62109499879335,115.5927545592301,120.13995074931476
2023-06-12,111.90936649961085,113.48389534222048,115.51107359113533,118.00712059355966,124.8261443221601,114.34514124482602,115.04840487443334,116.04601880008704,120.6110455318608
2023-06-13,112.31463063714975,113.90162521278677,115.89432978714551,118.45281108485692,125.31149934491638,114.77103418518604,115.47972895299003,116.45396671290294,121.0350413293558
2023-06-14,112.09457999822736,113.7872416145675,115.75686796236538,118.26891996049322,125.10902837652343,114.58027776710065,115.33365230071597,116.22573387713592,120.7978302536878
2023-06-15,112.01642831875401,113.68497208841933,115.62091002589263,118.21145876166948,124.93695658577639,114.47168569337158,115.2201714118713,116.14990533341168,120.71901876119277
2023-06-16,112.40950278407198,114.13043566074425,116.08277876687919,118.68979214046706,125.5143024450238,114.88908904800795,115.65881239682983,116.5491781271213,121.13399817711485
2023-06-19,111.78639786946863,113.5862924446684,115.51989617116232,118.12238504523773,124.9778141889657,114.30877435010716,115.09790126980116,115.90217477789808,120.46154296305997
2023-06-20,111.85919201100809,113.43562500628357,115.31677792958286,117.95518538442195,124.66692746794403,114.30725901253803,115.00368735773642,115.98305333365435,120.5456031253278
2023-06-21,111.31679335396105,112.93923544831863,114.77377208358355,117.47465647734987,124.16235799411434,113.81921709150542,114.52636451722708,115.42261247844989,119.96311560698022
2023-06-22,111.25307377513296,112.95466664376139,114.76500764452875,117.38328387165535,124.17568628341212,113.77352633534201,114.52762263755423,115.3554922533109,119.89335500154064
2023-06-23,111.46703958739961,112.97441268100212,114.83409005996299,117.38631965520483,124.17392185658862,113.89739526378217,114.58304631111733,115.58851303335216,120.13554236998316
2023-06-26,111.14875763671203,112.68862891959233,114.50977260216366,117.12723179463143,123.81924344655835,113.58305369252967,114.27606456874216,115.26217072018912,119.79636237915825
2023-06-27,111.20137728906853,112.66281455710879,114.4694160034694,117.2336057451421,123.96534365288045,113.6805538109623,114.33215377589119,115.31025142400179,119.84633448519615
2023-06-28,111.62745355849715,113.122530475698,114.93179453942525,117.64987769868291,124.42053027328166,114.09069672100354,114.76927125158893,115.75004491365326,120.30342860314558
2023-06-29,111.35043135072958,113.0140400003917,114.8378051361308,117.50316487096477,124.37734904892983,113.87563861197864,114.62485942586153,115.45715878801457,119.99902090178433
2023-06-30,112.25589245653286,113.85296066420018,115.71270151433772,118.4155575141512,125.25203685109616,114.74171532984323,115.4858494629129,116.39207725578356,120.97071726026878
2023-07-03,112.21786836620657,113.75877317827181,115.65799573094517,118.43824439778845,125.30220337161985,114.69691393133141,115.42189702187808,116.35031995827727,120.92731731115467
2023-07-04,112.16432516256806,113.75400949119295,115.65669288672153,118.4235196299561,125.33720283647392,114.67970702532911,115.42426349838928,116.292202358814,120.86691347733472
2023-07-05,111.94464142689506,113.50832160207914,115.39360934402035,118.16162229682125,125.1118932248192,114.47336708994766,115.19957317663253,116.06351020739862,120.62922501742594
2023-07-06,110.32474094149956,112.11973474827268,113.94684667035963,116.61364563871244,123.67349987562217,113.01086199686377,113.80718768997728,114.3880378413237,118.88784279749677
2023-07-07,110.26624346873028,112.00459093758919,113.84400167525544,116.5515824235632,123.52550134719549,112.92199610652732,113.69522376911645,114.33122607559095,118.82879616638964
2023-07-10,110.04390414889424,111.91977524261316,113.71107130506863,116.35049502538565,123.38071203340739,112.75419586605162,113.57378735778256,114.10332213350505,118.59192692244629
2023-07-11,110.0968966586104,112.04352820705886,113.84617889718372,116.51085940539548,123.50155632375375,112.81912852661107,113.68765261073754,114.15903382771846,118.64983020734059
2023-07-12,110.63948329602749,112.48899420268792,114.29723278541259,117.01410024832788,123.7690021179118,113.27470351521245,114.12720540434866,114.72757685126838,119.24073861772155
2023-07-13,110.82514251063076,112.50690547378888,114.27012826456895,117.12259766966741,123.67679310314412,113.39411909344568,114.1814789052261,114.92819034893111,119.4492438637532
2023-07-14,111.18069910879757,112.87952707407267,114.65056752526945,117.42272750807541,124.08257716118605,113.75097971409505,114.5412951031472,115.29526453253216,119.83075803829931
2023-07-17,110.75932245220037,112.47266901783807,114.21282614539057,117.01835139256012,123.75269755030143,113.37027833002102,114.15709722424863,114.85830827649689,119.3766127652685
2023-07-18,111.38140526282945,112.91615499151742,114.727106348827,117.58464862135946,124.2963092487331,113.91816420787144,114.64099628681082,115.50772549482386,120.05157680538558
2023-07-19,111.46530163460582,113.07005047490752,114.87742813524227,117.6993178285189,124.42398212121668,114.0207809722858,114.78818186006481,115.5918609948432,120.13902203382689
2023-07-20,111.95739071642099,113.52110545348992,115.35346787403653,118.22109070956503,124.9808199632769,114.54454846972466,115.27605130776672,116.09196131145355,120.65879533308241
2023-07-21,111.92210635582718,113.50338012280741,115.2993323885273,118.23644378646875,124.96724667724901,114.55670311069339,115.28596718918844,116.05132581653714,120.61656131611012
2023-07-24,111.87931565749865,113.38270273143678,115.1790648039771,118.14029604094397,124.7974414386132,114.46732772580914,115.16848991600483,116.01346221789963,120.57720823647422
2023-07-25,112.21203366130348,113.79432572416141,115.62277656916203,118.50704067199926,125.29925028124023,114.85128269802635,115.5962042619673,116.3499262243799,120.92690808852457
2023-07-26,111.78225800180108,113.38367185365921,115.20187028516969,118.15396688289744,124.89368942580444,114.43650589486613,115.18257625207306,115.91017320040646,120.46985602809497
2023-07-27,112.4750438944798,114.12195850920457,115.91651097961471,118.74606883881249,125.54169887317373,115.15241772897949,115.91933080331617,116.62861133182143,121.21655613100147
2023-07-28,112.51311391352958,114.23597350974603,116.06801031215241,118.89489165062675,125.88952029501066,115.2398591028109,116.03086895837652,116.65581782898289,121.24483287932797
2023-07-31,112.50129416172257,114.34551208253427,116.1931891671467,118.97958308998054,126.01274452897908,115.24289942290169,116.08274062641868,116.64227619424743,121.23075854277991
2023-08-01,112.50146314038179,114.36154778628091,116.19828657949374,118.90030833378094,126.05370156323661,115.25645921320044,116.09361940915765,116.64243561468359,121.23092423450879
2023-08-02,111.75890344943842,113.51356148624296,115.299448400217,118.05345691884075,125.22889131774892,114.59156730837317,115.3491429958335,115.86990976818367,120.42800871004556
2023-08-03,110.97506395358482,112.85708951136502,114.59350747219439,117.295372956604,124.547229078,113.86845190950021,114.66153485215371,115.06213437802914,119.58845699281446
2023-08-04,111.11232650175154,112.95830520480739,114.70910151038096,117.37538272534988,124.51503461595908,113.98034153032883,114.77735129041449,115.20771396147838,119.73976339651067
2023-08-07,111.26914624086062,113.1127787878251,114.87859836264906,117.56735077641771,124.73734339310532,114.12763120285625,114.93902224976414,115.36737390731125,119.90570405691052
2023-08-08,111.08437821821495,112.76572763864317,114.52888195124076,117.27595792196648,124.29674453286783,113.86867540033452,114.63339624734488,115.18626155698566,119.71746709576901
2023-08-09,111.35934133650076,113.09109762194365,114.83466274644103,117.57568078261036,124.5376558419102,114.14694302575923,114.93013439551146,115.46667045530883,120.00890673973865
2023-08-10,111.51265136788564,113.22861986640147,114.97589171167493,117.71781654954161,124.66590963960178,114.28259659322126,115.07749505569707,115.63017716570863,120.1788454890099
2023-08-11,111.03409235316413,112.91608597774116,114.68142079866726,117.38533354594945,124.52017256935146,113.90689982378129,114.7675000862957,115.12510911444363,119.6539090339924
2023-08-14,110.94583748886502,112.82907604772458,114.58915777985759,117.25326665611236,124.45397322034381,113.8571768282748,114.71607256845535,115.03467860009027,119.55992115748512
2023-08-15,110.30626597577202,112.17979229748359,113.90823103964985,116.53799121964742,123.77344721519485,113.25569764555364,114.09339712568658,114.3736215638745,118.87285941147614
2023-08-16,110.30835073397395,112.16662648505917,113.89345518906646,116.51519198796099,123.72681315318057,113.24953423919435,114.07811583753006,114.3746399139909,118.87391782152352
2023-08-17,109.62359769309788,111.53626858636206,113.2150454703854,115.78213520925655,122.99646405853409,112.60210682298637,113.43254850479991,113.66909676917152,118.14061996913361
2023-08-18,109.30717458706457,111.16432454447178,112.86047398912548,115.468857665938,122.61904384127322,112.26309951973099,113.08373818118753,113.34887588709243,117.80780221469409
2023-08-21,109.2233050870287,111.0947663730576,112.78494266753034,115.419131496786,122.70383682451018,112.24057166933599,113.07020788763236,113.25625780297494,117.71154071364414
2023-08-22,109.52608335278025,111.42815208736812,113.12858016466151,115.69765760420057,123.04063357711176,112.54687812573229,113.37495123846088,113.56546299598187,118.03290944303325
2023-08-23,110.1192761492485,111.9042619531176,113.66049760648107,116.24464290530945,123.41266777895383,113.0450893653591,113.85024062976812,114.18613579964043,118.67799831860606
2023-08-24,110.28327212005344,112.01759231746695,113.80683148800412,116.36780376734652,123.57747391437046,113.21101273434677,113.99328380624434,114.35431183283913,118.85279007283624
2023-08-25,110.05107055235375,111.82501729700276,113.59918272482956,116.19768888529383,123.41227804644686,112.99337159563822,113.78992089261911,114.11420908393623,118.60324214452567
2023-08-28,110.74151936535446,112.48170706921134,114.26864586284952,116.9152482221831,124.12845160885753,113.68750969984998,114.45858425007252,114.82189903293849,119.33877125223762
2023-08-29,111.04766165996867,112.77746260828951,114.58742110563492,117.28745117934241,124.45437400359639,113.99223258427452,114.75516730804382,115.13818465788135,119.66749894410935
2023-08-30,111.23763831952687,113.06487927233697,114.90043685263362,117.52230591573343,124.76417431761162,114.16028111401835,114.99184188999523,115.33302660898914,119.87000560206774
2023-08-31,111.80740003696499,113.48878468398101,115.3613285734338,117.96019321639177,125.22825357223412,114.67782550571386,115.45055864084487,115.9222080624633,120.4823643184311
2023-09-01,111.66987896112832,113.36598968056495,115.24153594552926,117.8651194562487,125.19809821771675,114.57413109545023,115.35652427581664,115.77690480399778,120.33134510981091
2023-09-04,111.43208094138883,113.17668805637268,115.05653359002916,117.68534766513132,125.08801203990157,114.39435829653988,115.19957890915013,115.52611657760785,120.07069135792239
2023-09-05,111.02544196813338,112.90337831046206,114.75599402923335,117.28219637987758,124.84920982656173,114.04111298596646,114.89063399296285,115.10216751097124,119.6300649520533
2023-09-06,110.8004556858402,112.64534919703037,114.50746053310677,116.99632037106143,124.65170439494031,113.81998428106435,114.66501566184981,114.87039379037822,119.38917369997432
2023-09-07,110.81581979810315,112.70661842906429,114.58558146120016,117.02797631684416,124.58522212502541,113.82836291517823,114.70034665162177,114.88880536418478,119.40830954961102
2023-09-08,110.47011436121423,112.42636255182632,114.30996004983811,116.77112152087672,124.34470596277762,113.50536315952189,114.40937519921926,114.53402485296155,119.0395726568213
2023-09-11,110.76866342754282,112.75951819510293,114.63335461303782,117.1411884715113,124.74847993016695,113.83118964582495,114.74055126519514,114.83461037845677,119.35198263759088
2023-09-12,110.6932497924334,112.7681369835835,114.60872536996776,117.11679774453592,124.7275165105886,113.78922459792109,114.7287211705533,114.75237791735566,119.26651530995125
2023-09-13,110.62470023946473,112.6524852964167,114.49435873504086,117.00194597341833,124.55206033699908,113.6919266918378,114.61846624562719,114.68518007512274,119.19667403411086
2023-09-14,111.16758865976007,113.12248108634226,114.97083946715487,117.58176968708203,125.0789002669023,114.19044367651932,115.0836291149496,115.24692261519742,119.7805144431028
2023-09-15,111.53937232526725,113.5521486235834,115.48660572150706,118.06934574986687,125.74173667475412,114.62404022097135,115.54200382506095,115.6239107231595,120.17233253668785
2023-09-18,111.01498390136675,113.03887513323345,114.96364669244974,117.54460406672369,125.2461180382785,114.13709969802983,115.05696534586664,115.08207371769342,119.60918070767337
2023-09-19,110.83652904397736,112.90058073168048,114.855455052319,117.4039450298491,125.151618844604,113.96501818563377,114.91121262771765,114.89781031108484,119.41766873376751
2023-09-20,111.23520406840409,113.31842356370916,115.32310088034676,117.82536747747594,125.5991053561724,114.38174186980675,115.36086450822822,115.31029970859396,119.84638466921109
2023-09-21,110.52598152051804,112.57726877157543,114.55112310471638,117.03470066810313,124.93405246569458,113.74141955834718,114.68023574917974,114.58187832407502,119.08930859126356
2023-09-22,110.41154803968331,112.41523618523533,114.42708813096006,116.92395871155034,124.8102426557543,113.61457283315713,114.54176189378988,114.4595656790242,118.96218440248151
2023-09-25,110.0989742152791,112.18131306940289,114.19508609818361,116.66902598610646,124.63036854797048,113.32747701738978,114.28083526798596,114.13653858833315,118.62645004859142
2023-09-26,109.96889563437439,111.96626481823822,113.94152922186267,116.38124771060502,124.45346593375895,113.21562759248471,114.12930488719215,113.99835849532431,118.482834217029
2023-09-27,109.7360150586568,111.75838077970536,113.71498020168598,116.16725079843732,124.31451107182738,112.99184060089414,113.92583802858371,113.75596941811499,118.2309100206627
2023-09-28,109.47201588897579,111.64119799799424,113.53684165369951,115.96918253773185,124.16710199207328,112.81488498438192,113.80272246775563,113.48064132357985,117.94475104951019
2023-09-29,110.03124203946524,112.11863842155789,114.00891443020997,116.40144242533708,124.51107300747812,113.29397997004047,114.27831338405088,114.06257545634784,118.54957734953808
2023-10-02,109.38416357362738,111.49282346557628,113.32104580833177,115.60459093520359,123.90626215910063,112.72390298701112,113.70037083697567,113.38795419638916,117.84841778936558
2023-10-03,108.72546644865912,110.83586214998742,112.67770723705475,114.92714413528095,123.35015553178421,112.1228957769059,113.09799969592306,112.70832626532243,117.14205460529269
2023-10-04,108.35097686055461,110.57048077069621,112.37391428921593,114.54382130851721,122.8378690253092,111.76029186113756,112.78386376923667,112.32520864202881,116.74386587305597
2023-10-05,108.51337604227109,110.67453437045609,112.44505590174259,114.58119705204872,122.82043917592176,111.89003887511633,112.88541737944873,112.49509123211119,116.92043131682868
2023-10-06,108.36325258299857,110.53732885581337,112.32744522989273,114.55566313598955,122.82103808774558,111.74421220097213,112.74809535989701,112.34146540332381,116.7607621440097
2023-10-09,108.63748879341874,110.76646881772851,112.61497618449575,114.84996617537826,123.05469267573402,112.00714189928556,113.00519824872617,112.62280074547051,117.05316467631744
2023-10-10,109.82570438795571,111.977312893005,113.8656052157708,116.11872281625696,124.29336399106208,113.15904681339177,114.20290693148117,113.8438934483047,118.32229281274986
2023-10-11,110.12079861004092,112.09722029404878,114.02357390216808,116.35547759816845,124.35496045974644,113.35812790829884,114.33893034262847,114.1568649722747,118.64757603330351
2023-10-12,110.11343415066368,112.15006284412281,114.09581750386324,116.34435254268722,124.55193322123266,113.40156087657664,114.3937578102143,114.14254482004753,118.632692553886
2023-10-13,109.49112571037915,111.51553474841857,113.58342961705823,115.80644088897745,124.07382640966256,112.78549443021679,113.78520131675722,113.50363886755537,117.96865327254402
2023-10-16,109.40873115208258,111.52114713645727,113.59493234778024,115.85949273015468,124.17554583372446,112.7386055722222,113.79279621347287,113.41759811327319,117.87922784080904
2023-10-17,108.78910666912151,110.9274153163749,113.00477315206685,115.344863837276,123.85703566629968,112.20091726124271,113.2528942231193,112.77487300473364,117.21121916518116
2023-10-18,108.38427219363473,110.53229621680663,112.6540150253074,114.88299630859022,123.50380321392362,111.82993662261379,112.8829801454833,112.35043489721879,116.77008448050819
2023-10-19,107.1043997431946,109.26630323309958,111.37887028435279,113.60953362303088,122.27053596160322,110.59164169018729,111.64205573026227,111.03815039896747,115.40617723917485
2023-10-20,106.2310344540897,108.38297481700103,110.54880568461014,112.68100333643274,121.3322895163768,109.7010196005113,110.73719007838048,110.1478098604452,114.48081241976158
2023-10-23,106.19231234964678,108.2796655991705,110.41485886981812,112.57424648382212,121.15066488179778,109.68028984436171,110.68835052666289,110.1040874976172,114.43537010344316
2023-10-24,106.63790539289391,108.72462254184391,110.83120517004478,113.00216295954057,121.45775913541044,110.08947608843569,111.10546300495807,110.56748241290506,114.91699408162805
2023-10-25,106.36645438311136,108.44981237146749,110.58587598072454,112.75549966119998,121.29600014562118,109.8426497220065,110.85533216957396,110.28724594276879,114.62573364883784
2023-10-26,106.00554740503554,108.12799457686175,110.30848740500663,112.4140985537788,120.93755237722092,109.47234731446491,110.50688119017968,109.92264624450738,114.24679130111572
2023-10-27,106.0952799435922,108.21318154802373,110.41500173775623,112.41465729678222,120.96573629006697,109.52710978403269,110.57290379808097,110.01832832098364,114.34623732607882
2023-10-30,106.2776273362654,108.41221628110293,110.66349163728964,112.70270156553566,121.21885557264748,109.71981375061335,110.77035584850677,110.20685529072087,114.54218058346997
2023-10-31,106.79256063768054,108.9238622616539,111.20530225085956,113.26349136645743,121.81857111998148,110.21157061114121,111.27692411479681,110.7352998702347,115.09141315430556
2023-11-01,107.43464155775327,109.55387544916104,111.81948762918795,113.92292941313676,122.32616947517205,110.84963125936049,111.91036446755108,111.39277602289235,115.77475315169843
2023-11-02,108.1625367566982,110.39554684249646,112.66997068307134,114.8095419753972,123.03133949627636,111.53662062757073,112.66914331203989,112.14616232610113,116.55777622012383
2023-11-03,108.7016365598649,110.88758691793403,113.14228648547211,115.29580921458376,123.29174347144433,111.98541568439397,113.1262789426745,112.70324223122981,117.13677057509697
2023-11-06,108.43268518279822,110.81397707868194,113.02860119763693,115.11380427556941,123.22895038730763,111.82486130324625,113.03534509620192,112.41517611456133,116.83737249256953
2023-11-07,108.63816460493962,110.88400308393618,113.07074590399408,115.17644331561789,123.26719256575316,111.98729779420098,113.14125287508128,112.63079531350127,117.06147373524713
2023-11-08,108.74597867425366,110.93373518895764,113.09633747955199,115.17399158646163,123.11452592270908,112.03041443857116,113.19097822411706,112.74901490148746,117.18434385398791
2023-11-09,109.18119675943161,111.29852543939238,113.4999861918147,115.57471080554458,123.64028757661778,112.47506538010637,113.60401448812796,113.19363968973799,117.64645932451225
2023-11-10,108.70971083419099,110.8962761726569,113.03684343319009,115.16955724601597,123.19734152844701,112.03793298934211,113.18106311441566,112.70474243847863,117.1383297976077
2023-11-13,108.94932305471123,111.13138731999639,113.27535465438439,115.41027521877962,123.49543234926432,112.30067762202329,113.44559014104834,112.94926631825469,117.39247277555943
2023-11-14,110.10526649692622,112.16515823885726,114.31740226416241,116.56622461909846,124.28285839679847,113.34860292512354,114.46546611711688,114.14679606795077,118.63711103768861
2023-11-15,110.05415014353974,112.12204938719388,114.23538813101473,116.53494583332396,124.30771903246811,113.31251753817004,114.41422672065302,114.09428155882095,118.58253070897734
2023-11-16,109.9916486973721,111.93054499463749,114.11397278485099,116.38408658522911,124.04166441206137,113.17537859601391,114.24401046365406,114.04024115977569,118.52636446478213
2023-11-17,110.44236606525948,112.34469221076111,114.5354948065067,116.89454999070135,124.51657919581574,113.65272835226435,114.71568799063596,114.50102527942694,119.00527494366169
2023-11-20,110.34205883497125,112.23597722654857,114.38746105838102,116.78260827069163,124.33736510886628,113.5526241781759,114.61234506586212,114.397475767149,118.89765199313487
2023-11-21,110.70691293745827,112.52289851763122,114.74383526711287,117.11014818999574,124.67017177990853,113.86625167010493,114.91078872027917,114.77697982610647,119.29208501037863
2023-11-22,110.97503016482355,112.7998178434088,115.0322869606479,117.4203084119545,125.02429429721991,114.12250054987287,115.1822935202294,115.05202869013826,119.57795376663793
2023-11-23,110.89157198331803,112.80681715182249,115.03793503999205,117.38688151654657,125.04440868320566,114.08385089402155,115.18788774416934,114.96081656561421,119.4831535329222
2023-11-24,110.76753837729146,112.82503500959456,115.05975988218573,117.39260651979737,125.08465596790414,114.0108323102452,115.15899249362917,114.83124475103298,119.34848461287055
2023-11-27,110.85904659194583,112.70560740956515,114.95475401467972,117.35320783696099,124.94611331977544,114.04451869481937,115.10609356295127,114.93193104920539,119.453131715967
2023-11-28,110.58213205795566,112.34579486369472,114.62214604743998,117.06917989349147,124.61111728740622,113.74275583512986,114.75518918479932,114.64719553534435,119.15719525574262
2023-11-29,111.04692027719314,112.75878507774681,115.02625744625338,117.40699920823579,124.82761818759043,114.11765746743463,115.12953247383557,115.13958371912261,119.66895304172351
2023-11-30,110.90624052073237,112.60492261817411,114.85515769239139,117.3007650511637,124.71037983663587,113.99010598115409,114.99452619657082,115.00246130844533,119.52643649967716
2023-12-01,111.36905259363901,112.94559475690336,115.24407647069536,117.78002552582569,125.13593186100023,114.44263511231603,115.39952695805376,115.47493930709678,120.01750087221994
2023-12-04,111.55286309893056,113.09106223621659,115.31741071243825,117.85208023179065,125.1435030960166,114.58090793046598,115.52678182213556,115.66522155933545,120.21526846154327
2023-12-05,111.79098613014371,113.24402518830283,115.45444717556708,117.93389496590211,125.09410580983,114.7491174779765,115.66581615889142,115.91905924549366,120.47909163307035
2023-12-06,112.16340852269407,113.6321381141197,115.8605895754178,118.32724712093004,125.43103384726442,115.07627040208817,116.01314192656871,116.30642522883483,120.88169584765132
2023-12-07,112.22293978958935,113.65013736245535,115.90969827531737,118.36550849598446,125.44535245765181,115.10748465804504,116.033233543973,116.365230666966,120.94281457838673
2023-12-08,112.32847063199097,113.95663674828333,116.18187630123889,118.64857858491445,125.92247630074684,115.3490377599058,116.34224766114856,116.46442934042823,121.04591553648392
2023-12-11,112.56585070936767,114.10058969853321,116.26984916209425,118.81318721655983,126.07459571298196,115.58811341742022,116.54194299989886,116.71024084109077,121.30139678784626
2023-12-12,112.7665448892813,114.28161740645571,116.44851139291245,118.9624891303326,126.1614499542849,115.76770499149809,116.7281391147102,116.91851252105188,121.5178614743088
2023-12-13,113.13431977537674,114.51642177471663,116.69027362532734,119.3882807120412,126.36616622698922,116.07122704161424,116.98725021106814,117.30591774800536,121.92050647627015
2023-12-14,113.93083903447598,115.3363153592031,117.60811228918666,120.20798780593283,127.065653056302,116.71797567010272,117.70144680537236,118.13887125161406,122.7862267654146
2023-12-15,113.98315975546609,115.24109129622711,117.481552408723,120.12131351492641,127.04292458625137,116.76669433043276,117.65488558615121,118.1994022708986,122.84913895834035
2023-12-18,113.82092883349044,115.2226196450365,117.45964031294487,120.0519335599364,126.99795006624693,116.64339767238867,117.61671463186627,118.02219764899019,122.66496344812082
2023-12-19,113.89330367431758,115.25901103114174,117.49383594884031,120.16448739525536,127.03646908076807,116.69573072547053,117.66196880268294,118.10066781511372,122.74652047934929
2023-12-20,113.93207386557378,115.41566219457833,117.64076024277492,120.09891445150215,127.01364950212448,116.7262886400013,117.75790102282461,118.14018706192768,122.78759433717008
2023-12-21,113.51964406675225,114.9990058487678,117.21950103754108,119.74987612034059,126.60988381383326,116.31842404885317,117.337438010621,117.72211714856206,122.35307835913119
2023-12-22,113.84509798077758,115.19298321482061,117.49231190700095,120.0683309054995,126.8971098121303,116.52952792011824,117.53942859470834,118.05547487799384,122.6995497391805
2023-12-25,113.84526781585997,115.19315379461442,117.49937053883306,120.07182403399177,126.90608098829782,116.531391899581,117.54766168675037,118.05563510640992,122.69971627067369
2023-12-26,113.84543765919824,115.19852281114152,117.51737968657028,120.11689937290053,126.92433255840021,116.53993913941471,117.57033064240854,118.05579534261486,122.6998828102621
2023-12-27,113.4376622039643,114.76998684234508,117.05177440922914,119.67787156273985,126.38268648311836,116.09295453720333,117.11949480081914,117.64782533338811,122.275864047126
2023-12-28,113.21359027937233,114.54245976229743,116.77431779735097,119.41981408871756,126.05818153028956,115.86922702312133,116.8778870013161,117.41813821699793,122.03714148223783
2023-12-29,113.1300046576614,114.61783434843164,116.84522052984319,119.3767991077112,126.12790455196277,115.86081975075257,116.92894268364714,117.32744161740163,121.94287705320697
2024-01-01,113.13017453402719,114.61800496968988,116.83429075828451,119.37163969697609,126.11394399532752,115.85826008491847,116.91612137253986,117.3276018847659,121.94304362518047
2024-01-02,113.13034441865086,114.63933105033888,116.86992127325455,119.37946898609304,126.11835782028065,115.88338940939352,116.96438451558731,117.32776215992094,121.9432102052512
2024-01-03,112.90458031436033,114.3614357577343,116.58695483736989,119.14976109310516,125.9153515842093,115.72688080122442,116.77204581986464,117.08311304654974,121.68893706725608
2024-01-04,112.86400434390613,114.49799852944112,116.75309018979677,119.26368753836671,126.13874833592634,115.73511595453296,116.86116954389175,117.03848852027383,121.64255709811836
2024-01-05,112.60588390621167,114.34856242228328,116.58574537517362,119.06320270057995,125.89266047275825,115.5029018508854,116.6649929118614,116.77122491192375,121.36477985449528
2024-01-08,112.86420204325651,114.54957193516147,116.74947023123967,119.30869959791596,126.1204233477476,115.74682167999507,116.89353579868818,117.03945139860117,121.64355785422339
2024-01-09,113.0539468440197,114.79823525175894,117.01336520691083,119.49933079356153,126.42920037890197,115.95830546750786,117.12347125146843,117.22985249801019,121.8414489659357
2024-01-10,113.05985646268391,114.86348302489982,117.07687670682449,119.59878265020198,126.60250591368624,115.98724657741344,117.18033782386628,117.23230585922819,121.84399883765582
2024-01-11,112.93852610308399,114.69390422950589,116.90584825394154,119.37295322512236,126.38183764270194,115.8657856472395,117.04106020732814,117.10339789230576,121.71001987975048
2024-01-12,113.26946440174966,115.08042110313016,117.35262367889965,119.74642141971977,126.73895457682688,116.14808186551411,117.35124431720656,117.45147007395182,122.07178455020598
2024-01-15,113.25778434682519,114.99070371106434,117.28290579908037,119.7520674064757,126.80173793861269,116.16914078278458,117.33363744665238,117.43362288310699,122.05323528526901
2024-01-16,113.42146163436489,115.13809245048239,117.41820442190338,119.78381910205454,126.97031636204763,116.32784335748762,117.48268363026138,117.60436501634824,122.23069408497193
2024-01-17,112.90517808717355,114.7583678142447,116.99653829591026,119.2751262137055,126.61055365904174,115.91041944242582,117.09671849957726,117.06030778441952,121.6652346900647
2024-01-18,113.23749547114804,115.02004780933304,117.30687444564238,119.60348464993776,127.03655174813207,116.25479792995552,117.43136881371963,117.39820547191569,122.01642462137909
2024-01-19,113.37592778014223,115.20242717695359,117.52146982109653,119.82536211038017,127.37392188233024,116.43229594002955,117.62417744238908,117.53017250116149,122.1535829792241
2024-01-22,114.15468332064778,115.94244462979775,118.285023772345,120.56955013715431,128.148452710429,117.16074820138753,118.36873814965014,118.33455007242057,122.98960321391279
2024-01-23,113.53211189174377,115.37562809114664,117.73566323413887,120.00047313441513,127.67230290814165,116.59276144979206,117.82376504985447,117.68905894692377,122.31871971155131
2024-01-24,113.76671868590323,115.66711061361367,117.95495295648368,120.17513515754943,127.75931486527834,116.83596332574864,118.09488835437006,117.92732954092293,122.56636341151525
2024-01-25,114.10934503367538,115.83075526377877,118.16677018495587,120.548375040505,128.0798055903206,117.15671457337066,118.3398772866641,118.28362053308857,122.9366702046566
2024-01-26,114.5245772997086,116.29341541801645,118.60322248860467,120.9821146785482,128.50478118957378,117.57071500348334,118.768165374234,118.71597751095547,123.38603527277976
2024-01-29,114.6788450752046,116.41255602986958,118.76527621630821,121.1306056036983,128.6944140090329,117.69470148450397,118.8978969958761,118.87747023387114,123.55388080818071
2024-01-30,114.85309741325398,116.61549253551875,118.98266948195335,121.33050607759603,128.90643136980216,117.87211526226274,119.08875773982206,119.05300301542428,123.73631871106741
2024-01-31,114.57400630957235,116.21482480637346,118.58762017255353,120.84349629398233,128.2320184833496,117.46450706449309,118.64366896694247,118.78131245902846,123.45394037179422
2024-02-01,114.55950496874665,116.14671883465539,118.50813774847356,120.87549623226278,128.2332516411104,117.42406765828046,118.57191038344727,118.76534410658496,123.43734385514036
2024-02-02,114.65726274464039,116.33585416688157,118.67662693371001,120.97852868349122,128.48617659176313,117.56335216081202,118.74567975884598,118.85698017270042,123.53258470749265
2024-02-05,114.58403897269069,116.40637321003271,118.7345971784511,120.98766714245548,128.7454141552982,117.6749193897644,118.86384688265915,118.76349356860885,123.43542052056667
2024-02-06,114.74511922582306,116.60686310367028,118.98151903533083,121.21443427766158,129.00043973500928,117.81688129752747,119.0436894159872,118.93030239077692,123.60879128031921
2024-02-07,114.78339528660895,116.59250854796437,118.98288026139959,121.22177519813084,129.0302776250551,117.83605602598115,119.04445749550614,118.96948856912317,123.64951896740068
2024-02-08,114.714019527245,116.58201786402888,118.95544551319861,121.18760288398708,129.1669959886701,117.83674769503224,119.06372682729494,118.88577955002569,123.56251699681877
2024-02-09,114.59730458798816,116.48246368295443,118.83590702645041,121.07237653162845,129.11871880683492,117.73554036510309,118.96752106402637,118.7607129679244,123.43253053641018
2024-02-12,115.07709858278585,117.01210119799512,119.37046437116332,121.60211838277581,129.6350504276131,118.22184344202003,119.48549594985684,119.252890271287,123.94406914634628
2024-02-13,114.97363160411402,116.75243870940596,119.12579762135177,121.31291881530959,129.33573131301063,118.10096398246795,119.29422620763131,119.14679159440912,123.833796751997
2024-02-14,115.21431018965455,117.09802507912971,119.47021495766757,121.6287539756291,129.73439011685628,118.36433090689576,119.61429958596443,119.39627213046215,124.09309137153099
2024-02-15,115.64225162932775,117.44234692094304,119.81767763629803,122.12977343209768,130.12484991578052,118.75232308447363,119.97567689648989,119.84083949782465,124.55514716234022
2024-02-16,115.70576197320477,117.53711129970863,119.9149208764791,122.23346310287995,130.28686038432204,118.86933259689607,120.07773169096056,119.90006431013511,124.61670176462691
2024-02-19,116.01987126991655,117.79674764048673,120.21683469913623,122.52848478447773,130.59451014213698,119.16001256323135,120.3554451955869,120.22734749941375,124.95685964382051
2024-02-20,115.99277271929157,117.73747609731183,120.18890796867365,122.5023863855784,130.46485636642143,119.12038773307994,120.310283399889,120.20524714203667,124.93388990097675
2024-02-21,115.84384236906698,117.55304656145125,119.97958191413649,122.3748209967715,130.2434921183658,118.9791356862284,120.13673831445426,120.05296035964517,124.77561245005822
2024-02-22,116.38018085023825,118.06910904107167,120.51328068735623,122.9579265929688,130.9294670955863,119.5146423531995,120.68327165611854,120.59653959324656,125.34057504310516
2024-02-23,116.8863778766911,118.56807526772108,121.04017351430446,123.50048978103136,131.51717552612777,120.01587556257142,121.1755964080284,121.11453921839687,125.87895177520245
2024-02-26,116.675233092369,118.38949998988504,120.8269422991196,123.20333863072983,131.2642451831802,119.7982522801911,120.96708632480151,120.89932118104821,125.65526747503999
2024-02-27,116.55522353595424,118.28744116226505,120.72971433084724,123.16202847158971,131.2663818216628,119.69950729647125,120.86930798712969,120.77265252193743,125.52361591499994
2024-02-28,116.27112565158208,118.05394201876985,120.50036057490381,122.88051061946226,131.00176055073325,119.42865077894822,120.62156304395056,120.48123862995044,125.22073836212493
2024-02-29,116.64626035255586,118.25556564919737,120.7442924865534,123.21987188284737,131.29111177666582,119.72829787667978,120.85937066128434,120.8733624259297,125.62828755252373
2024-03-01,117.24316234475474,118.7950063891283,121.38943466191543,123.86774918804291,132.16822199735478,120.3121192423421,121.42178840649595,121.48112258771584,126.25995582777854
2024-03-04,117.25530234253718,118.81520726131258,121.48929737567286,123.96584664921906,132.38916647471424,120.33171814622582,121.42715656839584,121.49045857538856,126.26965907521365
2024-03-05,117.28510206882163,118.76069036262804,121.46157613200354,123.90199728224576,132.15715748011078,120.29755834306508,121.37486793724548,121.52808458531605,126.30876521985756
2024-03-06,117.61750325863804,119.12310893493859,121.89097679312589,124.33987746642185,132.65076139566355,120.62458073694503,121.72764941677418,121.871787089555,126.66598831821814
2024-03-07,118.20792194659471,119.66202473824067,122.44398616012558,124.9477743558359,133.24751721352578,121.19186339326762,122.28523815813048,122.48443250348062,127.3027340220166
2024-03-08,118.55576884778397,120.02376461837257,122.86912752736467,125.29630597628243,133.57853534838662,121.532504712646,122.64712995534417,122.84483361858831,127.67731262241537
2024-03-11,118.26290560996173,119.72308643834207,122.60007279509892,125.0217740130286,133.29362282445356,121.25265277026367,122.35871416557944,122.54732042608347,127.36809583429492
2024-03-12,118.81612064762786,120.36583951756481,123.2101854014997,125.606176722222,133.9534239532672,121.84797855714923,122.99492069961427,123.1091349385393,127.95201104692278
2024-03-13,118.92788500590407,120.4190626497851,123.2837595291369,125.7896494270985,134.21172973989178,121.96130434400814,123.08088981175997,123.22598893518798,128.07346185459463
2024-03-14,118.79714240826802,120.39906303693226,123.26651721053292,125.69007513180415,134.29571948862446,121.90770333661554,123.06266316021383,123.08180470880608,127.92360569862358
2024-03-15,118.55223486079336,120.20547292887052,123.09558880968365,125.50708676267774,134.16833583169446,121.69845050916865,122.88310380542494,122.83046041508601,127.66237400478782
2024-03-18,118.7329719177977,120.3211703131318,123.22037515716325,125.70080763911066,134.43320158914474,121.89370456676562,123.05062829177598,123.00680104496146,127.84565153519294
2024-03-19,118.70188735292757,120.26386333831067,123.15934159648099,125.67777113402757,134.38053529413386,121.8213948336292,122.97884199937134,122.97796945174343,127.81568576266294
2024-03-20,119.19355216504283,120.74519315753808,123.67001147270153,126.26388039504978,135.04156264751776,122.30429820459764,123.45849268719209,123.48383015477984,128.34144605084487
2024-03-21,120.42113844871174,121.85310259247446,124.88825052632382,127.50153698214972,136.45529945929223,123.48509943708584,124.595073813319,124.74025289527408,129.64729404052966
2024-03-22,120.14353940173123,121.57182676785479,124.5787205053807,127.17514778285465,136.04615157328178,123.20560157943375,124.32811507537431,124.45728283291034,129.35319248126203
2024-03-25,120.02230709893131,121.44797735981024,124.51229442847122,127.1520757517387,136.08213030319456,123.10958144555512,124.2470808125651,124.3291620695687,129.2200316940092
2024-03-26,120.37475721279758,121.79402197768047,124.89414679480927,127.50933172269474,136.4943954725947,123.46068443814826,124.59156379871415,124.68994395840423,129.59500604704047
2024-03-27,120.69168247898764,122.0706737718209,125.22418741936505,127.90991564978829,136.82994018577912,123.72606058539128,124.8534460288588,125.02117045223788,129.93926235279062
2024-03-28,120.74336414395106,122.13621912180072,125.33182741951919,128.04321121350821,137.0896225048567,123.78535071814048,124.91703223689483,125.07446757649186,129.9946560831967
2024-03-29,120.74351019987708,122.13636581816874,125.3377547633168,128.04614648031952,137.09715531800305,123.78691855290727,124.92394522997583,125.07460537081178,129.9947992980796
2024-04-01,120.74365626188875,122.14153064786397,125.34230859550368,128.0489055218473,137.19255028536244,123.79200054376139,124.93081336842873,125.07474317087318,129.99494251892983
2024-04-02,119.76238576009126,121.32607925196706,124.63783949075138,127.28976945980368,136.66467413667073,122.95339000296812,124.12570260356199,124.05173135207181,128.93168738675988
2024-04-03,120.06729319529406,121.63768378608893,125.02999032499827,127.65498606288341,137.12008848694072,123.24322823851053,124.43122263633325,124.3632016062867,129.25541028049955
2024-04-04,120.49478826591384,122.08412607052553,125.49814167161182,127.98790543656918,137.3942121661918,123.64540797115224,124.8432291133887,124.80552450530355,129.71513330990402
2024-04-05,119.39167968296682,120.95605640832142,124.38063586016268,126.99077025473346,136.49498229703028,122.5664543260321,123.72054232605956,123.67557175017971,128.54073039107686
2024-04-08,119.75520802235144,121.38949256939526,124.85544148669618,127.47391942617325,137.1287629155568,122.96850548119573,124.14383145122049,124.04220779387268,128.9217891901353
2024-04-09,119.56231186129602,121.16759277194325,124.67308241760225,127.27282469712789,136.85196174073522,122.73164767358946,123.907566458372,123.84966428629728,128.72167139204828
2024-04-10,119.48974901216114,121.08831119314753,124.65571636603647,127.22448543240883,137.14952796697463,122.71953035042029,123.88953893725594,123.76619452518844,128.63491809140314
2024-04-11,119.15714782890339,120.73197428880624,124.2861551806625,126.91251505203225,136.9388572531433,122.43483352059073,123.58410508266977,123.42097025059557,128.27611335917572
2024-04-12,119.23146333338197,120.81028846110709,124.50016038946659,126.91371392329494,136.96412930280397,122.4648919324643,123.62106710307452,123.50215666710898,128.36049349284954
2024-04-15,119.09184070483498,120.68069885220669,124.24870645770956,126.70840450283995,136.81407684600507,122.40136026154534,123.53626776800026,123.35244832320518,128.20489591121958
2024-04-16,117.76374562280904,119.44179126358327,123.07075931585436,125.41179467294457,135.65188022498054,121.12288486146703,122.27568638647965,121.98965565414224,126.78849360497595
2024-04-17,117.93009949119279,119.54341679158492,123.17893193068117,125.5584187947122,135.59372182430775,121.26612073749068,122.38862040795804,122.16149645199926,126.96709428864325
2024-04-18,117.68652835091665,119.37323831347906,123.00299396545822,125.39217822654403,135.41721504815692,121.05335456830852,122.20838989658607,121.91585916253548,126.71179410161251
2024-04-19,117.59297410914526,119.30073971643615,122.95850565727756,125.37376827937095,135.3313620381809,120.95577208540556,122.13656693148411,121.82052135983174,126.61270589348865
2024-04-22,118.13031585013141,119.74153162951362,123.28624008587464,125.8425899974511,135.58486558714952,121.46843520621411,122.61855056057314,122.37769579990845,127.1917985022325
2024-04-23,118.98649999313982,120.63073309473897,124.15581529081778,126.79678698506147,136.5828188597512,122.33155239675129,123.5037100716568,123.25146630192575,128.09994145183902
2024-04-24,118.80864111406821,120.49833192878853,124.0733034811387,126.68855906166615,136.592698909373,122.19519849651574,123.38845581933215,123.06022105629148,127.90117298681585
2024-04-25,117.98324824342122,119.65998871418991,123.19229222117656,125.91275482282241,135.79105834949127,121.44092270948595,122.6028255319972,122.20830203085814,127.01574110876919
2024-04-26,118.9022591856028,120.55794403440908,124.13843635120492,126.87861817744948,136.9370835104092,122.297142729345,123.48611038726254,123.1553018289713,127.99999405385
2024-04-29,119.08062654627452,120.68193536837222,124.2458492039944,127.02546525127308,136.88494189869556,122.44107535062274,123.60785640502918,123.34064205588314,128.19262520809457
2024-04-30,118.94185052268935,120.60189127271954,124.10302799513768,126.81986367472138,136.77461862869947,122.36047833421632,123.55178474054253,123.18902779979575,128.03504673936885
2024-05-01,118.9419967186498,120.60868138482559,124.11026278650294,126.81525377001788,136.67052118950852,122.36751152533229,123.56250789199254,123.18916572622913,128.0351900915623
2024-05-02,118.42684424955128,120.05314872375423,123.58275559237757,126.26037905080018,135.82075828322317,121.8147259402675,122.98804445263576,122.66742507682713,127.49292517052908
2024-05-03,118.88244865538181,120.53378588831391,124.03621929126598,126.66912207375083,136.06360916931345,122.20218329561109,123.40898496293376,123.14442780831718,127.98869227018012
2024-05-06,119.49686862108196,121.07989796244416,124.62792836228347,127.3789714683181,136.89111031469133,122.79640017572315,123.99092131599537,123.7749526755521,128.64402077052318
2024-05-07,120.3388171173043,121.97306696921262,125.50608779165957,128.25852399686198,137.77920145514548,123.61586201800527,124.85557392350593,124.6429545427922,129.54616815837784
2024-05-08,120.49026819904338,122.07653817422255,125.63745278835783,128.47888991339454,138.05106697448898,123.7882505172567,125.00775155976693,124.79944464433395,129.70881427892124
2024-05-09,120.49041443155663,122.08975225870257,125.65176152835211,128.58698487857262,138.13188006875083,123.80200298493284,125.02898628960983,124.79958260525252,129.70895766695648
2024-05-10,121.21291245816734,122.90730974431182,126.4994106740986,129.47595906595527,139.25565827451967,124.59614196879973,125.85391235305285,125.53422551442328,130.47250001234528
2024-05-13,121.21012230872388,122.90549118010942,126.44592969772148,129.3991464822988,139.0931919693082,124.56980610600101,125.83574353229783,125.53458015693101,130.4728686058058
2024-05-14,121.27431218677118,123.02680330981116,126.60797320181088,129.5530221018706,139.31400990707905,124.6476229237167,125.93697426005448,125.6018772853472,130.54281307355654
2024-05-15,122.11357450247378,123.7404141319577,127.3623245641271,130.33049035283378,139.99974077884247,125.39160925875925,126.63647037085319,126.47142556077773,131.44656770231958
2024-05-16,122.52708793958051,124.23521282543916,127.83930757497754,130.79071341499738,140.54776129941428,125.83360349021153,127.11544197006097,126.89524578752712,131.88706019998858
2024-05-17,122.57182210113989,124.32268452900878,127.97588723451092,130.9774027147692,140.94658958698568,125.91710827919273,127.2014453214401,126.93611373926701,131.92953581818782
2024-05-20,122.5719683763096,124.32783416133894,127.99378516381603,131.0120054896772,141.0554762413105,125.92570537430218,127.22509422875723,126.93625174042921,131.92967924804978
2024-05-21,122.65086093017447,124.3894419724576,128.10875736986313,131.14939931819686,141.27859793770966,126.02282139398025,127.32666102469933,127.01390233543539,132.01038446781263
2024-05-22,122.72662162706544,124.46249650394677,128.10477969290588,131.09624217167132,141.14456650782176,126.098093819356,127.40910653742503,127.09007484422085,132.08955345629144
2024-05-23,122.48393012702365,124.30218348031283,127.84925340941345,130.7383963664396,140.78324414166136,125.94283222318042,127.28709710557989,126.84079089943627,131.83046316154753
2024-05-24,122.40955034107105,124.3010556205187,127.83898046957,130.74262950552136,140.79419713157014,125.87801201319992,127.25720013679846,126.7625440460343,131.7491382277327
2024-05-27,122.68093750748157,124.48054402540699,128.0594233452047,130.98130108030455,141.02592566969082,126.1102574905977,127.46479359834039,127.04501102470101,132.0427169129602
2024-05-28,122.05817394293115,123.90664676676732,127.52410283605992,130.4166924037104,140.5656104096824,125.50560298077966,126.9012166768228,126.40272283439306,131.37516234308515
2024-05-29,121.27497026366557,123.31146924268393,126.86843365373561,129.65163928633004,139.93250877059657,124.8515855892017,126.29665917165799,125.58817911416611,130.52857604272074
2024-05-30,121.17543355755716,123.2537155071943,126.8094853179101,129.56307097628454,139.60523381605324,124.7403785944526,126.20622835749975,125.4943485826747,130.43105439895385
2024-05-31,121.34028744979686,123.41404544517196,126.9973295189145,129.7688131289735,139.6022473949508,124.85926135351464,126.34326528576926,125.67817815770685,130.62211547518518
2024-06-03,121.65571791183037,123.6356017700645,127.21493910932062,129.9224495008793,139.664145097745,125.11751032176184,126.58535469875322,126.00176713477376,130.95843381897825
2024-06-04,121.24673364774905,123.27111815774468,126.83716866986592,129.39438392010032,138.8632297598742,124.72913401417365,126.21990352392092,125.59019211113815,130.53066822711415
2024-06-05,122.1329903706351,124.04744251919193,127.67238162175917,130.34444939486278,140.00434465674053,125.52965567054089,126.98762608886385,126.50132418074256,131.47764247637218
2024-06-06,122.74304586158225,124.66364772343684,128.33109451624017,130.95758118946245,140.68360282705228,126.08393851925443,127.57527925252923,127.12994942874742,132.13099663012565
2024-06-07,122.61195210382554,124.57454628962894,128.07690898208492,130.73556233906547,140.4853254711342,126.00526396730696,127.48003853526593,126.98992425918753,131.9854631402565
2024-06-10,122.00706883360215,124.06108922814792,127.53360838912704,130.2727609126245,140.13943100070523,125.47664267582093,126.97957898042098,126.35723954071396,131.32788982428966
2024-06-11,121.92777636780372,123.91913312746266,127.4433272989219,130.09018602445389,140.0363301368563,125.38801558597746,126.8747504728448,126.2762441592805,131.24370824064763
2024-06-12,122.85489937779897,124.7430209694403,128.27159775295925,130.90259787888704,140.7018737734712,126.1805658793065,127.66207958210501,127.23722486842779,132.2424920788582
2024-06-13,122.49497080297951,124.35643577610801,127.85553780162806,130.49573380035636,140.21389516634247,125.8525933284981,127.31836111968381,126.86093356188299,131.85139819751527
2024-06-14,122.22415325027318,123.9240658996445,127.52391115966863,130.06867865701693,139.6924264238061,125.56927729428654,126.97738471392297,126.59400569303281,131.57396990073696
2024-06-17,122.14816397610258,123.88378509286275,127.40711325832943,130.01480046648933,139.80510878339135,125.53896666597011,126.94009206525013,126.50678727317424,131.48332047633144
2024-06-18,122.39223151685769,124.16435056509269,127.69385120165558,130.30717565769595,140.03689927888442,125.76132071027637,127.20208743801875,126.76180382127941,131.74836888396254
2024-06-19,122.39997745536316,124.12744667339028,127.65931819793272,130.29452653333865,140.00811517480142,125.76848743143097,127.18425180202506,126.77044478790384,131.7573497695608
2024-06-20,122.99282221560675,124.67496270884435,128.27819066724442,131.03344989917773,140.92857648293366,126.31425923546007,127.71680726960825,127.3789546923973,132.3897972809561
2024-06-21,122.41699342583985,124.06200007408768,127.63097381431837,130.38321844760947,140.21724185601852,125.79207371605881,127.16729009310248,126.78725795631713,131.77482433561656
2024-06-24,123.1290582633646,124.79874608307951,128.36351050900106,131.1798910827357,141.02442125180724,126.4598648640132,127.85913131071767,127.51789414966386,132.5342023487027
2024-06-25,122.95305725501491,124.4390647673808,128.00557026596954,130.87664223221182,140.61688286416688,126.27867636463117,127.59711814454013,127.3394438216598,132.3487321287105
2024-06-26,122.69472224930931,124.20892659363088,127.73656737298423,130.60588881636497,140.48094931725768,126.05759736773201,127.38341594108786,127.06938767599745,132.06805249473913
2024-06-27,122.92845103407144,124.4249103391819,127.99800305577784,130.89582491645655,140.85777218262902,126.26361554683511,127.58306767481953,127.30912665325533,132.31722234132928
2024-06-28,123.00445945807354,124.4976753621265,128.02779275906968,130.98235543423118,141.03598630953232,126.34685299234224,127.64530383045943,127.3765896116073,132.38733916244593
2024-07-01,122.87269971286334,124.52163185271804,128.0626461844014,131.04761288669334,141.39125024379737,126.27816041377736,127.63757822328891,127.23683332963664,132.2420851376856
2024-07-02,122.88635069505975,124.59478346316423,128.13459914463996,131.0934429467655,141.40625461373602,126.27661766643223,127.67998656583896,127.24550552258818,132.2510984779945
2024-07-03,123.42897498641958,125.067040765392,128.68381077645108,131.70009017155306,141.94269292995176,126.74193001711606,128.14604270515963,127.80877118431732,132.83652192531142
2024-07-04,123.58220505405637,125.25817824080701,128.85163511897161,131.886025094847,142.18007693102805,126.90882589215138,128.3308503705333,127.96616213689931,133.0001043346388
2024-07-05,123.52832046210295,125.19399648834843,128.87865555342475,131.8430682962404,142.13586223597923,126.8321758925008,128.27541257110983,127.9136003777934,132.94547489722848
2024-07-08,123.6623295723893,125.34334552846825,128.96499771017594,131.9288794879694,142.15557461996494,126.96103723395969,128.40909317117342,128.05069715965928,133.0879648022754
2024-07-09,123.6092146454898,125.29268139782523,128.88900239332756,131.88652441384593,142.1226924265027,126.93556051479446,128.38235860171295,127.99629428276486,133.03142182105103
2024-07-10,124.15875844526028,125.74581515506007,129.41371853060704,132.50347458376118,142.75276165779403,127.42219389852852,128.84269009596517,128.564104779161,133.62156888807175
2024-07-11,124.92005390789747,126.42932440375891,130.16888207370064,133.28898894523837,143.49834496577668,128.10851376247243,129.521763898504,129.35086995184622,134.4392838863699
2024-07-12,124.9436980551458,126.52430299464199,130.26156924208604,133.375371429379,143.5708118245706,128.1593221736835,129.60834365493207,129.37757176638863,134.46703609883573
2024-07-15,125.05047288319804,126.55786457128124,130.35288164113774,133.41805796862377,143.77284271690215,128.22847425546146,129.66635894847187,129.48113701083818,134.5746754004075
2024-07-16,125.0499017809133,126.5271409220476,130.40507646984392,133.52079580874562,144.0113556756732,128.22816560553082,129.6698755342407,129.48251649967588,134.57610915567747
2024-07-17,124.45705871529846,125.96002632394038,129.83866089333176,132.8079896694642,143.0207042943092,127.70028090087067,129.1467085018894,128.88312476069825,133.95313850085654
2024-07-18,124.47237139856264,125.84756369794836,129.75859028934292,132.71347521322508,142.862949462057,127.70477980610784,129.1001875594511,128.90445932080053,133.97531232143655
2024-07-19,124.06507850647834,125.52594197370573,129.31765411045012,132.2548289488962,142.27686435728276,127.34904079375218,128.7789468895034,128.47840647845462,133.53249938137623
2024-07-22,124.40915087468855,125.85883399827358,129.616228009592,132.64702915185762,142.6293380254299,127.67636073419506,129.10033849451344,128.83787164006938,133.90610520967547
2024-07-23,124.75870047853086,126.13974597283043,129.92417089478417,132.94152431166225,143.00451094564593,128.0022778897578,129.3997915786388,129.19205972568315,134.27422637197398
2024-07-24,123.62434525660662,125.03464858512523,128.92174265257867,131.74076720062322,141.63794030614153,126.96551326338611,128.36882388558334,128.0422877767106,133.07922461040832
2024-07-25,123.03066946713722,124.3010918153294,128.08665498577693,130.89574431577552,140.4462311469125,126.41705215146699,127.75701629746511,127.44264151664997,132.45598942213553
2024-07-26,123.71388441849469,124.93574839736554,128.7498998835942,131.69561738804197,141.35318053437388,127.07414439305704,128.38743013665828,128.14629897191665,133.18732740557988
2024-07-29,123.8609514209758,125.08217579372936,128.89824300818114,131.7942840193553,141.43865446845817,127.19515982111398,128.52217625192205,128.2960401171365,133.34295907886644
2024-07-30,124.04447584209437,125.35016789390228,129.20523244686325,132.05151765603006,141.6429049146009,127.37695772374002,128.75112657497613,128.49164415580785,133.54625780344438
2024-07-31,124.54752551557561,125.78437769232393,129.67516900090885,132.56246486256302,142.2482148365275,127.81347593509406,129.18506593111826,129.005913238842,134.0807572410883
2024-08-01,124.54764765558164,125.79096927276439,129.6753203296807,132.48069818429326,142.00554582524538,127.81871368592579,129.18729178909288,129.0060284700382,134.0808770052577
2024-08-02,121.46181936756884,122.36912763527424,126.4769273723993,128.84378479952542,137.42866265134066,124.83958256295908,126.09655962150103,125.88033531540839,130.83222510586657
2024-08-05,119.40526963035293,120.2913758838498,124.39663679331576,126.4646720147729,134.80775151584902,122.9260572965952,124.14820695522808,123.76871570215162,128.6375384466092
2024-08-06,119.6637458958804,120.62816243557177,124.64420496766022,126.82712251122857,135.19317667153712,123.21659682098446,124.45875981797552,124.02912890076456,128.90819579857842
2024-08-07,121.24647819663738,122.3777356214764,126.39326776580597,128.61324918951942,137.26495013017816,124.71345257431581,126.03915191610993,125.64477034281146,130.5873934612365
2024-08-08,120.30389019300686,121.464845579223,125.60529172263234,127.84165194682919,136.6352720157437,123.87275715030353,125.20275576433603,124.68853110178257,129.5935376113622
2024-08-09,121.6228334560194,122.70474771085493,126.79316318646083,129.13996348762683,138.01355645923496,125.05407465797387,126.38488561053536,126.03161426830818,130.98945508122353
2024-08-12,121.91313443018703,123.01395326945456,127.1666238920166,129.53885063905665,138.58234970782,125.3089978572935,126.67021092422306,126.32188098629942,131.2911403324887
2024-08-13,122.28836415952162,123.33822703893556,127.513291133476,129.97218464218065,138.9420294888426,125.62190363867514,126.9884939581264,126.70758623216567,131.6920184793831
2024-08-14,123.01815861827387,124.04221306771612,128.17749759583492,130.66815546811702,139.59520319669144,126.2989151228637,127.68159680584557,127.46259345405069,132.47672623030155
2024-08-15,123.91553095827577,125.10287566149294,129.17140198189605,131.81606602861618,141.08693211009748,127.15144675596461,128.5955586464026,128.36491889051217,133.41454741044126
2024-08-16,124.02405061227265,125.08201356350813,129.26093510485347,131.9441746975829,141.22183689992394,127.2473910408948,128.65453719227622,128.4858379883368,133.54022323253494
2024-08-19,124.51876786795157,125.56175354837336,129.71898174620142,132.5206569865661,141.81539625317922,127.73593520905297,129.13134408412174,128.99548559685547,134.06991939576258
2024-08-20,124.56406337886227,125.56327191066138,129.7241498595845,132.44825037185436,141.67995035079807,127.77300110991258,129.1703819015716,129.0434817985223,134.11980367550308
2024-08-21,124.28367511293364,125.36738551357394,129.51117733710998,132.18770920925215,141.31617703042517,127.50225343146148,128.9464949302031,128.75705313328595,133.82210745859138
2024-08-22,124.20649661750556,125.3975674379443,129.46937525454618,132.110895363065,141.241432664806,127.46742865284548,128.9477959423648,128.67977961099683,133.74179414485957
2024-08-23,124.62117961723949,125.71061827633861,129.8479415017296,132.58364003082727,141.66484510125375,127.83321157174498,129.27421009127,129.11202323522593,134.19104140023128
2024-08-26,124.39016671240029,125.59855898118641,129.71981212447017,132.40528531123644,141.574751134669,127.65030079390765,129.1395663358149,128.86897026698733,133.9384271966421
2024-08-27,123.92336177893124,125.14909590090548,129.24488256658972,131.9239262991931,141.0904325575366,127.22671258536144,128.70702438417703,128.3887587296369,133.43932506289224
2024-08-28,124.29476280375444,125.43135817499062,129.4887926513485,132.2012669970023,141.2679943093201,127.56582634808234,129.00030962307102,128.77438415001728,133.84012024412004
2024-08-29,124.54705362995047,125.79164692460768,129.90693079439194,132.64123912684545,141.89781425072167,127.81023662518965,129.30618629742992,129.02798698322673,134.10369932403597
2024-08-30,124.6538865380985,125.8731504518622,129.97889441821022,132.73586579427092,141.9154971566631,127.91614863263365,129.41392104569616,129.14390853540792,134.224181006672
2024-09-02,124.77259066846588,126.11035276238603,130.17033635788675,132.9551053408265,142.2740548001026,128.0530067381532,129.5977827907966,129.2526650991922,134.33721584407624
2024-09-03,124.11585618493861,125.3714746120253,129.4686578535449,132.12165560491385,141.14086554700344,127.41681785414767,128.93478863802537,128.59121916350915,133.64974990004444
2024-09-04,123.34433315120397,124.57754462670812,128.74526455815692,131.34011451481197,140.22638313458526,126.67577903681213,128.18026878371984,127.80657405568516,132.83423836587332
2024-09-05,122.69117799136026,123.9793251459353,128.17745594246432,130.7517010333229,139.6569686051816,126.06140856174883,127.59713846524323,127.13216311447435,132.13329739798291
2024-09-06,121.89650642314041,123.12618831163773,127.41253691653216,129.7518837918881,138.44716184539968,125.29953867254855,126.8229614079971,126.3328193183153,131.30250895740545
2024-09-09,122.32776961377785,123.57835250709908,127.83358413123862,130.27103159296902,139.03696296281237,125.72769107469767,127.26836171678242,126.77327312280846,131.76028936570987
2024-09-10,122.42029173837554,123.61138358304247,127.90847870302035,130.38130003933625,139.23353002459984,125.80315929644202,127.32881281916539,126.86639421230097,131.8570736593969
2024-09-11,122.02347618832275,123.22815287623018,127.62394392952095,129.9879521202562,138.814147361508,125.40973865027425,126.97943176092407,126.46863250358145,131.44366477163618
2024-09-12,123.37074539453752,124.61921438217185,129.0012973462833,131.56124275291455,140.66278794165956,126.65696821247086,128.26111572234436,127.83118758429129,132.85982014325882
2024-09-13,123.62462775870182,124.77051515278825,129.21043339958135,131.85856798495652,140.92323698032655,126.89098656346212,128.47193264183375,128.10030056116545,133.13951950599957
2024-09-16,123.54391730569813,124.64144177548164,129.0906340931984,131.81989000298944,140.83970993293374,126.81976539310622,128.39230037096442,128.01766481600683,133.05363302988482
2024-09-17,123.91240436609054,125.11209824129664,129.51031083637022,132.22689295676287,141.29236768064885,127.15808764596395,128.78450209637802,128.39082655383905,133.4414742313134
2024-09-18,123.39456024853487,124.6031481847835,129.00483391709525,131.6896145665837,140.7784075400969,126.70118898025211,128.31130562938594,127.85478948774916,132.88435050011236
2024-09-19,124.31786251966447,125.67023224760119,130.05850056906078,132.76693049608872,142.14265140059717,127.55336819185705,129.26020280361575,128.79346932273918,133.8599561907553
2024-09-20,123.68382194356545,125.00502710272244,129.46163118100424,132.25808420056148,141.72321823427268,126.98096388557416,128.64237651940618,128.13727166116297,133.17794497781904
2024-09-23,124.07536952680852,125.34076512272404,129.80650828738248,132.69342549450963,142.07033762061283,127.32977222750381,128.97788464373625,128.54216233404537,133.59876326945363
2024-09-24,124.33033972541352,125.55348121210419,130.02726948875312,132.96707164879297,142.45388953955964,127.57718563409384,129.19782003436453,128.8030070168866,133.86986907940906
2024-09-25,124.67970354478773,126.0022996228278,130.52149023109044,133.34161244118278,142.98507211471335,127.91594824674857,129.59648825400308,129.16373690602146,134.2447893871716
2024-09-26,125.24484837310234,126.48131130868705,130.97099124752387,133.92658230876833,143.64843111714296,128.44928604553363,130.0787051454277,129.74304474890909,134.84688608413674
2024-09-27,125.17435639745977,126.39363672150256,130.8459683175783,133.80722191213925,143.339970541101,128.38894482257754,130.01363097988326,129.67920019878161,134.78053001245064
2024-09-30,124.94754789203708,126.10283292282256,130.53469676392743,133.50621532553154,142.96296606170097,128.1629561699688,129.7536888506016,129.4484852811245,134.5407392145745
2024-10-01,124.53706839947085,125.7158117933014,130.2561220311729,133.1253838209131,142.59018112554384,127.76091624972459,129.36116097369597,129.0299100765775,134.10569806817296
2024-10-02,124.7034698389965,125.84881779223474,130.3390374451941,133.3261890287576,142.85178480223826,127.93853718070551,129.51635919989576,129.19289015796429,134.2750894718608
2024-10-03,124.19969818364922,125.44179137879081,129.95639007134324,132.85580705666428,142.3958458225735,127.48475234241752,129.10402543133475,128.66919593680055,133.73079412931773
2024-10-04,124.3438353759799,125.64805771789614,130.13797636563837,133.179886767183,142.93783845673616,127.67475702164484,129.2959533980296,128.8013484669564,133.86814528532108
2024-10-07,124.38932140546974,125.62498766657066,130.04799214826363,133.0802158661378,142.74353762889064,127.72274825557861,129.29580336990486,128.84559826143692,133.91413578143676
2024-10-08,124.35763208876507,125.70720948907518,130.03087165589537,133.01813205629256,142.68404701913403,127.70207410696885,129.31379052887854,128.8071893598949,133.874215947731
2024-10-09,124.54290999227476,126.01112901199568,130.35393556813793,133.24971972516536,142.97695994134375,127.87564939393887,129.53804746004602,129.00032401062182,134.07494814340185
2024-10-10,124.53659768167438,126.00870085192737,130.3007003112793,133.243845430557,142.97042013864242,127.87699197290117,129.5161075090689,128.98923642942634,134.06342439813054
2024-10-11,124.9015246743571,126.42764000679922,130.74950921793885,133.76412587062134,143.6506686261373,128.20760582740814,129.85510645206566,129.36051311629538,134.44930639432397
2024-10-14,125.86016087352583,127.2525279936232,131.53426182925244,134.71758604569933,144.56261640042783,129.07640313892952,130.65337596619761,130.34292926445482,135.4703689004063
2024-10-15,125.63424938533983,126.92194166649766,131.25773185634694,134.4217917950195,144.15991114467445,128.84394571305143,130.3638834423196,130.12020414463007,135.23888220361104
2024-10-16,125.63088532459908,126.85960448168308,131.23369856505332,134.49999571286213,144.20315972658227,128.8215202301549,130.31076225776647,130.11639455258012,135.23492274955183
2024-10-17,126.04879400865376,127.29400339344852,131.64990039369863,134.918715054817,144.73493042798324,129.21856210551488,130.6906771463262,130.53745100260605,135.67254274884752
2024-10-18,126.19399392536634,127.43176606313982,131.83283452528346,135.14646641254546,145.05687258485526,129.36250392358258,130.82758806498194,130.68883129178587,135.82987804685845
2024-10-21,125.57675272992287,126.9334114245247,131.33302224644234,134.53612459365334,144.52551862927083,128.82493412183743,130.31975989245544,130.04898624538802,135.16486272946636
2024-10-22,125.2049183748832,126.63500650719585,131.07661932161344,134.1954874796978,144.27623855335986,128.4664440962776,129.99129843650414,129.6615192435137,134.76215352247783
2024-10-23,125.02232932813237,126.43098008085562,130.82150957520628,133.941424924786,143.91201343482976,128.32472843706844,129.83573784085195,129.471695666679,134.5648626519649
2024-10-24,125.18124827392916,126.50398088596187,130.94821520488867,134.10278843275125,144.08027799334903,128.45330753111008,129.93837264785557,129.63917668888521,134.7389320548096
2024-10-25,125.26585415801021,126.5368890646285,130.98223882996447,134.11067765689003,144.1856024647768,128.53415899423416,129.98696359686554,129.7240462877325,134.827140260112
2024-10-28,125.5231900422352,126.75828198324027,131.20443081538696,134.4713158541071,144.57979175776387,128.81117582450193,130.25084044287863,129.99082406749164,135.1044125635837
2024-10-29,124.97610998589883,126.32889780095442,130.8173038529024,133.95582277954284,144.34823837164953,128.30553166730726,129.78808905026537,129.4161574181609,134.50713963578534
2024-10-30,124.62057097761583,125.91490398411638,130.45554278648436,133.54357264132602,143.87267999020105,127.96853552085761,129.44282616737593,129.05031158624377,134.12690213391107
2024-10-31,123.40754044694471,124.60172627096277,129.11615132604973,132.16845874519265,142.16105585908247,126.85589602278702,128.27952877738352,127.81120825216536,132.839054862712
2024-11-01,124.31450799732156,125.5804173167515,130.08789494207076,133.06375874383258,143.35232283935568,127.72578656687128,129.18560366331235,128.739698533419,133.8040701622122
2024-11-04,123.83736074535558,124.99158930581775,129.47649400959244,132.43846746917444,142.49790443913767,127.25712905205961,128.64763018410792,128.2602438502797,133.30575465585952
2024-11-05,123.87829292237723,125.10836357275276,129.56537603926478,132.6637990461837,142.7665852974656,127.30619445151625,128.73427482401937,128.2924279935533,133.33920486130316
2024-11-06,124.82124995774598,126.02729355949471,130.28555873615213,133.59175175855745,143.7997019349244,128.1714161210742,129.58015473918556,129.23870327289285,134.3227047864381
2024-11-07,125.41548587983071,126.60316779527514,130.8695040014872,134.25500327037426,144.50065697776589,128.69992416507102,130.10895240520725,129.84949785018082,134.95752684525254
2024-11-08,125.24502381209031,126.44641284778506,130.71080944997564,134.08791626207653,144.28454104776347,128.53611420934655,129.9571185346581,129.67178590802797,134.7728240577879
2024-11-11,125.85341023524366,127.09278240795558,131.19063004582858,134.6603194113972,144.7788917278106,129.10046561738642,130.53433030150208,130.2925057465468,135.41796181848173
2024-11-12,125.18452497271777,126.3709996931657,130.47086868511312,133.84239524825182,143.9376620513572,128.45761897059617,129.87120102928412,129.6019478961023,134.70023875306725
2024-11-13,125.02063180312473,126.25675418653908,130.3361683182458,133.68677008945843,143.8241358643723,128.32115655027013,129.75572584789586,129.42455430463707,134.5158668395927
2024-11-14,125.62410591953443,126.84304820326886,130.90878138947505,134.2481574905345,144.32285906929008,128.8836148888374,130.33128110431485,130.04602659337658,135.16178665044876
2024-11-15,124.3866691472987,125.61839330757934,129.71984187727966,133.08022271244334,143.03577248870565,127.78204036437069,129.2057420923377,128.78128059305973,133.8472879799408
2024-11-18,124.42366856295087,125.64534466261838,129.8481022919175,133.27346436489347,143.30506700822838,127.79935754210672,129.23796771072062,128.8202619093017,133.8878027460376
2024-11-19,124.12735896952891,125.39090550388808,129.63703185491664,133.0427804424312,143.00941602692504,127.49206152843841,128.97184848419786,128.5182232111369,133.57388242758623
2024-11-20,123.90860808737769,125.14887678252681,129.45713792269896,132.90233805900803,143.07960508136486,127.32182750561236,128.77112615484342,128.29162044623314,133.3383655466277
2024-11-21,124.40526184220171,125.70518697448611,130.0179976401734,133.53019299074822,143.75877982251316,127.7880493737005,129.26273843425068,128.80016148503805,133.86691160982164
2024-11-22,125.62154524830515,126.81888303906238,131.1963493183834,134.8173222400925,145.3048689625514,128.90216279018506,130.3275331030024,130.04646373394974,135.1622409872896
2024-11-25,125.76243096633956,126.91868209785295,131.13961185790143,134.7506593195676,144.86871830445259,128.98597816782112,130.4339294876052,130.19529520919096,135.31692720593375
2024-11-26,125.3488497818357,126.46056590196847,130.71345194073672,134.34154529769611,144.45881017171527,128.61395225250553,130.05683112668424,129.76887172351812,134.87372904215235
2024-11-27,125.37763141681478,126.548317153071,130.80345597842293,134.3946821277991,144.40998446168243,128.6314607868068,130.11499461122494,129.80199929317962,134.90815978655976
2024-11-28,125.82344945753007,126.92341440727412,131.18061542179146,134.79267330634485,144.78135320816406,129.0297392955421,130.47106364092312,130.2650170711604,135.38939179158277
2024-11-29,126.19477043574202,127.16135404810531,131.461895801502,135.15957974304035,145.14273117638933,129.3564816616577,130.73654302093553,130.65860481998584,135.79846252391133
2024-12-02,126.70226149399852,127.57780669076048,131.90534304372105,135.57505857857092,145.65133477990082,129.86811414586813,131.22436008798323,131.2303981081112,136.39274905801213
2024-12-03,126.59650325726084,127.49781108568152,131.81263805161893,135.47999735539474,145.57005748222122,129.8092193605694,131.16546986995948,131.1219327207852,136.2800168513869
2024-12-04,126.72922564963558,127.6251374568391,131.94684485164524,135.61790649803035,145.74349688351504,129.92277099049943,131.27975504339554,131.2737262886057,136.43778168562375
2024-12-05,126.51383441631705,127.53560000149716,131.8054245439861,135.51559307894016,145.44696952497625,129.74209569077712,131.15365135198132,131.06352054428413,136.2193068524362
2024-12-06,126.64639006767928,127.5797810544621,131.83810344133815,135.45572175407693,145.45320553156446,129.79877451513485,131.18816830350573,131.16422882767236,136.3239768056045
2024-12-09,126.35866344652437,127.44361909650253,131.74178388493846,135.2246095177111,145.37224312832925,129.55187078875306,131.00095603917316,130.8585650324245,136.0062887857372
2024-12-10,125.98589313181972,127.07498630703489,131.4498675629289,134.8735269885999,145.10465476384684,129.2138540656648,130.657244078836,130.47927142074002,135.61207449435656
2024-12-11,126.10839750760836,127.1872966449414,131.6338523715827,135.01895166366285,145.44533167125374,129.31370880448566,130.76540478195005,130.59421770048897,135.73154253922246
2024-12-12,126.38838020332162,127.53016607337446,131.98401950508176,135.3610483454546,145.75278103154767,129.6626052852654,131.15227378752158,130.96926836188373,136.12134697082615
2024-12-13,126.3665329813729,127.41980077672565,131.8742249444474,135.32923984993258,145.66524561972395,129.69430865877536,131.1300165577157,130.965318186409,136.11724140306117
2024-12-16,126.39495778139135,127.39930463342762,131.81250479653045,135.26282254343187,145.59297172139952,129.73075787585816,131.13081515194241,130.99758179415784,136.1507741989593
2024-12-17,126.40409943006921,127.45189824233998,131.84421699291076,135.2676737970303,145.63862462765925,129.75983978558529,131.17208818593477,131.01625406766084,136.1701810037161
2024-12-18,126.0207931723293,127.09291567775655,131.4785134855615,134.62493959552657,144.90147861436287,129.34557517738372,130.78500459040285,130.5938126482269,135.73112155298503
2024-12-19,124.54865697333051,125.61803434197768,129.8635925563105,133.02406812152597,143.13121517375058,127.89017514322533,129.299537609648,128.9501184613058,134.02276760453364
2024-12-20,124.51379433920383,125.58540290434483,129.87789106816555,133.1588222596213,143.30805744690176,127.88843170173966,129.2938295545382,128.9211161749391,133.99262442411546
2024-12-23,124.76294946809388,125.90548018273708,130.22532316735519,133.52439686504204,143.71754587198495,128.16269800190082,129.6085917673829,129.19551584246065,134.27781844572496
2024-12-24,124.76300206677797,125.90636686579822,130.24536740286928,133.58674019174032,143.8241159258213,128.16835087256823,129.63259314742194,129.19556207470626,134.277866496658
2024-12-25,124.76305466619264,125.9064198680959,130.23716089881873,133.58254348368754,143.8137940518568,128.16635286268615,129.62285997732963,129.19560830759403,134.27791454825845
2024-12-26,124.76310726633785,125.91575166066858,130.23555306563694,133.59002136859698,143.796622420463,128.17308597114265,129.623821360795,129.19565454112387,134.27796260052628
2024-12-27,125.36508015263215,126.57956285352985,130.96846709627556,134.33934394243036,144.616361539953,128.86172506726342,130.34333017334018,129.91528328216356,135.02590014934552
2024-12-30,125.15612894228163,126.35592284803425,130.73631781860607,134.01511614076745,144.17704987314477,128.60077482677914,130.10484331632753,129.6434313983153,134.74335413630882
2024-12-31,125.15618154461853,126.3525759392693,130.73333191267707,134.02296929917887,144.22488527846875,128.59747392631263,130.1002428071923,129.64347763377157,134.74340219057882
2025-01-01,125.15623414768604,126.35262894524779,130.7405724385418,134.0267195521353,144.2339830004215,128.5993108357467,130.10881386362465,129.64352386987002,134.74345024551627
2025-01-02,125.15628675148413,126.36617585237543,130.74475463633283,134.11403916994436,144.32687090689302,128.61070351968422,130.11794243780548,129.64357010661064,134.74349830112118
2025-01-03,125.54943965898818,126.75272793535903,131.28159253643813,134.74950928825095,145.19839881194423,129.05206985324648,130.55634377745596,130.11424488047453,135.2326885134885
2025-01-06,125.87450956850891,127.24058704997776,131.75976991466717,135.23987451554885,145.74139750203824,129.47638490161611,131.04699956940618,130.54338177261988,135.67870682392368
2025-01-07,125.95734417590216,127.26178106148191,131.8150351105883,135.26038166869813,145.88807133275012,129.534734727361,131.07362080415857,130.58698153828922,135.7240217203475
2025-01-08,125.82634516530895,127.23940847378576,131.8484826447255,135.22230091448068,146.05765522552178,129.43680929805583,131.02186264316757,130.45792396768474,135.5898872736396
2025-01-09,126.06145020054336,127.52599544158105,132.15904106338522,135.50862439547814,146.36429431243158,129.67384207384814,131.28571942772092,130.72866870258432,135.87128258462167
2025-01-10,125.36681070219984,126.8017573563742,131.47321716982714,134.76326526122688,145.87004791638807,129.01704925875833,130.59587440483372,129.9570486968373,135.0693085349408
2025-01-13,124.78268501678633,126.31084659503968,130.92569745059075,134.1924419922048,145.30463009150694,128.48431613590645,130.08623383625027,129.33764399527234,134.42553764615403
2025-01-14,124.7996313071833,126.42909288061956,131.023275930011,134.36576667564492,145.33551947373965,128.53665587153046,130.18248919640632,129.3838638331041,134.47357568332964
2025-01-15,125.79642121126867,127.24726582790231,131.89586736496196,135.38083553454754,146.189145487792,129.43730812175306,131.02635109950626,130.44905417129524,135.58066855655431
2025-01-16,126.36837840634709,127.78665716504347,132.51789127846126,136.0893074456289,146.9638512474353,129.9962628011348,131.57791590241683,131.059307796293,136.214928383058
2025-01-17,126.96806187085086,128.36266272358148,133.12677357808613,136.80355239528967,147.6882385910963,130.60085775535285,132.1729312722898,131.73660798153165,136.91887225226807
2025-01-20,127.08509524293274,128.47065658902255,133.18696170622022,136.88664417599406,147.7307677229054,130.72779727171778,132.3032446306988,131.86482830401496,137.05213651512736
2025-01-21,127.55413901002419,128.98529328195798,133.78394415546921,137.46685606477877,148.26345297540635,131.15306466318845,132.76318829142312,132.35741713620374,137.56410284264052
2025-01-22,128.10332787031422,129.51251087843428,134.3607827626186,138.00301550318883,148.9470548871069,131.71912520381218,133.3100453314798,132.98528541049072,138.21667024478893
2025-01-23,128.19913459607506,129.5326691181327,134.3803633362668,138.17741264059848,149.18482108485892,131.88140946636352,133.42149562610973,133.11228075944632,138.34866134602274
2025-01-24,128.3429699926391,129.76705002434105,134.6537490792258,138.36911049357334,149.3179131336361,132.00779031704923,133.6050896297869,133.26640649506524,138.50885009104456
2025-01-27,128.0998004590875,129.5487574929087,134.27589696055014,137.70882977957692,148.58371367175315,131.65510000770263,133.26963097058928,132.89195664704724,138.11967010765798
2025-01-28,128.41907789561952,129.81097722275345,134.59442464766184,138.12186395866067,149.18580460622462,132.0090943091261,133.5640770497519,133.27142836240574,138.51406950896794
2025-01-29,128.92971483041745,130.31326215602505,135.13332041964753,138.63026807938476,149.70369695320994,132.49404631906012,134.0629569852336,133.82500701726465,139.08942488123344
2025-01-30,129.3511026682791,130.74873358802813,135.66865921797734,139.2543923716567,150.39503005891333,132.9013582624591,134.4828217691053,134.28741123299184,139.57001918764624
2025-01-31,129.72433639902482,131.03737619602643,136.02261907074913,139.5801422005647,150.78587357870077,133.277919945885,134.82032203839594,134.71248158936206,140.01181099262604
2025-02-03,128.8907156220667,130.16533864538516,135.14706136379385,138.75352271358335,149.92515289689516,132.41213219412015,133.91940847380056,133.86890274983165,139.1350473873223
2025-02-04,128.74985015216419,129.99284800394733,134.96353815997853,138.5584576367851,149.63840938693713,132.26139230046033,133.76391209598492,133.73260101470638,138.99338380462248
2025-02-05,129.0065083766246,130.28967809211275,135.28881507562994,138.8504985098965,149.8730085675118,132.43120525637545,133.97543285985293,133.99456334240443,139.2656512254295
2025-02-06,129.57047178940425,130.86500857773967,135.8956556491726,139.43760859528243,150.60621231557752,133.0695808579068,134.61611249405956,134.56161204338005,139.85500652946604
2025-02-07,129.5786922808863,130.8250659601177,135.92586979928112,139.45490311170775,150.7699965571783,133.0890636364291,134.6075124177788,134.57345162398718,139.8673118563566
2025-02-10,129.7770663431328,131.0237583809719,136.21943618092934,139.82996069734165,151.2937311455013,133.28239479689282,134.80067540202535,134.77517902319286,140.07697482267116
2025-02-11,129.83861963667326,131.20719483823416,136.4331369202274,140.01146899820418,151.5646049445628,133.3945370064438,134.9732218562632,134.82247046669616,140.1261266204202
2025-02-12,129.68142255574577,131.0729192796999,136.3029218160058,139.9385153829012,151.60932964787796,133.30166673686327,134.87946956702018,134.65067865782066,139.94757685286652
2025-02-13,130.46599075408201,131.77445455650445,136.999055054349,140.68779619557975,152.2684326416682,133.9884481714408,135.55516399188622,135.44994188298688,140.7782815529436
2025-02-14,130.1663594759301,131.55052494676062,136.69229373926842,140.28597089598773,151.67502560312417,133.68847496699635,135.31105202658756,135.14672288671682,140.4631345057342
2025-02-17,130.30442034903098,131.76301082828513,136.95919893030558,140.50602575612453,152.01101754507613,133.87092277259143,135.5302747101291,135.279879914661,140.60152967453297
2025-02-18,130.35455191970152,131.84168094787148,137.12622701732883,140.74757919506555,152.48229297587184,133.93027449417002,135.60067781540056,135.32620047892573,140.64967240052533
2025-02-19,129.82573533441558,131.37294215670892,136.66333324811993,140.2210935806841,151.933232409025,133.43643817722574,135.1311729307164,134.78515782727845,140.087346173678
2025-02-20,129.56010002825312,131.17442348159676,136.43398545789486,139.92552886850635,151.5759971488505,133.15184572212024,134.86879549871406,134.51091513242076,139.8023152997344
2025-02-21,129.79953914849847,131.48766680223773,136.73852285909177,140.0292568025909,151.6164350155611,133.36548265037916,135.13624316446527,134.74745532859714,140.04816053136008
2025-02-24,129.38747840417614,130.99045929391778,136.19773151626222,139.4949655754428,150.91740186969102,132.85933525837854,134.59299812825506,134.33669226751002,139.62123884308625
2025-02-25,129.39102220215833,130.9222614439173,135.95731598478994,139.22641964157927,150.25581813723727,132.768021425971,134.472431906764,134.35215415119265,139.6373089674743
2025-02-26,129.8672143473541,131.32552344315414,136.423109766416,139.72965593023554,150.87959628458952,133.27478137485068,134.94120173828819,134.83799363194788,140.14226043707615
2025-02-27,129.82488252171746,131.25112287967997,136.30619609451168,139.5080562393251,150.55253636027913,133.19979882186152,134.86000238630845,134.8042202243693,140.10715844873266
2025-02-28,129.68288591709728,131.01719625201562,136.00988034261837,139.37531033447448,150.21091569773034,133.00655812840847,134.62689981160153,134.66485669074876,139.96231262228562
2025-03-03,130.25129821333115,131.70049807525643,136.8277105758393,140.03218470776082,151.07674564819692,133.6294482394818,135.33150283351983,135.22428748566603,140.5437503465209
2025-03-04,128.60812583341797,130.00150267943567,135.00364346806478,138.15810740599204,148.87801616428692,131.8205534146282,133.49897505043572,133.56961802306714,138.82398937619845
2025-03-05,128.71022076429549,130.32551697012548,135.37217912849772,138.5133584240764,149.6240185881489,132.10827514166837,133.84369974243126,133.6386408546973,138.89572743300184
2025-03-06,128.0688773576022,129.90617478065505,134.9215439564358,137.78128196710563,148.94010010010828,131.53240541687842,133.37810213464775,132.9717182140626,138.20256934100047
2025-03-07,127.82827322677552,129.58457654345256,134.4957168972842,137.54831309680404,148.43736002702818,131.19950223975468,132.99931165681647,132.7319949276871,137.95341580254183
2025-03-10,127.08308630344601,128.90540955903526,133.7874532746529,136.6708069213012,147.29443401435464,130.42329842737433,132.26507944241789,131.97192038251592,137.163441389605
2025-03-11,125.90652998935093,127.75321404349809,132.61730522042987,135.474140981323,146.1220926478445,129.268093175727,131.0973901702166,130.77817309966207,135.92273438927393
2025-03-12,126.63555965575864,128.63619110774334,133.618844171063,136.37409520681828,147.32228007405575,130.0275513533765,131.95522492248062,131.5043201741565,136.6774466902237
2025-03-13,126.51072289759301,128.3742839124812,133.46904046809186,136.2559090891585,147.32015442818414,129.87114134074486,131.73863400299032,131.37789579861555,136.54604902339833
2025-03-14,127.09738644237112,128.97174386593935,134.10939635856,137.10995341668536,148.25514395726373,130.51423904931156,132.38870412007816,131.9708757096322,137.16235562130336
2025-03-17,127.7786527325703,129.57484653243233,134.71947564739523,137.8592121734992,148.94039864499388,131.13523975201701,132.9929292349356,132.66827607044004,137.8871903682518
2025-03-18,127.55318120954368,129.33318062715733,134.5277129769436,137.61893610982696,148.76853819337475,130.87042769234816,132.73249765931413,132.43841236672475,137.64828426943345
2025-03-19,127.72571484133677,129.54364079732136,134.77044408526373,137.88524990463065,149.07996451772678,131.06342988885834,132.9342460525707,132.61200909318288,137.82870995654895
2025-03-20,128.26460443407916,130.03100530276498,135.2979034260343,138.39179913980038,149.53297483629208,131.56620139078098,133.4309418001824,133.14207881664709,138.3621925914234
2025-03-21,127.73611528622662,129.45145808725457,134.6570654513107,137.77138092197362,148.9154718278764,131.07859724814907,132.90297688085002,132.52373100170763,137.70775103353282
2025-03-24,128.00288645217802,129.79767265554432,135.05534554279072,138.2002321515048,149.44790495198822,131.42973519765658,133.3070966294273,132.9169747468257,138.22062851663634
2025-03-25,128.21936817009737,130.0184477751831,135.29971098348432,138.43588662564477,149.69236597722372,131.61646394189793,133.512093750668,133.15117432716204,138.44655498095972
2025-03-26,127.85175880221615,129.5602000149467,134.81243662293687,137.98717251178226,149.18338733170995,131.2535810978813,133.0838487774969,132.67901058522287,137.94734279540936
2025-03-27,127.64546706897181,129.3449046624069,134.64234261321099,137.80726255749528,149.05414505802636,131.04992702446236,132.8696786791307,132.51465766624258,137.7673065081095
2025-03-28,127.28125268459259,128.80364661108902,134.10080462579216,137.28079863792996,148.32521914402128,130.54331821342907,132.2972136528398,131.97634443284753,137.1090235586496
2025-03-31,126.71478625723309,128.23866774732062,133.61726244044038,136.7451146845285,147.78503552907995,129.9829625727437,131.74119397953018,131.52003049823156,136.61449070946009
2025-04-01,127.31479838769431,128.6750866230329,134.08108247259062,137.3423606894253,148.3585776261565,130.56667184050886,132.26972730254957,131.97253962559304,137.1179568042635
2025-04-02,127.27926595777504,128.62885051424666,134.07027907892487,137.34701304608168,148.29314588373526,130.5497949874123,132.2640291924857,131.96251223109186,137.16028723403312
2025-04-03,124.67208480898904,125.80855131379987,130.99710222417355,134.2211783151657,144.3141810680592,127.65511828775664,129.32207539819117,128.9713448367848,133.84349572189893
2025-04-04,121.18173012904259,122.14299646523325,127.1503581959779,129.73819366107156,139.28704724837954,123.91475555632927,125.5647366280586,125.23101243492403,129.2764929389876
2025-04-07,118.81159260939218,119.76542168029968,124.71263043111259,127.05564445871013,136.44621216097715,121.52167483823706,123.17034482770251,122.85801504811162,126.65918182486627
2025-04-08,119.96444759715088,121.14662751983624,126.0695727258147,128.4417127201374,138.40240251540027,122.98506814726133,124.6455252582318,124.16907182993957,128.15720034873092
2025-04-09,117.02804247907525,118.12662347654617,122.95140922967167,125.9453353912939,135.72022739384647,120.09181603043899,121.63965002640045,121.139236921411,125.61978568843524
2025-04-10,119.35488525920452,120.21140480270896,125.2762789469225,128.1551184035407,137.92911320341,122.16229572347635,123.74544184454115,123.40202536322845,127.76851470221875
2025-04-11,118.81988559091667,119.68991650827847,124.73161880442053,127.85883637073559,137.68602108543894,121.7079545600964,123.26117071599676,122.87007212168042,127.5011079330201
2025-04-14,120.71781485742679,121.6591223484695,126.68912749495536,129.89778817708535,139.7286002891666,123.68525057711899,125.27747315519404,124.77147715870545,129.54489284496324
2025-04-15,121.40343864600432,122.51910869471556,127.59719599371049,130.7323164343606,140.75642189475928,124.42616871472345,126.0808997845448,125.66095881208128,130.4599620349842
2025-04-16,121.16042814431715,122.2109392595532,127.40272848389473,130.53756467703613,140.65033853698625,124.09940872144934,125.74406440337462,125.48131179481877,130.26099572967505
2025-04-17,121.34476567612889,122.30089360611522,127.4527268039071,130.75336687543623,140.71929014047595,124.26005711964882,125.8472300376404,125.53018228644719,130.38784581844163
2025-04-18,121.34479200196608,122.3009201335941,127.45748974494326,130.75579505510268,140.72563800662277,124.26133085448829,125.85321124282684,125.53496281915398,130.3928137819355
2025-04-21,121.34481832798612,122.28467446348897,127.44878882735082,130.6100716290497,140.65375510207025,124.24686228058223,125.83838233476348,125.52627122175491,130.2474439168778
2025-04-22,121.3275294728859,122.32621855182792,127.59516811801134,130.92725211172706,141.20687814049242,124.2330216788839,125.82822039492257,125.67629848900874,130.60931835144044
2025-04-23,123.00027215159565,124.13405363116412,129.35062010113924,132.64088337406073,142.9234855854419,126.01862218726016,127.67681424941459,127.37345455396417,132.38750937602072
2025-04-24,123.69778573235912,124.84280020054001,130.14533446191209,133.57220321729056,144.07706691040536,126.7348283471277,128.409500147443,128.1507835377915,133.32630850971
2025-04-25,124.13113620086291,125.29277744866079,130.5409655052921,133.97116228851806,144.42809184855787,127.16301330744383,128.84812680161414,128.5331162825925,133.72308909111717
2025-04-28,124.43594715505296,125.52718178718666,130.82634967231223,134.32031741832142,144.7767513629696,127.43008795460624,129.08937708717232,128.81447421092741,134.01968174595459
2025-04-29,124.73218807609629,125.77145106368874,131.03834801711596,134.5633617479817,145.0185099579631,127.74685503313744,129.38230058949745,129.01780562750957,134.23493671745805
2025-04-30,125.16028207544264,126.09872232312213,131.35979214410918,134.85940094512924,145.27523162620056,128.09431611372472,129.70129605776373,129.33271698500965,134.46541742609654
2025-05-01,125.16030840292522,126.1316416080726,131.37981945789906,134.8472022024299,145.25498881425278,128.12426255290396,129.73431301146107,129.35273396192767,134.46509920534206
2025-05-02,126.15870811338854,127.21660199838136,132.43484748157596,136.04175179906218,146.494078642123,129.2770739145604,130.927816818788,130.36880895544166,135.7212197917941
2025-05-05,126.04475917645593,127.12262489908896,132.40209135454958,135.97484983079167,146.5886826364772,129.17271727049862,130.8054178699575,130.3418146859993,135.6925197421999
2025-05-06,126.11833569086347,127.06317612263847,132.5111453793071,136.23283597975075,147.054822871238,129.21921116476923,130.8017579090307,130.45488425357334,135.9349783043373
2025-05-07,125.83883041094855,126.60617133957687,131.98845255018034,135.8038982829478,146.35502303995347,128.89600585226663,130.38398793757239,129.94641967763957,135.39437689583704
2025-05-08,125.95771145614358,126.89040915983634,132.27562942315805,135.92777292882178,146.61850981850316,129.0734103733509,130.64503150297895,130.22315935129814,135.5997777110762
2025-05-09,126.18413654322495,127.09586417391701,132.5180271978932,136.26310140927478,147.11769737357946,129.3845205981761,130.94177547819595,130.45557923392926,135.95754872033245
2025-05-12,127.25182710329112,128.3623931059113,133.75782332213976,137.3803209284297,148.3562734443985,130.5871312474478,132.22385505393615,131.65314199605191,137.14619012228934
2025-05-13,127.35920720305818,128.4826278997915,133.91989751727652,137.59945184818238,148.6371674573425,130.75020513255737,132.38647249708274,131.80872927273256,137.40132634988026
2025-05-14,127.23841128847006,128.4315301233469,133.74900914637377,137.41487591779656,148.28709243134912,130.66320939671286,132.32231152276088,131.63628818885238,137.22769677991954
2025-05-15,127.53891684034939,128.66195299299466,134.00776269626402,137.81222026676795,148.5527099501241,130.87999528491977,132.5201271144869,131.8919253344492,137.59580265807202
2025-05-16,128.13177511113955,129.21137529911675,134.50596119819193,138.41401967321704,149.08547057717288,131.47357845659664,133.09381447255,132.37356676686915,138.14336202183577
2025-05-19,127.92866825658884,129.04466860283958,134.35198637552804,138.34002917635559,149.09750034685112,131.278815783413,132.89586842839316,132.22381280151404,138.08310168122736
2025-05-20,128.23227581640023,129.41977869006809,134.82672949396536,138.78737778890113,149.6562251796571,131.6029210719749,133.26804375197122,132.68949536850585,138.60602249846028
2025-05-21,127.7735489375499,129.01824967875808,134.41791935129578,138.2358364384158,149.17371418637558,131.1494130021074,132.8367193204304,132.29234682564962,138.09786689071
2025-05-22,127.25895726325788,128.40751358674,133.76797083043766,137.61856433827478,148.53740397616815,130.656056862054,132.27698478647613,131.65886353363697,137.4132115109291
2025-05-23,126.56708495971998,127.73428383129814,133.12295238057578,137.0246371178116,147.8929274123262,129.89637096512868,131.5343835906153,131.03852077256747,136.8363495168259
2025-05-26,127.68455419075602,128.69850475531962,134.07648250839736,138.0538796110906,148.85841920957222,130.98521901498066,132.56805459034783,131.9637017643958,137.7683459279129
2025-05-27,127.99694604769323,129.00624234863557,134.3979767813759,138.3942976459598,149.1222140152583,131.29292794112135,132.8940170940717,132.27539299063872,138.10012155018077
2025-05-28,127.64076877200763,128.6045763690222,134.01268483164455,137.9190521137742,148.64254359883944,130.95375487649702,132.53153059856737,131.90220526675316,137.6041373454707
2025-05-29,127.64079510314706,128.60521783401524,134.02359856068432,137.9708887076975,148.66994442869455,130.9571100384412,132.54539342972643,131.91315797725133,137.66941620058884
2025-05-30,127.7370557421205,128.68800433331734,134.04020710224515,138.02945415526744,148.580566532672,131.02168144388025,132.59996000636178,131.9294477771086,137.68890979391674
2025-06-02,127.43483901553643,128.45445131762926,133.89746537653872,137.93920397213967,148.66465725482263,130.74033427376622,132.3466087316447,131.79528558777,137.6943185469454
2025-06-03,127.97769027078152,128.9201247962783,134.39838225666745,138.4536150797772,149.25210500058708,131.31471759949366,132.88798333508007,132.28165253453236,138.16743832775
2025-06-04,128.39863127613896,129.31632393932736,134.83588072213345,138.837050941277,149.72352876231201,131.68537663757022,133.2862940812133,132.71005436161468,138.55126799519738
2025-06-05,128.20329755263202,129.26572815438112,134.77697550474628,138.73279889939653,149.62948557533957,131.51757632517547,133.19787156257178,132.65049233484322,138.5347363904956
2025-06-06,128.64043615148708,129.64163433737318,135.1577927606782,139.19875387331956,150.07510195356167,131.99660362240093,133.65943331932078,133.019311490327,138.9611244839136
2025-06-09,128.64046248390656,129.6465246430633,135.1596525349754,139.13637908288976,150.10865084502046,132.0007575272771,133.66292281409665,133.0211654488463,138.88569504179557
2025-06-10,128.6195158171516,129.66110372315916,135.18749475948024,139.16211668983308,150.1555399913307,132.02701044588844,133.72021861325715,133.04787833151747,138.94427157345245
2025-06-11,128.72925002081305,129.80602397738278,135.34997429707212,139.28964361267242,150.25892793556693,132.09383377750672,133.81937354328056,133.20816506022334,139.1109623340506
2025-06-12,128.51783780646764,129.54157120563295,135.09721618114446,139.11582604468975,149.9913683378219,131.81226433864015,133.5189440852775,132.96722965665688,138.90967910700326
2025-06-13,127.60526279205793,128.67444512676317,134.27074103425375,138.19555632388284,149.16920281998028,130.9345750484842,132.65507608106535,132.16501815232826,138.0538484612696
2025-06-16,127.43927529109756,128.50557483146108,134.06893439057296,138.00262056818687,148.97747755946506,130.79165091481514,132.50429021845434,131.96591771688622,137.86169674969418
2025-06-17,127.1782491757937,128.29420329209034,133.84896326591343,137.6473099897457,148.60894772174314,130.5230714960118,132.2584749657042,131.7522206739425,137.5364811622432
2025-06-18,127.18262287381337,128.24028437227554,133.84659490411346,137.66273048000204,148.63234412021924,130.50498703639488,132.22576212162494,131.75233324622175,137.52536227469017
2025-06-19,126.7285825727808,127.79583008833251,133.35354341144875,137.1629716783815,148.0313265194376,130.0299770242964,131.74464893321155,131.27242335951522,137.0187269649356
2025-06-20,126.63654989660628,127.88864034138665,133.43762565442606,137.12843610872733,148.09111984228477,129.98731040382293,131.7766009218556,131.35260928259814,137.09243573818455
2025-06-23,126.69000283753608,127.960284971119,133.51364326724507,137.19442306670794,148.08514712468005,130.02266190355311,131.8291182107,131.42952049978408,137.18611494495528
2025-06-24,126.9768117193135,128.25306556867287,133.63256391223882,137.43986124702383,148.13870872645194,130.3139077176038,132.13537355676493,131.53464990905886,137.39709733153512
2025-06-25,126.80243824977934,128.13798545028433,133.57228477885658,137.2484043764117,148.01166642144204,130.12533703670002,131.97555907189474,131.478331362538,137.2558582072451
2025-06-26,126.74688695868548,128.0804693284492,133.4530652437425,137.25447465713634,147.89629979151303,130.05841765588414,131.89990365171653,131.36164698807738,137.24477083679145
2025-06-27,127.18396796884926,128.59408662551996,133.87039362939262,137.6956859874717,148.30640829711115,130.5540367015785,132.41083394627898,131.7599657342655,137.7048094782462
2025-06-30,126.97904718846256,128.3536088747515,133.61955114345042,137.52233064941856,148.01652660210056,130.30871463103907,132.14918043739968,131.51747316105173,137.51441706822732
2025-07-01,127.03822947652688,128.3271865084113,133.63308365768484,137.57246253772652,148.1155904759619,130.36200785708758,132.14801578182943,131.53375592919934,137.50533888125645
2025-07-02,127.06362534642668,128.3841964075927,133.7187147052902,137.67819156743195,148.36752391936804,130.40748220187731,132.22104613832192,131.61601356495893,137.63497223745242
2025-07-03,127.51528846929455,128.82813732487188,134.1792362542209,138.1288929088672,148.79125283095493,130.86786544913997,132.67926629575555,132.0637527119556,138.07520250294323
2025-07-04,127.27283297361672,128.58884889887062,133.9267295860558,137.8693539728631,148.49378174450746,130.61141468035723,132.42952382069723,131.81873326422442,137.8140550652216
2025-07-07,127.39499729557677,128.72163645775103,134.08323944298138,137.9838587107342,148.76914770223894,130.822545116865,132.63577771828182,131.96771097632796,137.94812747685745
2025-07-08,127.26550176184045,128.65866789362198,133.98945399429238,137.84127715624206,148.65706275339411,130.7072993175563,132.56778455719095,131.87449424218946,137.83236264135047
2025-07-09,127.41901466754622,128.76520422980244,134.10692715207026,138.02636958166693,148.8832549919786,130.8689739651077,132.70962995976174,131.98937857399423,137.9982667516781
2025-07-10,127.99276425312544,129.4156636665918,134.8197656461823,138.72937506560874,149.65912118021615,131.4366676159074,133.3403350702272,132.68468848960651,138.7408796625918
2025-07-11,127.20748211943625,128.62477550672799,134.07560830141628,137.9935423978496,149.009081302602,130.6934135301644,132.57297851444153,131.96274540349782,138.01588920073536
2025-07-14,127.16304030800134,128.65343395371644,134.08087536863925,138.01653287615792,149.03125624500254,130.68836911181515,132.59087636300816,131.96608620068113,138.08630759393935
2025-07-15,127.31457483587228,128.7169671675765,134.17160539673353,138.03085958422946,149.10341694644137,130.84140489665143,132.7107907039342,132.05376118842742,138.04825078282792
2025-07-16,126.93191942811572,128.39629272253742,133.86301633028646,137.76342009604022,148.91247045443347,130.43078894388788,132.34418683349193,131.75676569106082,137.8039776207346
2025-07-17,128.09627282365122,129.36942865323968,134.9043277613321,138.90130906689248,150.04939494653965,131.57863465715246,133.43461182267478,132.76977952797887,138.85095158079397
2025-07-18,127.99607015069996,129.35430339533298,134.8733111627386,138.88861165520765,150.01911381624703,131.46991681341825,133.37232146292234,132.74002176130688,138.89242512280157
2025-07-21,128.2156980192283,129.49194406446253,135.09482410989924,139.08458029938163,150.29115490227866,131.6572346759,133.54003540551724,132.96095686064834,139.0903599344398
2025-07-22,127.4476560061348,128.6170539690904,134.21175839959008,138.3099856953057,149.41201816152423,130.88105296860692,132.70334524170073,132.10377450605202,138.27032365997948
2025-07-23,128.38053895211036,129.61375878916363,135.21047727628698,139.32337680868395,150.54543835306646,131.81416022397943,133.690912503004,133.07255264447946,139.29433296754138
2025-07-24,128.52048827759901,129.8114611840624,135.37562346619532,139.45710595768247,150.71099776553956,132.04414744376015,133.93965336435355,133.22740340956716,139.47334526232083
2025-07-25,128.33838048759668,129.60310021080767,135.12076006302271,139.22116684743065,150.32386328901708,131.8696218403608,133.75754796398678,132.97712136143315,139.22305673688692
2025-07-28,128.5986370335501,129.71742038340503,135.28042742355203,139.30802832553536,150.4605328764616,132.12467753673818,133.9621298712383,133.13382836704776,139.24688833677018
2025-07-29,128.86192187815993,130.00396593148463,135.64010275050885,139.6670201850195,150.83946763351156,132.40961926972082,134.2647265018801,133.48667910433664,139.65753058533176
2025-07-30,128.83758156725392,129.93458177417213,135.55245984313927,139.54193439390514,150.58295546544213,132.35441766686603,134.20175552154674,133.40079929765724,139.5064245592075
2025-07-31,128.56513381467389,129.637214454982,135.27377135235787,139.25401308563755,150.31055991076516,132.10035267609317,133.92768024707195,133.13041708679015,139.2202017450178
2025-08-01,128.56513381467389,129.63124912708844,135.2739549691806,139.20531824707763,150.13714208397067,132.0959304368052,133.92648937722643,133.13061679637144,139.17409348225706
2025-08-04,128.3946160381508,129.369861679031,135.0979289295228,139.15104190942236,150.11171848924636,131.81871532220947,133.62679052680593,132.97026025701135,139.10244399606506
2025-08-05,128.66276774206648,129.58722662577915,135.35067567686082,139.40954822289171,150.3738888944967,132.0926725227484,133.88862949590356,133.21600574934308,139.33767433287255
2025-08-06,128.26747731303593,129.24525562922332,135.00339931888868,139.01048732218814,149.9080345139908,131.69474665549674,133.52791560246592,132.8789957421323,138.9868517354943
2025-08-07,129.09830152800325,129.95044916896663,135.73072804211915,139.8577964341148,150.79936937419095,132.48131034217565,134.25108034775525,133.58738659934573,139.77094576032718
2025-08-08,128.95007221700826,129.8096288986952,135.6011403813432,139.75121872465155,150.7541184868247,132.38906131798853,134.15458617952186,133.45943140007518,139.6719004992603
2025-08-11,129.2644471676261,130.12478871199463,135.91386450212948,140.05151807338586,151.0117358066685,132.7212502488095,134.4963614112303,133.7616686429154,139.9838940673463
2025-08-12,129.18325406093902,130.16190074417835,135.91100810846555,140.11657438696042,151.1651791928506,132.69804251937003,134.50951667605472,133.7557243683761,140.12731003979863
2025-08-13,129.57852024775707,130.40630139037154,136.13278598419672,140.47652193603068,151.44307438883376,133.0237354012012,134.77320059690942,133.97111068499865,140.38820067234593
2025-08-14,129.64922235458596,130.54597154725278,136.27280678911268,140.55639207656537,151.55226908698302,133.14508637906556,134.92493376196902,134.10655627376235,140.50436943637413
2025-08-15,129.69876329203439,130.7198899535788,136.44148216930682,140.67466094712879,151.75236104573113,133.24672683475535,135.07887477282316,134.2692194994671,140.70687991929213
2025-08-18,129.55509460564184,130.56260996391222,136.28197436250457,140.52527741459608,151.68145547955615,133.11768325143302,134.94929148814134,134.11223141982308,140.55092826016113
2025-08-19,130.12983960832474,131.175374949501,136.8665006787332,141.11256730955554,152.2000914708413,133.67208779165395,135.53148809159998,134.67909137495087,141.1175133616929
2025-08-20,129.8731108292881,130.8687805957707,136.537003993318,140.8482601558768,151.82215953172775,133.36377276546725,135.2057636921683,134.3616245537404,140.807816502448
2025-08-21,129.67894693313414,130.77422241105546,136.4777161085469,140.73441063334607,151.86726481749793,133.2465792833389,135.12562147835462,134.30267328973432,140.77788803628363
2025-08-22,130.0946639214818,131.1784348586891,136.93641168503902,141.24477300428225,152.52666467981894,133.61758059108215,135.52992163435033,134.7530049966893,141.32082423609162
2025-08-25,129.98246873232424,131.06153608029803,136.84640905829727,141.00828272760967,152.3610275509825,133.52565903097934,135.43312815947434,134.66551467018792,141.08585307850103
2025-08-26,129.76954072905286,130.77007465534155,136.56250527875332,140.78576982066835,152.13662721906502,133.31274057925805,135.18029204443968,134.38989286215948,140.81655340672654
2025-08-27,130.1306744753739,131.08961834061148,136.88411553368155,141.10063766599202,152.42236660367718,133.65224092068468,135.48798584320136,134.70299894292577,141.09278961202838
2025-08-28,130.05459763629105,131.08641424332495,136.91901848065592,141.10190594492792,152.53927388883898,133.56818261745187,135.45559136583734,134.73943784886933,141.14881974895923
2025-08-29,129.7272978706102,130.78175120441958,136.60565919635704,140.7744093135238,152.2817182059955,133.2682387693499,135.12254796714763,134.43469912222574,140.80025392617833
2025-09-01,129.6700001674476,130.74232256915502,136.64544729083417,140.77045802271294,152.37215987545335,133.2131041723977,135.0847112842951,134.47738057800115,140.8307246038899
2025-09-02,128.83489420679518,129.9372705176612,135.87723172687737,139.91376814300725,151.6917676283763,132.38857278908193,134.25640497490576,133.73401226399895,140.00060192746867
2025-09-03,129.52718452347426,130.58663931526507,136.62752953051108,140.6593862051695,152.65079763793162,133.08178812681507,134.9391626234495,134.46760441394753,140.7458277189213
2025-09-04,130.50625841492462,131.50491742605868,137.56240607310858,141.66761880853613,153.68935660852796,134.0147079062593,135.86530741007482,135.37684334927022,141.7145922514362
2025-09-05,130.80991914640796,131.7204236894996,137.8059967974322,141.914908052707,153.9101294233785,134.23857633343482,136.0783020365352,135.61737059961092,141.92539140409707
2025-09-08,130.32822345466295,131.28500171337163,137.37941818029532,141.4691914787511,153.56035035561132,133.7160661105306,135.57316814813623,135.20777322463104,141.50530769140713
2025-09-09,130.29150152779258,131.21520468960497,137.3519033535916,141.4778068864602,153.67149682547887,133.70926013399273,135.55960770772643,135.18209247909883,141.53272638062379
2025-09-10,130.5238934697452,131.38210588430942,137.5753974851217,141.7725823212982,153.98053635151066,133.93977961698582,135.7612345828253,135.40041471934964,141.83998681509308
2025-09-11,130.86158654986,131.69089666430068,137.8761379835772,142.1913851444797,154.39541512287448,134.2488576242538,136.07672554300163,135.69242067863053,142.2598410005754
2025-09-12,130.6017032752759,131.47890608913053,137.69372811928594,142.01321370159408,154.28313912787647,134.04268881149233,135.87357048158808,135.51386371902495,142.1423246713936
2025-09-15,130.60580439614614,131.4829659584113,137.72491239735234,142.02451853705517,154.39750246579175,134.0335785093353,135.8736057306217,135.54702945533586,142.20905325131986
2025-09-16,130.05996867655702,130.87077252492844,137.09732397829265,141.3242843744961,153.61077627318107,133.46809040132854,135.28872553335805,134.936406134995,141.4850331311253
2025-09-17,129.79926055377086,130.53829373296793,136.7439863819191,141.0330574682719,153.30518868278048,133.1914463410891,134.97821260869546,134.59292581930248,141.14102179185386
2025-09-18,130.1965512280981,130.9467191452207,137.13892185688164,141.468338833716,153.90232788796595,133.67286668412945,135.45528801491903,134.97188222945664,141.58090905524048
2025-09-19,130.457071819826,131.21307896326252,137.48420628017575,141.8038491341001,154.41676823673987,133.95249353052205,135.73382071344096,135.31063471468963,141.929577807386
2025-09-22,130.54315833482008,131.29959730581962,137.64657969024773,141.98404342199947,154.75690808373105,134.02864351738123,135.79489525962916,135.47319869480407,142.1702061299435
2025-09-23,130.5447319561459,131.3738337064647,137.79571872295725,142.0719711576228,154.9472188366698,134.0409701581346,135.83722917276134,135.62158394407012,142.32452799484642
2025-09-24,129.96557531788827,130.78152273012452,137.1783994701141,141.43547780332943,154.23594210940587,133.4831150799633,135.2720783852445,135.01949509460508,141.7065409923599
2025-09-25,129.5322708134712,130.3016010297048,136.70142024188544,140.96129230835214,153.7552218434414,133.08644391026806,134.8293026521912,134.55419343247218,141.2108334147471
2025-09-26,129.72176224994354,130.45060734953316,136.88857980469504,141.2157861553352,154.00147015496793,133.23763865894827,134.95048552575918,134.7400704272087,141.45111768076305
2025-09-29,130.1174758756585,130.8591147722338,137.3735820439239,141.66653346717476,154.6823613052815,133.6027124294283,135.33100275433407,135.21657000203388,141.9297106990308
2025-09-30,130.25449022494783,131.05762492864267,137.57845225436174,141.9004712304174,155.00592913757285,133.7546717617381,135.5037234962928,135.41539806401425,142.19572783911886
2025-10-01,131.16376262192523,132.00754037246008,138.57490831647024,142.91202740758376,156.23347541333342,134.67143687794356,136.44180336295662,136.3863083386666,143.25119143838873
2025-10-02,131.53338576196916,132.37718947722954,138.90543950741204,143.27216921624512,156.6117154519529,135.02421606272833,136.80696256584562,136.70529833563347,143.5807360424414
2025-10-03,131.79825466509502,132.73319911413066,139.32728430793455,143.69111409172885,157.1753241169703,135.29765342858505,137.1208709751408,137.11857638300418,144.08288388933067
2025-10-06,131.99188187334474,132.9143176908178,139.62384905760186,144.08103279553956,157.94960590558534,135.50747715488717,137.33176530205108,137.41111038520864,144.53642683833633
2025-10-07,131.9035497243863,132.80799827274248,139.56167309124208,144.01690282494855,157.9640617826393,135.43647321965494,137.22818583245666,137.35295969743885,144.48396061040884
2025-10-08,132.575811760742,133.47262293874653,140.38943792106778,144.87959048032687,159.1306691241191,136.0882047423071,137.8986278001323,138.165656091077,145.4105769592519
2025-10-09,132.5164557531966,133.39170442810993,140.28840306140592,144.66799376695528,158.89966140053713,136.04649532046403,137.8259853357234,138.06490188533323,145.18725619674748
2025-10-10,131.90417943496604,132.68761129275535,139.53334033614186,143.6749186363261,157.29070009983772,135.30882511893375,137.07803715665884,137.33288373021796,144.05395151250272
2025-10-13,131.80535562621571,132.59179812057505,139.57834338731178,143.95398358189914,158.07364886244005,135.2619315379624,137.00139822761886,137.3835877508749,144.40112148438632
2025-10-14,131.53921314326956,132.27468624056863,139.3067970178015,143.74220027034403,157.77811193157095,134.9235219285968,136.65548151490086,137.12455160310907,144.15049681857897
2025-10-15,132.12929976049915,132.82414865501258,139.93089769610313,144.4293483719448,158.55314955108227,135.48813886799212,137.2232171765465,137.73509407322538,144.85380642660027
2025-10-16,132.5005781024966,133.16885108044244,140.37740488909728,144.83861244643163,159.19909823014248,135.8426339860134,137.57980362287265,138.173984128457,145.27647677704633
2025-10-17,131.71102292488757,132.39475691781985,139.51093218854302,143.98341074728813,158.10170479216293,135.03694032163529,136.77973745201496,137.3302876012607,144.38917008945236
2025-10-20,132.2679633842406,132.9533516399195,140.2547903281365,144.77268281566137,159.2973573144019,135.62621438885827,137.37466635284105,138.05982245811364,145.26536947934736
2025-10-21,132.50634017333186,133.18418418485814,140.17673874448892,144.5886567267845,158.63699924481674,135.82845142710735,137.57819321402476,137.96957438937446,144.9557559617827
2025-10-22,132.5718962445328,133.25170108266593,140.09468074433488,144.5485593798285,158.29078005493068,135.91676846537715,137.66390474467144,137.8804868957544,144.89160038874275
2025-10-23,132.36770005079813,133.00605615250848,140.01104107273815,144.4955133744829,158.47538249297162,135.71977998638687,137.44340151238592,137.80772300289362,144.85088715425806
2025-10-24,132.38041424413007,133.01099633261634,139.97502072031207,144.52495741231067,158.56201079156017,135.72896621641553,137.4582438344531,137.77004446258042,144.8796253967511
2025-10-27,132.9256381583922,133.61311089936117,140.44811422156184,145.01997943589396,158.9333546911567,136.3362596294476,138.11030395420778,138.22122458030154,145.39667499688474
2025-10-28,132.41386593307126,133.08379315539767,139.86580108065854,144.37051784445916,158.10810635361793,135.82086728457634,137.58581871691672,137.65299519000214,144.7307570475948
2025-10-29,132.59163490010343,133.2558844877209,140.1454768501005,144.53971954212867,158.47978472282622,136.01624626674004,137.77238522210615,137.92810509234707,144.93118847171357
2025-10-30,132.55223570904508,133.19694893596824,140.13226250724517,144.50728749503006,158.5241263516285,136.00198311295526,137.74494706902246,137.91543753835415,144.9142718075358
2025-10-31,132.2743626421351,132.93232724726136,139.86812412243555,144.2237926828233,158.29732192133818,135.7579815366185,137.51303986344848,137.6583744955223,144.6363662026524
2025-11-03,132.45806704035496,133.09591094326692,140.0933642887052,144.510092843223,158.7071586525073,135.9863428017752,137.7112846271629,137.87856049569086,144.94622346567454
2025-11-04,132.54511795580987,133.1588303802352,140.1275609766367,144.41791775175292,158.340535576255,136.04208372532378,137.7805049686743,137.91171513449407,144.78780901683155
2025-11-05,132.4489808690144,133.10733337946752,140.0889093855871,144.49983074846838,158.661900935341,136.02389408725966,137.75349549289686,137.87151629006559,144.94050110919497
2025-11-06,131.88630625008653,132.5265469028465,139.45699503679046,143.73829658054484,157.6273704460045,135.35756384073184,137.09541372745434,137.26048135953351,144.14497606290323
2025-11-07,131.4033687791907,132.07511910966087,138.99336379739356,143.37686798143085,157.2778576163294,134.8787756187113,136.61617116267465,136.81031181648646,143.80721808781013
2025-11-10,132.59573172832177,133.26439429887012,140.39150328752666,144.83011739555508,159.17692909263786,136.13561718981583,137.89196926556411,138.17539772433224,145.35418952463326
2025-11-11,133.28909214764954,134.01454379963994,141.09933304337275,145.5973074690213,159.90579204905043,136.7655920399961,138.56918822621594,138.86428600249607,146.11171274907198
2025-11-12,133.6703472225782,134.4325325455134,141.6520190471736,146.15503650140963,160.71915700731478,137.1644780717713,139.00868675123624,139.40663293064208,146.7452697459389
2025-11-13,132.9391889768556,133.69232831746123,140.853088860462,145.21571803088113,159.52448269115922,136.42321025748763,138.25275238213487,138.62888111722978,145.74582517206153
2025-11-14,132.30779226360173,133.0546841743787,140.03884800583208,144.440333823118,158.35625485342777,135.789075930448,137.61941918985053,137.8293067007025,144.92527255513005
2025-11-17,132.07724185656892,132.7936802576659,139.7486787219105,144.1103319340249,158.01960867582494,135.60131565718243,137.39968932327716,137.54401729273854,144.5937431813717
2025-11-18,131.21827901667754,131.93532335458406,138.88273416295723,143.1606235870574,157.00080651690956,134.69539926963643,136.49769041565506,136.70466833053462,143.65094372741282
2025-11-19,131.64858657015083,132.3517916628497,139.38227766476172,143.6641043557963,157.71296987423756,135.15550415232565,136.95152564606676,137.19320920981127,144.17131185075633
2025-11-20,131.9150905457532,132.68586662333624,139.72354043875922,143.88947975947815,157.91585768547597,135.4336292818141,137.2565792882856,137.5243773534336,144.41371785620757
2025-11-21,131.63596791295836,132.36777259865124,139.38522690490444,143.6355214143342,157.57053602141707,135.1030934989943,136.90487685973264,137.1982006565432,144.10807987995747
2025-11-24,132.32967428252667,133.0802700594963,140.20154748586208,144.53856369201068,158.7183693244825,135.8285567743362,137.65775030668343,137.9934066023242,145.07576658500497
2025-11-25,133.13628351053833,133.83043586757958,141.02839937042262,145.43540094615008,159.68960798608882,136.59734430104118,138.4195192833057,138.80121126812472,145.94636197386657
2025-11-26,133.55209805500868,134.27362201977158,141.517762259707,146.01719664160416,160.38940340727677,137.02395701611897,138.86820260973366,139.27857704614433,146.56848661599884
2025-11-27,133.70101210318379,134.44503748986384,141.68283796653276,146.17396039796978,160.54376430297188,137.186811124171,139.0400627762344,139.43777888757077,146.73414059693394
2025-11-28,133.76896207351984,134.53685850051727,141.86229275165957,146.39889312835737,160.94961322859427,137.30752890389286,139.16234602766968,139.61208690572252,147.0112037544221
2025-12-01,133.53095386868932,134.32439420269748,141.65651088979067,146.10276635517795,160.68752374135082,137.11627731694668,138.9582128322408,139.40463187983042,146.7104779599353
2025-12-02,133.662482434153,134.40897312858078,141.6667029508014,146.12957153026784,160.6043096892517,137.20535299536945,139.02313668309577,139.42524634966324,146.67513757101423
2025-12-03,133.71578532220866,134.46535325745785,141.74626299427973,146.23704123678792,160.73687666123294,137.25772002609546,139.08405695779015,139.50162383755404,146.77309544494364
2025-12-04,133.953272903102,134.6786507418588,141.9960773271927,146.4936836090771,161.07762614135274,137.5158572970744,139.3465896762165,139.7377817786971,147.01374280380605
2025-12-05,134.1100998236748,134.88085234855362,142.24029462434427,146.6957746004347,161.4269912796146,137.72918996874762,139.58159134564707,139.96103262927187,147.24631244545063
2025-12-08,134.05557465748274,135.00192079778068,142.35323383934227,146.70825696080024,161.5663682043107,137.724466758069,139.64935165759783,140.06472639529514,147.3408283001803
2025-12-09,133.91406510807857,134.88214424010178,142.25415552145276,146.58545778402768,161.5114866737115,137.57693365816374,139.51658877748497,139.9664098006528,147.24301378511166
2025-12-10,133.69771711419975,134.64766610523384,141.9405999361703,146.33573176257678,161.20090448272336,137.35486261953835,139.27558404081765,139.67396925798454,146.96125758968876
2025-12-11,133.33746231232212,134.38533534737147,141.65641596222773,146.05118393572076,160.89115728621175,136.9636962732956,138.91559609346805,139.40817361795584,146.76561924425627
2025-12-12,132.9361679676118,134.0548241373662,141.34823465894456,145.6867573435338,160.5667786471455,136.60715219855834,138.56642288830287,139.1021109054879,146.44329501452563
2025-12-15,133.56925928803142,134.62136743348972,141.93213772190302,146.304105945729,161.12110054899586,137.20498430369312,139.13306478777358,139.67253461727088,147.01277496652912
2025-12-16,133.46485285265518,134.52593642808188,141.82599483266534,146.11590267840614,160.94689843397555,137.0996088697765,139.04303987051497,139.57510357887233,146.8085832966997
2025-12-17,133.2002079702263,134.25378375987637,141.56752016821014,145.81672944203282,160.60739555902245,136.79656201853297,138.73331587615388,139.33127633488866,146.51131903594262
2025-12-18,133.74142320138978,134.82778588800198,142.20008957293965,146.46097462268838,161.44600999837246,137.35180267168008,139.2929443003786,139.93635235033724,147.1921977612651
2025-12-19,133.92588113666872,135.09444197254084,142.46747669314757,146.72612093712308,161.96565390248864,137.55192018251975,139.5336202707664,140.19225146424753,147.5439486832952
2025-12-22,134.09982353770806,135.23956385725393,142.72981826170349,147.05492410157024,162.51994689468796,137.74991615683035,139.71380560010232,140.4309156228946,147.9191325096706
2025-12-23,134.42628973582316,135.54190669519045,143.05558883843383,147.45395125031567,162.88083663457536,138.06583148268393,140.02910577461947,140.7475871401297,148.33331935698286
2025-12-24,134.42628973582316,135.55108967937608,143.0728454561593,147.46637432046634,162.8875182834229,138.07726018949276,140.05299590955318,140.76464520687227,148.3517689534325
2025-12-25,134.42628973582316,135.55108967937605,143.08274624061818,147.47114128081654,162.9003998215658,138.07986878833447,140.06544686765324,140.77424494583533,148.36209635623757
2025-12-26,134.42628973582316,135.5688110048403,143.0803753882396,147.50923733296543,162.96612236584375,138.09252508834945,140.06668906394248,140.7725756012485,148.39798177930786
2025-12-29,134.40549839727578,135.52611526919637,142.83446644799966,147.25414077432012,162.29208630094328,138.04659030369592,140.0099849436782,140.56151444739464,148.0278897583616
2025-12-30,134.65622971392992,135.75111740090404,143.11569279026764,147.54563094352656,162.64738700654146,138.31092406463293,140.26171574834817,140.8243908323484,148.31358791918203
2025-12-31,134.65622971392992,135.75174687630332,143.10708618637383,147.48142199190252,162.56763464491496,138.30912819871824,140.25104234634657,140.81606828026426,148.22233323303337
2026-01-01,134.65622971392992,135.75174687630332,143.09436173404072,147.47529551172286,162.55107933874123,138.3057756369333,140.23504042008472,140.80373073051223,148.20906049234665
2026-01-02,134.65622971392992,135.76091181755524,143.1018958078261,147.58925317457837,162.71944093831655,138.31462918465306,140.24669944699392,140.81136123834702,148.35229459042364
2026-01-05,134.89775300014642,135.92090931924125,143.4346362305579,147.97660704705285,163.4493527649541,138.58334103847926,140.47408706849495,141.101443219537,148.7592835329823
2026-01-06,135.33234473898614,136.3940364658055,144.0294047357789,148.5374287698722,164.36197113868366,139.04694902161404,140.97103236701324,141.66540084001457,149.39413201396394
2026-01-07,135.56942215694056,136.67463711968273,144.29803905864196,148.6641362876972,164.47737872367338,139.2825210529054,141.23480816161108,141.9293804749698,149.54700698204041
2026-01-08,135.58543522852733,136.6554016977889,144.30739469705597,148.72873733077665,164.39749037930682,139.25414820034345,141.2077511545225,141.94319139046854,149.5589640223337
2026-01-09,135.98244341874098,137.05728755883362,144.80235671966747,149.25177869340823,165.170057513313,139.6656237222235,141.6231797891178,142.41063891002133,150.13554571204978
2026-01-12,135.87527559063471,136.9395544415795,144.83374946797267,149.30562842295222,165.58376264598857,139.55585737849424,141.51762508152865,142.42592973223066,150.27418074987312
2026-01-13,135.9868315339472,137.0192163802439,144.9694552052282,149.38011054806162,165.75359831163473,139.71334457389787,141.6667913193346,142.53747981042494,150.361865495661
2026-01-14,136.05159467433043,137.11866217369132,145.0602288625348,149.51092102863203,165.82782464407578,139.72307981247533,141.71253697721016,142.64428405290016,150.48319749630977
2026-01-15,136.65432988264646,137.69408997451134,145.72865604048343,150.1776402030612,166.59094726090314,140.3562838272302,142.35654634430063,143.27469894030708,151.15123823446805
2026-01-16,136.40945899249937,137.43894412976948,145.41662303422845,149.95242046153402,166.30924794799398,140.17767246514424,142.15349392613803,142.97169617570808,150.9238089939933
2026-01-19,135.26736192880477,136.30946004190355,144.3059554612099,148.81797862203393,165.1863699872319,139.01839473880625,140.9894722518676,141.89996458562644,149.82527412243806
2026-01-20,134.4857697096223,135.62052026787077,143.65185395695758,148.04487395023642,164.4611928890238,138.23326479713677,140.2434940406128,141.26520827710442,149.14730165709636
2026-01-21,134.41827955345752,135.47658497475854,143.69607109058094,148.2084024711898,164.99028663400415,138.1715393041938,140.14816857760215,141.286436169498,149.3690804800909
2026-01-22,135.14578185365662,136.20686535824137,144.4843375469824,149.07383614040924,166.00916683829928,138.90353547722074,140.88949524904683,142.03955089637108,150.27795394255702
2026-01-23,134.79194666667397,135.9445145784944,144.3744429257946,148.8434660011183,165.93404086033237,138.58254045543185,140.6135026964547,141.9139807471153,150.16826278566006
2026-01-26,134.40890895364024,135.4664317122463,143.8958362751598,148.39096967128498,165.3340834649224,138.11368604772005,140.12666681242678,141.46680886713912,149.68868391188622
2026-01-27,134.5753316334725,135.59570682866453,143.948766218243,148.7201791139656,165.71132647593657,138.2582621188055,140.2620752873034,141.53200081224546,150.04388930250357
2026-01-28,134.02340590074752,135.02412589469137,143.74803106443457,148.40295557173,165.9607788223488,137.74390780464853,139.74621413362172,141.28633802941005,149.90266677891526
2026-01-29,133.95985031986197,134.9281262197957,143.55060218111115,148.3099814485813,165.66691666032474,137.62772350653523,139.63394482989898,141.1240289059853,149.7613645074361
2026-01-30,134.40507108887942,135.35199700824725,143.60731326931705,148.29995060272984,164.85672672480268,138.11223466287487,140.1125697773233,141.2203983917787,149.5232155172045
2026-02-02,135.42481269879022,136.43251342316168,144.39785546111474,149.0538114697387,165.29524082313262,139.18557569325216,141.23910415557714,141.95807939222945,150.29154596587492
2026-02-03,135.06862333378166,136.1843337817999,144.49615996029468,149.20014826837917,166.18949838675178,138.8257782281923,140.95915515055611,142.10714022460985,150.6251070399402
2026-02-04,135.31544273374382,136.35899216602826,144.61087067706185,149.35678836940468,166.16724197501466,139.04898753684677,141.1490946104919,142.21627660299907,150.70580898895764
2026-02-05,134.89558848568802,135.8862126323915,144.04683224959626,148.67742952667723,164.98967956510768,138.53062104011505,140.63135602869153,141.6607601786906,149.98577482998581
2026-02-06,135.4147614249149,136.45943408445223,144.7552959438359,149.6506576588377,166.61380697810026,139.1053195348139,141.2503349367209,142.36189374604302,151.08524412667623
2026-02-09,135.4440719509572,136.5092005104827,144.88990054185717,149.9553401487818,167.20891097972233,139.1428228349108,141.28847135046834,142.51009869829784,151.43256526111531
2026-02-10,135.70379712992587,136.72670097796646,145.0535362844715,150.12143735691077,167.0761379706778,139.36566365859647,141.5057163226685,142.65546412317832,151.54226340398503
2026-02-11,135.76371457419663,136.86201811959197,145.30438864252486,150.39768209520753,167.44373005804175,139.42434343919354,141.61656137062585,142.90925875404432,151.9092392034504
2026-02-12,135.79321975567692,136.83526231317992,145.03935082301987,150.08300305455634,166.5230242657871,139.42834582160972,141.58921361702272,142.6213669760097,151.50990098206242
2026-02-13,135.66067703416297,136.7393157740093,145.0730110786732,150.18986082232985,166.86733851261505,139.22840097633394,141.4124992482227,142.68403210217377,151.68510974689806
2026-02-16,135.84360385907746,136.82340269021606,145.12072032868673,150.3086324168148,166.91642041189814,139.39723142208476,141.5425565846293,142.73047782698305,151.741828779751
2026-02-17,136.19550518629805,137.17827277144124,145.35887950408664,150.55509608611825,166.89340058127064,139.71442489935504,141.87095061381694,142.95662330341864,151.96593500395636
2026-02-18,136.6604137726756,137.65690179728443,145.9923089916402,151.2005856402682,168.09572550145572,140.24891907839265,142.40536893565096,143.59264153638398,152.64763629397544
2026-02-19,136.57237092872407,137.585681863848,145.9651495940249,151.13369389684973,168.15694431389053,140.15742609080993,142.34071528740014,143.57241614501393,152.6286844854174
2026-02-20,136.9746699104769,138.04315762096186,146.5128609417762,151.76176508829488,169.0041116549572,140.57496240021382,142.79524944266134,144.1194862036777,153.33657827381856
2026-02-23,136.59652576157677,137.6272823183501,146.27443444915323,151.4431324017978,168.811172291113,140.12500978638167,142.33830954554332,143.9054203695706,153.02881619569078
2026-02-24,136.9899097652251,137.9792888856936,146.53306792263646,151.82829829991306,169.12103998327515,140.51001794479635,142.71565374160352,144.15529660420367,153.37297501164036
2026-02-25,137.40714003273726,138.38788812385582,147.00346718920457,152.42479905429107,169.9397757487704,140.96301796219353,143.14058983553855,144.619528179425,153.9697883878752
2026-02-26,137.28113673570695,138.20325646030227,146.84141175529936,152.21002072805686,169.5935211599271,140.78979357128466,142.97668916721048,144.45447149800404,153.75914665842365
2026-02-27,137.10306190822425,137.98757776291396,146.6305470801782,151.9902628677165,169.40023938995012,140.5033650651056,142.68941045385816,144.2632609580439,153.56192057973004
2026-03-02,136.66991707368717,137.6293768397656,146.48607319431892,151.75201387011225,169.5926032165293,140.18146859083632,142.38177402206256,144.13151062643,153.38357661125633
2026-03-03,134.76137004386933,135.79258958667816,144.4546571059168,149.3368879965428,166.41230185196875,138.3330269340104,140.5582910764563,142.09621469400793,150.92602162582293
2026-03-04,135.15125292790384,136.18422928796477,144.86077938769776,149.85353306998442,167.07572425629877,138.69560183696674,140.94414455689054,142.50445936671662,151.45268199952355
2026-03-05,134.34784627375268,135.48608591270585,144.0928955903584,148.88817957535232,165.96438589666178,138.00206179031383,140.28816763700476,141.72853590702474,150.53759778003428
2026-03-06,133.73107365422183,134.82306850666765,143.53538014135,148.32006245014526,165.56174526738704,137.39621264566972,139.67496201046447,141.17963951928894,150.02377206270407
2026-03-09,132.48922790543153,133.71457173037632,142.34256669455976,147.0765823544866,164.3010201454158,136.15794156404056,138.46864127536017,140.00566837159042,148.83915511827456
2026-03-10,133.84611157352003,135.04481446040825,143.8254397251395,148.53691587658128,166.11576057552878,137.48886534761746,139.81415060021502,141.47930877835662,150.3053141498959
2026-03-11,132.82389757673448,134.00260645640697,142.73054152227348,147.48219339062365,165.0680969293402,136.54038856390144,138.8342365742584,140.39870694254355,149.25827411227064
2026-03-12,132.73695972420524,133.94854554556372,142.64394637043972,147.3574958798958,164.91382346689124,136.50941380538328,138.80206170781483,140.3144718613634,149.15800204195514
2026-03-13,132.40957479080632,133.57680774686497,142.23147598422815,146.93122584150314,164.33620701618986,136.1786025339808,138.4615433934088,139.9005431532709,148.70484131748805
2026-03-16,132.78304655042479,133.9519263684559,142.51791876339732,147.34651641316913,164.62452883988172,136.5606112012599,138.83917469155764,140.16475379724545,149.12958882726755
2026-03-17,133.2657448938655,134.32013039753102,142.9039362949211,147.8810332477269,165.18079030300012,136.98368934421984,139.2393678985328,140.54952865816725,149.57417796380918
2026-03-18,132.3672196952724,133.4479182672132,141.90705033463655,146.7274425966542,163.79992726969198,136.131467421102,138.37939043327293,139.54670649510243,148.40886841537443
2026-03-19,131.02360973457436,132.0900515057495,140.19458976407083,144.98472944254056,161.14827346692152,134.8051786341903,137.012913804254,137.81149218936392,146.59645447640185
2026-03-20,129.7965297832347,130.9235898774074,138.97014348363112,143.51136215373566,159.66936273773456,133.6903672278352,135.89047746919792,136.61316546436814,145.12346566532605
2026-03-23,130.5572776971063,131.72454777937406,139.52295652794697,144.1806688357329,159.8662303368513,134.5160845475891,136.74524340908872,137.12112969692816,145.76839168120716
2026-03-24,130.6615207649126,131.89585048941342,139.75022953721577,144.3948090021116,160.23235469266027,134.57036976125863,136.8443548510897,137.36084207047142,146.05161196373157
2026-03-25,132.05292983748316,133.16539966195103,141.22573283459622,146.0110619683207,162.19528404335753,135.88761374828218,138.15049481067706,138.83825647159918,147.62469725243852
2026-03-26,131.5626726368257,132.71770528247467,140.60200156420373,145.25972571168057,161.03218812028595,135.4147396663958,137.70039714714306,138.200022634,146.88222430585154
2026-03-27,130.55702653085734,131.700411957967,139.73545270222402,144.36899232412134,160.4165899864792,134.3595775985643,136.63178284964584,137.37605106960393,146.0438629054283
2026-03-30,131.14085069574736,132.24024321141016,140.31801448448292,145.01009608661735,161.0783239729357,134.93301067864834,137.2055984325538,137.9612560548603,146.64784652090896
2026-03-31,131.83342507622626,132.97940469547294,141.18789454678617,145.99604914910512,162.44377534479696,135.6770571938158,137.9717974690557,138.8309589466667,147.66353373660672
2026-04-01,133.18349447190826,134.2451492191119,142.6467042303814,147.44241190592558,164.19040527418863,136.92322275193516,139.23457123075946,140.28320489940216,149.1087694224844
2026-04-02,132.78116471597843,134.0231775157242,142.28805909831473,147.13993061047645,163.78699643007184,136.5749880518184,138.9363488631829,139.91934708248317,148.87342542737423
2026-04-03,132.7811647159784,134.0231775157242,142.29882459682565,147.14523642902546,163.80133409999098,136.57789152722083,138.95020728020063,139.9300319779541,148.8846344105197
2026-04-06,132.7811647159784,134.03663175564762,142.31816020673338,147.18609241925216,163.88976948243595,136.59302615859352,138.97752534826705,139.94909980627853,148.9265942716347
2026-04-07,132.27242194513818,133.56247673089558,141.8508706041211,146.73244093111504,163.53750346135598,136.21012198531147,138.59306750714717,139.47373665111604,148.5467474074874
2026-04-08,134.4422890194466,135.63521424005944,144.0094509632486,149.0357519393282,165.92015461291098,138.28840601369967,140.66883289472065,141.60160653137294,150.80132390347075
2026-04-09,134.46034501063082,135.76553586312994,144.17943660365955,149.23115582733504,166.33560832110425,138.3786795564168,140.80169348152393,141.77633869839332,151.09118160441943
2026-04-10,134.8069794836134,136.07948077579263,144.49022775340066,149.5208215652421,166.6658744443912,138.71167423150195,141.13400764019653,142.07914536125332,151.3518540897873
2026-04-13,134.59130742506454,135.949418952005,144.24301840121672,149.2401587249495,166.42492500033532,138.53525773371453,140.9861304601203,141.82912340449744,151.08111951073957
2026-04-14,135.3957313035155,136.68102457036957,145.06570011817274,150.10192709515943,167.41486611302574,139.2996378672354,141.73412005499964,142.6475415059355,151.8636759384881
2026-04-15,135.55245060326703,136.86002984835588,145.2714640019385,150.27819803973105,167.66060050510677,139.4966974378519,141.95572294091488,142.84161800439327,152.0317219573759
2026-04-16,135.52519135968822,136.81682468404247,145.2798389372499,150.26786838194263,167.838943796365,139.49579850117993,141.94850099438145,142.84324381997988,152.0665242019248
2026-04-17,136.9867313290299,138.23342475392556,146.71753022526588,151.75883938087117,169.32036632226445,140.92031670335382,143.35429971682595,144.26942815937858,153.46051338722856
2026-04-20,136.4788074627165,137.75614699891312,146.1858516005798,151.1793917077843,168.66942403585588,140.40329122244003,142.86820421321434,143.7316086167864,152.9167287866255
2026-04-21,136.01329360111404,137.30201100942773,145.6817713862001,150.56971640483783,168.0775312040635,139.98878955679555,142.46188577230367,143.22394876544834,152.3491891059136
2026-04-22,135.70172706815254,136.9632835297353,145.36515776642852,150.29947649501224,167.8171883280384,139.67552281393313,142.14005418517885,142.90863252159517,152.0774491545821
2026-04-23,136.3141445982005,137.57385678674441,145.97767795163296,150.99509749544927,168.59552787551038,140.31064039636897,142.775975376758,143.51801351561804,152.8072912902349
2026-04-24,135.95949441171422,137.233649981658,145.63828470353315,150.69743363560258,168.27231955607644,139.98421403987825,142.4527693691146,143.18131588901727,152.53914470330642
2026-04-27,135.87622214313888,137.17490796203103,145.5132473627494,150.5350437048226,168.0823612348679,139.9173140764971,142.39305170816982,143.04955914951918,152.3774991757005
2026-04-28,135.80380230386712,137.12795607649554,145.37298294762437,150.44562415840232,167.73340649821435,139.8814998610425,142.36471944107035,142.89710894787015,152.28429646420565
2026-04-29,135.4076795702966,136.70537593066047,144.92367879501361,149.966396236637,167.5493180624485,139.5348890868849,141.99614759429582,142.4495063315046,151.82181476594897
2026-04-30,135.73205754111598,137.00893600456624,145.24425642145044,150.51665546668247,167.7943601353519,139.82571140108098,142.27952373602116,142.77618548577203,152.31756015394572
2026-05-01,135.73205754111598,137.00101658082144,145.240130179653,150.48985042610119,167.8463906216162,139.81875957262605,142.27278324136265,142.77216254546803,152.26682319144535
2026-05-04,135.54820716857108,136.7922110736537,144.94205505769088,150.18221635442663,167.5489737649299,139.66767167943073,142.09364329243158,142.45933844847332,151.944310851108
2026-05-05,135.98846156511897,137.29699926086505,145.4888871568285,150.77064235293827,168.27116157836505,140.11302242204195,142.5676830518553,142.99870315553034,152.57915089920073
2026-05-06,137.35859306961473,138.58397000643882,146.9172368446835,152.21595311227676,170.05021856947613,141.444381093323,143.88715655896652,144.4211976404687,153.98396708395916
2026-05-07,136.91040328348254,138.104334863641,146.50206173512285,151.62042131057248,169.48891907268444,140.99746614717853,143.4267351971926,144.00657709772025,153.4032614147702
2026-05-08,136.7637484312933,137.99641362746627,146.33949251792973,151.44883075203174,169.35416929139433,140.86209002457275,143.2948010992616,143.84451403792175,153.26016194330322
2026-05-11,136.71851480861477,137.97360447938323,146.3430546717184,151.56600634088116,169.7711514591868,140.86629710436844,143.31479235333956,143.8513151770646,153.46862701011844
2026-05-12,136.26408284794158,137.63532801374103,145.927716925619,151.0954527408145,169.153002025545,140.47007401161991,142.96998010382805,143.43658549822123,153.04941472356379
2026-05-13,136.96940387660885,138.38350124609644,146.76303610139666,151.935031297296,170.4187983269237,141.23032825623682,143.76590616487496,144.2650981468202,153.94974798627402
2026-05-14,136.96940387660882,138.38412350618762,146.76680570924324,151.99285473765204,170.5181782095867,141.23180371759196,143.77087104322047,144.268833841647,154.01645466668438
2026-05-15,136.6954814473632,138.1850901151318,146.4104124369834,151.47803641162037,169.84804659676854,141.01729615913177,143.57760866091579,143.90078278067017,153.50060555934786
2026-05-18,136.55788596823507,138.21396806681128,146.39348994266484,151.45429978706602,169.72028600783477,140.91603575134963,143.53981591753083,143.88722263771788,153.57522110890378
2026-05-19,136.67843729027138,138.37867358310348,146.529113542555,151.60384416657288,169.87376526477658,141.06377877985966,143.70171482736782,144.02360646725833,153.75423083808366
2026-05-20,137.58783117994346,139.15672014652526,147.35822182294223,152.47174926523613,170.59236990741627,141.8727265677368,144.47767405303307,144.83593473978104,154.53322504495813
2026-05-21,137.53636426654333,139.22600556505577,147.41027156982267,152.5672259562524,170.87967784734857,141.88697749594056,144.53809518742122,144.88398567288854,154.71500428509478
2026-05-22,137.99749214763807,139.65480888527975,147.85987717657383,152.97068069898555,171.2927447574168,142.31626044662693,144.98760700890037,145.32379821168067,155.11756703532066
2026-05-25,137.99749214763807,139.65480888527972,147.88268116443314,152.98191973465615,171.32311548761885,142.3224107254793,145.01696256295128,145.34643146237033,155.14131043329755
2026-05-26,138.6085415620507,140.15864090264498,148.42274004564848,153.60516840633355,171.9502378218252,142.88290480797468,145.56114195889626,145.87054644983908,155.70851261986633
2026-05-27,138.91581235591838,140.3626759191838,148.51937355125472,153.70764718370765,171.8936981097345,143.17086102464543,145.79680899135988,145.95956506573538,155.70920854477964
2026-05-28,138.75166547441762,140.094235606324,148.31036110054492,153.47555627857815,171.71860589170677,142.97631328319366,145.5634327511134,145.75259562139584,155.4296981156663
2026-05-29,139.05624536975546,140.4483538886452,148.7742682087807,153.8557056013718,172.30017871547005,143.24966797430784,145.87023751522347,146.22406576787162,155.8308272202765
2026-06-01,138.34812865028144,139.70559566701405,147.96733703644946,153.08486039957378,171.72245616389915,142.6501527488962,145.23957384297725,145.40612928183242,155.06053930031038
2026-06-02,138.6027931788361,139.8810119594162,148.1934531926538,153.43659731820765,172.06730430969728,142.84932521081117,145.41546317955664,145.62926517186523,155.41036706609185
2026-06-03,138.3303720079932,139.63131406031383,147.9008466207396,153.08545608554402,171.70730925196457,142.6571753981145,145.2168550166192,145.3294101184946,155.1055389082359
2026-06-04,138.61031818109132,139.92119636241048,148.21346096185272,153.41186259162353,171.91400318983645,142.8617455443876,145.46074728392188,145.64861821591262,155.39553691725507
2026-06-05,138.4802237808059,139.85024451072402,148.02505614187692,153.0123396583586,170.99051454310265,142.8045222702562,145.42254840962445,145.4519785529418,154.9801705260598
2026-06-08,138.16387290278672,139.5402840211373,147.7126824683358,152.6838873165644,170.83748475248277,142.52063789742076,145.13222494152004,145.14287449724196,154.6716598117421
2026-06-09,137.83451208654708,139.2158248149389,147.27823146208897,152.29010717732322,170.1501482928993,142.13342813574326,144.74780492369032,144.72363066002447,154.22537310088848
2026-06-10,138.09108333346526,139.50158545966153,147.4114960334145,152.38625540730314,169.83087061188616,142.3676455520243,145.0211690438348,144.83343895093486,154.31222050165093
2026-06-11,138.372223497428,139.76709412086993,147.6260606036093,152.75199865656393,170.18860695782186,142.64047718018819,145.29888311183922,145.04428073828544,154.6774038490992
2026-06-12,139.7152843987279,141.10470253749588,149.17430367393223,154.358040632424,172.20407193227118,143.96679759645696,146.66921316757023,146.58208724836302,156.32014215402512
2026-06-15,140.1563848575055,141.41087622497582,149.66580937625008,154.9492135127222,173.23998590073052,144.41440772243197,147.081390949824,147.07331459874558,156.91796635842456
2026-06-16,140.41492872669284,141.6143887238123,149.8319072785278,155.1102059312874,173.17176739987224,144.6328988089572,147.2809766940134,147.23270850756998,157.01382689984436
2026-06-17,140.626625688184,141.77087380540223,150.00522719603092,155.2123983965368,173.4628990044358,144.8168263862608,147.43031179069183,147.41260775388724,157.0905809252856
2026-06-18,140.74817687017028,141.9066091030577,150.05809432591084,155.37562325374725,173.60725605787655,144.9695064574415,147.57521375532843,147.44733254673116,157.2800890638132
2026-06-19,140.81064032631866,142.05444956735505,150.12126776773854,155.48333864571723,173.73439324642678,145.1343430840673,147.75739609392326,147.49909326312982,157.43616821290226
2026-06-22,141.15820080956874,142.34085504064905,150.44489218145569,155.8130020746119,174.11763278938005,145.43277150974282,148.02885993674855,147.82485772668826,157.74004677260893
2026-06-23,140.68075268815997,141.8589965097316,149.85616453469171,155.14368823299034,172.97913479384016,144.87988064878166,147.46838029288182,147.2539341882126,156.9876915523044
2026-06-24,142.0885064909932,143.17774099889425,151.06536763596802,156.4001090095717,173.89213573744718,146.2422333166748,148.82827098589007,148.42715107988334,158.17464492918742
2026-06-25,142.17266590827728,143.21935729766673,151.09435736785215,156.58431454117917,174.06630079412616,146.30378987184298,148.87726000084723,148.46930960627495,158.33575877489866
2026-06-26,141.5862758599612,142.6198895982976,150.5718777224222,155.96592918857857,173.22723949850644,145.67348841719482,148.25957254695373,147.9669141337942,157.67997461320272
2026-06-29,142.1324044300605,143.1749152035197,151.05160273316375,156.54496374858965,173.8780351088234,146.26164671489897,148.84090728642212,148.42280757770013,158.24675197843166
2026-06-30,142.34997981477548,143.46332483493262,151.40149784831218,156.80649975472005,174.48976608023662,146.5364531005724,149.16582270190887,148.76155119201212,158.57495153160224
