,WF_max_sharpe,WF_min_variance,WF_min_cvar,P0_AP5_benchmark_OOS,IS_max_sharpe_lookahead,IS_min_variance_lookahead,IS_min_cvar_lookahead
2021-07-30,100.0,100.0,100.0,100.0,100.0,100.0,100.0
2021-08-02,100.0763461919101,100.1547517950345,100.13318909034665,100.12796766386947,100.0612596104113,100.12234660029465,100.11063928884319
2021-08-03,100.01704294467193,100.18256664722571,100.14427990902941,100.14154368626518,99.97655220234815,100.1137870879847,100.08784712430732
2021-08-04,100.1365697641712,100.331608382899,100.3423926408274,100.35351260580441,100.10938806987271,100.31297882595875,100.31212551196647
2021-08-05,100.31824611962321,100.53149248581789,100.4597543502817,100.42617616738056,100.27833350296493,100.42320171731826,100.39703019270827
2021-08-06,100.18049754609845,100.52889055836071,100.4930233878915,100.47049929232583,100.17950398450814,100.4929100774842,100.48434745973842
2021-08-09,100.3061190611649,100.87776137968967,100.79127772577263,100.74807415677456,100.2976353104781,100.79247845390609,100.76307481154328
2021-08-10,100.58104207807392,101.11758976666418,101.06015765811304,101.04355781299172,100.57221275926567,101.06666521488759,101.03760586063919
2021-08-11,100.78297201562003,101.20725146552627,101.1223081599538,101.07933871749681,100.79381380114738,101.14600439583121,101.11754656605537
2021-08-12,100.95923704849888,101.34535544732105,101.29518517521939,101.27925905648868,100.9574253286733,101.3068060127765,101.28254467473008
2021-08-13,101.13871444653839,101.48997736063524,101.4340844837316,101.40830262366683,101.13982498371334,101.4444356008107,101.42374537702543
2021-08-16,100.62638123761134,100.96104938100068,100.92584247024836,100.92722885930014,100.61609232504634,100.93311428722348,100.9061840391848
2021-08-17,100.65634672483354,101.00603471552863,101.02143736035814,101.0365238148196,100.70032379915632,101.07785529468475,101.0772638870353
2021-08-18,100.70126570327325,101.13874717986748,101.18540086142733,101.22528552162653,100.74212305685606,101.24122827139412,101.24401884070593
2021-08-19,100.00768267506692,100.50080387701945,100.48848038744357,100.51342651087494,100.02689653946521,100.53760653377101,100.50889402488411
2021-08-20,100.50934675940648,100.94467094771848,100.94775256404995,100.99268184199576,100.50743659019857,100.97927355927399,100.94611065575587
2021-08-23,100.95534512672586,101.17560316662193,101.19167009344991,101.24237421718159,100.96646896326689,101.23651847761954,101.20833188583785
2021-08-24,100.84988975845106,101.0224469806976,101.03829179482359,101.09494141875568,100.86401028608608,101.09152957078933,101.05849226066054
2021-08-25,100.7761208737177,100.90033082207712,100.9267402820436,100.98410724148931,100.82873865771683,101.02105151132656,100.99520165317503
2021-08-26,100.89761069854461,100.9499892271208,100.98079563347682,101.03104413045455,100.98781042960489,101.11214593557688,101.09513538368272
2021-08-27,101.18551510475487,101.16313456882835,101.158952579591,101.19255829093348,101.26024858197013,101.27705106451492,101.24748569110473
2021-08-30,101.37670445068892,101.2962003589401,101.32084668566958,101.36574747732261,101.45552636559168,101.43760369813431,101.42028886091316
2021-08-31,101.26580601014203,101.25121638313152,101.31239237344131,101.38751118249931,101.33385461740735,101.42090397716714,101.40657168197164
2021-09-01,101.61055650827284,101.2783183839159,101.3405925532738,101.39298849060678,101.72724132953459,101.48879677967517,101.49318620213737
2021-09-02,101.6634438787317,101.50324818852347,101.53779734017296,101.58758988698833,101.74587743057828,101.65753184245612,101.64362745680002
2021-09-03,101.60468096603283,101.3371824586416,101.34400257030119,101.36351204917248,101.68228859388564,101.44864797971857,101.43827081885162
2021-09-06,101.91455305693722,101.55938300158414,101.62319751928652,101.64442101947857,102.04187137099947,101.7587362368833,101.78883391245625
2021-09-07,101.47876861857421,101.12233478012442,101.26603251147648,101.2968805784098,101.6505648524843,101.42042219990006,101.50155497482294
2021-09-08,100.99420195896131,100.71238808460978,100.83583799682549,100.84665087863914,101.16961212191285,100.98938688409594,101.07145717480674
2021-09-09,100.89995787892596,100.7438430694916,100.81514196108392,100.82574253310376,101.01239750650224,100.92057503465122,100.96454086312269
2021-09-10,100.571713036168,100.51489803833368,100.61810507333688,100.64405654094179,100.6988832734117,100.7365087880839,100.79178753397882
2021-09-13,100.645773458601,100.50058068915304,100.61478759165911,100.65340369697063,100.77388478159702,100.73852636793545,100.791892134324
2021-09-14,100.8310773695295,100.67971460665137,100.76333408223512,100.78626003159485,100.95356778501221,100.8840394347269,100.92732900166963
2021-09-15,100.23497438562212,100.04131776048038,100.1685088567859,100.20339348125565,100.3719482137308,100.29308986198609,100.35892636427779
2021-09-16,100.68541964572188,100.50026034433752,100.64945856778955,100.68708673585817,100.855396187234,100.804128663382,100.88395230528558
2021-09-17,100.3356568882652,100.12065918268671,100.31914959532308,100.36936482768779,100.54741688210109,100.50784676930739,100.6139200247168
2021-09-20,99.25747675520265,99.25465604798619,99.37062473934837,99.39132131875297,99.42210394670961,99.52299488882583,99.5917821853751
2021-09-21,99.68947971462808,99.62729471905894,99.77649294251093,99.80280108543613,99.85935239271126,99.92211353234775,100.01086242478753
2021-09-22,99.7808287428592,99.7122295481907,99.81961792000895,99.83168554379809,99.9211808519455,99.9406491678395,100.0099431424756
2021-09-23,100.06446991528092,99.92585242953791,100.07790725103489,100.08934469845978,100.26242853111206,100.24390315509875,100.34647317680535
2021-09-24,99.68025913546701,99.44139278984267,99.59697049709332,99.5845874920437,99.93131778340654,99.80586059989203,99.92979713419146
2021-09-27,99.36840243191021,99.14059752149797,99.33754624140894,99.34818005290562,99.62728390496626,99.55221805970287,99.68836780919477
2021-09-28,98.5245625386029,98.52467475444529,98.63821964788318,98.59971015759557,98.8014951206314,98.87953628108009,98.99322573874876
2021-09-29,98.57891048898118,98.59708969931401,98.7335227084002,98.721623439394,98.82242138842003,98.94381776546304,99.0533232572744
2021-09-30,98.7322355085349,98.48128874765722,98.6348866151675,98.60553400292721,99.031495905794,98.88910204038905,99.02496528962692
2021-10-01,98.27481357730615,98.19470785784209,98.29967198722942,98.26784253954062,98.50206485091448,98.49132600063956,98.59345146203921
2021-10-04,97.99126016072111,97.99037321098125,98.12328310663,98.09518836208022,98.24842364744882,98.338991951782,98.45868124003405
2021-10-05,98.24791488974968,98.11883445975157,98.2425026792105,98.19885858941242,98.53404879379052,98.48546287822637,98.61062986442164
2021-10-06,97.86460761527395,97.70468732412878,97.8382594852047,97.79803674815739,98.16567438310135,98.09658120610176,98.22631879912443
2021-10-07,98.68127203375671,98.44617986834002,98.61011647439118,98.59949119281242,98.98802436807648,98.88263124563024,99.0113162175507
2021-10-08,98.6744333533545,98.39289576361568,98.52030091719914,98.48652771454638,99.01180879960964,98.83038341001856,98.9505101242026
2021-10-11,98.59714651740671,98.20347768713093,98.41340257604642,98.40651438532166,98.97677306271046,98.75189650595586,98.91138421043848
2021-10-12,98.62277000422931,98.16382362852094,98.36978949037804,98.35504233592222,99.01117212401883,98.71466448879609,98.87744318197463
2021-10-13,98.99573642266789,98.47255733496472,98.64419883577497,98.6372834078824,99.33263939452462,98.95166287062345,99.08307717582603
2021-10-14,99.4321611399566,98.93884930999843,99.05679628880435,99.03786280472502,99.7128119031124,99.31568416363122,99.41716949996801
2021-10-15,99.9064178586487,99.37217844238829,99.52071329262313,99.5039386097751,100.21874133501359,99.80313221685037,99.9253628476332
2021-10-18,99.88357656522359,99.35122391494731,99.50283970932317,99.48065199114733,100.22472318630086,99.81385495775716,99.94261448505789
2021-10-19,100.04665038147158,99.39750722106284,99.56364420749163,99.53921259362895,100.40863138331385,99.89018981382857,100.0313751442362
2021-10-20,100.39645522813228,99.723787377297,99.88684565297882,99.86946417069295,100.73990351728024,100.19839530811672,100.33176261584865
2021-10-21,100.2524026380458,99.50270780930181,99.67060589262815,99.63745952023267,100.63151118626732,100.00984583108121,100.15919470394519
2021-10-22,100.46537637837747,99.69061927552666,99.9001082508212,99.88966304848518,100.85010362281426,100.24212870043263,100.40410102124598
2021-10-25,100.50666344714998,99.64340443374122,99.8234030246964,99.81459446927738,100.87773202679418,100.16585942674874,100.30489934821975
2021-10-26,100.90443208689186,100.20378039341654,100.35583433480733,100.34040022636674,101.24345599266371,100.6694049014867,100.7931611002539
2021-10-27,100.58103190531989,100.02789732758673,100.17775244980352,100.16896617862176,100.89146627874274,100.46351653019994,100.5804176168698
2021-10-28,100.70719623355902,100.0649760740885,100.22406929472021,100.21441650243403,101.04090344361384,100.53214115854982,100.65650497772359
2021-10-29,100.5951402029355,99.75989441717972,100.02373636553999,100.03951078749908,101.00533692331094,100.3883580189492,100.56954532627267
2021-11-01,101.04801964738938,100.18523498589511,100.39582212046965,100.39665405208076,101.42624567627819,100.73837972606015,100.89226651549843
2021-11-02,101.40459377447515,100.7513902659775,100.86845176972534,100.84792122046204,101.70835465404171,101.15419280686442,101.25628752597939
2021-11-03,101.30631342081553,100.85995548297855,100.96073737567653,100.92502534035121,101.60422296582277,101.2360571296455,101.33817460824548
2021-11-04,101.77901268536182,101.2240790135586,101.37503477590131,101.36024570835104,102.07847454493093,101.64236122353067,101.76480292494207
2021-11-05,102.15592229176373,101.52594776210076,101.6062653370747,101.58067917745986,102.37389378088788,101.80468242874656,101.88379811583361
2021-11-08,102.27687885017932,101.59497522753038,101.67595417891829,101.64809960560619,102.49649598550525,101.87420418607749,101.9555937608972
2021-11-09,102.43142446241329,101.7347351595153,101.81857540342011,101.79924093848636,102.61823333604751,101.9827909670187,102.05956268502095
2021-11-10,102.36668004525411,101.5399861845752,101.63372721706058,101.60448213099104,102.59238706202258,101.83146483892729,101.92331641723453
2021-11-11,102.52621183550612,101.48604271051029,101.62665526752403,101.59669304019478,102.81916905221622,101.87966812580223,102.00648254778697
2021-11-12,102.84825258785737,101.79603275101674,101.93246397121544,101.89257542333809,103.128717996144,102.1649017667548,102.29647403510751
2021-11-15,102.8882410393492,101.73277143135631,101.90484951797785,101.8689321227503,103.20112839790723,102.16048708928052,102.31508833141822
2021-11-16,103.19933774983421,101.89260709073278,102.0987950455237,102.08553163575158,103.5368476265987,102.38383921898297,102.54561104315647
2021-11-17,103.1285805229176,102.01803055543253,102.13883413228339,102.09282164048726,103.44634752329699,102.41927494550862,102.54420702976378
2021-11-18,102.97518513373296,101.97146637715733,102.07356742514023,102.0332813144411,103.25544771116695,102.3234764053998,102.43016838744359
2021-11-19,102.8534860478552,102.10745140793713,102.18622461228499,102.14350710647038,103.08636989573283,102.38978564464615,102.48127514540903
2021-11-22,102.78046190534167,102.19775613279984,102.22239532374758,102.13873693346042,103.01886663816447,102.42870800899382,102.51275015758756
2021-11-23,101.88785658718038,101.3012478339238,101.33292744057756,101.22755747910774,102.16808477271036,101.5684594181867,101.67478673166114
2021-11-24,102.02584398626573,101.29875249627933,101.36916368832654,101.27509416552935,102.34578947212273,101.64078203539123,101.7666233323326
2021-11-25,102.35533662474465,101.65804013678188,101.74231720308889,101.661774199079,102.64928466986379,101.98621773538218,102.11156976917786
2021-11-26,100.28068450955018,100.28376576011388,100.30422651983105,100.22170878473216,100.46807741493934,100.45260559132811,100.53268198434762
2021-11-29,100.53872245176345,100.51262804575583,100.54936997772646,100.45906026797668,100.76944066387003,100.7348874741544,100.83305563123992
2021-11-30,100.22466035661238,100.223209992443,100.29516601048385,100.25120959486141,100.40889103212905,100.44312465265062,100.53058806850628
2021-12-01,100.05631693096453,100.46429718816596,100.44690645111729,100.35979556651449,100.23624011058723,100.60260418248768,100.65852411075645
2021-12-02,99.62831036006754,100.15520537423588,100.10480764253782,100.0113562750357,99.76548676401332,100.22169934120816,100.25839570121762
2021-12-03,99.64541719718318,100.16805286687452,100.15088466726631,100.0669048754969,99.79156970752662,100.26853328757855,100.32214782479085
2021-12-06,100.45085022376475,100.9257857135558,100.89783571709707,100.80875278548676,100.55582681938151,100.9678623683194,101.01758807222477
2021-12-07,101.67510217849008,101.88443010737866,101.84371376008903,101.74519739069285,101.78988997776143,101.92474390570906,101.97253859425327
2021-12-08,101.8661015114564,102.01911004633757,101.9513264799786,101.83664681892822,102.01231454060131,102.07142115093633,102.1120960435299
2021-12-09,101.81796161178593,102.14775440530246,102.05532384002353,101.93546077714615,101.91758040681205,102.12853197512193,102.15520611733942
2021-12-10,101.5875132151763,101.97136380040104,101.88003610864216,101.7632994671998,101.68437485035385,101.95183164806387,101.97685013103862
2021-12-13,101.66988877180691,102.06601648761679,101.99141238485974,101.87757081801692,101.77053373924288,102.061234853198,102.09624359282354
2021-12-14,100.73163121385159,101.18630366112909,101.11367805373152,100.9944687490816,100.84267794570137,101.19067337345416,101.23136624525584
2021-12-15,101.1632289301857,101.44989694736024,101.442852321225,101.34097556803441,101.31972660979231,101.55345034132644,101.62860504665498
2021-12-16,102.12215492232315,102.4255993893087,102.36419732331964,102.24547510040507,102.26067478380445,102.46855003353103,102.51709544143921
2021-12-17,101.35411595888645,101.68957315466523,101.6336744863606,101.51785815512272,101.46308114886938,101.70207120223802,101.75236422191377
2021-12-20,100.59822079765848,101.03829680921778,101.015846188162,100.90063953497246,100.70997789485567,101.07049957515939,101.14485827786727
2021-12-21,101.23255747691556,101.368925829258,101.39048722910111,101.27558005534266,101.41350078196751,101.50503508347484,101.61145658506614
2021-12-22,101.69961071077891,101.82203924761708,101.8482172257057,101.73396682491543,101.91344519562546,102.00020747084395,102.10949909064576
2021-12-23,102.08042899806955,101.92060759702493,102.03480848044622,101.94426234847747,102.37497289946414,102.25582145801921,102.41102050747082
2021-12-24,102.06956556982318,101.90974416877859,102.02394505219988,101.94419998374894,102.36410947121777,102.25347410608299,102.40015707922446
2021-12-27,102.4967665802277,102.33160803523549,102.42776863544788,102.33457729327667,102.74198463735382,102.59715910760934,102.74120461831625
2021-12-28,103.08922217946271,102.80239993444337,102.91286432824674,102.81792950873718,103.3651865732997,103.11015186868148,103.26606908735265
2021-12-29,102.4837000126621,102.32935969777668,102.50539948935722,102.42673104824726,102.80634901947639,102.73692791426907,102.92814349089309
2021-12-30,102.74468711748786,102.52994564779571,102.61708333442918,102.51055228337887,103.0264582832705,102.8244238899645,102.97236545779289
2021-12-31,102.71164241499322,102.53402932190295,102.62116700853639,102.5104899251464,102.99048127326145,102.82173061794948,102.97294111644668
2022-01-03,102.65283276900527,102.24992010951223,102.42970159377893,102.33346190967201,103.0114766181888,102.68847299659942,102.89628848441383
2022-01-04,102.61789512124165,102.33487367008189,102.46742698879858,102.34181601936858,102.96862014202925,102.71836733647768,102.91468141195786
2022-01-05,102.4989708129425,102.19563993084617,102.33250652065477,102.19240340096714,102.88724163992644,102.61467287485453,102.82557861910979
2022-01-06,101.66709198829219,101.35075283538175,101.5054453239332,101.35867677606262,102.11760829822252,101.84746199301517,102.07670490023932
2022-01-07,101.7130232070816,101.36665721957019,101.52750686239551,101.39165377791302,102.15506166099205,101.8647542541522,102.08990941249596
2022-01-10,100.90845357969063,100.50166824198034,100.69728812110337,100.54687206117417,101.41352444532106,101.080202722171,101.34235672048237
2022-01-11,101.3889031416458,100.89362225730729,101.08879994736577,100.94243418826305,101.87322750133458,101.45032047590222,101.7089565153686
2022-01-12,101.46037707210445,101.15961060685154,101.30989998198119,101.16638297467837,101.8936298189389,101.6361394977864,101.85958743959529
2022-01-13,100.99520243656745,100.98362520644906,101.03158863870331,100.84516837451629,101.40460575807546,101.34920223047214,101.53138363326659
2022-01-14,100.51152708353284,100.29298633939325,100.41268712658193,100.26016922148557,100.94699583237062,100.75054351146002,100.95864026995764
2022-01-17,100.83772721304287,100.56561022259281,100.65691905194211,100.47286839391631,101.30360931170064,101.02120703728141,101.23332983929714
2022-01-18,100.26853974011433,99.9365160127288,100.06341575394362,99.89909882564135,100.73936184129386,100.43048331552902,100.65316605672004
2022-01-19,100.20728911059238,99.76917506122088,99.91548689131258,99.76123890525167,100.69482243930526,100.3002918950745,100.52928167020443
2022-01-20,100.27853500595181,99.99854867791058,100.02978664522746,99.84062816822316,100.69669714112189,100.36450255017857,100.53656864228742
2022-01-21,98.95953948103875,98.97499506359455,98.96113568891299,98.75687226119607,99.34693701841725,99.27081873137983,99.42169888779621
2022-01-24,97.09916664581606,97.19815375315716,97.17304915235857,96.98412284533293,97.45751165423229,97.46597326404293,97.59650841083501
2022-01-25,97.4840253577276,97.4313191906626,97.429192892411,97.24015375519822,97.84280527238181,97.71048207982986,97.85796918081152
2022-01-26,98.52235094768929,98.42905254027434,98.42014643182753,98.20821695698618,98.9213741317463,98.73509230141183,98.89565177026421
2022-01-27,98.7128124039038,98.7361500377069,98.7015904929495,98.45722775004293,99.12745602551529,99.02312266927599,99.19042789861219
2022-01-28,97.97252351519585,97.83816528968273,97.8544219007518,97.6169244208049,98.43170799417894,98.20796832882664,98.40715290136444
2022-01-31,99.05729509063845,98.8539604218721,98.9212665597483,98.70347619402072,99.53602763151031,99.27601947467932,99.49787459440986
2022-02-01,99.402957424323,99.09648029369143,99.1410412347864,98.89847990299427,99.89614208886469,99.525217768315,99.75467839505572
2022-02-02,99.56869287756166,99.27657717418938,99.36777255173513,99.15867708676362,100.06641536098806,99.76933897907824,100.01019085559663
2022-02-03,98.78554390594002,98.36455986984235,98.47877438970049,98.24699730634404,99.32382846544279,98.95970976940993,99.23468440868133
2022-02-04,98.71921882638684,97.73203966255181,98.01746961262741,97.83307731033563,99.26656894078906,98.58039409646288,98.94809266232353
2022-02-07,98.88706297961667,98.03439900514459,98.22915951174767,97.99509589420708,99.44245293039948,98.7680698914978,99.11121940349035
2022-02-08,98.65454623809362,97.55657445546814,97.78797255792371,97.56134987205353,99.2281076871782,98.39507088969866,98.76019896680786
2022-02-09,99.74315615292807,98.71626908699419,98.85559139858508,98.60891598383714,100.30120771544189,99.41236056034164,99.72934795295897
2022-02-10,99.68303288859617,98.45144673793831,98.61238927414784,98.36927225341095,100.26655552747465,99.22860108172195,99.56375138678125
2022-02-11,99.48116686505173,98.3189104494517,98.40155611969578,98.11724367325108,100.06681072146945,98.97226158923932,99.27656139909409
2022-02-14,98.56399323885431,97.29827162574973,97.34377685226137,97.01756233136959,99.14305060971806,97.88800666564397,98.18651341751735
2022-02-15,99.12547143488034,97.77641424416807,97.88401841151662,97.58252112597525,99.71625056579542,98.48631788056541,98.82095202868005
2022-02-16,99.07604917078878,97.90113997730376,97.96491394389363,97.65685084899745,99.64323031224188,98.50148432222316,98.80311676213658
2022-02-17,98.6225132336213,97.5224482982955,97.60435267407458,97.33436710801864,99.1879628205876,98.1421046502168,98.42370952233814
2022-02-18,98.03250324659297,97.08248027822674,97.08593727616449,96.76138126642925,98.59891470115039,97.58959712506055,97.84724737101403
2022-02-21,97.33559200310238,96.43059518700534,96.47273020114068,96.17123364778024,97.88022216496255,96.96251189266134,97.22218103385416
2022-02-22,97.65293645688631,96.59341102831299,96.67182920703462,96.38243328191126,98.21947397459101,97.19414892865713,97.47630362572413
2022-02-23,97.61047894788734,96.50588734390017,96.56247759862991,96.24479414194401,98.20526881113003,97.11603261389699,97.4070964160044
2022-02-24,96.55685526068717,95.23677040420368,95.2343674410454,94.87145881218999,97.11394638647508,95.72239109047423,95.98614284705752
2022-02-25,97.86949964250462,96.4994500648598,96.52987940843973,96.1838361451515,98.44928520689946,97.07388277264089,97.36639442360823
2022-02-28,98.00871543737112,96.78024241149899,96.81886760628235,96.4884531700758,98.55425800317055,97.28990284732843,97.57500634154896
2022-03-01,97.91823779635952,96.88473627240354,96.8298139414683,96.51347986357658,98.393882268685,97.12126478110093,97.31460417001595
2022-03-02,97.93740334326935,96.71743774973145,96.65167927236394,96.29277753339166,98.42739683389092,96.9670516646449,97.18560504598074
2022-03-03,97.70719535874241,96.35268848693933,96.32048726245034,95.96878755298376,98.23786058319524,96.71358493531724,96.96002128887933
2022-03-04,95.9414732374355,94.66693190502482,94.63992351698717,94.28367757636893,96.44911257101516,94.99618928585242,95.22785954396265
2022-03-07,95.93722197642204,94.38980116214604,94.31269681520352,93.93419800394362,96.47334454909424,94.68345228170156,94.89661586878776
2022-03-08,95.71547138715117,93.52774843594968,93.44628926188292,93.01810826377054,96.27354277314952,93.84006419825678,94.08439147736085
2022-03-09,97.09491486214266,95.05795437347447,95.06958808551569,94.6896449731649,97.66797485608514,95.55333275528366,95.84536743094746
2022-03-10,96.5760006415643,94.29833513930784,94.34077250019935,93.96030617822089,97.18441226622659,94.9091806041447,95.22728729301156
2022-03-11,97.08991914297687,94.96645490465025,94.97793171104593,94.60600480343805,97.69010174481679,95.49183922390512,95.78491031984882
2022-03-14,96.99843534583933,94.95374285201216,94.96748450486216,94.58000517176436,97.62799902728385,95.53525732649639,95.8429521444454
2022-03-15,96.66418941947892,94.6183870848898,94.70821992165307,94.34183402850206,97.2853786204957,95.29472699856743,95.64035323270224
2022-03-16,98.16727603823284,96.24216677927558,96.32418275397019,95.99403045774741,98.78194179147548,96.90711410037046,97.2365565354153
2022-03-17,99.03533537972328,96.9363530797827,96.98009596515351,96.63482430558311,99.65869582573907,97.56715600495134,97.88660300109507
2022-03-18,99.52201418764216,97.46665806306596,97.48930807679862,97.14543995484675,100.13989694959282,98.07948361660111,98.38546752387542
2022-03-21,99.86646175471726,97.3970902619901,97.49963596055198,97.20450658054915,100.49661322303452,98.14160456176573,98.47361282318947
2022-03-22,100.25640831134454,97.41192513439503,97.49976986137014,97.18697560458217,100.91927477955021,98.22754636491611,98.56905642117232
2022-03-23,100.06407011359737,97.22001964142967,97.26815861392072,96.94675447332779,100.72870370346007,97.97999388835525,98.29734480495999
2022-03-24,100.14523807098674,97.21528923077216,97.25892100726237,96.93875191941538,100.80723570712628,97.9751077063129,98.28760618210308
2022-03-25,100.15356100619859,96.97853470797662,97.05848731908401,96.74272224844897,100.8546899214254,97.87145999032978,98.2123257768896
2022-03-28,100.50074140365501,97.269404957772,97.47121459013731,97.21788376700665,101.19131469322913,98.30190448301103,98.68940668435529
2022-03-29,101.07322911857715,97.7415047879429,98.02328628957369,97.81538552635473,101.7817633975776,98.94476321236264,99.3661569812629
2022-03-30,100.62848469107163,97.12708066957451,97.54187789332562,97.38566686298351,101.33488891375822,98.50013291523936,98.97750440421656
2022-03-31,100.1403275612917,97.0255987461904,97.33742733000108,97.16389243235227,100.83714506542836,98.26049460494971,98.66555765655424
2022-04-01,100.30363422679291,97.23966043348784,97.46836449552023,97.27168608964125,100.98959794419147,98.35381693100813,98.71433013251249
2022-04-04,100.72619150091874,97.69047875075663,97.83358413195616,97.60170321190087,101.39787516692192,98.66846767027397,98.98981396860941
2022-04-05,100.91330056917845,97.56039927001635,97.8083266687628,97.60022826602336,101.62361247809521,98.72785440980296,99.11704983607427
2022-04-06,100.1552355107498,96.77525383899177,96.93895325837211,96.66096334744438,100.90985214744296,97.92451006177066,98.30009040802791
2022-04-07,100.32552780211643,96.80122755750799,97.00746217914875,96.7610519737365,101.0930211250023,98.04763187468075,98.42951801462121
2022-04-08,101.01525305663237,97.4139757354616,97.55761326560985,97.286627855661,101.81050496404882,98.62141868883508,98.9840178699712
2022-04-11,100.83060018288504,96.77068466698698,97.07592480358448,96.8416397737851,101.6465519709873,98.23670853753289,98.6913640395897
2022-04-12,100.57961232359804,96.35853203323892,96.71521755582133,96.49471457138826,101.38477047343828,97.86367014953788,98.34114843434395
2022-04-13,100.84323165604675,96.45898501002073,96.80293050784837,96.56870616134353,101.62885493893639,97.90394385072386,98.38288291230795
2022-04-14,101.45039664760628,97.13870238237273,97.35989561096288,97.06097574457203,102.2676309950596,98.46198141406593,98.90773233529039
2022-04-15,101.46378910345719,97.15206734756208,97.37326967588056,97.06091348369924,102.28135651329961,98.46483598622943,98.92145785353038
2022-04-18,101.52910134956356,97.16369209408072,97.38490233727475,97.06085122412355,102.3477221964296,98.45764446176337,98.92372830164359
2022-04-19,101.13734178822882,96.24214364276715,96.57227833482467,96.26376327757407,101.98748626144834,97.75902450220372,98.29625795621047
2022-04-20,101.56099935815392,97.12668263807238,97.38888768356414,97.07961414457026,102.40371247895337,98.51942126652646,99.01287421014129
2022-04-21,101.81878832263497,97.38409278294256,97.57249071305303,97.22080897409599,102.68932920301872,98.70391592017272,99.18103635311282
2022-04-22,101.03267279308706,96.58248727781172,96.78591008815015,96.43056444597526,101.91669659681872,97.95540825142429,98.43897124778785
2022-04-25,99.74014607461791,95.52767481820895,95.7786667954553,95.42353258117343,100.58199173567952,96.90406336576301,97.40629394292824
2022-04-26,99.58085969427776,95.65488463422786,95.84106883488342,95.49954418352364,100.40545848070437,96.89189988844089,97.33413154682664
2022-04-27,99.64322956780889,95.74178033271107,95.84784942622643,95.45696181061797,100.46854789981168,96.86949520660173,97.28665738269561
2022-04-28,100.21282261985694,95.82011797749115,96.02285597841104,95.67439736361398,101.05778049643781,97.119063397715,97.58428173254426
2022-04-29,100.53760601264364,96.15271669061926,96.29657151402404,95.90561030764093,101.42192654297718,97.43796749343454,97.89481154184432
2022-05-02,99.69969906747662,95.17290381336375,95.29944563432306,94.8656586954499,100.56485867896798,96.39310147163779,96.86450184044214
2022-05-03,99.77819216705984,95.54786272903061,95.66248037448818,95.23639736286299,100.61251267645459,96.669940736951,97.12690368932014
2022-05-04,99.67670096448263,95.448942166511,95.53532571375086,95.08441242205078,100.51860531231907,96.54478501091494,97.00544388109866
2022-05-05,100.2625997343625,95.88417691827523,95.95109648509734,95.48555119005556,101.14140760265788,96.97941436171081,97.44681741993689
2022-05-06,99.0491846334885,94.15601561820813,94.39533930534583,93.96414775217825,99.96210388326662,95.55645523117417,96.11512432236115
2022-05-09,97.69946509219945,93.32713757582827,93.49867024045942,93.04843531782116,98.62769179708923,94.64864535069042,95.16279427032748
2022-05-10,97.70811430525576,93.72336283266873,93.81996274371333,93.33456530596,98.59797739768669,94.84459290163673,95.32655740825892
2022-05-11,97.41553466680212,93.48228392842547,93.59710770639028,93.13797861599589,98.28904035496781,94.60443981331792,95.07107946335597
2022-05-12,97.0128694838864,93.66450740793786,93.57420602018229,93.05266721914134,97.84386753027006,94.43076099173537,94.78120858071182
2022-05-13,98.42978103287042,94.80960599362481,94.78001928513797,94.29862370375808,99.24240353497508,95.60681849106992,95.99071178251559
2022-05-16,98.47739401059899,94.9243895979692,94.83340430181795,94.3221972883209,99.2683617288549,95.57240223670608,95.93327305554101
2022-05-17,98.75278077171646,95.00951530987747,95.03661854834401,94.5906332175178,99.55871846734328,95.88303137518768,96.28993722112445
2022-05-18,98.00239404058779,94.55416131345622,94.49359537339703,94.00596115796841,98.78671141282118,95.26189055684691,95.627293019377
2022-05-19,96.08702454040193,92.92189978383684,92.78773939927648,92.23073478943593,96.83708355682863,93.48523423618514,93.82095793490454
2022-05-20,96.52946082370723,93.19450845124005,93.14927159260128,92.63087916438073,97.2834976284881,93.8663069770936,94.24832088684964
2022-05-23,96.75307367350946,93.63620050093725,93.52731968481143,92.99695467763883,97.50333813025374,94.22547379901225,94.56873204943044
2022-05-24,96.2897133196175,93.21931685025712,93.18636333724972,92.68368068900861,97.03036805014354,93.88916137338774,94.25804512290222
2022-05-25,96.42430931153038,93.39712095616692,93.34740323767943,92.84643866716844,97.1630720384172,94.04129687463147,94.40108034606271
2022-05-26,96.5372493030027,93.40654743807906,93.35683613774705,92.84637644390062,97.2705730137973,94.0541751413815,94.42164072574388
2022-05-27,97.4950345419094,94.31333710871326,94.33246628418028,93.8831135399407,98.22397756686895,95.06218559021356,95.44221833442825
2022-05-30,98.44599279728163,94.85467209243575,94.99048795275151,94.58422834151538,99.23271224451912,95.85998785180301,96.31409041864946
2022-05-31,97.73488822004033,94.17900243758426,94.31657945994296,93.89138168838315,98.51719522491045,95.1719242732738,95.63546015621336
2022-06-01,97.71572758237343,93.89930294644292,94.03367380095061,93.58776218028245,98.5212288585523,94.93210007842374,95.41432636252621
2022-06-02,97.56097390018589,93.41489827205724,93.64421934725732,93.22148440163363,98.37628747923814,94.5879550504432,95.11926470460931
2022-06-03,97.71204553740435,93.39605803473404,93.66965436871904,93.25606892001562,98.55099759833263,94.67887990170355,95.23993987398558
2022-06-06,97.79248224068304,93.39594829729062,93.66954455655929,93.25600670582146,98.63394071934978,94.68373638276061,95.24475743652656
2022-06-07,98.1025318321686,93.71927225800898,93.93393999267347,93.510542012108,98.94675749337159,94.94118096447079,95.47139502980093
2022-06-08,98.18103136662353,93.42267799665642,93.69379052757314,93.28467617941814,99.06490346495588,94.81223690207767,95.37951693497416
2022-06-09,97.711648352736,92.98777803273653,93.23384059967788,92.80270400378015,98.61072288100836,94.38024674977082,94.94694161073365
2022-06-10,96.49075040681291,91.80398834977737,92.00031495332234,91.53931514067484,97.38280344269657,93.12549154576963,93.66375308121049
2022-06-13,94.81960038029621,90.02226299434585,90.19067741575972,89.64728528061714,95.75125737517828,91.37027452033037,91.94530783400079
2022-06-14,94.04151061744399,89.15778184689265,89.3343031518065,88.76573485865926,94.98051433271884,90.52239006282757,91.12003994357762
2022-06-15,94.5441791083083,89.68252996548904,89.87534958322077,89.34292676656428,95.49269177043519,91.11177236927531,91.69588174522585
2022-06-16,91.94932365707155,87.17600438734753,87.49956619696019,86.96685403711368,92.89763682149115,88.780093859689,89.44136216125304
2022-06-17,91.80157363910067,86.9410238942919,87.38090294749556,86.9119523559988,92.70665419668775,88.60678530041703,89.29864386101633
2022-06-20,92.07411741688124,87.23606462051714,87.65699271280842,87.18000512923284,92.99445629409414,88.90994838231137,89.60093368210529
2022-06-21,92.57866648429385,87.71594766665025,88.05035849192238,87.5264013109129,93.500769493809,89.25935061446128,89.92697457163389
2022-06-22,92.5633745783288,88.06598661392705,88.36821049439125,87.84651102744674,93.45863823781654,89.51354481954688,90.15275674620841
2022-06-23,92.25692566204295,88.20126169022808,88.43726693235331,87.92913470917834,93.09032978259982,89.4437542734936,90.01202874974823
2022-06-24,93.45029056063264,89.33217845243047,89.56391320222684,89.06813890735732,94.29614338012938,90.58833873172786,91.15333375253041
2022-06-27,93.91229281190859,89.50678729204697,89.80613260552389,89.3289836102212,94.79897597346805,90.9403188373668,91.55286642810026
2022-06-28,93.63652213309976,89.03151150287837,89.3907440572076,88.9185251415767,94.54379364207054,90.58659623010317,91.24163718350859
2022-06-29,93.20468933726612,89.05337378531686,89.24508951538228,88.71352446281361,94.07895622254111,90.31616068192628,90.877733501266
2022-06-30,92.6969032858899,89.16943920279692,89.2403695796143,88.69703287744137,93.4981900346724,90.12655883691345,90.59181448821879
2022-07-01,92.99355657192741,90.02153829695189,89.8801662994102,89.28386130402507,93.7513281670614,90.60855240502183,90.95087546633872
2022-07-04,93.4001827331126,90.08340799280421,90.07210649035335,89.51925561745352,94.19242738851116,90.91596813297186,91.33182084849403
2022-07-05,92.84208467546306,90.03684875203251,89.8508684640385,89.23128533302767,93.60301195551754,90.57049067075256,90.89989789387583
2022-07-06,93.424694083867,90.93574167743299,90.65714693447127,90.02842393054664,94.16599045539039,91.30810186297154,91.58015764625665
2022-07-07,94.23135193007626,91.4379740329407,91.19984724771969,90.5833872976032,95.0098660192237,91.94171987773846,92.24650395917766
2022-07-08,94.44511764138626,91.32113362165634,91.18682363069449,90.61920695248654,95.24853326954606,92.02729244864332,92.37539147349771
2022-07-11,94.41937441383827,91.43793132317661,91.24262494671785,90.64933247718798,95.21159891124171,92.03442219969297,92.35442910363462
2022-07-12,94.41691463276042,91.82821604298181,91.58316658741047,91.00442944474455,95.16539867679346,92.27685070622618,92.54276502074768
2022-07-13,93.79251779826315,91.1667649475843,90.91218195517446,90.32345024298701,94.53581172223251,91.59502796225674,91.85547597224671
2022-07-14,93.21584993134273,90.60228448888459,90.30649336562604,89.67781951098182,93.97792757877109,91.01222569390784,91.27142534913183
2022-07-15,93.98680077502085,91.45675907648881,91.23865371471787,90.68138553077651,94.71874619204841,91.91506388695825,92.18135646717457
2022-07-18,94.37733314353342,91.54924874978403,91.3794164978753,90.82663939689648,95.14649099635996,92.14642083365116,92.45374055846759
2022-07-19,94.19703274129468,91.42975409556583,91.28184809663819,90.72949502679657,94.94943352086614,92.00785686924605,92.32476121057668
2022-07-20,94.79127271475193,91.73015170728263,91.62558749722606,91.09197990423658,95.58232548035961,92.4563347866568,92.80515485349076
2022-07-21,95.10706994232451,92.50206199449701,92.3020420870775,91.7555389877362,95.85389552314882,93.00556598512394,93.29036847981861
2022-07-22,95.10674528499926,92.93033756139212,92.65400643456454,92.11132168432631,95.82339639166157,93.28797300942747,93.50637147556336
2022-07-25,95.00162472402805,92.91113629889828,92.60558714675426,92.04926357279116,95.70663195583116,93.19999302487942,93.40384217968717
2022-07-26,94.85080416771291,92.98223489307024,92.59171437087048,92.00851834577999,95.53859557256197,93.12330092740004,93.27832914181312
2022-07-27,94.96514984031728,93.25296961425386,92.73614204087023,92.09102221932996,95.66769944078746,93.25203856944904,93.36535420213183
2022-07-28,95.45151839258219,94.02839815575234,93.45227650654813,92.82188357928379,96.11294010342401,93.87031541823477,93.92538586179708
2022-07-29,95.85783604357992,94.33221366549733,93.82420179568103,93.23959471440838,96.53311911840561,94.29306211597,94.3639236912455
2022-08-01,95.77217165896649,94.33195531081711,93.82399512932885,93.23957398440693,96.4454891769351,94.29289193036381,94.36359826789757
2022-08-02,95.75327491003009,94.22381993409724,93.78521873847608,93.22451893433103,96.42874639662587,94.13733183210718,94.19761618390056
2022-08-03,96.49427521757022,94.56894351062739,94.02313189999425,93.41865062791008,97.16614584000763,94.54093774740572,94.62597436539075
2022-08-04,96.51855653308229,94.96844988297406,94.47033786718333,93.84280057665441,97.19278451626097,94.80462611828591,94.82118827001922
2022-08-05,96.33125368473824,94.24802766336335,93.77964493769645,93.29724376646861,96.99788167125618,94.37937159230081,94.54029988788591
2022-08-08,96.63712189521202,94.76155709808506,94.20107506058291,93.57228532282679,97.31313921188953,94.69254402781402,94.74701581460003
2022-08-09,96.16031238806147,94.23381827313241,93.67806469202374,93.07481967081497,96.83394634802652,94.2088099298196,94.27336770252101
2022-08-10,96.09355582076957,94.47565797285216,93.88510824911528,93.22207919638144,96.77102493867523,94.35147102861872,94.3475870158608
2022-08-11,96.55851037921641,94.790382862581,94.20716360017646,93.59270223234967,97.23422346063121,94.75539954179808,94.79396543938078
2022-08-12,96.53188277893005,94.636251220027,94.05210822506713,93.46598408215296,97.20587811975282,94.64644703039323,94.68853910017118
2022-08-15,96.75491093771662,95.05064856254126,94.4625691961604,93.84792601983439,97.43676125818115,94.98083973403094,94.97058840294802
2022-08-16,96.84267258247662,95.00089872625827,94.37774927213954,93.75413050780394,97.52343810296932,94.962406113855,94.96662405611535
2022-08-17,96.58100053807676,94.68607032226748,94.07208334688264,93.47629773553928,97.25933130941988,94.70177487139286,94.73707308358547
2022-08-18,96.76718729663796,94.80053913329222,94.1763259765021,93.57880746123809,97.44688354824365,94.81987361302754,94.85022809131381
2022-08-19,96.80973923930381,94.56868355200572,93.92120009888963,93.33359376118658,97.4851206198184,94.67560559458003,94.7731691008359
2022-08-22,96.03998212483891,93.72134609301848,93.06717604963242,92.50089480334016,96.71148988593343,93.89517216523195,94.02008272470242
2022-08-23,95.77300089892685,93.23269254930905,92.58482157262307,92.05671673483505,96.44193402476947,93.48698518690775,93.64951826671182
2022-08-24,95.9861480722902,93.23031590935396,92.55109596784928,92.01470781232965,96.64926779854792,93.52466735416972,93.71696338784318
2022-08-25,96.14762411729401,93.56502907095826,92.88828491266182,92.32843341930506,96.81317500661926,93.79183596136552,93.94472947848345
2022-08-26,95.8391127785224,93.28224287319648,92.60968639999612,92.05042159099426,96.50682666876874,93.52518296650194,93.70604696869721
2022-08-29,94.83123796953163,92.08175803006634,91.39652236212622,90.83682778187804,95.49179552688473,92.37649789213019,92.59054304380221
2022-08-30,95.01960578413087,92.57578579200491,91.88411525386775,91.25749428256667,95.68942719013579,92.71475430390025,92.84656533316333
2022-08-31,94.85887757391329,92.46586017999469,91.76852031184342,91.12334528743986,95.5299999445587,92.58150083388318,92.70896763806222
2022-09-01,93.96086357199229,91.3360526449213,90.59719773610502,89.93507306043908,94.63354560442913,91.50288294897148,91.6613600367621
2022-09-02,94.8758025614851,92.18949553520795,91.43231926181869,90.76029136287154,95.5444392941248,92.35668848079716,92.52136308649119
2022-09-05,94.3483353223354,91.50182375281551,90.755609342389,90.12690830787076,95.01189214873216,91.75584160942007,91.95860601173939
2022-09-06,94.51484494338048,91.60300347406688,90.85129349913514,90.22630794973708,95.18042414366849,91.85630312446204,92.04583559441598
2022-09-07,94.2878758731122,91.41452666916491,90.66670686584342,90.04434681255844,94.95435650851196,91.66881717141169,91.85621150605772
2022-09-08,94.43437751535438,91.58184641103227,90.87596258843493,90.28358765192701,95.10323135918728,91.83546336216169,92.0292457522397
2022-09-09,94.70178086602121,91.71727899837788,90.9709142627392,90.36653368224708,95.36654951551233,92.01986216596045,92.24483245508586
2022-09-12,95.06063512455066,92.21149429360501,91.453838162892,90.83697965741625,95.72611211384174,92.48523505874536,92.68552579604157
2022-09-13,94.33834093286688,91.3270350072208,90.59602531100253,90.033081359177,95.00106042648959,91.70397761801419,91.96251678666543
2022-09-14,93.69372697223497,90.48241326227769,89.74212604435338,89.19028493960921,94.35313639475964,90.92809080990482,91.23704077444482
2022-09-15,93.39784860189127,90.4067861521848,89.65981072028941,89.08538958191328,94.06279306286089,90.81752968608838,91.112250260895
2022-09-16,92.65135422956158,89.8066260949142,89.02555660075726,88.38596851124916,93.31868267096134,90.1293676346936,90.37405231691936
2022-09-19,92.77527125121802,89.71336184243793,88.91963843020255,88.30769108120332,93.43962547297821,90.11911158540426,90.4084272014219
2022-09-20,92.30667009639689,88.95136477783194,88.16104394744929,87.60026410850874,92.96527512358776,89.49634322340768,89.87165143480492
2022-09-21,92.27287073940286,89.08103719638422,88.30865769566427,87.73635914757764,92.93564915527848,89.54912040744483,89.87217369318907
2022-09-22,91.74203556916238,88.24517935498308,87.46590863254995,86.91535211721802,92.39777953419707,88.80574458452455,89.19149667365512
2022-09-23,90.64769861022106,87.34288499425132,86.53147429417947,85.93204847671235,91.30932792427085,87.85230355889794,88.20470061783621
2022-09-26,90.85727635643427,87.40932822887837,86.53048552856654,85.9042801528488,91.52185274596992,87.89288655404911,88.17593953261861
2022-09-27,90.89704741634235,87.20724648641722,86.26539243697509,85.63106925411029,91.55943456870527,87.72166879211176,87.98287713139263
2022-09-28,90.504427465655,86.89569871716377,86.01684164801401,85.48714916205043,91.1583620181278,87.50190422511976,87.76660945055193
2022-09-29,90.04363408671429,86.62002711846094,85.72050206885923,85.18103184501156,90.70214892776515,87.16537871509475,87.33743958410605
2022-09-30,90.57685647606513,87.24566839215663,86.3779212576595,85.9019849087636,91.233771246031,87.77801576688273,87.8606592145365
2022-10-03,91.07469075539764,88.12961032231107,87.3271351793416,86.85758178225463,91.73895183311357,88.47596893177418,88.40240424533411
2022-10-04,92.42775048931881,89.61007556077743,88.75163242910314,88.27560910416193,93.09003672066179,89.90622728696013,89.72116822659899
2022-10-05,92.11510343851121,88.87607674414386,87.94895216384906,87.49904656161763,92.77126500080516,89.31445292393002,89.17335984798423
2022-10-06,91.96777662760879,88.3644181830096,87.45808147625043,87.15177744072182,92.62096007953066,89.01135783004779,88.89685571357452
2022-10-07,91.25942503972104,87.22111189847068,86.31774330476006,86.11501715113631,91.90273274400353,88.07983285618744,88.04552251370144
2022-10-10,90.78203109447138,86.8743036286449,85.99385352978058,85.76974504170578,91.42967376087073,87.67087263491487,87.62453589858457
2022-10-11,90.52118588332829,86.44233222788002,85.5608064396463,85.35003286746851,91.16387575139674,87.29952800518419,87.30367268590483
2022-10-12,90.32401450564012,86.3318535631548,85.43581029687253,85.20388112175844,90.96814581757403,87.15776293237913,87.14102699430991
2022-10-13,90.04156158983712,86.31193620863627,85.40882865874467,85.13750026167824,90.69001491351968,87.04520321368045,86.96545313615299
2022-10-14,91.13417479199862,87.46368284770011,86.51669353160767,86.17858111358206,91.78912377810781,88.1066891907546,87.99441971505206
2022-10-17,91.34011851056772,87.76234212817172,86.82794814653944,86.49641214180171,91.9901311732672,88.39461886002753,88.27054351381672
2022-10-18,91.92881199248151,88.38424384829406,87.46707011327021,87.16500090001429,92.57800665499344,89.04189384640084,88.92858205058317
2022-10-19,91.73857626768873,88.02897474870983,87.06186662623875,86.72231485170052,92.39229089463295,88.68114108043456,88.56327122898013
2022-10-20,91.95769309657682,88.2437781170361,87.2687114310953,86.91409447849063,92.61307541687681,88.8693671047517,88.73642313241787
2022-10-21,91.57145859394288,87.73996876455172,86.72563711757128,86.364672381122,92.22188452214303,88.42752472097011,88.32967193245214
2022-10-24,92.44603337438573,88.76706837781389,87.75944277330579,87.3716692366587,93.10127504021024,89.3514400259694,89.19167286255055
2022-10-25,93.0041771500637,89.46825105098758,88.48315126217847,88.11100954563145,93.65630408117886,90.029045747838,89.84579457170825
2022-10-26,93.07175424180795,89.76228395251971,88.79086274122385,88.43053784922039,93.72400707997576,90.29867962995559,90.08175699727924
2022-10-27,92.93086001211431,89.7326652429516,88.75179885982246,88.3664059609157,93.58891741111557,90.21518527951177,89.96237323263416
2022-10-28,92.8502718052006,89.69514616065607,88.77908643044907,88.45144421663045,93.51074075807674,90.2035220796432,89.95894071962951
2022-10-31,93.57509034551111,90.33110522312604,89.39904822550469,89.07222784874186,94.23832755129631,90.84236280346835,90.59127838241884
2022-11-01,93.53881617274689,90.25614828187088,89.28833366590739,88.93891714917632,94.20007104225355,90.76980883938921,90.51753627735893
2022-11-02,93.27949144154937,90.0396188542513,89.11067147052843,88.7892591527301,93.94066677363152,90.56688150934995,90.32577426096037
2022-11-03,92.58876777799875,89.18780699257455,88.23096520114572,87.85394338939892,93.24878344417942,89.68446296718784,89.46501013745635
2022-11-04,92.98252112441348,89.39024327078997,88.42452383990197,88.10016382308686,93.63220779643561,90.010313249685,89.83981853336049
2022-11-07,92.8430937237644,89.34395274351041,88.33759209832382,87.96563483311114,93.49616887736519,89.90039631404476,89.68006086210202
2022-11-08,93.45662989820819,89.95616727464864,88.94559403580445,88.5666567814772,94.10369260632265,90.50196172180357,90.28459696618323
2022-11-09,93.38595671913417,90.15882414419202,89.17186451221383,88.78739104841974,94.03636820268206,90.64949709305435,90.39724375669537
2022-11-10,94.28065670217512,91.51319644514511,90.6063333267898,90.27152413183921,94.92833158836592,91.94324990827357,91.63358170060275
2022-11-11,94.06580164926464,91.08780351932103,90.16554655486162,89.88825121136735,94.70262814917943,91.69243917955721,91.48146656537045
2022-11-14,93.58153351772512,90.4764944167826,89.56937915168209,89.3162733855318,94.21717371067028,91.13914673819997,90.97324880019809
2022-11-15,93.95460424556008,91.08203297447763,90.18397481821322,89.9208371733922,94.5953943821605,91.67698790941274,91.45758042365118
2022-11-16,93.34506545321732,90.66582188464358,89.78946917566232,89.54891235694757,93.9875965847652,91.26276314021482,91.02196216533952
2022-11-17,93.199965193212,90.4729041820593,89.59153410440547,89.33675259903376,93.84247410881449,91.0561216009289,90.81504843630118
2022-11-18,93.69238254659966,90.99229221971147,90.0758377843354,89.80126261616395,94.33770183442095,91.56072315204644,91.29470895975427
2022-11-21,93.87492642559272,91.29194462502277,90.37762711177373,90.10633560748283,94.52368462559583,91.84558624629389,91.55912496681376
2022-11-22,93.85024886816608,91.27403010820926,90.35114964495813,90.08042429661242,94.49750820768854,91.82726932691355,91.53005849314518
2022-11-23,93.79284149289391,91.46944015430766,90.55654463798228,90.28156888588808,94.44219382479592,91.9784118201828,91.6473920295096
2022-11-24,94.18170772595384,91.87094177986869,91.02166730575767,90.8200657463729,94.82994279494785,92.41501835674678,92.08049756732538
2022-11-25,94.221859264751,91.52920783995462,90.6801916306737,90.55145347859492,94.86063381354263,92.2580208791327,92.03193070778235
2022-11-28,93.96772396115483,91.44847785832572,90.60319342191238,90.4448154061075,94.61026235451664,92.10703458570914,91.84489116618816
2022-11-29,93.61217917008085,91.0086564963098,90.11966201453693,89.93648735995853,94.25585226106715,91.66903731758698,91.3892197494939
2022-11-30,93.70782429900811,91.03586179052267,90.12740953849585,89.9374667393341,94.34630629395576,91.72673361814516,91.47540169634921
2022-12-01,94.47141795875437,91.92315918931638,91.0715025784303,90.92570306164188,95.10937412137513,92.5967229779391,92.32655647161369
2022-12-02,94.28944226108572,91.85094714236361,91.03432631885859,90.91481341363593,94.92790803208422,92.52723351335547,92.25489938028304
2022-12-05,94.01934161824043,91.36511758445988,90.54613619142282,90.46609133614301,94.65437157138405,92.15508416478933,91.95124625159778
2022-12-06,93.49722251450108,91.1403231666413,90.3408613015589,90.2453171468002,94.1382585323496,91.84388803643105,91.57523344411345
2022-12-07,92.98556976336154,90.54476482519375,89.75735641414914,89.68336053092332,93.62212438715738,91.30617530064966,91.08148125354022
2022-12-08,92.99692550893933,90.66813416417284,89.86720651519306,89.76672856195533,93.6370354502993,91.3733969043178,91.10613230592222
2022-12-09,93.11592145987215,90.36883201571075,89.59961536230676,89.58996435352152,93.74553919828926,91.26057919852182,91.10885590394614
2022-12-12,92.94451278478701,90.30451324387758,89.50004245746328,89.4606206796819,93.57756953180439,91.1666161394445,90.9788490506454
2022-12-13,93.66378278197153,90.97638484277093,90.2189685246462,90.22639460660314,94.29393498228299,91.8622597956074,91.69469815419768
2022-12-14,93.56984503002937,91.00571732758088,90.20063728241689,90.15457596388113,94.20154286762966,91.83531806654366,91.62830391244043
2022-12-15,92.10229207407785,89.56824004754543,88.77542944737122,88.77706178323186,92.73329214464498,90.48820020429488,90.30719747084527
2022-12-16,91.67483648590715,88.89588560595803,88.08125850534844,88.08855611221577,92.30288535052021,89.86605020123766,89.7048733543648
2022-12-19,91.4634687157688,88.64331613125513,87.7768595313839,87.75383307566041,92.08998481762846,89.62804233758403,89.46981088269258
2022-12-20,91.21008989304946,88.09310402382413,87.22741306894991,87.23033787328973,91.83139270277894,89.14222008657482,89.01834353433907
2022-12-21,91.84418271710163,88.58181347978126,87.72873409720336,87.7782206639454,92.45957121279999,89.71580470951453,89.63941901034569
2022-12-22,91.50850528805047,88.03402254772725,87.18462564161902,87.30232403916217,92.12039883991355,89.33750380005677,89.34884622673425
2022-12-23,91.75031157491634,88.28826989215021,87.45337300576442,87.55384035728197,92.3606137591583,89.5320269028411,89.52616173564871
2022-12-26,91.75258885173588,88.29051092504207,87.4556019699126,87.5539233406528,92.36291931281455,89.53258863263895,89.5285077385015
2022-12-27,91.89347132614878,88.17911374214603,87.30572441814995,87.39716271346792,92.49758166232229,89.4700165472373,89.49513744359234
2022-12-28,91.56876931494772,88.13690488909494,87.26159046168517,87.31090935119889,92.18178430042578,89.33089437380703,89.3001428692945
2022-12-29,91.6053270696272,88.13260614995436,87.23095036348101,87.26549451418649,92.21582918246466,89.34133573842999,89.31862508527078
2022-12-30,91.51519970709761,87.98413521339661,87.10412613069819,87.14832831264425,92.12608748204867,89.1895574985795,89.17494233894499
2023-01-02,91.51577420395691,87.98470056686921,87.10468843954516,87.1484113075412,92.12667003327687,89.18974824257376,89.17553466047632
2023-01-03,92.76038455561772,89.31426375989523,88.42120792765458,88.42567970385774,93.37160980121634,90.41806620977553,90.34187197211975
2023-01-04,93.0358572253705,89.72402664384884,88.82084251118779,88.78003734459612,93.64560487598564,90.73467836908297,90.60749463787943
2023-01-05,92.80215500613397,89.43720391922484,88.52693363028784,88.48159134927822,93.41102707573212,90.48503276114968,90.40433635664361
2023-01-06,93.2168501006784,89.91384228839301,89.03653585581766,89.00495331854964,93.8237791260926,90.94154123105115,90.85810381191958
2023-01-09,93.57773894229223,90.36492543016067,89.53649654808058,89.5593119233544,94.18545014906333,91.42140886082277,91.34146139704757
2023-01-10,93.46341217581383,90.04155702333148,89.18129569446633,89.199239583718,94.06955828462276,91.15112235799879,91.10133380256786
2023-01-11,94.08395532143587,90.96591624175595,90.11079394780141,90.07293824512018,94.69496921911029,91.92070777015013,91.79326383470166
2023-01-12,94.59274006227233,91.54303439991894,90.65460674414825,90.55958343088642,95.20756239078769,92.397764446338,92.20732391958101
2023-01-13,94.7622558808933,91.73127811482539,90.883746636071,90.81573773910713,95.37990747135329,92.5752599128125,92.37384527750346
2023-01-16,95.08483076655719,91.9031243158174,91.04423285999863,90.9836790130901,95.69638469260622,92.79187633922477,92.62318192427973
2023-01-17,95.00064746642815,92.01392871615569,91.13372051234055,91.02041259641906,95.61874187037472,92.81260574720747,92.59385226811142
2023-01-18,94.60111189408636,91.88328859667982,91.0449813509074,90.95696459113535,95.22150229929318,92.67685339572841,92.45086467145369
2023-01-19,94.05587111786843,91.15404737268744,90.31369884282002,90.23195458314966,94.67390397317936,91.98949318219243,91.79433089914225
2023-01-20,94.58352157027046,91.51501954530154,90.62679275405024,90.51204901473201,95.20084564276505,92.34626998824442,92.15013331820906
2023-01-23,95.11867732802347,91.85708039790705,90.96258746248208,90.85634470971877,95.73143799173823,92.73434592767299,92.58209728819565
2023-01-24,95.40823275743749,92.1260022410229,91.23298382822445,91.11876631729798,96.02141592333373,92.98527079456468,92.83006543864178
2023-01-25,95.08570453368685,91.83337928948731,90.95859525357616,90.87315616740952,95.69863386930311,92.7297234057005,92.58841586658481
2023-01-26,95.21726464723115,91.98785567550514,91.09903507004853,90.99905449246555,95.83341216438862,92.86182102199596,92.70185487997225
2023-01-27,95.38167034338798,92.05292911798426,91.16086606113839,91.06743641309305,95.99659286201117,92.95624809857088,92.82067183589422
2023-01-30,95.39940398489823,92.01740113134238,91.11298098774824,91.02957698881752,96.01099123680487,92.96380233840698,92.84781988455202
2023-01-31,95.087484103944,91.65956908630419,90.73257223931262,90.65456212517392,95.70060310313453,92.65359489497858,92.55601982407433
2023-02-01,94.99576468751053,91.65411109012744,90.74948139625039,90.7467534467546,95.62844701258851,92.66291604861091,92.52272393803258
2023-02-02,95.57756142755585,92.52292865713535,91.65500198808118,91.83553258715513,96.24083298932467,93.57270065198568,93.3849204273851
2023-02-03,95.89124781865944,92.70917538266843,91.79383164622037,91.81093533389529,96.52545173632328,93.73604811909566,93.57643419352704
2023-02-06,95.62508884904746,92.29549050665632,91.36767732691303,91.32234529658555,96.22424508881119,93.29012353191793,93.23179891845723
2023-02-07,95.48790096624266,92.04388221442508,91.10547285256497,91.00234799789658,96.08271238616469,93.02843107537946,92.96789656856402
2023-02-08,95.54450756121211,92.18300794208878,91.24043463250415,91.1265597533187,96.13743830550005,93.16586241223888,93.10637964594231
2023-02-09,95.43378080475141,92.16387182669526,91.23472350471975,91.16251471402057,96.03746537506602,93.15566510665046,93.06752238697626
2023-02-10,94.7029686263024,91.32685495340473,90.37390558753691,90.15582222097315,95.28043608275442,92.27463637656243,92.23755430214699
2023-02-13,95.27856013282351,91.88761042857618,90.92277354062361,90.71439251683108,95.84594284249516,92.85266283465691,92.82994133697933
2023-02-14,95.33271824461738,91.89670429053483,90.94481969800077,90.77956626303913,95.9056393902424,92.86084112501237,92.83932908166727
2023-02-15,95.42756968151188,91.92588380879837,90.95345397419395,90.72057230294507,95.98950371880382,92.8846202342513,92.87159251049286
2023-02-16,95.27880522988846,91.80049546478682,90.82659128828725,90.57092499472634,95.8409591505288,92.75294752145713,92.72938040835311
2023-02-17,95.22979138628575,91.84603806332845,90.88132686709145,90.65012388519598,95.80447167502452,92.80159853840792,92.75522059937877
2023-02-20,95.2056235195581,91.79872714621229,90.82746043496181,90.58257415114784,95.77375575608403,92.75707402697864,92.71787318684696
2023-02-21,95.12661137095377,91.6680259940228,90.68500763828958,90.36189820036142,95.68883175644032,92.59932129464895,92.57319051589221
2023-02-22,94.9101014754072,91.51942013196225,90.54950075967719,90.25089491399353,95.4853875232464,92.44822049861178,92.40398135618211
2023-02-23,94.98728066054873,91.66576768857244,90.69427796406485,90.39344851193925,95.5679956350732,92.59961500580121,92.52881031596148
2023-02-24,94.49120788433181,91.12717680432627,90.15798858574527,89.83608443372111,95.06716163451297,92.05041414157286,91.9862849725486
2023-02-27,95.06744743974839,91.6265121519745,90.64809617457936,90.32129085289547,95.63542991538134,92.54980482187494,92.50768176985358
2023-02-28,94.59465852056171,91.18282159202661,90.20454384318357,89.8399487860305,95.15924606311134,92.08760774701513,92.0562791126173
2023-03-01,94.62066427349983,91.04139562987372,90.05598829011487,89.65874640122169,95.18768887367628,91.9462628120383,91.89677948955192
2023-03-02,94.89213158139898,91.15120152129977,90.15181058684269,89.72884476929399,95.44327475665007,92.0532719326047,92.05061188490996
2023-03-03,95.31596526799221,91.62922114347245,90.635871229345,90.26278193721173,95.87682881512903,92.54642186859391,92.52477123733111
2023-03-06,95.34244280812423,91.66365977540974,90.67056806625737,90.29006903054314,95.89026965408293,92.56586514638711,92.58379349611391
2023-03-07,94.87690022493611,91.37385250656878,90.38756677121212,90.00915327615618,95.42348397423119,92.26749455753179,92.28851288672209
2023-03-08,94.62515465737637,91.24872004743253,90.27638272252015,89.91054278045696,95.20259616068394,92.14929228673562,92.08448775642043
2023-03-09,94.41101500247953,91.14931694690429,90.17978640805092,89.81640867266034,94.9911267466161,92.04853980458923,91.97804217685704
2023-03-10,92.82844799601283,90.15850227574632,89.23887549156385,88.9779017054786,93.44269653359578,91.05935242192984,90.93527251996592
2023-03-13,91.68347717367313,89.37235410429632,88.49351179106019,88.30743096935106,92.33248767531677,90.2686520538926,90.09752303452959
2023-03-14,92.61969379255329,90.0454700070853,89.16408975665793,88.99750008778483,93.25951501267484,90.93314937664692,90.80037418091591
2023-03-15,91.63883630106714,89.34224932962591,88.50447309061646,88.45372664072354,92.30383880792269,90.2340726891541,90.09380416411204
2023-03-16,92.95354846048116,90.60979462812985,89.76712404683065,89.73700853643325,93.650723244402,91.5253748526388,91.29232774188797
2023-03-17,92.54708585711013,90.33054309124913,89.50438552392846,89.49242992589905,93.27479405417155,91.2465124457485,90.9514210375877
2023-03-20,92.81173489519472,90.38149741131821,89.54401447412948,89.49468318759274,93.52336639174503,91.28324616011412,91.03435579209496
2023-03-21,93.33228543378202,90.80356642535547,89.94702527336548,89.8750714474116,94.01830725597304,91.70550108679106,91.50260075933679
2023-03-22,93.3587097228054,90.86785577120472,89.99570842538957,89.87058459582067,94.02913137365844,91.75597646653809,91.59339323328665
2023-03-23,93.17299921615704,90.65096131165538,89.78533165475126,89.68984388992428,93.83652310121128,91.53996256640167,91.42143690650663
2023-03-24,92.56862998475387,90.27929448246516,89.44862018165732,89.4421763231934,93.2604436089726,91.17617696404861,91.00922053563464
2023-03-27,93.20936604057253,90.70756681836174,89.84924024199849,89.7600674674998,93.87200406713715,91.58334773288999,91.46871756412662
2023-03-28,93.4120832715396,90.77461929518145,89.90132194084856,89.77618979668094,94.06812347613335,91.6536393904046,91.54968143037725
2023-03-29,94.04064006940843,91.28416475951731,90.39143516883071,90.22533894736398,94.69039459661956,92.16528659453539,92.06329891237678
2023-03-30,94.34041280267792,91.57749189238005,90.68309014926406,90.53295831433614,94.98477650239042,92.46065691508744,92.37996426479552
2023-03-31,94.78627132457316,92.0049467632472,91.11495232416199,90.99184929477322,95.43916097116923,92.88696190954826,92.81093449926058
2023-04-03,94.87153874405871,92.1089456164085,91.21568252279857,91.09547572523535,95.52248495223881,92.99764890292977,92.92496751305652
2023-04-04,94.73503467330121,91.92892392965089,91.03253932443111,90.88369958577769,95.37993723647548,92.80220784462733,92.75656375688449
2023-04-05,94.4997235054619,91.92533557732519,91.0476524176407,90.93873217561054,95.17622667940482,92.80857402238938,92.68919145865239
2023-04-06,94.68951764560214,92.21571031712469,91.35157006352405,91.31377591425802,95.3726153441861,93.112014014361,92.98968731983189
2023-04-07,94.69165800386347,92.21777351521823,91.35361239551332,91.31390066449623,95.37454021527854,93.11252664291383,92.99164555880895
2023-04-10,94.79728260780418,92.23758103939413,91.36876358764562,91.31402541993229,95.47704904361154,93.13208268115856,93.01281629281806
2023-04-11,95.06686712819672,92.34047250842814,91.43923161748906,91.29465277928351,95.71642760306996,93.22485894798938,93.15931578403794
2023-04-12,95.01484954389494,92.49330545248897,91.61554826707666,91.51671095466368,95.71014095949837,93.39016380274295,93.206257261517
2023-04-13,94.93617697342853,92.26616542139902,91.38320450343377,91.2520600168452,95.6172288667978,93.14310219477558,93.01405930667673
2023-04-14,95.48930024371874,92.79971735127599,91.89616445611108,91.71946519493221,96.15348335174943,93.67095456788024,93.56967167890284
2023-04-17,95.63562062906222,92.84679238709215,91.93544490603233,91.70942428236691,96.30082156740542,93.70314736391656,93.59569923918781
2023-04-18,96.0438027012763,93.21618603658254,92.30144748539247,92.07443832882814,96.71101503451848,94.07226072638336,93.96638621039627
2023-04-19,95.81877948819242,93.01306742361312,92.0971734870018,91.85373608563364,96.48166453812786,93.86129711674174,93.76419798242341
2023-04-20,95.66585213710806,92.92272313489394,92.00871211844327,91.7618866500619,96.32703343352874,93.76549831422771,93.67637791132542
2023-04-21,95.74237158897662,93.0581726781488,92.13356746076843,91.85976836488965,96.39545563550988,93.90099295526075,93.8187324316128
2023-04-24,95.84092070828726,93.14285306556813,92.22147216027808,91.9737968856059,96.48566782674445,93.98372501889557,93.9411272991323
2023-04-25,95.70563245205193,93.23605900281787,92.33414790814332,92.1500793022061,96.37803618950804,94.0939827368237,93.99102923908325
2023-04-26,95.16330395429937,92.66959036987495,91.76593481321864,91.53267014833527,95.83099483066734,93.5096817746771,93.41583406295926
2023-04-27,95.494321447276,92.83864099281088,91.91497480322288,91.63145865353093,96.14007183283881,93.67219009483465,93.61879059978259
2023-04-28,95.81529645492922,93.25731488635775,92.34705842519742,92.12355534721605,96.47038191618876,94.0958623669,94.0399180471342
2023-05-01,95.87257289530535,93.24508556018493,92.3332461587658,92.12368018064706,96.5280469259663,94.09947048440915,94.0293903866555
2023-05-02,95.73880147293838,93.16243050967478,92.25876627210201,92.0535862940821,96.41714298424745,94.01945358281836,93.89109810729543
2023-05-03,95.87105060207098,93.3432567341714,92.44343799135675,92.29258320788433,96.53886880318699,94.21256875545141,94.12964203951041
2023-05-04,95.4133116776127,92.8630141908395,91.96266968361165,91.76716979730043,96.0936670323164,93.7249007867763,93.606710485091
2023-05-05,96.26861882593579,93.62729010347672,92.71327383629769,92.51164552544283,96.93292055317563,94.48543223939998,94.40943685520398
2023-05-08,96.31024330851325,93.57738074535736,92.65869376754335,92.4319842697543,96.9719055838496,94.4266332079511,94.36207527557026
2023-05-09,96.2821997115468,93.52290714685945,92.60667914614551,92.38855291140192,96.94853371061336,94.37799090577617,94.2962429983378
2023-05-10,96.10395257400133,93.39678620320568,92.48320636390007,92.25560326763316,96.7686722244595,94.23937083471338,94.17037513712899
2023-05-11,96.20862887811434,93.69627750921165,92.80605614093608,92.66006164435771,96.90809707439114,94.56043206340208,94.41183561757735
2023-05-12,96.4176043754308,93.84481300601998,92.94921807924722,92.77974061751407,97.118256729679,94.70361100824431,94.54964712293756
2023-05-15,96.5327502853276,93.78236683975237,92.86712624708349,92.62309924362978,97.21573342456033,94.62424530775749,94.50375613278135
2023-05-16,96.1677090157876,93.56599420267655,92.65841899251271,92.4045038884424,96.85318948197646,94.39203214743243,94.26878231433872
2023-05-17,96.06464992041238,93.48902744243823,92.5805363109344,92.32063050203914,96.74557440283903,94.31524525906481,94.19240610350616
2023-05-18,96.06207204078393,93.4763836273586,92.56924801329271,92.32075540310514,96.74476673485144,94.30855694933729,94.17983219409601
2023-05-19,96.71805768280757,94.01322304363705,93.08833044608478,92.81039561865106,97.3911294393354,94.84497152242265,94.7334795173145
2023-05-22,96.69845470394021,93.9671223079115,93.03863411512782,92.72668774004327,97.3673643075985,94.78243792407551,94.68097839212896
2023-05-23,96.46415916083335,93.74251051018017,92.80428786552378,92.44309160919008,97.12361270041579,94.54788195087052,94.45746847405542
2023-05-24,96.00651284749341,93.38038695555827,92.45555788485854,92.1002594639993,96.67393802883348,94.17242643939218,94.07998344437601
2023-05-25,95.87517487093041,93.27009082855247,92.33555518342934,91.9167349239004,96.53066715463726,94.03825653599839,93.96381946952575
2023-05-26,96.2987158536713,93.64760576552376,92.70655083272409,92.26731309371802,96.96274955570175,94.41568505567611,94.3127973100302
2023-05-29,96.29639879521874,93.64537223730171,92.704339893236,92.26743803121806,96.96070198426023,94.4153424898935,94.31071237404237
2023-05-30,96.20105522299531,93.60541080073615,92.683324154034,92.2893788736709,96.8815075781699,94.37445076585938,94.23933990620262
2023-05-31,96.11035829199402,93.56407657231232,92.66118025893813,92.32054693368553,96.81977355434067,94.34579577823041,94.1562985804571
2023-06-01,96.23598478902554,93.73526334935225,92.83736876024831,92.52890101181941,96.95017282641287,94.52643745656951,94.33053627902319
2023-06-02,97.13636688085218,94.57223775008555,93.66021180742874,93.35160351574436,97.84449810589504,95.37226600061376,95.18576499030677
2023-06-05,96.87738992991439,94.26275244283696,93.33730739682254,92.97963867117876,97.56582132512534,95.05319639860284,94.905305459895
2023-06-06,97.11261634514369,94.43993700077192,93.5101648564144,93.1338241536527,97.80988496487154,95.2300727442812,95.0588739451616
2023-06-07,96.9184738681875,94.23591261284339,93.30741709149673,92.9255812754902,97.60047619590243,95.01315653988708,94.88348881768286
2023-06-08,96.52094528984972,93.83850412961446,92.90391360988515,92.47942208238179,97.19362542120054,94.60406539012378,94.4944115243207
2023-06-09,96.57817608971547,93.86027287022104,92.92673138065254,92.50736655031064,97.24699910195967,94.62381430926666,94.52305761344222
2023-06-12,97.03052473376012,94.20896196271224,93.27015822475076,92.87096703351756,97.7054446507992,94.9957504262994,94.86987564076152
2023-06-13,97.41526861395705,94.55578471582314,93.60938527531306,93.20454942452116,98.0851850868045,95.34574099071716,95.22101360390923
2023-06-14,97.27171226774362,94.41023668227749,93.45650732553315,93.02276236072485,97.92631466836953,95.18894895598049,95.10244705321745
2023-06-15,97.13246640598078,94.31909789097436,93.37262067172784,92.95938765887782,97.79014370313976,95.10014778592223,95.010605804895
2023-06-16,97.59252491552459,94.65683485617502,93.70120120679135,93.28103343053161,98.24315623948878,95.44158236411616,95.36641336243501
2023-06-19,97.18131714296153,94.1932510011228,93.23149588025554,92.76857883420493,97.82042432017417,94.96637853034888,94.91128475094374
2023-06-20,96.90576024673304,94.1834494558209,93.2430348122365,92.83572756544407,97.57246969265302,94.9713890771563,94.84023354046475
2023-06-21,96.51573388968593,93.7997600325495,92.85237137345442,92.38693225779151,97.1744210542781,94.56981265419746,94.4511358317781
2023-06-22,96.53878425191921,93.77782622650463,92.82530813120903,92.33380741953876,97.18271471392484,94.53188558390305,94.45246038461431
2023-06-23,96.51057041099304,93.86474446915521,92.93389442761737,92.5117560284184,97.1824239425628,94.63347666479567,94.49695795355085
2023-06-26,96.2356561357476,93.61212479409917,92.68187467934978,92.25188101118093,96.90220425148466,94.37766554170565,94.24954557107304
2023-06-27,96.33999315208803,93.69861134622009,92.76282490881685,92.2940265494404,97.01503206681966,94.45800959545389,94.29499412332927
2023-06-28,96.70235804092788,94.03243523498845,93.09545907842511,92.64499517969934,97.37284768324372,94.79464899612044,94.65102941086069
2023-06-29,96.69222593677328,93.87358363740938,92.92142663334666,92.41477693828962,97.33947243777588,94.6169053695722,94.53298759467941
2023-06-30,97.37118030565858,94.57474705719105,93.62576539070395,93.15995235171657,98.02866401014357,95.32712877289717,95.23294438741048
2023-07-03,97.4017774101628,94.5448198603432,93.59956543608425,93.13140876360407,98.06724471007978,95.2930797426088,95.18357245319687
2023-07-04,97.43670499057617,94.53801253929282,93.58493838680376,93.08486403949571,98.09509309643504,95.27727482528114,95.18399186742332
2023-07-05,97.25511078657435,94.37487305053202,93.42218348644221,92.90622244396262,97.91616911695104,95.11065934764275,95.00381710879545
2023-07-06,96.16044172742106,93.2230390176089,92.24555725965511,91.56773540346357,96.78320903980327,93.90794203396531,93.86927647787037
2023-07-07,96.03531481579921,93.15236751522137,92.18293951894954,91.52498792906685,96.66714492702312,93.83986871143593,93.78294186895069
2023-07-10,95.94002817851546,93.01737312152542,92.03486176117725,91.3364966483898,96.55557762129114,93.69781297818895,93.6801784093332
2023-07-11,96.04613949559692,93.08668178110685,92.09975351911976,91.37892610642233,96.65112619962751,93.75010445482805,93.77264226005188
2023-07-12,96.24429820492243,93.44947496997727,92.4779796082715,91.82839309791994,96.86313470275154,94.12499470551563,94.13133198138271
2023-07-13,96.1482883909979,93.53563094447462,92.58103549449004,91.98397655101367,96.79004767985903,94.22473055059294,94.17675537171056
2023-07-14,96.46771653919325,93.81543750784908,92.8575211059522,92.27446828535291,97.10912443559094,94.51586834119924,94.46770674132536
2023-07-17,96.21032477966777,93.52081172860139,92.55833380790891,91.93013563764252,96.84712726792948,94.20693580364453,94.15868296331497
2023-07-18,96.60985792963538,93.94879022916791,93.00195881320063,92.44275035080963,97.27645849338089,94.65620591275523,94.55151022763133
2023-07-19,96.72138778281983,94.05150620276078,93.09884860340583,92.51342870974828,97.37550959176659,94.74254858568358,94.67413892242232
2023-07-20,97.15190733737839,94.46036760475454,93.49947884051706,92.91421515217888,97.81373937410305,95.16945689702914,95.06729963881016
2023-07-21,97.14225806169374,94.47815376076821,93.5091296822639,92.88480448149774,97.80106248423192,95.18086180950522,95.07693752550581
2023-07-24,96.99758562783039,94.40190478625172,93.44450672060788,92.85305922879346,97.6670043281269,95.10999915856311,94.98372671258373
2023-07-25,97.40544722701536,94.72811300384768,93.75628016056464,93.12284590833349,98.0628083868294,95.42212366775904,95.32908705317372
2023-07-26,97.08847943688382,94.39588479807333,93.4240172767552,92.76916927612388,97.74370418829818,95.08209079953905,94.99307309451666
2023-07-27,97.60415456470794,94.97435348973752,93.99226162544913,93.33486898452486,98.25435133370954,95.66645273025416,95.58953480343155
2023-07-28,97.88563235893349,95.05093225161322,94.05683301870451,93.36586260839005,98.52744287098203,95.73903445280298,95.68117462477416
2023-07-31,97.99740279113196,95.05438052840006,94.05198232772078,93.35730819568599,98.62562811172894,95.74292258812285,95.72525293341431
2023-08-01,98.03067453671055,95.06297404981196,94.05851329358315,93.35745426413706,98.65635993532155,95.75459770918789,95.73456519279826
2023-08-02,97.36852205649382,94.51124332438485,93.49236988964826,92.74424065295507,98.00440908505959,95.20910378386064,95.12806422263114
2023-08-03,96.84992511597085,93.94567223080436,92.9260680423161,92.0997508556434,97.46665677369393,94.617478983754,94.57088934692312
2023-08-04,96.822781961158,94.04276132140659,93.02603359236507,92.2125081260387,97.44300417791341,94.70836396677088,94.66441712341049
2023-08-07,96.99807629876126,94.16919463706505,93.15341383199872,92.3424438196948,97.61644836411932,94.82982050883672,94.79683870803292
2023-08-08,96.63043336257509,93.96174706559482,92.95654785415002,92.19472006943491,97.26807182823866,94.62009353856763,94.55108678589724
2023-08-09,96.82717259882135,94.18401857619205,93.17782090862423,92.42112239940946,97.45714373096327,94.84865592587377,94.79271166922202
2023-08-10,96.92829624390573,94.30154628272643,93.29733937110888,92.54547641940493,97.55806586750386,94.95757825044427,94.91048144728084
2023-08-11,96.83699954993482,94.02587603009796,93.01214226626287,92.14963697056294,97.44137166995414,94.64951736650106,94.65935226916018
2023-08-14,96.78598256853779,93.9914139290296,92.97097068190071,92.07424229918426,97.39009078977857,94.60705353183234,94.61590586487031
2023-08-15,96.25002368285591,93.50635027966709,92.4828168930923,91.54779124694883,96.85341877150623,94.11424110966462,94.10991861673126
2023-08-16,96.21196311113897,93.49577642297278,92.4729113973796,91.55002470844678,96.81628722931498,94.10937140453167,94.09745362529635
2023-08-17,95.6447698080077,92.97768812497118,91.95489429066497,90.98704815060405,96.24055207121849,93.57947017161476,93.57369999349795
2023-08-18,95.34132820196037,92.71469248900495,91.69730937873078,90.72849536227345,95.9430588646251,93.30255761734747,93.29153654107432
2023-08-21,95.41190293457868,92.7084217472185,91.68033714059007,90.65712192280563,96.0075078888877,93.28324697905902,93.2798804108341
2023-08-22,95.67847958738952,92.94150330711607,91.91098287338708,90.90526974895651,96.27438135152747,93.53380906666249,93.52661727703033
2023-08-23,95.95324109039495,93.33981460529877,92.31977057421382,91.39773517080295,96.56955670476304,93.94523627632465,93.9160548024462
2023-08-24,96.07620455696667,93.46692127204044,92.44300899235579,91.53226393931435,96.69871384878844,94.08119315095611,94.03190292294106
2023-08-25,95.9514789155588,93.29675858629827,92.27343203590002,91.34074085743886,96.56811323798561,93.9023626903115,93.86642141211206
2023-08-28,96.5080813072652,93.83597283653776,92.80451528111647,91.90731475012149,97.13263522160482,94.4709197770987,94.40864004500796
2023-08-29,96.76098877304024,94.0750671209688,93.04101880092068,92.15853431954201,97.3912933397677,94.72054893419426,94.64930277416917
2023-08-30,97.01840428865317,94.23375519316886,93.20737455607222,92.31726241277609,97.63406717591387,94.86001953660973,94.8444671921584
2023-08-31,97.36195912963709,94.63259304336759,93.60603812408306,92.79043255474527,97.99925376008406,95.2882908134171,95.22050650278507
2023-09-01,97.3403577420177,94.55966371497449,93.52858513456391,92.67677001176916,97.9739956338929,95.20368158743085,95.14480568377421
2023-09-04,97.26218698721296,94.43018288988013,93.3917274475024,92.4793597844521,97.88640700447161,95.05576201945011,95.01710123768186
2023-09-05,97.09195126695306,94.16211603096572,93.12185333960564,92.14685126736461,97.69511341687836,94.76925004305645,94.76966012242897
2023-09-06,96.93535693137108,93.98878253938021,92.9479375923627,91.96037741899742,97.53960677587155,94.58603484013925,94.58431700479854
2023-09-07,96.88957265360538,94.00223702676003,92.96495989109088,91.97117748653754,97.4896978930748,94.59087224094995,94.61146693090001
2023-09-08,96.71037318268722,93.75773926467957,92.7216034979292,91.68569031113869,97.30005454029101,94.32506635924568,94.37451121639106
2023-09-11,97.0313395435183,94.01578081800987,92.97302952135854,91.93161161978288,97.61647963127548,94.59358349022631,94.64489751066549
2023-09-12,97.02668482163782,93.98847858564646,92.94307767232766,91.86865846617263,97.59883837706002,94.55898672322121,94.63537275436751
2023-09-13,96.88285696232289,93.91060922852354,92.8697966870239,91.81425172493518,97.46035030076389,94.48047007470846,94.54704171805378
2023-09-14,97.2839372353219,94.29127744805169,93.25184384736662,92.26056112470614,97.8751292135678,94.88846201924889,94.92383915311252
2023-09-15,97.81304907536489,94.64716579823698,93.59477978188706,92.56215126366715,98.39801821981946,95.24151590274931,95.29404766344447
2023-09-18,97.4259881793783,94.26737524803593,93.21248223327498,92.13144164368462,98.00650139961536,94.84363219304979,94.90142031397662
2023-09-19,97.35695623011065,94.14117091598752,93.08861731126056,91.98416703808148,97.93201283231451,94.70206437284617,94.78303266503063
2023-09-20,97.71442120762018,94.49513931620133,93.4373880898159,92.30888389763756,98.28564590144207,95.04117750082352,95.14656916993013
2023-09-21,97.18701250966909,93.97828105448947,92.91098395478767,91.7227848610483,97.7604972807487,94.51524011701929,94.59197915656208
2023-09-22,97.08322340244122,93.87816752884623,92.81262115344717,91.63152401687228,97.66240760014327,94.41374699007622,94.48200147118546
2023-09-25,96.95138693466451,93.6521727725477,92.58719024520688,91.3720619092618,97.52093747161764,94.17632106658112,94.26816667185449
2023-09-26,96.80184786539223,93.5604000681541,92.48954084660008,91.26790056983334,97.37740161401275,94.08822109467643,94.14827814712801
2023-09-27,96.69763351093744,93.39375198944055,92.32421641149485,91.0779580228242,97.26491982277834,93.90621385793662,93.9847866450941
2023-09-28,96.60453288834351,93.26856027062973,92.18962180758083,90.8549589993424,97.14940256765627,93.75704299187372,93.8811105970137
2023-09-29,96.86526393285963,93.65573920585307,92.5858170289247,91.31769939192115,97.41912815026018,94.15098966696793,94.26911718893753
2023-10-02,96.3940917788851,93.2034349892215,92.12417345466002,90.78443795778145,96.93992923743441,93.68431830223159,93.80006183935546
2023-10-03,95.95968593929439,92.73533274777174,91.65012895105295,90.24138331722045,96.50005266095711,93.19136618599204,93.31047916238052
2023-10-04,95.57467108459625,92.45752794001537,91.37729769303921,89.93157660104801,96.09997918591708,92.89186845260042,93.05352672384481
2023-10-05,95.5543909906054,92.54688811180493,91.4688650848385,90.06516614147345,96.08625029872813,92.99737419421193,93.13463069140693
2023-10-06,95.55485464664186,92.4365369280595,91.35976162166055,89.94203471875876,96.08602708447607,92.87828001815465,93.02376866521975
2023-10-09,95.73179992099534,92.65160735177234,91.57379993709388,90.16869140642943,96.27147394402428,93.09515047254185,93.23423628202845
2023-10-10,96.71019783439469,93.58708841861927,92.50871522225466,91.14571624795155,97.24619735492878,94.03891360001421,94.20764295711747
2023-10-11,96.73363289701994,93.7265440179293,92.6577058226296,91.39099293215685,97.29722162372758,94.20253202375139,94.31793359781778
2023-10-12,96.89578945003568,93.76042078560086,92.68358123931425,91.38294251180525,97.45119040848614,94.23742018873622,94.36164856548766
2023-10-13,96.51736955295875,93.28677433381556,92.21407775404484,90.8747899167023,97.07591596308514,93.73592588417897,93.87129228254182
2023-10-16,96.61187419987928,93.27224209118938,92.1972153054401,90.803705334538,97.15524577704379,93.69465202206523,93.87545312241247
2023-10-17,96.36435824423342,92.8514260043182,91.76620898037052,90.29216350278529,96.90171803979277,93.2538359689396,93.436747106219
2023-10-18,96.08804969150032,92.558824121898,91.47068360280315,89.95968149531248,96.62362722940556,92.95084016159166,93.13740506232861
2023-10-19,95.12164825085912,91.5859594880172,90.50069030960069,88.91033396003428,95.65078613799743,91.93932437846483,92.13298319400306
2023-10-20,94.38070236850935,90.87070174185503,89.7953989056554,88.1926598617856,94.91596644814693,91.2088278414085,91.39729633560904
2023-10-23,94.2311563467245,90.85065708140907,89.76953911283178,88.16027980514095,94.7723637447191,91.19194175769383,91.35744067038935
2023-10-24,94.47290098048391,91.17965044107025,90.10239435969841,88.52901499599936,95.01413288682511,91.5290710714203,91.69820703558315
2023-10-25,94.3447679579639,90.98414505594153,89.90427449723782,88.303148972841,94.88570344193946,91.32470438983198,91.49301212348003
2023-10-26,94.06888660521967,90.69759459474108,89.62411025499813,88.00621641424277,94.60683990901173,91.02024904898856,91.20933036923581
2023-10-27,94.08999747629363,90.751518659925,89.68482906394179,88.08505504376257,94.62770470579002,91.06954515772937,91.2678503570492
2023-10-30,94.2905672130057,90.90472655091496,89.83505394932794,88.23294841591255,94.82923049392366,91.22581179593008,91.42653331529232
2023-10-31,94.76097260702569,91.30607206704435,90.23731781444731,88.6596848955178,95.29916901361476,91.63202488403877,91.84159575695047
2023-11-01,95.15883633519445,91.80901030616904,90.73533214024698,89.18661817772457,95.70018102199039,92.15439723402137,92.35540817072227
2023-11-02,95.72938823164034,92.37449517143179,91.30815115576442,89.785731045644,96.25823254057948,92.71703755207214,92.97232785178817
2023-11-03,95.92809056980661,92.73682563176719,91.68299083736093,90.23522969336715,96.46377740575682,93.0891070145618,93.3483852416181
2023-11-06,95.90688862290978,92.63003893746033,91.56486653257906,90.01150097990102,96.41161800511573,92.95750818176568,93.27523815682903
2023-11-07,95.91789610103335,92.74503281067064,91.68122324044076,90.18244693940527,96.4415022067479,93.09196754283788,93.36196987452178
2023-11-08,95.79278091673807,92.79166976130678,91.73858050766142,90.27412486025044,96.32001835973021,93.12875905274397,93.40444113566839
2023-11-09,96.19506627563565,93.13882696150189,92.07767740987323,90.63094257063818,96.73184886376893,93.49312174771588,93.7395371345724
2023-11-10,95.85653331481187,92.79092720419625,91.72912612860561,90.2436752588303,96.38192033034834,93.13570102010166,93.3967972786853
2023-11-13,96.0905163389528,93.00730296102687,91.93918748299598,90.44045155401054,96.6154611229957,93.35181005057855,93.61258770844503
2023-11-14,96.69243526049623,93.83342912174766,92.77295399403441,91.39457975636812,97.2398425924849,94.21250433154708,94.44272482963896
2023-11-15,96.71188510583679,93.79308843777753,92.72958054639349,91.35136799170668,97.25867303635457,94.18206104373715,94.39970341703268
2023-11-16,96.48384580729274,93.68791515278876,92.63573325103776,91.3057862298273,97.05037312170751,94.074036553593,94.26605467450342
2023-11-17,96.85332110225666,94.07490756480271,93.01287557655525,91.67394633568196,97.42391475964945,94.46411808344315,94.64816743650869
2023-11-20,96.7119460125704,93.99577447165217,92.93425526024043,91.59216884272077,97.28243223812038,94.3827593982158,94.56491981006909
2023-11-21,96.96208440376996,94.24658433635695,93.18973358214711,91.89457566711523,97.54475432379459,94.64130008069218,94.80894992096722
2023-11-22,97.24151141531216,94.45729598277937,93.40136104010793,92.11570852970709,97.8218058286971,94.85182916005974,95.03032126684147
2023-11-23,97.27124609345539,94.44090268962374,93.38070308597248,92.04373485463022,97.83771728840422,94.8177003848681,95.03300816290353
2023-11-24,97.32167688938368,94.38802275216561,93.32388046958752,91.93888049693496,97.87150128876719,94.7559349222915,95.00780675700213
2023-11-27,97.18267972825221,94.39786913799786,93.33622266115552,92.01823123911484,97.76244125504634,94.78686888192104,94.9673745000558
2023-11-28,96.90520267890963,94.1381688873109,93.07984845632238,91.79290209692698,97.50036931189183,94.5412647795851,94.68332695910847
2023-11-29,97.06712877672375,94.44235064979308,93.39708532694013,92.17951292151524,97.67186124894542,94.85131817663657,94.99066158157858
2023-11-30,96.9739288690169,94.34333941208143,93.29609202806738,92.06111347588593,97.57954027286819,94.74438640649122,94.87854802553805
2023-12-01,97.28973754309906,94.69581481400567,93.6423201601463,92.44315927129236,97.91647142026825,95.11736129839149,95.20921333274943
2023-12-04,97.29066054637524,94.79808139250818,93.75073325092802,92.59554752458524,97.91975793545,95.2309359653436,95.3127688192519
2023-12-05,97.23971333521874,94.92427423843972,93.8857509562732,92.79487164577134,97.88189251656608,95.37095299729074,95.42769634563038
2023-12-06,97.50652866280298,95.19068409659411,94.15907819995452,93.10382091014857,98.14725003650267,95.64076289440793,95.71186817917248
2023-12-07,97.51252111822409,95.20716717263761,94.17863106783895,93.15232490883989,98.16119638489454,95.66483084996631,95.72642230899953
2023-12-08,97.91526626321189,95.42191650721054,94.3737420846932,93.23349043268098,98.53444651774751,95.86094430706194,95.97619963188797
2023-12-11,98.02284727359583,95.60766220264573,94.5536792860214,93.42855727912803,98.65151421358672,96.05741301337589,96.13857522749635
2023-12-12,98.09018777200332,95.75592770095369,94.70409905458898,93.59330673157761,98.72062843527439,96.2038438023276,96.28931607704845
2023-12-13,98.23227657487024,95.99224077419655,94.94517032810792,93.89967162975981,98.88276275013317,96.45547631046897,96.50235917946662
2023-12-14,98.78369565373767,96.5347329603991,95.51368157412705,94.5633816607346,99.43683107256258,96.99068458306257,97.08923161336745
2023-12-15,98.74043979292942,96.54923678001146,95.5223770302146,94.61069937034996,99.41640274961026,97.0361085177559,97.05572081654424
2023-12-18,98.72926642700025,96.47658111179531,95.44949615149623,94.47332495477247,99.38091036283775,96.93113231539164,97.02192852939879
2023-12-19,98.75313084706731,96.52453450315463,95.5002047473001,94.53586698704694,99.41037106125864,96.97703859652414,97.06197728869634
2023-12-20,98.75379047311034,96.56830659692312,95.55053956936814,94.56923535984382,99.39166892588311,97.00300672177224,97.14176903161093
2023-12-21,98.43343077770247,96.23893657423417,95.22341913210971,94.22853752880296,99.07630829552711,96.6672124597476,96.79858693771479
2023-12-22,98.64578496762223,96.40186734421246,95.40066929329181,94.49760531443873,99.30310685206231,96.83764017664403,96.95997869702579
2023-12-25,98.65341200299304,96.40874027827273,95.40746974866462,94.49775212319871,99.30992454521623,96.83922368006985,96.96691671682143
2023-12-26,98.66937131991173,96.42751113119573,95.42539655709106,94.49789893909526,99.32414294527732,96.84653214117614,96.98606378737861
2023-12-27,98.2408585850109,96.0740655104875,95.0824627592652,94.16426385099408,98.89821137050096,96.48057610522656,96.6204001196998
2023-12-28,97.98469456029282,95.88326891405343,94.89270870800193,93.97958721629469,98.64299713412493,96.29666650168409,96.42315370639643
2023-12-29,98.0624359333129,95.88912273674164,94.89057145859246,93.90440324216569,98.69968758100225,96.2849140506966,96.46027648217704
2024-01-01,98.0505086724977,95.87840894957883,94.8799706539236,93.90455008661182,98.68907840771709,96.28274524964402,96.4494773423165
2024-01-02,98.0586258882779,95.91806641434852,94.91658056668676,93.90469693819625,98.69055571780811,96.30429104537276,96.49033232619423
2024-01-03,97.89384708031204,95.78443571152626,94.76847023770465,93.71566795969703,98.52926154905049,96.17440977205028,96.33186941751791
2024-01-04,98.09520267522106,95.81130308126868,94.79308222355942,93.67749773511915,98.70597215267642,96.17694759473167,96.40090165169912
2024-01-05,97.91593391595315,95.63238493767439,94.61547336105333,93.46532023460747,98.51293050580377,95.98713957184988,96.24241821446881
2024-01-08,98.08773421484071,95.82730508811123,94.80917883807025,93.67762859293958,98.69035714904103,96.18693488258157,96.42791535556583
2024-01-09,98.33782940350129,95.9961230963391,94.97420582123179,93.83306936312485,98.93360373340563,96.3602408676655,96.61468079742296
2024-01-10,98.4820126369682,96.029462082327,95.00552437020458,93.83826589885113,99.0679102233118,96.38482673386281,96.66211830274105
2024-01-11,98.30220512211218,95.93427521020496,94.90978563880307,93.74225453950157,98.89317848269286,96.28924232631906,96.55293647479527
2024-01-12,98.5878414354189,96.159544935845,95.14435428806637,94.01507053847857,99.17728120283303,96.52013040213183,96.80473659495644
2024-01-15,98.62658280110925,96.1720826350678,95.14726751668923,94.00600679302894,99.22513255228351,96.53908665397564,96.79166496677976
2024-01-16,98.75637073736014,96.29457780099273,95.26871287557522,94.13986925859653,99.35705085655333,96.66853434225898,96.91195724444461
2024-01-17,98.49240956763522,95.96544029639757,94.92910823073365,93.71280392569614,99.07218979638142,96.32602375811426,96.59809421084242
2024-01-18,98.81844095531288,96.25146906308598,95.20814177117119,93.9863621965258,99.40585581124056,96.6094473508741,96.87139195481093
2024-01-19,99.08861465808853,96.3969822748559,95.34653581394123,94.10057316552479,99.6704350982039,96.75641789753486,97.02960997157814
2024-01-22,99.69362147992383,96.99026999698268,95.94278606918832,94.74274189980918,100.27898808682276,97.35442899832624,97.63593709036715
2024-01-23,99.32729020432987,96.5533896860655,95.50279666838183,94.23116911989466,99.9032077372282,96.89031519830135,97.19513540512908
2024-01-24,99.40645873998857,96.75193224578058,95.70002097519861,94.42273520123796,99.9707465131492,97.0884677242726,97.41446286500059
2024-01-25,99.63200152110936,96.99561950333651,95.9383378366758,94.70685610710387,100.22223965212129,97.35414276768739,97.61553512513477
2024-01-26,99.97233014251567,97.31851490028586,96.25956452601473,95.04218862267761,100.5588350692711,97.68740045517515,97.9572633183503
2024-01-29,100.11577890229184,97.42645796908185,96.37173404219412,95.17010149286746,100.7084104529206,97.78953883162751,98.06363250177168
2024-01-30,100.28645922775443,97.56876086053472,96.51307856444232,95.31337708259609,100.87516114175021,97.93500885038914,98.21882096978143
2024-01-31,99.73900601084205,97.23184147612369,96.19889178424991,95.09137553354753,100.345615566687,97.60495983587715,97.86117837019323
2024-02-01,99.72932090330025,97.18528863870715,96.1515985044368,95.08342179118065,100.34385632980303,97.5754836399173,97.80620484147883
2024-02-02,99.94177430780495,97.2944428309086,96.26164916708606,95.16333775394492,100.540801488802,97.6899935648477,97.94789665867388
2024-02-05,100.16435753398179,97.38161852950377,96.30367618188474,95.09329740432146,100.74639212248002,97.77652763705655,98.03820498355907
2024-02-06,100.37025267292856,97.50346572570365,96.44129302353097,95.22935452029171,100.94672350982366,97.89601365027801,98.18821887902506
2024-02-07,100.38595653489621,97.51393144301989,96.4486557521373,95.26417815318015,100.9690159880252,97.91476406928335,98.19177100020366
2024-02-08,100.50198372156144,97.51559141125857,96.43571827790163,95.2068262681727,101.07391932347629,97.91681091310646,98.2090483400683
2024-02-09,100.46652830058704,97.43063435699177,96.3490908192021,95.11244868313557,101.0340767584617,97.83571072229826,98.13276656353221
2024-02-12,100.88031978383198,97.8272031881206,96.74969084431766,95.5055687300265,101.44105385565605,98.23324111906784,98.5528878887068
2024-02-13,100.62432862390776,97.7223220703148,96.62073193238689,95.42166351469999,101.20506853926213,98.13519555991503,98.39774575036431
2024-02-14,100.95300857641033,97.95058144627302,96.86025485508046,95.61679689967117,101.5190608226393,98.3488097128667,98.6562919322891
2024-02-15,101.24704986546342,98.26055607262961,97.16616857572933,95.97046382985856,101.82495589653202,98.66823481428628,98.95116745400017
2024-02-16,101.37763824106439,98.34300951746617,97.23140956332479,96.01996839419188,101.95355645753065,98.76285703945543,99.03208139969827
2024-02-19,101.61145638264952,98.5817210795908,97.46620105053314,96.27660816184354,102.19718245746864,98.9991920557796,99.25575419190478
2024-02-20,101.50560068332462,98.55967946694705,97.44364693476982,96.25322206000294,102.09740629797743,98.96542919462907,99.21793973152538
2024-02-21,101.32656988510786,98.43796770036722,97.31194576970637,96.13074618465606,101.9214588091304,98.84994783964373,99.07667335804175
2024-02-22,101.86482441918992,98.86479458738445,97.73181262559514,96.57722587726968,102.45608561592124,99.29461555748065,99.52671030484179
2024-02-23,102.32331678265668,99.25867490500542,98.12133284125977,96.9925124272066,102.91931066546974,99.70483825303434,99.92577214161214
2024-02-26,102.12893628823261,99.0815008504989,97.95448276393384,96.8194870552513,102.72054201488166,99.52659775665498,99.7565406219253
2024-02-27,102.13121600972812,99.00200544822961,97.87132090117102,96.72004179908349,102.72206379930333,99.44548932531099,99.67692591271955
2024-02-28,101.93127503149209,98.79080425614416,97.66762006377203,96.48588010059457,102.5145897239681,99.22285297822665,99.47532227738245
2024-02-29,102.13241677340163,99.02227205065707,97.89130527846574,96.79965836740614,102.74096465435059,99.47261407878497,99.67224846324217
2024-03-01,102.8098584392455,99.47944348812231,98.3371467832073,97.29299309146933,103.43064097262038,99.95394352484442,100.13167406572214
2024-03-04,102.98020702728532,99.48229992211364,98.33727431114522,97.30299199873056,103.60652864945774,99.97028611659772,100.13585347539207
2024-03-05,102.786961550174,99.45685970275603,98.32075197772502,97.33045144547866,103.42516940911781,99.94378253306179,100.09503110024065
2024-03-06,103.17878302881628,99.72813167427003,98.59788139882436,97.60170730789692,103.81519184273176,100.20961694951241,100.37977784108479
2024-03-07,103.64044943448967,100.18929359437804,99.05360145368299,98.08673693280379,104.28488231384814,100.6741633660027,100.83237803091522
2024-03-08,103.90287521543311,100.47491550292997,99.34292656089264,98.37008815005764,104.5497045543594,100.95068626583415,101.12411608180606
2024-03-11,103.67729295140542,100.25772589521024,99.12126208970689,98.12550066753712,104.32869610593427,100.71769502187556,100.88607956214572
2024-03-12,104.20992702293046,100.73946769009197,99.60021058945891,98.57844150267064,104.84629282479547,101.20499630988371,101.40261997189721
2024-03-13,104.40321444269797,100.83056600457117,99.67800749078435,98.67003027465371,105.04790283473031,101.29795157727295,101.47222475888562
2024-03-14,104.48465560390193,100.79262651440028,99.63311064137004,98.55882005244418,105.11341704288131,101.25208764651535,101.45570477413781
2024-03-15,104.39296484641444,100.64289586495497,99.48298310037234,98.3543942586647,105.01295102565092,101.07821961569776,101.30802694158582
2024-03-18,104.5920183622138,100.7908058185204,99.61094070323173,98.50563592845627,105.21762889988145,101.2416301131948,101.44718931802197
2024-03-19,104.54715020255259,100.73048484229301,99.56234650574208,98.48447484251409,105.17353147065947,101.18564316515577,101.3923644167677
2024-03-20,105.06318487794192,101.11403927203666,99.94298031338363,98.88931901108542,105.69337740077609,101.58218714228452,101.7826443802015
2024-03-21,106.15368796960978,102.03962395492997,100.85238315338128,99.90369271789021,106.80478085655479,102.55497628924914,102.7103363489581
2024-03-22,105.8339613297445,101.82803792663005,100.64478707517527,99.67667300273708,106.48177084905808,102.32699387150525,102.49510337304808
2024-03-25,105.86261279601065,101.76619677919251,100.57531510942856,99.57587171842616,106.50995437533439,102.2477681779238,102.42925119234805
2024-03-26,106.18505397208683,102.04087448436816,100.84540146688335,99.86523373676913,106.83595278776437,102.5351969705114,102.70844734828172
2024-03-27,106.440371473775,102.25437296004831,101.06945198876258,100.12865078312694,107.10083760532771,102.7546814143888,102.92343163297475
2024-03-28,106.64435415657776,102.30374856735605,101.11839885053995,100.17070468266604,107.30360230082991,102.80316697150802,102.97504585666908
2024-03-29,106.6507578730209,102.30905716441869,101.12365105132727,100.17083093625914,107.30932690413542,102.80449893697927,102.98087147283903
2024-04-01,106.72582091536032,102.31450477683023,101.1283726336487,100.17095719511279,107.38239616778318,102.8088657637614,102.98670529004197
2024-04-02,106.3316936294979,101.64626777035635,100.44439464096342,99.3575155599789,106.97068628897608,102.11769103413855,102.3287284364709
2024-04-03,106.68971119017641,101.87773915069877,100.68124160391906,99.61121823231312,107.32927670561303,102.3579481062568,102.57991482144332
2024-04-04,106.90697428733597,102.19753777237766,101.01129892383425,99.96338406424677,107.54796097684047,102.6879957629124,102.91515427674676
2024-04-05,106.19244525089253,101.32385233820584,100.13070911631922,99.05699370617948,106.8392097656607,101.8044370571113,102.00317436242837
2024-04-08,106.6984460090727,101.64203319765397,100.44427271582686,99.35478864695683,107.33785138580296,102.13399151558382,102.3470440014929
2024-04-09,106.47611296620995,101.45662153012147,100.27260284939969,99.19733820091857,107.12248522822159,101.93972729264121,102.15526414473987
2024-04-10,106.70936587302913,101.45044245150794,100.24213812424622,99.13608884060575,107.35253292622637,101.92970262329682,102.14037046185682
2024-04-11,106.54030853074532,101.22682691568647,99.9976973213189,98.85963722174328,107.18546224702811,101.69460294995235,101.89020347757985
2024-04-12,106.55742081057302,101.24642236625957,100.03566124857059,98.92628555238747,107.2094198689307,101.72395905240666,101.92528035651837
2024-04-15,106.4440369569345,101.19368699631062,99.95467264352378,98.80584654292086,107.08681684985865,101.66813740068208,101.85193401677361
2024-04-16,105.54045150820896,100.1788210039253,98.9489687865043,97.71024319888065,106.17617750711455,100.616967239007,100.82476558266666
2024-04-17,105.48527038596805,100.28647562254689,99.05111571979751,97.8481606778741,106.13308210300059,100.73530487119176,100.91710979963413
2024-04-18,105.35708781057245,100.133834572589,98.90409947854026,97.64434697153193,105.99485270286748,100.55803880828216,100.76835221847232
2024-04-19,105.29360663502428,100.0687209973338,98.84710713317084,97.56683777601906,105.92710591926,100.47725353567216,100.70983071829586
2024-04-22,105.48302191596295,100.48341768096903,99.24785809564605,98.00730449014333,106.12470111620809,100.89600107870432,101.09965757120578
2024-04-23,106.27231437025873,101.17400674844745,99.9350320551014,98.70877074265543,106.9087236475475,101.60141352381092,101.81678150757243
2024-04-24,106.28579582377998,101.06844943910136,99.82493515217911,98.56386139746402,106.91535842459552,101.49201871170803,101.72590342305557
2024-04-25,105.65365184999551,100.4658991353689,99.19845917255742,97.8829884447959,106.28332797014278,100.87329739864887,101.0867362391902
2024-04-26,106.55084434745692,101.15722288523091,99.90440109676642,98.64266321023695,107.18002417285129,101.57800926564897,101.80792797406983
2024-04-29,106.5029449072947,101.26336009904644,100.01118101629112,98.79218203771923,107.14089247946714,101.69812234614434,101.90868357763614
2024-04-30,106.42741327641787,101.20674828197973,99.94527756928078,98.6750537106598,107.05098349974082,101.630337290329,101.86168066558284
2024-05-01,106.34731831800576,101.21520763441185,99.95276250989743,98.67518008530142,106.97048863886893,101.6363766962352,101.87077701146556
2024-05-02,105.67325556030917,100.76846063342835,99.5170622510636,98.2552133184622,106.30504191978736,101.18587827067303,101.40661771111823
2024-05-03,105.86910658107027,101.08417163353893,99.8613949559883,98.6310532488247,106.49698850391569,101.50293377209387,101.74866073656561
2024-05-06,106.50787708121578,101.56153657358738,100.32914704649207,99.1391787800196,107.14726112579402,101.99306683878899,102.22461362033164
2024-05-07,107.21417726297864,102.22997381824146,101.01072985705477,99.82927744038616,107.84615357713913,102.66227304973098,102.92524822348257
2024-05-08,107.42113480604438,102.3753296807532,101.1370626236786,99.95034209619969,108.06075505563169,102.80088773305305,103.04594447057653
2024-05-09,107.48588725809212,102.39207007027444,101.15188528866881,99.95046850243823,108.12311228239626,102.81269583982207,103.06395510730515
2024-05-10,108.3797073613057,103.0336380540844,101.77795220762872,100.53803254873912,109.01156736120745,103.45934120374585,103.7298381459766
2024-05-13,108.25393922931016,103.01497541078248,101.76918571656878,100.53674658172153,108.88127601102624,103.4381211667681,103.71567942420734
2024-05-14,108.4340189690882,103.08197984648709,101.84170325090074,100.58805343214048,109.05789500595982,103.50067489294858,103.79689162350738
2024-05-15,108.9525221045024,103.66211576755649,102.42624800825904,101.28162767188739,109.60106941832038,104.1122535155595,104.36639434449854
2024-05-16,109.39522193587312,104.02297491806776,102.78904647589242,101.61992599662916,110.03244150660545,104.47366656778236,104.75497571086278
2024-05-17,109.71030179729264,104.0865356127876,102.84487211727318,101.65384734447575,110.34744529885062,104.5403439889547,104.82285557711035
2024-05-20,109.7969381433461,104.10484824117958,102.8623240951371,101.65397378758743,110.43153676572793,104.54769229866882,104.84282611738904
2024-05-21,109.97007582186453,104.19065922243085,102.93819534159947,101.71962855356298,110.60743958690924,104.62870505329857,104.92703097580343
2024-05-22,109.86804474101635,104.25281715221564,102.99998435635538,101.78358918828685,110.4997760088978,104.69206538509006,104.9958662831937
2024-05-23,109.60073614730331,104.15364098437492,102.88672591227875,101.57962293705678,110.21308587666098,104.56271911808072,104.89522995804276
2024-05-24,109.6195055511497,104.1048911790121,102.84998151705054,101.51917860701278,110.2211905448274,104.51030130607286,104.87210159506859
2024-05-27,109.7885998556217,104.2923416979811,103.03287007453454,101.74417991041192,110.40354191570061,104.7018918075049,105.04194097629993
2024-05-28,109.43524665357829,103.82598751564021,102.57664787558434,101.23303068167748,110.03803625333073,104.20707861201315,104.58583968034505
2024-05-29,108.96512692793094,103.31099766526349,102.05464860733721,100.5832589809702,109.54015985528991,103.6678663115904,104.09177003243329
2024-05-30,108.71527120490026,103.23379760920793,101.99144428566578,100.49763079975224,109.2854232170701,103.57248690731878,104.01440114633172
2024-05-31,108.71396683597254,103.35336481946102,102.1258018065254,100.63088895649777,109.28508368583734,103.67135966354726,104.12780325232079
2024-06-03,108.75106120652124,103.55874978836972,102.33416698724783,100.8952158306326,109.3327081198311,103.88635275107505,104.32953622857819
2024-06-04,108.13010854189538,103.2144039504185,102.01259830503876,100.55722460211945,108.7060505026086,103.52575828676636,103.98750874652814
2024-06-05,109.00855066655512,103.88415137674431,102.67061771661805,101.28757336016723,109.60379168993232,104.21708366829607,104.64760951176682
2024-06-06,109.54454090148187,104.36870790177682,103.1616858098786,101.78851945992302,110.13874530920111,104.69793081930219,105.14987626570876
2024-06-07,109.39660842647194,104.31377495600115,103.08637701318241,101.67783797405674,109.97823392111776,104.64843959228702,105.08849244305473
2024-06-10,109.13776253840166,103.89936953300709,102.66446465846293,101.17924166593797,109.70290132935652,104.2187205920008,104.68701402282734
2024-06-11,109.04786292056315,103.8163670201349,102.58074910496806,101.11769852920946,109.6213808669014,104.13582837200228,104.59405884303956
2024-06-12,109.55708764954066,104.45877678981923,103.24274718695436,101.88550286173574,110.1450179549094,104.80063545275033,105.24615428382582
2024-06-13,109.17209192891613,104.18749600698922,102.96094844547936,101.59206473355933,109.75892295764966,104.52724831915067,104.96599724622185
2024-06-14,108.73897824843517,103.89839508828986,102.67760735834126,101.37201179895752,109.3491273035844,104.23204812546767,104.62985673310428
2024-06-17,108.83204917903657,103.89329756498633,102.65153630654349,101.30690246567313,109.43482433953828,104.22818124496813,104.6224576376251
2024-06-18,109.02131926917468,104.09530890381188,102.8645154426027,101.50752703477049,109.61720756323345,104.41923198605005,104.84226222789717
2024-06-19,108.99189282905763,104.09066769284459,102.85379968726325,101.51379025503357,109.59467644697389,104.4184044410022,104.8224652998712
2024-06-20,109.70666196970865,104.55847377077134,103.31049348449774,102.00172684231401,110.31863273235368,104.89910727396297,105.2890778893425
2024-06-21,109.14361713592997,104.1091827505292,102.85279973173577,101.53243439815363,109.75595799051739,104.44510199829102,104.82076953391066
2024-06-24,109.78100528931391,104.687308651041,103.43042314365707,102.11376433970125,110.39220975308153,105.02502515442598,105.41303220623671
2024-06-25,109.43563854796521,104.50030316284223,103.22709549656932,101.97324222303375,110.06942268595037,104.84499967729076,105.17540384432978
2024-06-26,109.33418752416087,104.33409219474339,103.05145352471219,101.76092828140786,109.95971289304333,104.67117099032,105.01103747374596
2024-06-27,109.62542564898155,104.5043297767674,103.22160434644971,101.95454929955991,110.25742948679773,104.85222720031314,105.18487588005496
2024-06-28,109.76368542015742,104.58134087228342,103.2821574256992,102.01692520147132,110.39587344897024,104.94534641939228,105.26163619126052
2024-07-01,110.06410955831758,104.57154961657416,103.26716717928394,101.90270096847807,110.67454793869236,104.91285109806398,105.2774579494361
2024-07-02,110.08499873917165,104.58601072730585,103.29543655300479,101.91542283990142,110.68590396952828,104.92396897684439,105.32217792731156
2024-07-03,110.49603206767668,104.9668462767861,103.68726918735369,102.36548400448761,111.10861824959781,105.31246172917434,105.70723633219583
2024-07-04,110.68953847991831,105.13079338232288,103.84309115379942,102.4889292930101,111.29561367908455,105.46759467013067,105.87589327525784
2024-07-05,110.6522887829485,105.05824560667753,103.78870204717596,102.4479030086394,111.26155179326165,105.38806714649982,105.81343459453092
2024-07-08,110.67160711119996,105.1733508756291,103.90161082407418,102.55778526233435,111.27687812934633,105.5062147409368,105.93397701167035
2024-07-09,110.64687273867202,105.15922212400453,103.87902404291236,102.51356996884266,111.24901620913778,105.4843027646215,105.91301316990507
2024-07-10,111.1260419892546,105.55222378548204,104.27075500080747,102.96631507089396,111.74549756053666,105.8884256689566,106.2929612739854
2024-07-11,111.70069698317239,106.13058283813459,104.846966181315,103.59421890247037,112.33652249317203,106.4752577678653,106.86938884935225
2024-07-12,111.7676956805652,106.1885508130525,104.90865842270605,103.60849307443718,112.39592768412659,106.51336694014732,106.93467585729906
2024-07-15,111.91551381234875,106.24768920194172,104.9659335596227,103.70291392797735,112.55261708316253,106.58239892134928,106.99697884178056
2024-07-16,112.09708755669479,106.25232193939138,104.96960734017368,103.70315360045686,112.74063526508469,106.57533234100814,106.9950131006699
2024-07-17,111.32543117386224,105.79455301423344,104.51954877188602,103.20929354913721,111.96616176872023,106.08643882626245,106.51378283959194
2024-07-18,111.1849185701922,105.77586212042903,104.49069491919829,103.22363238501724,111.84091241235959,106.06827869792768,106.45836630400727
2024-07-19,110.7397017533456,105.49675200271112,104.21340959226457,102.88869757810308,111.37619865294879,105.77694984120983,106.1977022193467
2024-07-22,111.01501564342044,105.76914352962517,104.48311286256839,103.16776084959494,111.65433376744593,106.04843968281293,106.46096096688416
2024-07-23,111.2996021022767,106.04783180914472,104.74537089672604,103.45862683405433,111.94982982892321,106.34076891507829,106.7326100073166
2024-07-24,110.23070394317003,105.14828014773234,103.86397433485001,102.52218430201967,110.88005703980836,105.39953657718345,105.8040177291407
2024-07-25,109.28107228947208,104.65460568411235,103.35930623583806,102.03630637479333,109.93814660685737,104.89031444366917,105.25398420687802
2024-07-26,109.98458243475125,105.21408212394721,103.89770066036843,102.5953871785783,110.65403967705478,105.45979653270943,105.79837462414332
2024-07-29,110.05150047131924,105.31493705996049,104.00700631305997,102.71991035068402,110.72032062867312,105.56584241266297,105.91396973620888
2024-07-30,110.22343403636437,105.47627972727636,104.18386609152724,102.86831009278585,110.88434776379724,105.71489638344191,106.09601886760463
2024-07-31,110.68530392674023,105.85194659864156,104.55577308767185,103.2849827316867,111.36006995801912,106.10158588751126,106.47879871016927
2024-08-01,110.48949249326216,105.85393640741219,104.55694137694047,103.28508831189178,111.17187682394282,106.10591608226265,106.48039136780507
2024-08-02,107.01855713835846,103.33071476549307,102.09808785359678,100.75755853862401,107.57420416241705,103.35913522873923,103.67391903241237
2024-08-05,105.01291245027625,101.74981708694217,100.52478514005023,99.06969225526838,105.51204169156291,101.68259928936769,101.98831461904072
2024-08-06,105.3020197738241,102.00383743041697,100.76672080564273,99.28079773558987,105.81355307913316,101.95132847366895,102.27076769289214
2024-08-07,106.88771181377743,103.26459014766509,102.02634718569816,100.57612226286379,107.44716431135177,103.30199833296648,103.67091153586199
2024-08-08,106.43570201107482,102.57510682734979,101.3461188285846,99.79595649217157,106.95506924934,102.53766977027479,102.91769382314315
2024-08-09,107.43747518698629,103.55438898259325,102.31110840671194,100.88826388116827,108.03503232086804,103.59702374617274,103.96953826956225
2024-08-12,107.86524514109881,103.78137557529567,102.5396729374256,101.12729031271958,108.4823665721202,103.83967753921617,104.2347191213507
2024-08-13,108.13273582263676,104.03588622864434,102.80355934986831,101.43836103300055,108.76396652888833,104.10517256840049,104.50197957768066
2024-08-14,108.63354441455742,104.60284025844548,103.36608686353725,102.0358848070805,109.27772723720228,104.68709025792708,105.09179053245433
2024-08-15,109.75064088019187,105.33179227045963,104.08713955388649,102.77194938900192,110.45060912988794,105.49882541278662,105.94193868059311
2024-08-16,109.85749947539733,105.40337337451558,104.14814042185168,102.86237866846852,110.55761388179319,105.54636224162527,105.96304519080479
2024-08-19,110.30932528352065,105.8070559348342,104.53441279958766,103.26837575782947,111.02438367259506,105.9682622740751,106.37272549348909
2024-08-20,110.20010530922218,105.84414942003126,104.57075744055547,103.30815002249985,110.91623805286564,105.99206245218812,106.40013571847842
2024-08-21,109.92712821934005,105.62441537764384,104.38256104929931,103.07762633677643,110.62990056997262,105.75439054048523,106.1989130099497
2024-08-22,109.88967245504833,105.60889113995817,104.37151742544195,103.00916555427406,110.57145502929527,105.73128247621707,106.20300488091405
2024-08-23,110.19853996681945,105.8894530276769,104.64685383965566,103.35228675245855,110.90683139350755,106.02608057935363,106.46400665471111
2024-08-26,110.14246833514996,105.76085908727988,104.52472582271297,103.1584215860937,110.83622309135521,105.88478091138302,106.36164657200418
2024-08-27,109.7665191661218,105.41255420590485,104.17275607777863,102.77526493982589,110.45477612349363,105.52314903832689,105.99676068668376
2024-08-28,109.90799843145649,105.67477603325861,104.418885369246,103.08066022949987,110.59399716890994,105.8038192533631,106.23904847041533
2024-08-29,110.38664500604752,105.89999873369405,104.65459218941638,103.2850526854328,111.09184241433807,106.04012308261841,106.52053685050544
2024-08-30,110.4085240817953,105.98907511918199,104.74445155094413,103.37316797176044,111.10442873169448,106.11589617869926,106.59802488988208
2024-09-02,110.6748014922554,106.12879346359749,104.87948815652142,103.46810973108096,111.38608939725046,106.27557950142584,106.79328045055362
2024-09-03,109.82457355555883,105.58387427299611,104.35407728168819,102.933211619068,110.49332578389988,105.68052647066013,106.18293710550817
2024-09-04,109.12996272653888,104.95535138092006,103.74838511709834,102.30329569910705,109.77423667977695,105.01330860995796,105.510159285116
2024-09-05,108.6876160683411,104.46275819373926,103.27182509305153,101.76934936479294,109.32461374957569,104.49248945693273,105.01938114470433
2024-09-06,107.781210357784,103.81371921470517,102.65455360416536,101.1198552867124,108.3738298418105,103.77648104997519,104.29970519960705
2024-09-09,108.23203797497294,104.18659234996541,103.01083944497888,101.47191567676188,108.8369322902968,104.16247179116236,104.69760385986793
2024-09-10,108.3711657217703,104.25092108167864,103.06567707722323,101.55014820305763,108.99063280799844,104.22835570872155,104.75321791401907
2024-09-11,108.05584236163082,103.93452353886556,102.78361961418847,101.22612584170592,108.66111517392419,103.86396863530562,104.42676226889435
2024-09-12,109.42030397425964,104.9877669180961,103.81455714094483,102.33637570078906,110.11448334686263,105.01274298824934,105.59286082138249
2024-09-13,109.61718395989656,105.17943214208742,103.99529982896851,102.54575763478199,110.31957754605,105.19021175912542,105.75324830049854
2024-09-16,109.55045590642966,105.12830931651753,103.9354251135428,102.48078851770792,110.25175863388282,105.12204173242021,105.68202585923352
2024-09-17,109.8834960334648,105.42069228093887,104.24252193076909,102.78340474105276,110.60789030321672,105.44288826571584,106.03993873822628
2024-09-18,109.49223456775961,105.0480287812103,103.85764579056477,102.35563467221314,110.20447246597713,105.04877761536487,105.63818856706821
2024-09-19,110.51774879298968,105.7818061196476,104.61064767892204,103.11451627682695,111.27674670083604,105.83257104522849,106.48862749748949
2024-09-20,110.19285132805943,105.3031494712459,104.11363560974054,102.59614422894154,110.94645419040657,105.34059108867181,105.96750732955852
2024-09-23,110.4511193596089,105.58326940517257,104.39114883692334,102.91921781710703,111.21970306139693,105.63451561513915,106.24837412488087
2024-09-24,110.74805637587168,105.78209042751472,104.5722861651166,103.12641203571008,111.52218476295532,105.84551849095989,106.43654494003141
2024-09-25,111.16470359278858,106.08069328226352,104.8840954503746,103.40998362877268,111.94304680856119,106.15040191020191,106.78419419749932
2024-09-26,111.66054137180217,106.50936254153234,105.28164734279328,103.873938470259,112.46488461536825,106.61365616257588,107.2042557798341
2024-09-27,111.43214362043759,106.45351272791328,105.23102326859156,103.8145540077551,112.22266496034041,106.5384566482066,107.1256811929554
2024-09-30,111.13515291945654,106.25529226501249,105.02777670735648,103.63079805812818,111.92485539908262,106.33455222824533,106.89767960865484
2024-10-01,110.86258676167951,105.90909839998675,104.71024258892395,103.29557740792454,111.63345946196377,105.96837893377769,106.53970390361458
2024-10-02,111.04839020842998,106.0683528342424,104.83700396128756,103.43200089143151,111.83727196045442,106.14257577770422,106.69818498389706
2024-10-03,110.6875718048971,105.71459302003623,104.49340042771911,103.01825784440565,111.479850625305,105.7696750506566,106.36171614880689
2024-10-04,111.07762265462429,105.89916035098197,104.63857011348475,103.13262104257907,111.90777294662297,105.97967200307656,106.5743618877931
2024-10-07,110.92159712498616,105.92648625351745,104.64474194155187,103.16984823577233,111.75451349615086,106.01691707267136,106.57455900532015
2024-10-08,110.87713656179774,105.91730819818198,104.64773363798356,103.14254297214545,111.70645788218275,106.02300219455385,106.60839645517675
2024-10-09,111.1153824010651,106.05922523755655,104.81790368446215,103.29100162534255,111.94063213545738,106.17495371383406,106.79388860781327
2024-10-10,111.09728053921653,106.05313442522882,104.79940996061062,103.28695662231742,111.9352069639451,106.19104441617328,106.79105659992084
2024-10-11,111.6081459699182,106.31534360146675,105.0685756550825,103.5857147104482,112.47348264156807,106.49277382533953,107.09279560784294
2024-10-14,112.28520584891544,107.00417504964605,105.727726834809,104.37554900137489,113.19108591845077,107.24690641516179,107.7843124248572
2024-10-15,111.97667400230942,106.78193653364374,105.50583053702746,104.19357678760935,112.87541038844806,107.0146005698805,107.5088035537151
2024-10-16,112.00373664347363,106.74856322124782,105.46956358034791,104.19276155259976,112.90967024328246,106.98818239977335,107.45833716788822
2024-10-17,112.40283732379699,107.06923661533088,105.77406491132808,104.5332740703215,113.33088190725924,107.35212330545593,107.80391926762012
2024-10-18,112.65096653027547,107.18501019651747,105.88536597646332,104.65211095825846,113.58542412432328,107.47243305775768,107.91749862517537
2024-10-21,112.24907276261338,106.75792013309137,105.46128117819012,104.14100354009162,113.16971263825728,107.02403093700654,107.49618171560691
2024-10-22,112.05359213889284,106.46542490862902,105.18927646179219,103.83704293616222,112.97411879409063,106.72674965412538,107.22345156245696
2024-10-23,111.77150481235807,106.36119624052608,105.06391501150247,103.68585349007424,112.68664055731061,106.60700413908782,107.09729065163462
2024-10-24,111.8993505895723,106.45706927392821,105.1560668763418,103.81717234254965,112.81958087096523,106.70017284058314,107.1700622820537
2024-10-25,111.96813831839731,106.51870650057124,105.2000425900405,103.88776353779915,112.90254408516532,106.77343791795579,107.21863210048706
2024-10-28,112.27041385290268,106.75979421780426,105.41497863545497,104.09640287532784,113.21277267184169,107.00827459520632,107.44431681260325
2024-10-29,112.08652311010849,106.36167599037465,105.02872243847361,103.64816713210645,113.03001973062565,106.60682388671954,107.07979642585256
2024-10-30,111.70696336427312,106.09095233017645,104.75602338400694,103.36121021905225,112.65411802699417,106.30713461150405,106.77999376210062
2024-10-31,110.41333485706456,105.17129966772877,103.82468605226065,102.36442648629908,111.300811002088,105.30537332394083,105.75250001664689
2024-11-01,111.32152738971763,105.90542944935054,104.54870904057312,103.1065189249106,112.21611796154858,106.08475618251131,106.55230010955201
2024-11-04,110.67425423712523,105.48247964660365,104.12628326667104,102.71573646856325,111.57888813008174,105.6412063493835,106.0572888990554
2024-11-05,110.8609827841519,105.54343854013044,104.18808575251181,102.74983425783107,111.77274418504064,105.7127398309931,106.15826956864178
2024-11-06,111.5920620144951,106.26330370873309,104.87367728374896,103.53002729695082,112.53612898616522,106.52286844739524,106.94722568014964
2024-11-07,112.12390976540556,106.68652584620642,105.30479538783457,104.02179599996688,113.08034160195007,106.98162395490132,107.39996363761479
2024-11-08,111.94430955911494,106.55545723900373,105.18165679263893,103.88640486061338,112.88493089896316,106.84573198324996,107.27532826239978
2024-11-11,112.29918712911866,107.02236909065843,105.64411684486221,104.38483231698987,113.28549408582906,107.35681103856649,107.7899273869868
2024-11-12,111.64446895666305,106.49023122913957,105.11433261446916,103.8415424941028,112.60550948450508,106.79800533171732,107.22275163470853
2024-11-13,111.56114401854738,106.39283599987705,105.01507088795815,103.70521305323193,112.51361423277288,106.69409364462791,107.13731057225515
2024-11-14,111.93799574615697,106.86383726908308,105.482275323012,104.20222583492308,112.88705781365354,107.1824630129782,107.63232877623649
2024-11-15,110.97957659573716,105.95833876983811,104.56958242737659,103.18359514835419,111.90655432420738,106.20527348227935,106.6478396371559
2024-11-18,111.17246950302896,105.98071407578477,104.59662406434586,103.21385969106902,112.09870202689598,106.22263734093491,106.67739650611219
2024-11-19,110.93364458564146,105.72869102132023,104.37948714525724,102.9738973690341,111.86230636725954,105.95080188808363,106.43869637968098
2024-11-20,110.98760962184002,105.59258580503364,104.21759129946142,102.79203330899895,111.91198634715704,105.80532829367422,106.27312645535243
2024-11-21,111.49837830498018,105.97683107534066,104.60993931893539,103.20202419403657,112.42307149074537,106.22265818391259,106.70430418421888
2024-11-22,112.65268234719645,106.8751921188095,105.48144299057394,104.20349235829107,113.59166494981463,107.19598722137343,107.62937340448411
2024-11-25,112.3061798253135,106.94470606945555,105.5736605536737,104.32321113990766,113.28228547395258,107.25752534435048,107.70806415273735
2024-11-26,112.00013285605321,106.65575354130941,105.27203862972374,103.98364431102112,112.96558482588938,106.930441881575,107.38466479654203
2024-11-27,111.95597214409034,106.67292979385732,105.31439547761701,104.00762133418114,112.92693820890305,106.9410004817293,107.42492977131081
2024-11-28,112.24084473674488,106.97500206070126,105.6102049108163,104.3740386934779,113.22315993876244,107.27127205885067,107.71703672511225
2024-11-29,112.5195176521937,107.21817626222587,105.83911315752512,104.68182633278519,113.51577788948164,107.53466148931234,107.93007951083122
2024-12-02,112.91443557630323,107.64186954331558,106.24198346329648,105.1028032927845,113.920342922987,107.98127168467173,108.35648553700273
2024-12-03,112.86088402613241,107.60208668845388,106.19082568040783,105.01507409978221,113.85620939419651,107.932940655145,108.31018333038685
2024-12-04,112.99006940319416,107.68766764107728,106.28488205095303,105.12517075736216,113.9977980868049,108.0342025005619,108.40955813911842
2024-12-05,112.77044253556652,107.5548818566688,106.17057939641032,104.94649815784001,113.76828984804668,107.89794854741237,108.31557545450916
2024-12-06,112.75818295666875,107.58630716634083,106.20857136436253,105.05645649943702,113.77115839698962,107.92170721574186,108.3217827452625
2024-12-09,112.71404914647445,107.4000575902504,106.04229058849741,104.81777982461877,113.70063366707106,107.7190362233062,108.16602346533506
2024-12-10,112.54570510053657,107.12550093693292,105.76378376028094,104.50855720619181,113.49493993555524,107.43959258990185,107.8859108914952
2024-12-11,112.79704549483931,107.21104003632418,105.85223143510302,104.61017775470607,113.7542655352096,107.51714464364635,107.9696040714407
2024-12-12,113.05737425895255,107.5204767849157,106.15833151777805,104.84243064305983,114.00958423392407,107.85623482464477,108.33597279307523
2024-12-13,112.99720498463135,107.54982136271278,106.14650113092252,104.82430780733539,113.94389883537966,107.88729127434524,108.328745186862
2024-12-16,112.93980759985428,107.56886638545964,106.15182979888054,104.84788691420961,113.89232093027914,107.91524562076953,108.3291085527341
2024-12-17,112.96903755541135,107.59898065768682,106.17994187763298,104.8554701482532,113.92257424479932,107.94755129197718,108.36996336470877
2024-12-18,112.44351520741391,107.26085502961251,105.86596552876864,104.53750769254727,113.34541506582036,107.59044735178614,108.03678443704084
2024-12-19,111.073515314702,106.06432586027385,104.66335128126612,103.31633263600821,111.95044122623361,106.31120452140823,106.74883610979369
2024-12-20,111.20644534503192,106.07040146501019,104.65752086033449,103.28741317921492,112.08882226929022,106.31197828530814,106.74809734562349
2024-12-23,111.52071738077107,106.31388880796206,104.90448226289107,103.49409380347798,112.4035035958377,106.55370488140285,107.0194327133461
2024-12-24,111.59349972590053,106.33313411696943,104.9233923402608,103.49413743544702,112.48750055951497,106.55873471872314,107.0407421302168
2024-12-25,111.58535242441585,106.32534258827424,104.91569622004351,103.49418106802204,112.47953369705961,106.5569345528638,107.03207492501537
2024-12-26,111.5722550059274,106.32639624351978,104.91562877098745,103.49422470120308,112.4668490044971,106.5624729079906,107.03240227632824
2024-12-27,112.2308371280344,106.91742659168457,105.48983608151757,103.99357678150336,113.11363730800473,107.18988537100138,107.67935272640084
2024-12-30,111.89754226917977,106.71022909914032,105.29922328304269,103.82024634761603,112.76263346519613,106.94470250976586,107.45540456437521
2024-12-31,111.93249498590474,106.70644400889333,105.29589060684215,103.82028998261517,112.79910603637384,106.94191757361331,107.44570406187898
2025-01-01,111.93967324330995,106.71330880930105,105.3026713467037,103.82033361822035,112.80612753029664,106.94356374427029,107.45232849617152
2025-01-02,112.00771933755702,106.72103008879022,105.30868644861819,103.82037725443156,112.87796862754702,106.95305880814105,107.46017613011477
2025-01-03,112.67885394271569,107.09469654055235,105.66239454558112,104.14650776081831,113.56301001728382,107.35357935561922,107.81901273114778
2025-01-06,113.10427189289365,107.47024251814688,106.04248493025754,104.41616165928784,114.00087272845272,107.76367223419012,108.21542480671712
2025-01-07,113.2012777167973,107.5152570963505,106.0681358130799,104.48487510878772,114.0927923390634,107.78814314413414,108.2709796916188
2025-01-08,113.3379513621087,107.45082400451267,106.01506887398342,104.37620804097394,114.21787078500623,107.7172071704971,108.23662838313727
2025-01-09,113.58083785127224,107.64767428555511,106.2242110326198,104.57123374911849,114.46058507018147,107.93161184582489,108.45318027630371
2025-01-10,113.21022742994265,107.11254443322764,105.66719636286992,103.99501231713361,114.06134465283604,107.35194855748954,107.88455628266401
2025-01-13,112.78459291452884,106.68415761450221,105.2455038745957,103.51046495161411,113.62035909096349,106.90357895326161,107.45613572627617
2025-01-14,112.80994245333875,106.73973079384076,105.31354904426216,103.52452233784486,113.65101216114748,106.96605321702455,107.53331772104715
2025-01-15,113.46401283220598,107.44669984185971,106.01619956296118,104.35138534706019,114.32994176103506,107.72616542509708,108.21859311919233
2025-01-16,114.0462976790975,107.90645684796341,106.46467405735373,104.82583863508673,114.92816027261512,108.20581491056336,108.69226239578089
2025-01-17,114.6024333730701,108.39663660869027,106.94882971615587,105.32329158079172,115.5045165351045,108.73689446647275,109.17504588972567
2025-01-20,114.62166342625868,108.50983652367847,107.05426560066044,105.42037379021383,115.5381580122808,108.84615115580796,109.28748198450688
2025-01-21,115.03198936334587,108.85587493007908,107.42341487656282,105.80945772768288,115.95189174962077,109.20792287050712,109.67982349346508
2025-01-22,115.56774879231453,109.3128985413094,107.86769557630778,106.26502409305817,116.49083386301065,109.71103622638401,110.12804950190551
2025-01-23,115.73897001718751,109.45418863624046,107.96189349837671,106.34449825029131,116.67526428261745,109.85615978429712,110.22322980435413
2025-01-24,115.85488509601734,109.56598348051266,108.10310318386898,106.46381343230426,116.77998247446727,109.96991672096199,110.37641457524212
2025-01-27,115.24460826476923,109.26296308563536,107.83044183718948,106.26209801420275,116.18132291455426,109.61276609195704,110.14902898571212
2025-01-28,115.70904686463433,109.53481699854206,108.07315463928877,106.52694690649534,116.65489919094259,109.93077445656579,110.38824167367783
2025-01-29,116.10783280769101,109.93387978955498,108.47815914074556,106.95053345245951,117.0604746604147,110.3488478396606,110.80453604191077
2025-01-30,116.63951604526679,110.2661406259092,108.8170219489148,107.30008556392552,117.60005470874819,110.70380880742438,111.15551755736988
2025-01-31,116.96187670134131,110.56042879648713,109.09615821271268,107.60969259794561,117.91530620130195,111.03298111749353,111.41399989444322
2025-02-03,116.29725919442532,109.86879591712415,108.40212658631461,106.91818260034738,117.2231431296546,110.34309605461776,110.686394866327
2025-02-04,116.07617141381522,109.73824021574674,108.27561065967859,106.8013310493227,117.00683669747679,110.21202602976344,110.54310142549701
2025-02-05,116.25416559839164,109.897450381831,108.46518837990796,107.01423568544253,117.17484010755359,110.37481145156404,110.74858558213172
2025-02-06,116.8176060886453,110.40329567967456,108.95176333121515,107.48205792427852,117.7636542243802,110.87690397819594,111.25870412430163
2025-02-07,116.93659792515243,110.41144308711466,108.94667240380667,107.48887703460079,117.89159996181465,110.88882222257075,111.24426571651507
2025-02-10,117.33853704900635,110.56411395761879,109.09974818370651,107.6534334505387,118.29930978342193,111.04601507348086,111.40396228509104
2025-02-11,117.55644855266043,110.67872071525522,109.22183096925467,107.70449349971796,118.5051620547891,111.14010527335887,111.55791196807847
2025-02-12,117.59472997943551,110.61099339745577,109.13665521352276,107.57409445490138,118.54029676940776,111.05931777963119,111.481011306004
2025-02-13,118.08165730564204,111.1863083585716,109.71393497164976,108.22491406969898,119.04219812789411,111.64795346572637,112.07694736722273
2025-02-14,117.64061658894308,110.94858589872676,109.50364943584428,107.9763621739662,118.58860549984807,111.39522154684964,111.86271524027214
2025-02-17,117.90549830243677,111.0976661512713,109.6573721515861,108.09088723939793,118.85661670401966,111.53412849774926,112.03538251371205
2025-02-18,118.27382632875678,111.14112797761055,109.704279134733,108.13247267401307,119.22425269231887,111.57726381761692,112.09094716925907
2025-02-19,117.85890884288838,110.74887453759621,109.31842639710156,107.69380563771944,118.79299105020343,111.16991377090679,111.69720337438356
2025-02-20,117.58883658069817,110.5282582796468,109.11307249675981,107.4734542801193,118.50402008547336,110.94896280973245,111.4969604901967
2025-02-21,117.61640156760053,110.72324612394415,109.32901476414658,107.6720752238894,118.52619047852554,111.1356287128169,111.73801808265296
2025-02-24,117.06576233225347,110.3274766711089,108.9378768602111,107.33026017777642,117.95739672232453,110.75030627135651,111.31922835820329
2025-02-25,116.54786557986864,110.25974612592866,108.8779305513732,107.3331998498694,117.43072684672624,110.70006309560658,111.24322133307649
2025-02-26,117.01614045855374,110.65335655435918,109.24655626728588,107.72821355188174,117.92923617250526,111.10152060187531,111.61565566996833
2025-02-27,116.76305825456355,110.57467992761904,109.17889670023153,107.69309820752679,117.68193076885626,111.0309393420795,111.53195350719511
2025-02-28,116.49080177490399,110.42978758808974,109.02477613757074,107.57530835099493,117.40419080646727,110.89213080913598,111.36010418213222
2025-03-03,117.15334360556871,110.96494535805232,109.56721898808209,108.04682105373465,118.07642096961877,111.39992454941388,111.952608055152
2025-03-04,115.46269111925022,109.52909996723031,108.16824820103366,106.68376706096649,116.32016964121846,109.96920135531596,110.4834810870922
2025-03-05,116.05938962127647,109.77567923266398,108.39280877103272,106.7684574469997,116.90919247462199,110.1898338950056,110.77057672072026
2025-03-06,115.5615333397553,109.32068630948022,107.97650769475165,106.2364465016386,116.3800892411118,109.70236390621679,110.37063906099189
2025-03-07,115.1652093717364,109.07489518823725,107.72666665393544,106.03685915145621,115.95991234831264,109.47058071498401,110.10488983163462
2025-03-10,114.28578670501327,108.46054586968607,107.14164318744179,105.4187073229447,115.0561287812991,108.84251166339453,109.50551695022727
2025-03-11,113.3972599359641,107.51737272634374,106.20332795289346,104.44272342664244,114.138063693825,107.89239633357471,108.52742097029962
2025-03-12,114.33217747827793,108.14861362226785,106.85931902478497,105.0474723926006,115.0791997016265,108.50668074118674,109.23949344758516
2025-03-13,114.30441694171638,108.01996971862367,106.70928866981629,104.94391707257333,115.06587303717578,108.38367199447414,109.0683927975493
2025-03-14,115.02862352260092,108.54380589415618,107.21627406434774,105.4305696580821,115.80543624577602,108.90237380767593,109.59897385719704
2025-03-17,115.5437654335281,109.05360927518856,107.72241621009935,105.99569766798899,116.33703949686993,109.42410410225986,110.11610274073742
2025-03-18,115.4058737303052,108.84905705880772,107.52706676770885,105.80866320740905,116.1909464392854,109.21655646386125,109.91267035429595
2025-03-19,115.65060836395718,108.9849810703776,107.66732285647127,105.95178431787635,116.44694595290824,109.35858314099114,110.06263639278424
2025-03-20,115.98665764274712,109.38255222280502,108.06747805561818,106.39880717441169,116.8062250038318,109.7662649680016,110.46761721810554
2025-03-21,115.51280387000557,108.99418385006041,107.6545989526299,105.96041175593885,116.32056597581182,109.37052055730352,110.03003763302648
2025-03-24,115.93611754515662,109.27076896306093,107.93428040140356,106.18170533861498,116.76001096189988,109.62716575461506,110.33104898017636
2025-03-25,116.12274684817245,109.43033941110546,108.10407192950451,106.36128252332087,116.94770739356564,109.78609371456423,110.50835592765056
2025-03-26,115.72091760059567,109.12692074563117,107.77651378182536,106.05634104378119,116.54473145160841,109.49187657393928,110.1533778492973
2025-03-27,115.62138598594431,108.95894367724497,107.60739245009093,105.88521671494564,116.44070779812125,109.3254089572635,109.9707621628167
2025-03-28,115.03145364755201,108.57298354652951,107.21987412093898,105.58309146203825,115.83711863131605,108.95399537150863,109.54029057693005
2025-03-31,114.61810174482487,108.11445728508706,106.77079997423621,105.11319290786328,115.41518257476208,108.4886387229033,109.05996001344067
2025-04-01,115.03748512449405,108.59022048835712,107.21621880950775,105.61091849048152,115.8646365275082,108.97000010496407,109.4969352912884
2025-04-02,114.99077182215736,108.56585402257237,107.1959854029874,105.58144342075279,115.82842464849514,108.93854224518027,109.46536539134357
2025-04-03,111.91979569903214,106.25856835778373,104.94566492551054,103.4187192183715,112.67258885701791,106.62775336974005,107.08249603681101
2025-04-04,108.06791379873701,103.21897782776996,101.9943249630194,100.5233797270094,108.7350869854154,103.57528075213398,103.94424867058498
2025-04-07,105.90725967799285,101.26377841167191,100.07348405920683,98.55728934655899,106.5199976034003,101.59974313250456,101.92416067359417
2025-04-08,107.4212618504947,102.48420844226939,101.20733077842452,99.51361237958746,108.04350413892124,102.79860526696922,103.17182910030087
2025-04-09,105.39199272700782,100.15507540137298,98.84658119369203,97.07778837870609,105.92309389656414,100.45694634063811,100.69079544960951
2025-04-10,107.02177256619993,101.81194727661615,100.5483644222351,99.00796465282684,107.66028402344261,102.13531463291079,102.43743818991626
2025-04-11,106.836720166066,101.47042026758173,100.17160025933187,98.56416858924652,107.45209481766346,101.77903768547142,102.06014717194736
2025-04-14,108.40727593357111,103.07613091500387,101.7572195433236,100.1385500091952,109.06830241262962,103.38828215119452,103.72619529589473
2025-04-15,109.21506606398617,103.68352082606762,102.37602594519682,100.70729267672156,109.87221251115446,103.99696914472598,104.39403596636645
2025-04-16,109.11844712727921,103.42848977008117,102.1347162763309,100.50570917966523,109.77037862341305,103.74585395643878,104.1300473530873
2025-04-17,109.15948094570756,103.55733956201847,102.24184807901851,100.65862193052726,109.81849270875674,103.89039333519412,104.22838403278516
2025-04-18,109.16453113620395,103.5613202000295,102.24655864281024,100.65864376849018,109.82339195671011,103.89142580569546,104.23300603922605
2025-04-21,109.10417038008353,103.54862526210947,102.23654955802417,100.65866560660474,109.76593384659743,103.87879564203364,104.22059800289321
2025-04-22,109.53007286440702,103.55127630832628,102.23762182447442,100.64432405409161,110.17943221826079,103.88533313996551,104.23817516384734
2025-04-23,110.86793076452093,104.96318243860267,103.64614497416223,102.03190737460088,111.56828658280575,105.30130249396723,105.725354299429
2025-04-24,111.74527687518511,105.57433085142847,104.24272679581914,102.61051293229649,112.45622779823354,105.90393832191869,106.3587276869416
2025-04-25,112.02328228789867,105.912068622135,104.58565322934818,102.96998835531528,112.74143817577568,106.24923240323855,106.71554600687408
2025-04-28,112.27361137402025,106.1342007404332,104.79906413732962,103.22283692630339,113.00540345871248,106.47958113091936,106.92981983737833
2025-04-29,112.45387714938278,106.39272242503938,105.03748542377434,103.46857643311691,113.19890727049888,106.73843198394222,107.17233558267752
2025-04-30,112.63434118049656,106.67648861509191,105.3210497451674,103.82369147900148,113.39238450241314,107.03724743350382,107.45191765224698
2025-05-01,112.62227481677849,106.70418828609742,105.34368248192443,103.82371331832931,113.37766034808405,107.06335009239069,107.4793547536002
2025-05-02,113.5876030345082,107.64004145492376,106.24993936532543,104.65191170357573,114.37413260084546,107.97819567149037,108.44415632386276
2025-05-05,113.65738339658769,107.54909284900742,106.15364311221083,104.55738811289446,114.43962174996022,107.89704856163316,108.3473701380935
2025-05-06,113.99115233032258,107.58226281694886,106.16823608541604,104.61842173478534,114.79381353759368,107.93524983415985,108.3437313262153
2025-05-07,113.43824758594634,107.30198711785164,105.86419356577512,104.38656487518554,114.24818494695327,107.67557752972611,107.99086471387042
2025-05-08,113.66555462191563,107.44451036337964,106.03128726166595,104.48517977724838,114.47183011083885,107.80156560394505,108.18853424670536
2025-05-09,114.04570423996118,107.69990417439699,106.25515807609527,104.67300524387744,114.86747468787182,108.04430311811346,108.42485472668488
2025-05-12,115.02203826757398,108.65243675961982,107.20964945784819,105.55868218120277,115.87223820539296,108.9896985518733,109.45169576997988
2025-05-13,115.24113267699256,108.76829871371672,107.31568537575633,105.64775675154034,116.1062450412548,109.10240042161364,109.56364029786334
2025-05-14,114.9874685948751,108.70236350072837,107.25315387808922,105.54755341578436,115.83854731483873,109.02971613329152,109.51009574833645
2025-05-15,115.17779900764091,108.87632378353116,107.43479533749796,105.79683054418874,116.03706228327857,109.21977807259206,109.68853263714287
2025-05-16,115.58001932971489,109.36307985750624,107.90377587192808,106.2886218151623,116.45416458484792,109.71287119840227,110.17572636218385
2025-05-19,115.58796098447057,109.21422367402911,107.75055892195937,106.1201394255858,116.45044022185755,109.56391180666255,110.03221736950582
2025-05-20,116.01979238726665,109.48075717317171,108.02998580953687,106.37198974980883,116.88907835143445,109.82127004364888,110.33303303684272
2025-05-21,115.6535132607188,109.1268233698917,107.68591131958883,105.99146393800083,116.50125334580328,109.45745195021652,109.98584789951997
2025-05-22,115.15769769522186,108.7249180383968,107.2548851367837,105.56459683332974,116.00019239629418,109.05775068589452,109.52107669204416
2025-05-23,114.66700237542717,108.1285023400868,106.68445370835578,104.99067086101459,115.47592790703148,108.4576450590063,108.92619952217298
2025-05-26,115.38468603174266,108.99789879230745,107.52567185257276,105.91764049352493,116.23949618571174,109.34640646381438,109.78035513426686
2025-05-27,115.58888626272615,109.23865000404487,107.77444477357916,106.17677761943563,116.45946314946815,109.58569254938932,110.03457474436387
2025-05-28,115.21942764707391,108.95237197613228,107.4815753418157,105.88131935608396,116.09098159321451,109.29802872985259,109.71270329722293
2025-05-29,115.24145456652852,108.96169835164848,107.49242781428244,105.88134119844521,116.11201981014587,109.30078015351373,109.72344940626944
2025-05-30,115.1728332954787,109.02068629798826,107.5524791817816,105.9611918884295,116.03679665154156,109.36792074321558,109.78315679769715
2025-06-02,115.24422897452115,108.80168823619056,107.34219221582522,105.71049529634489,116.09462313525962,109.13867344090366,109.57621052366271
2025-06-03,115.68468964780358,109.2535305153662,107.76926487006584,106.16080445440177,116.56694080728458,109.5955258933307,110.00742849496115
2025-06-04,116.04433053405356,109.56292319416004,108.09449557123109,106.50998590674739,116.93612390617596,109.90169452998333,110.33926993767369
2025-06-05,115.98787502999942,109.44853332800079,108.00465524935936,106.3479515304378,116.85959262531027,109.76431450653502,110.27406247484781
2025-06-06,116.32282704517038,109.84424352951461,108.37469805126076,106.71056930556979,117.21435926303043,110.15269829830912,110.65017189385316
2025-06-09,116.3506872307939,109.84741849532995,108.37694997481373,106.71059114899289,117.24142758023956,110.15633788738867,110.6531549064136
2025-06-10,116.39374153046191,109.88380393104018,108.41176265608176,106.69321534709621,117.28123141464293,110.1729767580265,110.69296214398807
2025-06-11,116.47938342064919,109.93222770060133,108.4860532842684,106.78424270750733,117.36459632946381,110.2251258048475,110.77080698949693
2025-06-12,116.26727866811521,109.70915981781128,108.271847913691,106.60887080714791,117.14180989038887,110.0110903638799,110.53644705911117
2025-06-13,115.64694150429999,108.99635410731703,107.56779229891636,105.85186622728916,116.49841653608426,109.28317286704757,109.8045692839644
2025-06-16,115.5036329453071,108.87985115715335,107.44403821615845,105.71417530167513,116.35289291422926,109.16305877875322,109.67617682512885
2025-06-17,115.23015160987416,108.65014448565604,107.23404296126806,105.49764738711727,116.07100861839812,108.93404130541518,109.45869920055615
2025-06-18,115.24011548885709,108.6303520331119,107.21345588812072,105.5012754827582,116.09060732165202,108.91629120199218,109.42496100402988
2025-06-19,114.78478141466988,108.24177983854118,106.83396459779138,105.1246373084768,115.61837366409505,108.53169356788392,109.02833645955539
2025-06-20,114.8549345452911,108.20756883883914,106.82503296414319,105.04829382299816,115.67142623907381,108.48669981017689,109.04866328324215
2025-06-23,114.85503710195817,108.23649549683935,106.86675065724522,105.09263442015657,115.66904290477511,108.51665804825635,109.08798228097005
2025-06-24,114.90804115775366,108.48837495039072,107.11491930877489,105.33054980642223,115.7169136974377,108.76087890065145,109.3547912971562
2025-06-25,114.8179888545734,108.31469765113944,106.96674443587915,105.18590250295796,115.62631771394368,108.59124855789548,109.20327106158993
2025-06-26,114.73700349431452,108.26212790986077,106.91421054391428,105.13982127006085,115.53521440791133,108.54375878856304,109.14639117035054
2025-06-27,115.06082730126954,108.6657394034321,107.30636284460857,105.50239127388379,115.8615827922848,108.94668102208985,109.57607695237299
2025-06-30,114.83791825072731,108.45952288349454,107.10696751326869,105.33240418590586,115.63461740678123,108.74882999917162,109.35869911728497
2025-07-01,114.89684549363479,108.4997294737025,107.1241294524089,105.38149742471231,115.70245865475223,108.80021022816922,109.36484539565154
2025-07-02,115.09388170348305,108.55185421287405,107.17743922528416,105.40256395570435,115.89724136153154,108.83767881048686,109.43131736528264
2025-07-03,115.4190225003375,108.90428951885806,107.52907729364125,105.7772301992081,116.24399683284817,109.19934044182695,109.7910801091817
2025-07-04,115.1931950201782,108.70312544931045,107.33477031167394,105.57610709399276,116.00790116563586,108.99410243750309,109.58771882989929
2025-07-07,115.40316993381,108.87687992898441,107.48255387169057,105.67744555906013,116.22937629159529,109.15498324598092,109.74812391727613
2025-07-08,115.32791041699375,108.80640321128416,107.4238963199313,105.57002566418929,116.13849123978162,109.065418436718,109.70026832495168
2025-07-09,115.49691720160065,108.9424164962127,107.54545749630455,105.6973685903616,116.3141412783656,109.20104448200088,109.82013903890295
2025-07-10,116.094767928177,109.41683490867675,108.03869324290798,106.17330871267194,116.92088692435942,109.66588520097203,110.34946628421712
2025-07-11,115.59845151713688,108.80764933862308,107.41967735934807,105.52189687003187,116.41118723793069,109.05037019985129,109.7004900759315
2025-07-14,115.62818674825732,108.80318102430935,107.41819769757004,105.48503123787864,116.43472576500334,109.04083556526962,109.71042620883343
2025-07-15,115.67122394520688,108.91544083974823,107.5156214774114,105.61073304846262,116.49900946958067,109.15657862583221,109.79592300332055
2025-07-16,115.53261076035551,108.61890384631971,107.23813643067668,105.2933104896533,116.33003170439919,108.8431188926425,109.5217954529873
2025-07-17,116.38021275424715,109.52484102506428,108.11430993108961,106.25917174935977,117.23939079652868,109.76452732071257,110.39934618719616
2025-07-18,116.36760861985982,109.45504469431677,108.06346483443588,106.17605104022303,117.20782623838586,109.68515750185304,110.3626666439594
2025-07-21,116.56639540393216,109.59759018776047,108.20498666889746,106.35823803823996,117.42350528011607,109.83424883351213,110.48891222300709
2025-07-22,115.8875183096737,108.96222164778561,107.55429486172525,105.72112732158097,116.73344114862849,109.20105516646052,109.7869427555201
2025-07-23,116.75630589583872,109.74255492220352,108.33997058256128,106.49497785597495,117.61500042213112,109.97273519605419,110.62872816426092
2025-07-24,116.89283277867078,109.92935936094082,108.51262214352555,106.6110694415106,117.75666529171464,110.14560005004125,110.8199998118065
2025-07-25,116.59982376243767,109.7811193611651,108.36325125737649,106.4600063191558,117.4631739383178,109.99478896019951,110.65414499171433
2025-07-28,116.6851194797353,109.97971142631143,108.53823136723302,106.67589585603119,117.57666514316418,110.19666994148506,110.80804611702297
2025-07-29,116.97345939357709,110.20727113636524,108.76735822666845,106.89429744497447,117.87660956352187,110.4210522536771,111.04732213233426
2025-07-30,116.77179537294091,110.15560090774513,108.72110163528872,106.87410652747171,117.68198347479036,110.37256675390825,110.98782902382834
2025-07-31,116.56059391955256,109.9360754512092,108.49571202527113,106.64810406935192,117.47400887297434,110.156665073189,110.74673728058309
2025-08-01,116.41942396983909,109.93283221661783,108.49546386725125,106.6481040693519,117.33618647526818,110.1527476464149,110.74546704940758
2025-08-04,116.37022988667427,109.7104956505013,108.28450294574945,106.5066551629748,117.30028945444214,109.94770921032323,110.513536969743
2025-08-05,116.57025093039879,109.932582730735,108.49978219265995,106.72909393760244,117.5102959235522,110.16403797463452,110.72051770600709
2025-08-06,116.22296865656632,109.60673711392681,108.19880808709301,106.4011903018186,117.14812892414447,109.83470971572962,110.41326254299997
2025-08-07,116.89287647675049,110.2497500378806,108.80876900854652,107.09038047890733,117.84228718966577,110.48578975641146,111.02425973061911
2025-08-08,116.85929287478154,110.174433775769,108.72324190643366,106.96742043121733,117.80814768832334,110.40397790511915,110.93840006353896
2025-08-11,117.07179245465613,110.44265894233706,108.99215844720563,107.2282025846324,118.02206193872699,110.66301968643396,111.20572456697342
2025-08-12,117.2132291751818,110.42489584473729,108.97835441771294,107.16085080242873,118.14529043707024,110.64062136377389,111.2177397207194
2025-08-13,117.41569086120234,110.68949302295026,109.22309746203813,107.48873432867023,118.36119879991696,110.91463411604553,111.44371601519354
2025-08-14,117.50474023523232,110.79195129649553,109.3286133420653,107.54738355512283,118.4473883473995,111.01111352179822,111.56769444503156
2025-08-15,117.67043548167466,110.87870068980385,109.4270163061688,107.58847904420242,118.60542352852757,111.09182001010684,111.69751807357035
2025-08-18,117.61240461153095,110.77601160261987,109.32317478706682,107.46930215258897,118.54726913265054,110.98774010726211,111.59444288825411
2025-08-19,117.9971866937574,111.23862189637819,109.79035134361226,107.94606799913504,118.94083089211142,111.45727275823496,112.10619724667569
2025-08-20,117.68481734315624,110.99464769186731,109.54817631660951,107.73310483616922,118.62954698992209,111.22755640806947,111.85904447068478
2025-08-21,117.73045558918771,110.89834895355209,109.45709065768014,107.57204086190863,118.66876159370368,111.11990111627233,111.78285750875956
2025-08-22,118.24989484372456,111.20423204221201,109.78578657430809,107.91688885701596,119.18966837941345,111.42291701157932,112.11289063215013
2025-08-25,118.12558062045362,111.12335780900399,109.70320132188169,107.82382004547794,119.06792586885769,111.33520687221272,112.01549784090479
2025-08-26,117.94107446155691,110.94928902183166,109.51398954365168,107.64719075899585,118.89047522417214,111.16351820066708,111.8054320856015
2025-08-27,118.16129948492835,111.22002028799898,109.76973835418262,107.94676054294767,119.11926375689464,111.43624839354067,112.05432102306632
2025-08-28,118.25559389146873,111.15439021844705,109.7309566022074,107.88365283706321,119.20946693166572,111.36858260107762,112.02973801324629
2025-08-29,118.0432950406789,110.90774245001498,109.46192851359856,107.61214921522959,118.99960435959717,111.1296288664507,111.76516057526611
2025-09-01,118.10942797085605,110.86105722736083,109.4258042726683,107.56461928834733,119.07136687416609,111.07868839781399,111.72478659470382
2025-09-02,117.57592164597438,110.1870692744576,108.75639536090856,106.87187729245771,118.52868008944135,110.40961822255994,111.04165296992348
2025-09-03,118.30082696077827,110.75505692292313,109.31156030916912,107.44615001748612,119.27675794827144,110.97523019188802,111.60803404005381
2025-09-04,119.09740629003358,111.52039366053654,110.0706328323516,108.258317135964,120.08969069888042,111.74253411189625,112.38495938683992
2025-09-05,119.26340252666789,111.7023437787603,110.26270214422436,108.51021156746432,120.26563686925651,111.92817575182508,112.55820961244896
2025-09-08,118.98868972989183,111.27879964058538,109.85737976507343,108.11063253123021,119.97848028598956,111.51648721400784,112.15494587934822
2025-09-09,119.07201450377516,111.27467787886245,109.84761297263483,108.08017074301208,120.06862799325629,111.50641997738178,112.13512282618223
2025-09-10,119.31748401896036,111.45333880053255,110.01533432525387,108.2729458701003,120.32300111870293,111.6775353121786,112.27834977929756
2025-09-11,119.64436125599794,111.7074666866296,110.27525629363528,108.5530710150988,120.65146227517789,111.93144273772417,112.541165233289
2025-09-12,119.56556018199633,111.53377958246908,110.09643896634856,108.33749111647958,120.5688656273542,111.74993185933353,112.35997137506206
2025-09-15,119.66519849351604,111.52383316054161,110.09591685638856,108.34089310232436,120.66400097023589,111.73755368355857,112.34856409087
2025-09-16,119.06288944811081,111.05591321481812,109.63464551499682,107.88810825389557,120.0553358797595,111.26723858533292,111.84604882567686
2025-09-17,118.80952975632984,110.83449699905483,109.40210608941561,107.67184412235657,119.8070685571712,111.05408342398782,111.60257407760245
2025-09-18,119.2875660628141,111.22718581389243,109.77325775760465,108.00140701335394,120.28738878771364,111.43364962996161,111.98500705938221
2025-09-19,119.6766088997369,111.4548566581169,109.99367674057974,108.21751558302934,120.69042605072842,111.65802031321992,112.21238913538285
2025-09-22,119.9327242888995,111.51230900773106,110.04410317102172,108.28892657400056,120.95602681043425,111.71770024366981,112.25959305788824
2025-09-23,120.07831039396714,111.52052593472122,110.0637018454943,108.29023193359495,121.10254140769482,111.72277278433525,112.29148188287358
2025-09-24,119.53675494498175,111.06158108941871,109.60717537588623,107.80980652122464,120.55010155636374,111.25981300500001,111.81051894398111
2025-09-25,119.16765283203907,110.72967918320964,109.25386025146473,107.45036922660476,120.17829618259867,110.92437479157854,111.42755025815134
2025-09-26,119.34468058238272,110.85077386188125,109.3641429367235,107.6075572746978,120.36577374462077,111.05341258531108,111.53357198738622
2025-09-29,119.86337742143986,111.14901712333358,109.67030611824732,107.93581196307814,120.89822301791946,111.35339140026892,111.85184926691905
2025-09-30,120.11069522588913,111.27846899724804,109.80051817278031,108.04946890993796,121.14645155256838,111.48548729094061,112.01189845879043
2025-10-01,121.0643069244185,112.0327130830002,110.54902934513183,108.80373388320844,122.1167392837887,112.23959717636471,112.80147238941274
2025-10-02,121.34602385037134,112.32391655726117,110.84422611349024,109.11034583884695,122.39962829519875,112.53134262943682,113.111084064052
2025-10-03,121.79943939862186,112.55045079840525,111.08181679810932,109.33006144530381,122.85601180820038,112.75724219760342,113.38011910020597
2025-10-06,122.41960879552663,112.72621938265932,111.25224241285645,109.49068022306545,123.48230786223853,112.93106349143697,113.56111578810125
2025-10-07,122.44072247199638,112.66547800311348,111.17232898223443,109.41740642063338,123.50848565368031,112.87284832175702,113.4751828596138
2025-10-08,123.36430513909174,113.20005906115614,111.71273181133571,109.97506516906581,124.4522779486301,113.40439722202451,114.03109358015595
2025-10-09,123.179316483858,113.16002235208455,111.65556334001509,109.92582782545628,124.27583552590107,113.36308005168449,113.96349456096813
2025-10-10,121.90645074775026,112.55955246432585,111.08309301391701,109.4179287818479,123.01856316669992,112.77833283491799,113.35773147425977
2025-10-13,122.55868064474022,112.51794325173317,111.01735793054995,109.33595187623271,123.67271173255266,112.7356642834027,113.2885443465916
2025-10-14,122.33773295620405,112.24173736488225,110.75539360334821,109.11517980237142,123.45739350125635,112.46821976963031,113.00884566787039
2025-10-15,122.94047712309151,112.70172183140868,111.21783845116357,109.60467191502264,124.07412280727756,112.92429015288496,113.47065975935477
2025-10-16,123.44716738871595,113.0026769958591,111.51453282556865,109.91265690349641,124.59890073604771,113.23248405740911,113.79527639444349
2025-10-17,122.59291097263205,112.35086010620505,110.87511656292577,109.25770046039476,123.72727518610387,112.59127243263282,113.14941230453195
2025-10-20,123.54696997014865,112.82546226949002,111.3441194859067,109.71969697770199,124.69584401940432,113.05140699602782,113.61678194307463
2025-10-21,122.97384543886875,112.98684100272745,111.51153712760396,109.91743669030065,124.08899013068813,113.2134426116422,113.77815913625172
2025-10-22,122.67387943917207,113.0577654808169,111.57665902152935,109.97181714708839,123.76898323083407,113.28046061564785,113.84461599704805
2025-10-23,122.84501304758717,112.8986623535531,111.40760144137025,109.80243112248102,123.96359182980206,113.12323503277051,113.6641547803854
2025-10-24,122.90710881101252,112.90745730317269,111.42042799267055,109.81297787472553,124.02078329009596,113.13071180192915,113.67663028581916
2025-10-27,123.1686045181948,113.39857174417192,111.92114957945793,110.26525521481014,124.25948358412472,113.60018651190511,114.17979458930523
2025-10-28,122.5245033321453,112.96860427000084,111.49869629402251,109.84072691599074,123.599752045247,113.16542642540716,113.72069148270865
2025-10-29,122.82836046827643,113.11992988385393,111.64331954190257,109.98819087246028,123.92226567968363,113.30865749492038,113.8561727446608
2025-10-30,122.86505567160857,113.10939803681701,111.62210273435207,109.95550822434592,123.96418837189236,113.29599187778794,113.83519286859165
2025-10-31,122.69324709567555,112.91281527301567,111.42964104896072,109.72500532765386,123.78597316579754,113.09472406172884,113.63785720287503
2025-11-03,123.02024591549352,113.09379788335063,111.58678276847411,109.87739287782428,124.10167068919264,113.26960519126918,113.78808998773495
2025-11-04,122.71540044575389,113.14585415668658,111.65029280830116,109.94960386392381,123.82128219845305,113.32539179650946,113.85629848284924
2025-11-05,122.97996424926502,113.1311227731668,111.61458355890066,109.86985566366705,124.07021477558557,113.30663364411848,113.83673615473293
2025-11-06,122.17149903870134,112.59082960123294,111.10303929353178,109.4031025126681,123.26720669123871,112.7832268799151,113.31036444656209
2025-11-07,121.91322472024689,112.20548085567694,110.71731414957155,109.00249338850752,122.99622747430526,112.40750791536558,112.93550782099877
2025-11-10,123.40111272890564,113.23226179988224,111.73117354533471,109.99158929743933,124.46994058028629,113.41388738151576,113.97070563513137
2025-11-11,123.9533340280361,113.76279170276784,112.27960859838603,110.56674970029499,125.04538735165221,113.95916213565226,114.57755896046594
2025-11-12,124.60017834834282,114.09678691966174,112.62434872044042,110.88301064680147,125.67762966474672,114.28821683746517,114.95083383440581
2025-11-13,123.66567934941848,113.49535750670954,112.02373466659503,110.27649596924205,124.75063073697976,113.69698297018415,114.34064058062243
2025-11-14,122.73662679693007,112.9769608363447,111.51514985969229,109.75273606337821,123.84520426568493,113.18037880917282,113.81348118309973
2025-11-17,122.47077217906039,112.81806255887624,111.33782678741942,109.56148853714056,123.581758398715,113.01620201228717,113.61630295694312
2025-11-18,121.69569452872513,112.07529628570929,110.61676202894792,108.84895664282081,122.78660065719347,112.28137172341339,112.87056302321778
2025-11-19,122.25372612602202,112.45134464824109,110.98035964963006,109.2059078891113,123.338857658378,112.65084035036415,113.23845475227996
2025-11-20,122.40958004903726,112.67690717543701,111.21211686224,109.42697983048153,123.49686842405978,112.87264829294341,113.4890211991276
2025-11-21,122.14356985445505,112.41545016864372,110.94810974105658,109.19544038656568,123.23201113277776,112.63000699319028,113.23140094395963
2025-11-24,123.04336155725566,113.0028283953544,111.53980187733468,109.77088776409445,124.12062137776655,113.19920351011305,113.82732580385506
2025-11-25,123.7929809938971,113.63218883149213,112.16434582731753,110.43999098313901,124.87709660219504,113.82908500682156,114.46135170656004
2025-11-26,124.34163028435621,113.98326992061045,112.51875580092002,110.78491990357364,125.42149564740855,114.1760600941487,114.83339432949799
2025-11-27,124.45902984173524,114.11407210793448,112.65025011102622,110.90844795846647,125.5411011530511,114.3020647840674,114.96798202680303
2025-11-28,124.79079833296416,114.21388659351852,112.73942189505316,110.96481421650925,125.85488960239033,114.39633990946685,115.06659584970637
2025-12-01,124.59285793295068,114.0580665948423,112.56868870745463,110.767380254089,125.65126067741375,114.24096581722026,114.90194338454798
2025-12-02,124.51194143143238,114.12818530916262,112.63315351903307,110.87648660136571,125.58855662831927,114.31750294617011,114.96148700944062
2025-12-03,124.61723990028335,114.17226126857788,112.68148408160341,110.92070272578366,125.69122034057546,114.35995723196066,115.01088904717058
2025-12-04,124.87816207657909,114.3862190868223,112.89275954223453,111.11770481718114,125.95701233552575,114.56784270472309,115.22539564151177
2025-12-05,125.15436092333292,114.56147839961413,113.06622327288873,111.24779680440868,126.22812631976426,114.73319966189743,115.41381795580621
2025-12-08,125.27768271231328,114.55784377718174,113.084842743643,111.20256676866013,126.3361952961507,114.72196986474977,115.47105321841423
2025-12-09,125.2441939784857,114.4355979817985,112.97355229554842,111.08518093702855,126.29134428727644,114.59800836474217,115.35567828484079
2025-12-10,124.99535727917286,114.25613274137734,112.78654317613879,110.90571467987328,126.05181029024659,114.42525059397128,115.16641971811683
2025-12-11,124.77393174862831,113.93647202351296,112.48718198271163,110.60687400307279,125.8102154110728,114.11511347075185,114.88064172503061
2025-12-12,124.53616161973997,113.64667436812587,112.19327266583234,110.27398996393039,125.5567620521174,113.8261288457622,114.59912650684556
2025-12-15,124.95246439013843,114.13869137694857,112.6668355427446,110.7991555902723,125.9917781453195,114.32678099192182,115.08569329978641
2025-12-16,124.81439739189557,114.057493754424,112.59387136363503,110.71254775146615,125.85808474235152,114.24664782456107,115.01842113582683
2025-12-17,124.55671952618874,113.81183784607293,112.35329211923384,110.49301797597211,125.59374638515233,114.01049065319278,114.77419074604775
2025-12-18,125.21679140234434,114.26630129159767,112.79788027155266,110.94197000973458,126.24641551480298,114.46494460213354,115.24317072764585
2025-12-19,125.63178724207991,114.42816388613342,112.97361934911423,111.09498263838708,126.64910080867567,114.62078997147465,115.4369169369792
2025-12-22,126.07731140210532,114.59161858438591,113.12208848936302,111.23927235938451,127.0776542631336,114.7819897106334,115.58564693169096
2025-12-23,126.35294638199903,114.85297866002628,113.38110714113185,111.51008451536062,127.35997830303612,115.04444892319063,115.85232717865193
2025-12-24,126.35807885808772,114.86501474461176,113.39751635612987,111.5100845153606,127.36571119780552,115.05421801919853,115.87131993336723
2025-12-25,126.36779860226616,114.86899072948047,113.40656358667216,111.5100845153606,127.37593979488749,115.05632845033035,115.88093739553334
2025-12-26,126.42196574591715,114.87789243449109,113.40563278411237,111.5100845153606,127.4266836033096,115.06757693884715,115.8829377553682
2025-12-29,125.85932044039265,114.83987396790056,113.36718570344442,111.4928375622299,126.90853514271336,115.03393370098374,115.83912419236273
2025-12-30,126.1371892781888,115.05510183297976,113.57180847381213,111.70082567501423,127.18401708512732,115.24621004023467,116.04306842093214
2025-12-31,126.07369990156208,115.05199558344705,113.5639877430789,111.7008256750142,127.12211717268553,115.24479298015409,116.03486096386675
2026-01-01,126.06120812154182,115.04688566209185,113.55236027514839,111.70082567501423,127.10897141675628,115.2420806617059,116.02250063631831
2026-01-02,126.19728097876673,115.05500730751118,113.55988387579481,111.7008256750142,127.23963772286528,115.24976535280476,116.03204468736408
2026-01-05,126.78542681741374,115.26841861837376,113.74957946557626,111.90117548836811,127.80126494143755,115.45540128074121,116.20337249492354
2026-01-06,127.50876935893996,115.6541074608623,114.1397761962824,112.26168057723828,128.51061197706218,115.83478589642728,116.62030102482912
2026-01-07,127.59281408872366,115.84703622858095,114.3437895530127,112.45834242786836,128.60166930893013,116.02474141705589,116.83560909557147
2026-01-08,127.52940110191847,115.826176386992,114.3324364212016,112.47162568495665,128.54009860943634,116.00850802384971,116.8195944767246
2026-01-09,128.1419920195906,116.1641405274462,114.66409681974186,112.80095424807493,129.13991434214225,116.34423159179106,117.16595972745003
2026-01-12,128.49322913256347,116.07705108777373,114.58129541071035,112.71205576257073,129.45725252564566,116.2572639103141,117.08114390093729
2026-01-13,128.6272473493091,116.19820293533958,114.69522837412205,112.804594303145,129.5854258765751,116.36308845918684,117.17226613667083
2026-01-14,128.68534956596937,116.21665246271587,114.73614452505672,112.85831700330881,129.6470235879159,116.39281506569155,117.23857826963784
2026-01-15,129.27525591385665,116.73209066573781,115.24945977546149,113.35830144944497,130.23894134421155,116.89314573337467,117.74991105291606
2026-01-16,129.05041717114324,116.58915593320927,115.08409489983711,113.15517471203881,130.02179782607445,116.7484209752011,117.58244132224054
2026-01-19,128.20400013009905,115.64591268572646,114.15268659622602,112.20777565529471,129.14586468462664,115.81713187969089,116.63392317787901
2026-01-20,127.66777644142846,115.00546515317308,113.53891422891517,111.55942469218425,128.57861730898784,115.18007723680365,116.0210414031886
2026-01-21,128.1090830932104,114.95715844493026,113.47567079828079,111.50343986189041,128.98459212100073,115.13274674293122,115.94267396271015
2026-01-22,128.90047435028634,115.55213584254965,114.06722738371515,112.10692183807045,129.77583081734198,115.72001939798848,116.5470560812876
2026-01-23,128.8783058666068,115.2910524731106,113.82584659013844,111.81340639788027,129.71257593050547,115.45325347082816,116.31167366845222
2026-01-26,128.40820949573995,114.91447693885601,113.46156291331688,111.49566670695448,129.2478236787851,115.0911415253115,115.92904504210738
2026-01-27,128.69250478818682,115.03699924809419,113.58042763006662,111.63371862469947,129.54390427067614,115.2193104166815,116.05492279837553
2026-01-28,128.95556090672866,114.61141637900842,113.16051684534966,111.1758819528452,129.7234281680335,114.78172158428745,115.59710886601383
2026-01-29,128.70857404091143,114.52920599373151,113.08663800866977,111.1231609545204,129.50209265154723,114.71468389190538,115.53829263116253
2026-01-30,127.98368065175777,114.92497068566534,113.46639998911839,111.49248309886207,128.88570678887064,115.10467782082925,115.9285335149149
2026-02-02,128.42484989313115,115.78293551494137,114.33226869991182,112.33838514174708,129.24036486863938,115.97183902257655,116.85690140984299
2026-02-03,128.98225343052678,115.4992924335948,114.09681513155401,112.04291684998928,129.92650393874484,115.69404045908396,116.649250506789
2026-02-04,128.98384015431063,115.68363714598352,114.25861388329854,112.2476599266888,129.91312210794996,115.8860925358479,116.81775778634564
2026-02-05,128.0869985602652,115.27143499559263,113.86597168050419,111.8993799676358,129.00396476578922,115.48584817215264,116.41588844479361
2026-02-06,129.3219071424302,115.73465744434253,114.34062863061251,112.33004735007306,130.26021554047418,115.93866053438498,116.9093545221646
2026-02-09,129.74284618456434,115.76011349530555,114.36399323103068,112.35436118959501,130.71956583153974,115.97279542915967,116.94778671095153
2026-02-10,129.6753740971071,115.94132060763008,114.54838192318813,112.56980994381172,130.61837093469288,116.1509707460129,117.117690211627
2026-02-11,129.92649707634774,115.9868443124466,114.62886449245875,112.61951301370755,130.89995363185835,116.19154652606628,117.20169090212136
2026-02-12,129.2906559132174,115.9903903795046,114.61736857255151,112.6439883249504,130.1931198318385,116.19934823400446,117.18188759866257
2026-02-13,129.4899984742311,115.83381642413254,114.48644470055275,112.534040708997,130.45949726104124,116.06363999181335,117.07062090497375
2026-02-16,129.54727401731532,115.9730840131844,114.59682913559213,112.68578324199723,130.5008927118729,116.20899140815328,117.18569356712491
2026-02-17,129.55854868644573,116.22328360303827,114.85449110661293,112.97769449549202,130.49018913890333,116.47810732941008,117.47366488387682
2026-02-18,130.45368257946842,116.6503749109476,115.26266555629977,113.36334819359499,131.4192422129203,116.90036593410522,117.9018058788581
2026-02-19,130.4854205285149,116.57738509631801,115.20556567634866,113.29031437714954,131.46623765096598,116.82720984175275,117.8514815527054
2026-02-20,131.11240108345172,116.9134263692881,115.55666131081668,113.62403178870544,132.12314508801515,117.16684757787786,118.22849058658382
2026-02-23,130.9088652390921,116.55289955214107,115.21206377067755,113.31035143580934,131.96644341636153,116.80527259807072,117.85284173795014
2026-02-24,131.17568161781102,116.86373109881787,115.50906756685222,113.63667364242546,132.21363596432676,117.13047645858552,118.1808004107683
2026-02-25,131.80196643535433,117.21704805710058,115.83792281616626,113.98277694174351,132.8456969055541,117.4843853957697,118.51644818555758
2026-02-26,131.5483885413965,117.08613846348774,115.72201152544268,113.87825394755333,132.57592121993363,117.34142219312223,118.37403715491979
2026-02-27,131.3703595742523,116.85181646958075,115.50546324582093,113.73053627192841,132.4277750283383,117.13349165352469,118.17403708291974
2026-03-02,131.47350038239622,116.59377443625718,115.24681880108514,113.37123142760417,132.56491389747168,116.8390105330874,117.87714565500464
2026-03-03,129.07450961774504,115.12260824545852,113.80887629266788,111.78804229834402,130.09098202062768,115.30606552700982,116.32767744631593
2026-03-04,129.57736149337293,115.41751024916532,114.11310534655364,112.11146023567768,130.61024122756672,115.61798347536218,116.66856155662937
2026-03-05,128.74339161562358,114.86037391352927,113.57271916030633,111.44501363449083,129.7427262311976,115.02056770114683,116.08901838269983
2026-03-06,128.41298515423944,114.37664506729668,113.09221982338013,110.93338479264891,129.42022208668897,114.50594589682484,115.55163488537323
2026-03-09,127.42350431573648,113.38885377137768,112.14197317666859,109.9032416214375,128.43868007278118,113.50705468250297,114.56483008317693
2026-03-10,128.80161951598666,114.45014745932546,113.19942975698491,111.02881172237097,129.85049428727737,114.5949979685283,115.68405787112846
2026-03-11,128.0018669417894,113.69149411304412,112.41720755111417,110.18085877062056,129.0327329415603,113.81022894277824,114.85936124295357
2026-03-12,127.87740654938547,113.66657144550123,112.37977057230246,110.10874157314252,128.9139695998875,113.78354052471735,114.83507999281117
2026-03-13,127.45589754794044,113.40322422438558,112.11360915667935,109.83716730248376,128.46485105336086,113.50736033316191,114.54633760054513
2026-03-16,127.71830767488348,113.70918433613224,112.41434899981488,110.14697178761085,128.69121147544595,113.81282762874719,114.84719368657377
2026-03-17,128.1564287963117,114.05340999403262,112.74362119396952,110.54738254936198,129.1268565135021,114.1720516217245,115.19256760751706
2026-03-18,127.12847857844692,113.37345342689251,112.06525791113317,109.8020326551471,128.05170523126606,113.46044703364109,114.45734375030976
2026-03-19,125.18866211473218,112.31386060694106,111.00134916975013,108.68747343784253,125.99394790948178,112.36320988404572,113.29701686842748
2026-03-20,124.02849224698961,111.42218239340833,110.09319216574593,107.66957887756048,124.84355375453664,111.45070984981483,112.3695577185245
2026-03-23,124.27262291605467,112.08438545052131,110.7505621740614,108.30063895023984,125.00770781908605,112.11433016739993,113.06643042471431
2026-03-24,124.51644575051897,112.1294831068221,110.82968898618077,108.38711127142098,125.29384182438461,112.17888228350878,113.1759661435568
2026-03-25,125.99904651056816,113.18932377792325,111.87239187116423,109.54132108843444,126.82138492497987,113.27076549531341,114.27831059839455
2026-03-26,125.14386729067854,112.81155943954,111.51294903512563,109.13464005909846,125.92063981360712,112.87761810084002,113.89599533235577
2026-03-27,124.59224770591295,111.96459675403783,110.67832309310997,108.30043060133949,125.43378595603576,112.02822477349707,113.02698742107687
2026-03-30,125.08872277734471,112.42706152246575,111.12847153963976,108.78472784778535,125.95218649467755,112.50896178288268,113.52041186111236
2026-03-31,126.11871619307608,113.02461694204835,111.72024688455781,109.35923621108354,127.01227464149238,113.11279315457783,114.15399335806869
2026-04-01,127.4437241552798,114.02292418640634,112.73020757560117,110.47915369679228,128.37099720740468,114.14027513450837,115.20987156370599
2026-04-02,127.13938378889691,113.7391244040132,112.47690071178525,110.14541075726052,128.05912513333956,113.85479796247193,114.9674899628047
2026-04-03,127.15080554541267,113.7444818853401,112.48702689026987,110.14541075726052,128.07050997318322,113.85714695718201,114.97819458491333
2026-04-06,127.2174837137932,113.7610920386831,112.50688907103068,110.14541075726052,128.13944624616968,113.87015748821455,115.00008603946723
2026-04-07,126.96650412516874,113.45693719969327,112.18808098252775,109.7233954692952,127.85862277743323,113.52207325389692,114.63641655320302
2026-04-08,128.8282983588535,115.11424715282126,113.83418887620667,111.52335633497661,129.71782621132897,115.22613768233458,116.36638770535683
2026-04-09,129.12297826634295,115.18182023245022,113.91393909703598,111.53833424671483,130.03932347896483,115.29288613367218,116.47556158720482
2026-04-10,129.39065691645493,115.45119013613285,114.17972557743596,111.82587650838245,130.29774734695405,115.56557194590846,116.75138960608386
2026-04-13,129.21864195350875,115.31147192162013,114.05120029181074,111.64697095706771,130.11430111506607,115.4271786299722,116.6388563069303
2026-04-14,129.97946542269943,115.92688069321157,114.65207667906077,112.31426137212357,130.88523223936156,116.0579448279944,117.26536847569047
2026-04-15,130.18283682581787,116.08780006088652,114.82001714076986,112.44426408509605,131.0745405790467,116.20288195105329,117.4281778854538
2026-04-16,130.3281507509276,116.08881403555871,114.81617681648792,112.42165183743774,131.20813788805742,116.18447389854913,117.39665887231847
2026-04-17,131.4744760898867,117.22166330661614,115.92325657279446,113.6340370473855,132.36792085778373,117.36348428004442,118.58713641484955
2026-04-20,130.99163934645696,116.80949260927689,115.54095678208355,113.21270106190764,131.86001524311905,116.93201478265809,118.17065360918536
2026-04-21,130.5520581125723,116.48297376168368,115.21485835608169,112.8265452723491,131.39852503896824,116.5819013671918,117.81722979289326
2026-04-22,130.3564009134584,116.23556797332554,114.96794080107273,112.56809277402473,131.19285745581283,116.3195155933779,117.53678867196393
2026-04-23,130.95318601141958,116.7392646064066,115.456190787725,113.07610895648834,131.8015014657948,116.84198121926673,118.07456381740784
2026-04-24,130.70402960401398,116.47962394282312,115.1982380145224,112.78191745312847,131.54800267005302,116.56865601553834,117.7964111073419
2026-04-27,130.5729854434584,116.42545732283142,115.14724944506148,112.71284095235714,131.4014094848425,116.51078978052034,117.74373456563254
2026-04-28,130.3279651335516,116.39519632408475,115.11657409204633,112.65276682241092,131.13165574913498,116.47207163895223,117.7101317501289
2026-04-29,130.198130781653,116.1226945960199,114.82457059804719,112.32417276848207,130.9859024595428,116.18141507682982,117.39163134330141
2026-04-30,130.3818651168369,116.35628891684944,115.05234725560112,112.59325268590057,131.1807679160084,116.43537082348374,117.64855638211462
2026-05-01,130.4253584576801,116.35012236797084,115.04748021447122,112.5932526859006,131.22101741676525,116.42929560641606,117.64288469538641
2026-05-04,130.23667998395425,116.22893520079423,114.90904559114425,112.44074404625167,130.9883146518781,116.2905346111702,117.4714287255642
2026-05-05,130.78592803727983,116.58201142657887,115.27711364203294,112.80594645616561,131.54897663976902,116.65009861542339,117.86223186218248
2026-05-06,132.14930198221828,117.64446960457174,116.31878109288549,113.94250598007822,132.93474608585552,117.7436196574071,118.9665324707672
2026-05-07,131.7112685727555,117.28940489870767,115.96593628013643,113.57072095924086,132.49163333303375,117.3620261230804,118.55656415276077
2026-05-08,131.60883314116873,117.17866043742579,115.85777956635239,113.44906696585646,132.38779989601304,117.25439437393237,118.45228082433184
2026-05-11,131.92543531717104,117.18319388275302,115.86016635022057,113.41154450579502,132.7101691891317,117.25199913644866,118.46498231045169
2026-05-12,131.44735225861464,116.86642666593468,115.56892391232478,113.03458143971076,132.23138250123455,116.92570147616294,118.17893548177743
2026-05-13,132.4146316580148,117.4746833114821,116.1777134456757,113.61966347739634,133.2151310970787,117.53777197137521,118.83323655518163
2026-05-14,132.49172080729193,117.47688245103325,116.18133665287812,113.61966347739634,133.2920960720619,117.53900109780342,118.83710811178028
2026-05-15,132.0042637915781,117.30288557101616,116.01276529629618,113.39243773683722,132.77466652584343,117.35641165671574,118.6731908000352
2026-05-18,131.8803442216369,117.21758882980502,115.96252076435327,113.27829872774416,132.6775535322525,117.27917433445347,118.65716486229694
2026-05-19,131.99297411563518,117.3314359698905,116.07649345886179,113.37829916765155,132.79911425823065,117.40195767740167,118.80058341446707
2026-05-20,132.57157542657168,117.98283041332604,116.71708856418421,114.13266492225485,133.35985593088094,118.06781795393017,119.44232768923808
2026-05-21,132.79373694238393,117.98964884453864,116.7427317977836,114.08997178630452,133.58221245533073,118.06869631726835,119.48596447408364
2026-05-22,133.12512078665867,118.33962784688138,117.10323915447913,114.47248929158053,133.90600296184056,118.42266449858876,119.85853938141413
2026-05-25,133.14931489124692,118.3509763170903,117.12468890443637,114.47248929158056,133.93011886778876,118.4276402502268,119.88121441800025
2026-05-26,133.6618602854526,118.80514312035524,117.57067838632838,114.97937058673584,134.41808377420304,118.88189853397944,120.32087122283555
2026-05-27,133.65490729845166,119.03536836094402,117.76406981959164,115.23425965836478,134.38029046690744,119.12667499773053,120.52714511498625
2026-05-28,133.52604615537598,118.88325884937683,117.59675916574652,115.09809557420346,134.24009820043875,118.96137039024259,120.31850906838682
2026-05-29,133.93744412268484,119.10446951993328,117.84115542785668,115.3507524758969,134.69153536556607,119.19450799218258,120.58602834049293
2026-06-01,133.53954856162233,118.62723823486752,117.33546961362859,114.76335134037153,134.2358702731222,118.67009150851537,120.01551842808801
2026-06-02,133.81093730051919,118.79042039715813,117.49259861424012,114.97460215416693,134.50260553170264,118.83538028121632,120.15895732239423
2026-06-03,133.54993098920437,118.63197589033435,117.32068295278123,114.74862174628572,134.2201644439547,118.65646367650812,119.96932336312078
2026-06-04,133.6921798654691,118.8000723485976,117.51893967549869,114.98084433818553,134.38608454665905,118.84749463539093,120.20120071099522
2026-06-05,132.9985630747458,118.75702869720311,117.47250035894041,114.87292766802142,133.67418338914342,118.79673876088262,120.16894284828092
2026-06-08,132.88018650458466,118.52961884902106,117.23937393907504,114.61050643171605,133.55249187069984,118.55793045782701,119.91921745253072
2026-06-09,132.3434743201679,118.22324768441166,116.94244565736057,114.33729311513112,133.02573015126003,118.27481520582062,119.64525945368669
2026-06-10,132.14117035872607,118.41319049549494,117.15733061752482,114.55012560112982,132.78465180798963,118.4683975247502,119.8741120721692
2026-06-11,132.43656290956014,118.63375673688611,117.37430982135812,114.78333863933649,133.06744257285985,118.70095879101203,120.11819218394015
2026-06-12,133.96649729777167,119.69554859251805,118.44907008867847,115.8974423976679,134.63298900000927,119.77826160612194,121.24809647768313
2026-06-15,134.76599690293736,120.06332813385335,118.78600551957943,116.26334663808635,135.43232162988494,120.13067594400313,121.56535093112215
2026-06-16,134.73187047179286,120.23658975284177,118.95163472571875,116.47781546528276,135.38242624834896,120.31350248046013,121.73541621454864
2026-06-17,134.94666923907522,120.37865894599548,119.07337074197397,116.65342357076509,135.60961680296813,120.47247427739391,121.87153899116463
2026-06-18,135.09348670275398,120.50118015957689,119.18756548103235,116.75425342036422,135.7217073335489,120.58566675018807,121.97675869420965
2026-06-19,135.21074206057781,120.62724143568681,119.30470923664731,116.80606847296977,135.82176602146467,120.7047575494407,122.11649883409075
2026-06-22,135.49880624886177,120.86549217981553,119.53071139960343,117.09437888410723,136.12045514556146,120.95798171803118,122.35205825008377
2026-06-23,134.6093345836629,120.42299710990665,119.0986762805045,116.69832331733814,135.24263489379277,120.53899726383777,121.92989691711098
2026-06-24,135.37418016366328,121.51465168409732,120.17576193290569,117.86609151089047,135.96343859391285,121.65707752276829,123.06490308491973
2026-06-25,135.49742163553196,121.56939247564162,120.2172487102271,117.93590392446337,136.10352813632863,121.73068814080594,123.1360028707132
2026-06-26,134.81644262722384,121.07158116480123,119.74066680593126,117.44947821134437,135.44963996278958,121.22643788011116,122.63142405794831
2026-06-29,135.35974133005269,121.53682366527553,120.19017269086467,117.90250598684648,135.95691044294546,121.69171045063453,123.09787230029403
2026-06-30,135.8277015853296,121.75840112134387,120.43145759578793,118.08299039644903,136.4289842570799,121.89658746390928,123.34398254734813
